gene	module
AB056458.1	M17
AF221096.1	M1
AY466445.1	M1
AY626840.1	M1
DQ073104.1	M3
DQ121374.1	M2
DQ157765.1	M1
DQ365888.1	M6
EF073269.1	M3
EF208559.1	M1
EF364521.1	M4
EF364552.1	M12
EL608989.1	M4
EL608991.1	M1
EL608993.1	M13
EL608994.1	M2
EL608997.1	M1
EL608998.1	M6
EL608999.1	M1
EL609000.1	M1
EL609002.1	M10
EL609003.1	M4
EL609004.1	M7
EL609008.1	M1
EL609010.1	M5
EL609012.1	M1
EL609013.1	M5
EL609014.1	M1
EL609017.1	M9
EL609018.1	M14
EL609020.1	M8
EL609022.1	M4
EL609023.1	M8
EL609024.1	M3
EL609028.1	M13
EL609029.1	M3
EL609032.1	M11
EL609033.1	M4
EL609039.1	M3
EL609040.1	M2
EL609042.1	M1
EL609043.1	M5
EL609046.1	M1
EL609047.1	M13
EL609048.1	M9
EL609055.1	M3
EL609057.1	M1
EL609060.1	M1
EL609061.1	M4
EL609062.1	M4
EL609064.1	M2
EL609066.1	M5
EL609067.1	M6
EL609069.1	M6
EL609070.1	M1
EL609073.1	M1
EL609076.1	M1
EL609078.1	M0
EL609079.1	M6
EL609081.1	M1
EL609083.1	M6
EL609084.1	M2
EL609085.1	M8
EL609087.1	M4
EL609088.1	M4
EL609089.1	M2
EL609091.1	M0
EL609092.1	M2
EL609093.1	M4
EL609095.1	M6
EL609096.1	M1
EL609097.1	M13
EL609100.1	M1
EL609101.1	M5
EL609103.1	M4
EL609108.1	M2
EL609109.1	M8
EL609110.1	M1
EL609117.1	M3
EL609118.1	M4
EL609119.1	M2
EL609122.1	M0
EL609125.1	M4
EL609126.1	M4
EL609127.1	M4
EL609129.1	M1
EL609130.1	M3
EL609132.1	M4
EL609133.1	M13
EL609134.1	M2
EL609135.1	M1
EL609136.1	M4
EL609137.1	M10
EL609138.1	M1
EL609139.1	M1
EL609140.1	M2
EL609141.1	M10
EL609142.1	M1
EL609151.1	M19
EL609152.1	M2
EL609154.1	M4
EL609157.1	M1
EL609158.1	M1
EL609160.1	M3
EL609189.1	M6
EL609190.1	M1
EL609191.1	M13
EL609192.1	M2
EL609193.1	M1
EL609196.1	M1
EL609201.1	M15
EL609202.1	M4
EL609203.1	M10
EL609208.1	M2
EL609210.1	M2
EL609211.1	M1
EL609212.1	M3
EL609213.1	M1
EL609215.1	M1
EL609219.1	M4
EL609221.1	M2
EL609222.1	M5
EL609227.1	M19
EL609228.1	M3
EL609229.1	M3
EL609230.1	M1
EL609231.1	M3
EL609234.1	M2
EL609236.1	M1
EL609237.1	M1
EL609243.1	M16
EL609245.1	M4
EL609246.1	M11
EL609248.1	M4
EL609252.1	M13
EL609256.1	M1
EL609258.1	M2
EL609261.1	M4
EL609263.1	M5
EL609264.1	M1
EL609265.1	M2
EL609266.1	M1
EL609269.1	M1
EL609271.1	M3
EL609272.1	M3
EL609273.1	M1
EL609276.1	M2
EL609277.1	M3
EL609280.1	M2
EL609282.1	M3
EL609283.1	M4
EL609284.1	M1
EL609286.1	M1
EL609287.1	M1
EL609288.1	M0
EL609289.1	M2
EL609290.1	M2
EL609291.1	M1
EL609292.1	M5
EL609294.1	M4
EL609296.1	M11
EL609300.1	M3
EL609301.1	M9
EL609304.1	M1
EL609306.1	M1
EL609307.1	M4
EL609309.1	M1
EL609311.1	M7
EL609312.1	M10
EL609314.1	M11
EL609317.1	M1
EL609319.1	M1
EL609320.1	M5
EL609322.1	M1
EL609323.1	M2
EL609324.1	M1
EL609325.1	M11
EL609326.1	M1
EL609327.1	M5
EL609328.1	M1
EL609337.1	M3
EL609338.1	M1
EL609339.1	M7
EL609341.1	M4
EL609344.1	M2
EL609345.1	M1
EL609346.1	M4
EL609348.1	M0
EL609349.1	M4
EL609350.1	M19
EL609351.1	M5
EL609352.1	M2
EL609354.1	M4
EL609355.1	M4
EL609357.1	M4
EL609358.1	M2
EL609359.1	M4
EL609360.1	M5
EL609361.1	M3
EL609362.1	M6
EL609363.1	M5
EL609367.1	M6
EL609368.1	M3
EL609369.1	M19
EL609371.1	M19
EL609373.1	M1
EL609374.1	M16
EL609376.1	M10
EL609377.1	M3
EL609378.1	M1
EL609380.1	M1
EL609381.1	M1
EL609382.1	M2
EL609385.1	M1
EL609386.1	M5
EL609388.1	M10
EL609389.1	M4
EL609390.1	M5
EL609391.1	M1
EL609393.1	M1
EL609394.1	M2
EL609395.1	M5
EL609397.1	M13
EL609399.1	M2
EL609401.1	M4
EL609403.1	M11
EL609404.1	M5
EL609406.1	M1
EL609408.1	M4
EL609409.1	M3
EL609411.1	M4
EL609413.1	M1
EL609414.1	M3
EL609415.1	M6
EL609417.1	M9
EL609418.1	M5
EL609419.1	M9
EL609420.1	M4
EL609423.1	M13
EL609426.1	M19
EL609428.1	M2
EL609430.1	M4
EL609431.1	M1
EL609432.1	M16
EL609435.1	M4
EL609436.1	M4
EL609440.1	M1
EL609441.1	M4
EL609442.1	M1
EL609443.1	M1
EL609447.1	M4
EL609448.1	M6
EL609450.1	M13
EL609451.1	M5
EL609452.1	M2
EL609453.1	M1
EL609454.1	M5
EL609459.1	M1
EL609460.1	M3
EL609461.1	M1
EL609462.1	M1
EL609464.1	M13
EL609466.1	M1
EL609468.1	M1
EL609471.1	M6
EL609472.1	M1
EL609477.1	M1
EL609478.1	M3
EL609479.1	M16
EL609480.1	M3
EL609482.1	M9
EL609484.1	M1
EL609486.1	M10
EL609487.1	M18
EL609488.1	M5
EL609490.1	M1
EL609492.1	M4
EL609493.1	M4
EL609497.1	M15
EL609498.1	M10
EL609500.1	M4
EL609501.1	M2
EL609504.1	M2
EL609505.1	M4
EL609508.1	M3
EL609509.1	M1
EL609510.1	M3
EL609511.1	M1
EL609515.1	M2
EL609516.1	M11
EL609517.1	M1
EL609518.1	M1
EL609519.1	M2
EL609521.1	M6
EL609523.1	M1
EL609524.1	M2
EL609525.1	M3
EL609526.1	M1
EL609527.1	M4
EL609528.1	M3
EL609529.1	M5
EL609530.1	M16
EL609532.1	M1
EL609533.1	M1
EL609534.1	M1
EL609535.1	M1
EL609536.1	M3
EL609538.1	M3
EL609539.1	M2
EL609540.1	M9
EL609541.1	M5
EL609543.1	M11
EL609545.1	M0
EL609547.1	M1
EL609548.1	M3
EL609552.1	M4
EL609557.1	M2
EL609558.1	M3
EL609559.1	M3
EL609560.1	M11
EL609561.1	M6
EL609563.1	M1
EL609564.1	M6
EL609569.1	M1
EL609570.1	M4
EL609572.1	M1
EL609573.1	M5
EL609574.1	M1
EL609575.1	M2
EL609576.1	M1
EL609579.1	M1
EL609580.1	M3
EL609581.1	M2
EL609584.1	M2
EL609585.1	M4
EL609586.1	M11
EL609587.1	M3
EL609590.1	M11
EL609592.1	M6
EL609593.1	M6
EL609595.1	M3
EL609600.1	M1
EL609602.1	M2
EL609604.1	M1
EL609606.1	M4
EL609608.1	M4
EL609610.1	M5
EL609611.1	M6
EL609612.1	M3
EL609614.1	M3
EL609615.1	M19
EL609616.1	M1
EL609618.1	M1
EL609619.1	M4
EL609620.1	M3
EL609626.1	M19
EL609630.1	M19
EL609631.1	M4
EL609632.1	M2
EL609633.1	M19
EL609634.1	M1
EL609635.1	M4
EL609636.1	M4
EL609637.1	M4
EL609640.1	M7
EL609641.1	M5
EL609643.1	M2
EL609645.1	M3
EL609646.1	M1
EL609647.1	M6
EL609648.1	M1
EL609649.1	M1
EL609650.1	M3
EL609655.1	M4
EL609656.1	M3
EL609659.1	M13
EL609661.1	M1
EL609662.1	M3
EL609665.1	M2
EL609666.1	M1
EL609668.1	M3
EL609671.1	M1
EL609673.1	M1
EL609674.1	M1
EL609676.1	M11
EL609677.1	M4
EL609678.1	M2
EL609679.1	M13
EL609680.1	M4
EL609681.1	M5
EL609682.1	M1
EL609684.1	M1
EL609685.1	M1
EL609686.1	M2
EL609687.1	M1
EL609688.1	M1
EL609689.1	M3
EL609690.1	M2
EL609695.1	M4
EL609696.1	M1
EL609697.1	M15
EL609699.1	M2
EL609703.1	M1
EL609706.1	M1
EL609711.1	M4
EL609712.1	M3
EL609714.1	M3
EL609715.1	M1
EL609716.1	M3
EL609723.1	M10
EL609724.1	M3
EL609726.1	M2
EL609727.1	M2
EL609730.1	M1
EL609732.1	M1
EL609733.1	M8
EL609734.1	M1
EL609737.1	M7
EL609738.1	M11
EL609739.1	M4
EL609742.1	M6
EL609744.1	M3
EL609746.1	M3
EL609748.1	M3
EL609750.1	M4
EL609751.1	M1
EL609754.1	M6
EL609755.1	M1
EL609756.1	M1
EL609757.1	M2
EL609759.1	M1
EL609760.1	M3
EL609762.1	M3
EL609763.1	M4
EL609764.1	M3
EL609765.1	M4
EL609766.1	M13
EL609767.1	M1
EL609768.1	M0
EL609770.1	M1
EL609771.1	M5
EL609773.1	M2
EL609774.1	M8
EL609776.1	M4
EL609781.1	M3
EL609782.1	M6
EL609783.1	M19
EL609784.1	M2
EL609785.1	M3
EL609788.1	M3
EL609789.1	M11
EL609790.1	M4
EL609792.1	M7
EL609793.1	M1
EL609794.1	M1
EL609797.1	M4
EL609798.1	M3
EL609799.1	M1
EL609801.1	M1
EL609802.1	M6
EL609804.1	M15
EL609805.1	M2
EL609806.1	M13
EL609807.1	M7
EL609808.1	M1
EL609809.1	M2
EL609810.1	M1
EL609811.1	M3
EL609812.1	M3
EL609813.1	M5
EL609814.1	M2
EL609815.1	M5
EL609816.1	M8
EL609817.1	M16
EL609819.1	M11
EL609820.1	M5
EL609821.1	M1
EL609822.1	M1
EL609823.1	M1
EL609826.1	M1
EL609827.1	M13
EL609828.1	M3
EL609829.1	M2
EL609832.1	M4
EL609833.1	M1
EL609836.1	M1
EL609839.1	M1
EL609840.1	M1
EL609841.1	M4
EL609842.1	M3
EL609843.1	M4
EL609844.1	M5
EL609845.1	M3
EL609846.1	M19
EL609848.1	M2
EL609850.1	M7
EL609851.1	M1
EL609852.1	M6
EL609854.1	M1
EL609855.1	M3
EL609856.1	M1
EL609857.1	M7
EL609860.1	M1
EL609861.1	M5
EL609862.1	M2
EL609864.1	M3
EL609865.1	M5
EL609866.1	M8
EL609867.1	M1
EL609868.1	M1
EL609872.1	M3
EL609873.1	M3
EL609875.1	M1
EL609876.1	M1
EL609877.1	M2
EL609880.1	M4
EL609881.1	M1
EL609882.1	M10
EL609883.1	M9
EL609887.1	M6
EL609892.1	M1
EL609893.1	M10
EL609894.1	M1
EL609895.1	M13
EL609898.1	M2
EL609902.1	M2
EL609908.1	M1
EL609910.1	M4
EL609911.1	M7
EL609912.1	M6
EL609914.1	M5
EL609915.1	M3
EL609917.1	M5
EL609918.1	M13
EL609921.1	M3
EL609923.1	M3
EL609925.1	M13
EL609926.1	M1
EL609927.1	M2
EL609929.1	M5
EL609932.1	M2
EL609933.1	M3
EL609938.1	M16
EL609940.1	M1
EL609943.1	M4
EL609944.1	M4
EL609946.1	M15
EL609948.1	M3
EL609949.1	M4
EL609951.1	M1
EL609952.1	M1
EL609953.1	M6
EL609955.1	M3
EL609956.1	M1
EL609958.1	M1
EL609960.1	M1
EL609961.1	M2
EL609962.1	M19
EL609964.1	M2
EL609969.1	M2
EL609971.1	M5
EL609972.1	M11
EL609975.1	M4
EL609976.1	M2
EL609977.1	M1
EL609978.1	M2
EL609980.1	M1
EL609981.1	M1
EL609985.1	M3
EL609988.1	M4
EL609989.1	M1
EL609990.1	M1
EL609991.1	M0
EL609992.1	M3
EL609993.1	M2
EL609994.1	M1
EL609996.1	M1
EL610000.1	M4
EL610002.1	M4
EL610004.1	M1
EL610005.1	M1
EL695505.1	M3
EL695506.1	M1
EL695507.1	M5
EL695510.1	M2
EL695513.1	M1
EL695515.1	M4
EL695517.1	M1
EL695518.1	M1
EL695519.1	M1
EL695520.1	M4
EL695521.1	M1
EL695523.1	M11
EL695528.1	M0
EL695529.1	M0
EL695531.1	M1
EL695532.1	M1
EL695533.1	M1
EL695534.1	M9
EL695535.1	M2
EL695537.1	M1
EL695538.1	M1
EL695539.1	M0
EL695541.1	M9
EL695543.1	M1
EL695544.1	M5
EL695547.1	M19
EL695550.1	M3
EL695551.1	M3
EL695554.1	M7
EL695558.1	M4
EL695559.1	M9
EL695560.1	M11
EL695563.1	M1
EL695564.1	M6
EL695565.1	M6
EL695566.1	M3
EL695570.1	M6
EL695571.1	M5
EL695573.1	M16
EL695574.1	M1
EL695575.1	M1
EL695578.1	M5
EL695581.1	M1
EL695582.1	M14
EL695586.1	M2
EL695588.1	M2
EL695589.1	M1
EL695591.1	M1
EL695592.1	M2
EL695593.1	M2
EL695594.1	M6
EL695595.1	M3
EL695596.1	M2
EL695597.1	M9
EL695598.1	M1
EL695599.1	M5
EL695601.1	M5
EL695603.1	M1
EL695604.1	M4
EL695605.1	M3
EL695606.1	M5
EL695611.1	M3
EL695614.1	M3
EL695615.1	M3
EL695617.1	M3
EL695619.1	M1
EL695620.1	M5
EL695621.1	M4
EL695624.1	M2
EL695625.1	M1
EL695629.1	M1
EL695631.1	M1
EL695634.1	M10
EL695644.1	M2
EL695647.1	M5
EL695648.1	M1
EL695651.1	M1
EL695654.1	M8
EL695655.1	M2
EL695658.1	M2
EL695661.1	M4
EL695664.1	M1
EL695666.1	M16
EL695667.1	M6
EL695668.1	M4
EL695669.1	M1
EL695673.1	M7
EL695675.1	M3
EL695677.1	M3
EL695679.1	M1
EL695680.1	M1
EL695682.1	M1
EL695683.1	M2
EL695684.1	M3
EL695690.1	M2
EL695691.1	M4
EL695692.1	M11
EL695693.1	M4
EL695694.1	M1
EL695695.1	M17
EL695696.1	M1
EL695701.1	M2
EL695703.1	M1
EL695706.1	M2
EL695708.1	M2
EL695709.1	M11
EL695711.1	M4
EL695715.1	M3
EL695716.1	M15
EL695719.1	M5
EL695720.1	M1
EL695722.1	M9
EL695725.1	M16
EL695728.1	M1
EL695729.1	M5
EL695732.1	M3
EL695734.1	M4
EL695735.1	M2
EL695736.1	M1
EL695737.1	M0
EL695739.1	M1
EL695741.1	M1
EL695743.1	M1
EL695745.1	M1
EL695747.1	M2
EL695748.1	M2
EL695749.1	M13
EL695750.1	M2
EL695751.1	M9
EL695752.1	M1
EL695755.1	M4
EL695756.1	M1
EL695757.1	M1
EL695758.1	M1
EL695762.1	M2
EL695763.1	M2
EL695764.1	M19
EL695771.1	M0
EL695773.1	M8
EL695774.1	M3
EL695775.1	M1
EL695778.1	M3
EL695779.1	M4
EL695780.1	M1
EL695782.1	M4
EL695783.1	M1
EL695786.1	M9
EL695787.1	M2
EL695790.1	M1
EL695792.1	M1
EL695795.1	M1
EL695799.1	M5
EL695801.1	M2
EL695802.1	M5
EL695803.1	M9
EL695804.1	M2
EL695808.1	M5
EL695809.1	M1
EL695815.1	M3
EL695816.1	M2
EL695818.1	M2
EL695819.1	M19
EL695821.1	M5
EL695824.1	M11
EL695825.1	M1
EL695832.1	M4
EL695833.1	M19
EL695834.1	M1
EL695836.1	M4
EL695837.1	M1
EL695839.1	M19
EL695842.1	M3
EL695843.1	M5
EL695847.1	M1
EL695848.1	M8
EL695849.1	M1
EL695850.1	M3
EL695852.1	M5
EL695854.1	M14
EL695856.1	M2
EL695857.1	M1
EL695860.1	M14
EL695863.1	M1
EL695866.1	M19
EL695868.1	M1
EL695869.1	M1
EL695870.1	M3
EL695871.1	M1
EL695872.1	M1
EL695873.1	M5
EL695874.1	M1
EL695876.1	M3
EL695878.1	M3
EL695879.1	M1
EL695881.1	M5
EL695882.1	M4
EL695883.1	M6
EL695885.1	M3
EL695887.1	M1
EL695888.1	M3
EL695890.1	M1
EL695892.1	M1
EL695894.1	M4
EL695896.1	M1
EL695898.1	M3
EL695901.1	M4
EL695902.1	M11
EL695904.1	M0
EL695905.1	M4
EL695906.1	M1
EL695907.1	M1
EL695908.1	M18
EL695911.1	M4
EL695912.1	M2
EL695914.1	M6
EL695919.1	M8
EL695922.1	M4
EL695925.1	M10
EL695928.1	M19
EL695930.1	M2
EL695933.1	M4
EL695934.1	M5
EL695935.1	M2
EL695938.1	M4
EL695943.1	M10
EL695944.1	M4
EL695946.1	M5
EL695947.1	M5
EL695953.1	M2
EL695954.1	M1
EL695957.1	M4
EL695958.1	M4
EL695959.1	M4
EL695960.1	M0
EL695961.1	M4
EL695962.1	M4
EL695964.1	M1
EL695965.1	M3
EL695966.1	M9
EL695971.1	M1
EL695972.1	M10
EL695974.1	M1
EL695976.1	M8
EL695978.1	M1
EL695979.1	M8
EL695981.1	M4
EL695982.1	M5
EL695983.1	M3
EL695984.1	M2
EL695986.1	M3
EL695989.1	M1
EL695990.1	M7
EL695991.1	M1
EL695992.1	M3
EL695994.1	M10
EL695997.1	M1
EL695998.1	M1
EL695999.1	M5
EL696000.1	M10
EL696002.1	M5
EL696003.1	M1
EL696006.1	M3
EL696010.1	M1
EL696011.1	M2
EL696012.1	M6
EL696013.1	M1
EL696014.1	M2
EL696015.1	M3
EL696017.1	M1
EL696020.1	M15
EL696022.1	M6
EL696023.1	M19
EL696025.1	M3
EL696027.1	M4
EL696032.1	M1
EL696033.1	M1
EL696034.1	M1
EL696037.1	M2
EL696038.1	M6
EL696040.1	M5
EL696042.1	M4
EL696044.1	M2
EL696045.1	M0
EL696048.1	M11
EL696052.1	M1
EL696054.1	M1
EL696055.1	M5
EL696056.1	M2
EL696059.1	M1
EL696060.1	M1
EL696063.1	M2
EL696065.1	M3
EL696066.1	M4
EL696067.1	M1
EL696068.1	M1
EL696070.1	M8
EL696071.1	M1
EL696073.1	M9
EL696075.1	M1
EL696076.1	M8
EL696077.1	M1
EL696080.1	M1
EL696082.1	M5
EL696083.1	M1
EL696085.1	M4
EL696086.1	M6
EL696089.1	M4
EL696090.1	M5
EL696091.1	M1
EL696095.1	M8
EL696096.1	M15
EL696099.1	M11
EL696100.1	M18
EL696102.1	M2
EL696107.1	M1
EL696108.1	M2
EL696113.1	M1
EL696114.1	M1
EL696115.1	M10
EL696116.1	M0
EL696118.1	M5
EL696122.1	M1
EL696123.1	M11
EL696127.1	M2
EL696128.1	M3
EL696130.1	M3
EL696131.1	M10
EL696133.1	M5
EL696134.1	M1
EL696135.1	M1
EL696137.1	M1
EL696139.1	M1
EL696140.1	M5
EL696141.1	M7
EL696142.1	M4
EL696143.1	M2
EL696144.1	M3
EL696145.1	M1
EL696147.1	M1
EL696149.1	M3
EL696150.1	M4
EL696151.1	M8
EL696155.1	M8
EL696156.1	M4
EL696158.1	M1
EL696162.1	M1
EL696166.1	M1
EL696167.1	M19
EL696168.1	M1
EL696169.1	M1
EL696170.1	M4
EL696171.1	M6
EL696172.1	M11
EL696173.1	M1
EL696176.1	M1
EL696179.1	M5
EL696181.1	M1
EL696184.1	M1
EL696185.1	M6
EL696188.1	M1
EL696190.1	M2
EL696191.1	M15
EL696192.1	M2
EL696194.1	M0
EL696195.1	M1
EL696197.1	M3
EL696198.1	M2
EL696200.1	M6
EL696201.1	M3
EL696203.1	M4
EL696204.1	M1
EL696206.1	M1
EL696207.1	M2
EL696209.1	M8
EL696210.1	M1
EL696211.1	M1
EL696213.1	M7
EL696214.1	M4
EL696215.1	M8
EL696216.1	M1
EL696220.1	M2
EL696221.1	M3
EL696222.1	M2
EL696223.1	M2
EL696224.1	M1
EL696226.1	M2
EL696228.1	M1
EL696229.1	M1
EL696230.1	M6
EL696232.1	M3
EL696234.1	M1
EL696235.1	M3
EL696239.1	M1
EL696241.1	M1
EL696246.1	M5
EL696247.1	M1
EL696249.1	M8
EL696250.1	M11
EL696251.1	M5
EL696252.1	M1
EL696253.1	M16
EL696254.1	M6
EL696257.1	M2
EL696259.1	M4
EL696261.1	M2
EL696262.1	M6
EL696271.1	M3
EL696272.1	M1
EL696275.1	M3
EL696276.1	M3
EL696277.1	M1
EL696279.1	M1
EL696282.1	M3
EL696283.1	M6
EL696284.1	M5
EL696285.1	M4
EL696287.1	M1
EL696289.1	M1
EL696290.1	M5
EL696292.1	M3
EL696293.1	M3
EL696294.1	M3
EL696295.1	M4
EL696297.1	M7
EL696298.1	M3
EL696299.1	M5
EL696300.1	M1
EL696302.1	M1
EL696303.1	M10
EL696304.1	M1
EL696306.1	M1
EL696307.1	M4
EL696308.1	M1
EL696315.1	M3
EL696316.1	M4
EL696323.1	M1
EL696324.1	M3
EL696328.1	M3
EL696330.1	M4
EL696336.1	M4
EL696337.1	M3
EL696340.1	M2
EL696341.1	M1
EL696342.1	M3
EL696344.1	M5
EL696346.1	M1
EL696348.1	M1
EL696351.1	M1
EL696354.1	M1
EL696355.1	M3
EL696356.1	M1
EL696357.1	M9
EL696359.1	M8
EL696360.1	M3
EL696361.1	M1
EL696362.1	M4
EL696365.1	M5
EL696366.1	M4
EL696367.1	M1
EL696368.1	M1
EL696369.1	M3
EL696372.1	M3
EL696374.1	M6
EL696377.1	M1
EL696378.1	M3
EL696383.1	M1
EL696384.1	M4
EL696389.1	M1
EL696390.1	M1
EL696391.1	M3
EL696393.1	M2
EL696396.1	M1
EL696397.1	M6
EL696398.1	M11
EL696399.1	M3
EL696400.1	M16
EL696403.1	M16
EL696404.1	M4
EL696407.1	M4
EL696409.1	M11
EL696415.1	M2
EL696417.1	M2
EL696418.1	M1
EL696419.1	M1
EL696420.1	M1
EL696422.1	M1
EL696424.1	M5
EL696425.1	M18
EL696433.1	M2
EL696434.1	M4
EL696435.1	M7
EL696438.1	M1
EL696440.1	M1
EL696441.1	M1
EL696444.1	M8
EL696445.1	M2
EL696446.1	M3
EL696447.1	M3
EL696448.1	M1
EL696449.1	M3
EL696451.1	M1
EL696452.1	M2
EL696454.1	M8
EL696455.1	M3
EL696459.1	M1
EL696460.1	M10
EL696465.1	M2
EL696468.1	M9
EL696470.1	M1
EL696471.1	M2
EL696472.1	M3
EL696474.1	M10
EL696475.1	M1
EL696476.1	M1
EL696478.1	M14
EL696479.1	M1
EL696480.1	M1
EL696483.1	M2
EL696488.1	M1
EL696489.1	M5
EL696490.1	M11
EL696491.1	M4
EL696492.1	M2
EL696494.1	M1
EL696495.1	M7
EL696496.1	M2
EL696497.1	M3
EL696498.1	M4
EL696499.1	M5
EL696500.1	M1
EL696501.1	M1
EL696503.1	M3
EL696504.1	M1
EL696508.1	M9
EL696509.1	M8
EL696510.1	M8
EL696511.1	M9
EL696514.1	M12
EL696516.1	M1
EL696518.1	M19
EL696521.1	M4
EL696522.1	M4
EL696523.1	M1
EL696524.1	M1
EL696525.1	M1
EL696527.1	M4
EL696529.1	M2
EL696533.1	M10
EL696534.1	M4
EL696535.1	M8
EL696537.1	M3
EL696538.1	M1
EL696541.1	M1
EL696542.1	M2
EL696545.1	M1
EL696547.1	M4
EL696551.1	M3
EL696552.1	M4
EL696554.1	M1
EL696555.1	M17
EL696557.1	M4
EL696561.1	M3
EL696564.1	M5
EL696565.1	M1
EL696569.1	M10
EL696570.1	M8
EL696576.1	M3
EL696582.1	M2
EL696583.1	M1
EL812777.1	M1
EL812780.1	M1
EU077526.1	M3
EU371046.1	M2
EU826058.1	M1
EU871044.1	M1
FJ670566.1	M18
FK250519.1	M4
GH624059.1	M3
GH624062.1	M1
GH624063.1	M1
GH624065.1	M9
GH624070.1	M3
GH624071.1	M3
GH624073.1	M3
GH624074.1	M3
GH624075.1	M13
GH624078.1	M13
GH624079.1	M7
GH624080.1	M13
GH624082.1	M13
GH624089.1	M13
GH624090.1	M13
GH624091.1	M13
GH624092.1	M7
GH624094.1	M7
GH624099.1	M13
GH624100.1	M7
GH624101.1	M13
GH624105.1	M7
GH624106.1	M8
GH624107.1	M4
GH624109.1	M1
GH624111.1	M1
GH624114.1	M1
GH624120.1	M4
GH624121.1	M4
GH624127.1	M4
GH624132.1	M3
GH624134.1	M3
GH624136.1	M4
GH624138.1	M4
GH624140.1	M2
GH624141.1	M4
GH624142.1	M3
GH624144.1	M1
GH624145.1	M1
GH624146.1	M1
GH624147.1	M12
GH624148.1	M3
GH624151.1	M4
GH624153.1	M4
GH624156.1	M1
GH624162.1	M4
GH624163.1	M4
GH624166.1	M16
GH624167.1	M4
GH624168.1	M1
GH624170.1	M3
GH624171.1	M3
GH624173.1	M13
GH624175.1	M13
GH624176.1	M13
GH624181.1	M2
GH624182.1	M2
GH624184.1	M2
GH624185.1	M4
GH624190.1	M4
GH624191.1	M4
GH624195.1	M3
GH624196.1	M3
GH624197.1	M2
GH624198.1	M2
GH624199.1	M2
GH624202.1	M1
GH624203.1	M1
GH624204.1	M2
GH624206.1	M9
GH624210.1	M4
GH624212.1	M1
GH624214.1	M1
GH624221.1	M1
GH624225.1	M3
GH624226.1	M4
GH624229.1	M3
GH624235.1	M1
GH624236.1	M1
GH624239.1	M1
GH624243.1	M1
GH624245.1	M1
GH624247.1	M1
GH624250.1	M1
GH624261.1	M13
GH624263.1	M7
GH624264.1	M6
GH624302.1	M16
GH624314.1	M2
GH624319.1	M2
GH624327.1	M2
GH624330.1	M2
GH624335.1	M2
GH624339.1	M2
GH624374.1	M2
GH624402.1	M2
GH624407.1	M2
GH624411.1	M2
GH624420.1	M2
GH624433.1	M2
GH624444.1	M2
GH624446.1	M2
GH624449.1	M4
GH624450.1	M4
GH624452.1	M2
GH624453.1	M2
GH624454.1	M2
GH624455.1	M2
GH624457.1	M4
GH624459.1	M4
GH624462.1	M8
GH624463.1	M8
GH624464.1	M4
GH624466.1	M1
GH624467.1	M1
GH624468.1	M3
GH624470.1	M3
GH624471.1	M3
GH624475.1	M1
GH624476.1	M3
GH624477.1	M1
GH624478.1	M1
GH624480.1	M12
GH624483.1	M4
GH624488.1	M3
GH624489.1	M10
GH624490.1	M10
GH624791.1	M1
GH624793.1	M4
GH624794.1	M4
GH624795.1	M4
GH624797.1	M4
GH624798.1	M4
GH624800.1	M3
GH624801.1	M4
GH624802.1	M4
GH624806.1	M1
GH624807.1	M4
GH624808.1	M4
GH624811.1	M2
GH624813.1	M5
GH624814.1	M4
GH624817.1	M5
GH624819.1	M3
GH624820.1	M4
GH624821.1	M3
GH624822.1	M16
GH624823.1	M6
GH624825.1	M6
GH624826.1	M6
GH624830.1	M4
GH624834.1	M1
GH624835.1	M1
GH624836.1	M1
GH624837.1	M1
GH624839.1	M2
GH624841.1	M3
GH624842.1	M4
GH624843.1	M6
GH624846.1	M3
GH624852.1	M10
GH624854.1	M0
GH624856.1	M1
GH624865.1	M1
GH624870.1	M11
GH624871.1	M3
GH624872.1	M0
GH624874.1	M1
GH624875.1	M4
GH624881.1	M4
GH624882.1	M4
GH624883.1	M2
GH624884.1	M2
GH624886.1	M4
GH624888.1	M8
GH624889.1	M2
GH624890.1	M2
GH624891.1	M2
GH624893.1	M2
GH624894.1	M2
GH624895.1	M0
GH624897.1	M12
GH624898.1	M2
GH624900.1	M2
GH624902.1	M2
GH624904.1	M1
GH624907.1	M4
GH624909.1	M3
GH624912.1	M4
GH624913.1	M4
GH624914.1	M4
GH624916.1	M16
GH624919.1	M4
GH624920.1	M4
GH624921.1	M4
GH624922.1	M4
GH624923.1	M8
GH624924.1	M4
GH624925.1	M4
GH624926.1	M4
GH624927.1	M4
GH624929.1	M4
GH624930.1	M4
GH624932.1	M4
GH624933.1	M4
GH624936.1	M3
GH624937.1	M4
GH624938.1	M4
GH624939.1	M4
GH624940.1	M4
GH624947.1	M4
GH624948.1	M3
GH624952.1	M10
GH624953.1	M16
GH624955.1	M2
GH624956.1	M8
GH624957.1	M10
GH624958.1	M7
GH624959.1	M3
GH624962.1	M3
GH624964.1	M4
GH624965.1	M4
GH624970.1	M4
GH624971.1	M4
GH624973.1	M4
GH624977.1	M3
GH624979.1	M4
GH624980.1	M6
GH624981.1	M6
GH624983.1	M1
GH624984.1	M1
GH624985.1	M3
GH624987.1	M3
GH624989.1	M7
GH624995.1	M12
GH624997.1	M2
GH624999.1	M1
GH625000.1	M1
GH625001.1	M4
GH625002.1	M4
GH625003.1	M4
GH625005.1	M4
GH625007.1	M4
GH625008.1	M4
GH625011.1	M1
GH625012.1	M1
GH625015.1	M4
GH625019.1	M1
GH625020.1	M3
GH625021.1	M2
GH625022.1	M2
GH625110.1	M9
GH625111.1	M1
GH625112.1	M19
GH625113.1	M3
GH625114.1	M19
GH625115.1	M16
GH625116.1	M19
GH625118.1	M19
GH625120.1	M19
GH625121.1	M0
GH625124.1	M19
GH625125.1	M5
GH625127.1	M19
GH625132.1	M2
GH625133.1	M9
GH625134.1	M19
GH625135.1	M8
GH625137.1	M5
GH625138.1	M19
GH625142.1	M2
GH625163.1	M1
GH625164.1	M2
GH625168.1	M3
GH625169.1	M4
GH625170.1	M4
GH625171.1	M4
GH625173.1	M4
GH625174.1	M1
GH625178.1	M1
GH625179.1	M6
GH625180.1	M1
GH625181.1	M3
GH625182.1	M4
GH625186.1	M1
GH625187.1	M1
GH625188.1	M1
GH625194.1	M1
GH625195.1	M1
GH625196.1	M1
GH625197.1	M1
GH625201.1	M4
GH625202.1	M4
GH625203.1	M4
GH625204.1	M16
GH625206.1	M4
GH625208.1	M4
GH625224.1	M16
GH625225.1	M3
GH625228.1	M4
GH625232.1	M1
GH625233.1	M1
GH625236.1	M6
GH625238.1	M1
GH625239.1	M0
GH625240.1	M2
GH625241.1	M1
GH625243.1	M6
GH625244.1	M9
GH625245.1	M4
GH625246.1	M4
GH625253.1	M3
GH625254.1	M1
GH625255.1	M1
GH625257.1	M7
GH625261.1	M17
GH625262.1	M3
GH625263.1	M4
GH625264.1	M3
GH625266.1	M16
GH625268.1	M4
GH625276.1	M1
GH625281.1	M1
GH625282.1	M1
GH625285.1	M4
GH625290.1	M4
GH625293.1	M1
GH625294.1	M1
GH625296.1	M6
GH625298.1	M3
GH625300.1	M4
GH625301.1	M1
GH625303.1	M2
GH625308.1	M16
GH625309.1	M3
GH625310.1	M4
GH625312.1	M5
GH625313.1	M0
GH625315.1	M4
GH625317.1	M16
GH625320.1	M4
GH625321.1	M1
GH625322.1	M4
GH625323.1	M1
GH625325.1	M1
GH625326.1	M1
GH625333.1	M9
GH625334.1	M9
GH625338.1	M1
GH625340.1	M5
GH625341.1	M1
GH625344.1	M4
GH625346.1	M16
GH625353.1	M4
GH625360.1	M4
GH625362.1	M5
GH625363.1	M12
GH625364.1	M5
GH625366.1	M4
GH625368.1	M3
GH625374.1	M3
GH625375.1	M1
GH625377.1	M1
GH625383.1	M1
GH625384.1	M9
GH625386.1	M1
GH625387.1	M9
GH625389.1	M1
GH625391.1	M5
GH625392.1	M3
GH625393.1	M4
GH625398.1	M4
GH625399.1	M4
GH625400.1	M2
GH625401.1	M2
GH625402.1	M4
GH625404.1	M4
GH625409.1	M4
GH625416.1	M2
GH625429.1	M3
GH625430.1	M3
GH625431.1	M3
GH625433.1	M3
GH625435.1	M9
GH625436.1	M9
GH625437.1	M14
GH625441.1	M1
GH625442.1	M1
GH625449.1	M1
GH625461.1	M4
GH625462.1	M1
GH625463.1	M2
GH625464.1	M6
GH625465.1	M6
GH625466.1	M4
GH625467.1	M1
GH625471.1	M2
GH625479.1	M2
GH625481.1	M2
GH625482.1	M12
GH625491.1	M12
GH625492.1	M2
GH625497.1	M2
GH625499.1	M5
GH625502.1	M9
GH625503.1	M9
GH625507.1	M4
GH625510.1	M3
GH625512.1	M1
GH625513.1	M6
GH625516.1	M4
GH625519.1	M0
GH625520.1	M6
GH625525.1	M1
GH625527.1	M9
GH625529.1	M7
GH625530.1	M5
GH625535.1	M1
GH625537.1	M5
GH625538.1	M2
GH625541.1	M3
GH625542.1	M1
GH625546.1	M8
GH625550.1	M1
GH625553.1	M1
GH625555.1	M5
GH625556.1	M9
GH625558.1	M2
GH625559.1	M7
GH625560.1	M3
GH625563.1	M1
GH625565.1	M1
GH625566.1	M2
GH625567.1	M6
GH625569.1	M4
GH625571.1	M4
GH625576.1	M0
GH625577.1	M1
GH625578.1	M13
GH625579.1	M1
GH625580.1	M1
GH625581.1	M4
GH625584.1	M1
GH625588.1	M2
GH625590.1	M3
GH625591.1	M9
GH625593.1	M13
GH625594.1	M15
GH625597.1	M1
GH625599.1	M4
GH625600.1	M3
GH625604.1	M0
GH625606.1	M2
GH625607.1	M15
GH625611.1	M1
GH625613.1	M5
GH625615.1	M1
GH625616.1	M9
GH625618.1	M2
GH625621.1	M1
GH625622.1	M7
GH625624.1	M1
GH625625.1	M3
GH625626.1	M19
GH625627.1	M5
GH625629.1	M4
GH625630.1	M18
GH625631.1	M4
GH625632.1	M1
GH625633.1	M2
GH625634.1	M7
GH625636.1	M4
GH625637.1	M2
GH625639.1	M4
GH625641.1	M4
GH625643.1	M3
GH625645.1	M4
GH625647.1	M3
GH625650.1	M2
GH625651.1	M4
GH625652.1	M4
GH625657.1	M4
GH625658.1	M1
GH625659.1	M4
GH625660.1	M1
GH625661.1	M15
GH625663.1	M3
GH625671.1	M3
GH625672.1	M3
GH625673.1	M1
GH625676.1	M2
GH625678.1	M2
GH625682.1	M3
GH625685.1	M1
GH625687.1	M4
GH625688.1	M4
GH625689.1	M5
GH625690.1	M4
GH625692.1	M2
GH625693.1	M1
GH625694.1	M3
GH625695.1	M0
GH625696.1	M1
GH625697.1	M2
GH625699.1	M3
GH625701.1	M1
GH625702.1	M1
GH625703.1	M1
GH625704.1	M4
GH625705.1	M3
GH625706.1	M1
GH625707.1	M5
GH625709.1	M2
GH625711.1	M4
GH625712.1	M4
GH625714.1	M4
GH625715.1	M1
GH625718.1	M3
GH625719.1	M3
GH625721.1	M1
GH625723.1	M3
GH625725.1	M1
GH625727.1	M1
GH625729.1	M4
GH625730.1	M3
GH625732.1	M1
GH625736.1	M3
GH625737.1	M2
GH625738.1	M1
GH625740.1	M1
GH625741.1	M1
GH625743.1	M1
GH625746.1	M1
GH625749.1	M13
GH625750.1	M1
GH625751.1	M7
GH625752.1	M1
GH625753.1	M1
GH625755.1	M12
GH625756.1	M2
GH625758.1	M1
GH625760.1	M16
GH625761.1	M4
GH625762.1	M3
GH625763.1	M1
GH625764.1	M1
GH625765.1	M0
GH625766.1	M1
GH625776.1	M4
GH625781.1	M4
GH625782.1	M1
GH625785.1	M1
GH625787.1	M4
GH625788.1	M3
GH625790.1	M1
GH625791.1	M3
GH625792.1	M1
GH625794.1	M1
GH625799.1	M4
GH625801.1	M4
GH625803.1	M4
GH625807.1	M1
GH625809.1	M4
GH625813.1	M1
GH625815.1	M4
GH625827.1	M3
GH625833.1	M3
GH625837.1	M3
GH625839.1	M2
GH625840.1	M1
GH625843.1	M4
GH625848.1	M4
GH625854.1	M3
GH625856.1	M1
GH625857.1	M1
GH625860.1	M2
GH625864.1	M1
GH625869.1	M3
GH625870.1	M1
GH625872.1	M1
GH625873.1	M6
GH625876.1	M1
GH625884.1	M1
GH625885.1	M3
GH625886.1	M4
GH625887.1	M1
GH625888.1	M1
GH625889.1	M1
GH625892.1	M2
GH625894.1	M0
GH625895.1	M1
GH625896.1	M1
GH625898.1	M0
GH625899.1	M8
GH625900.1	M2
GH625901.1	M6
GH625902.1	M2
GH625904.1	M1
GH625905.1	M4
GH625907.1	M1
GH625910.1	M0
GH625911.1	M2
GH625912.1	M1
GH625913.1	M17
GH625914.1	M3
GH625916.1	M1
GH625919.1	M2
GH625921.1	M1
GH625922.1	M1
GH625923.1	M1
GH625926.1	M4
GH625927.1	M3
GH625929.1	M1
GH625932.1	M10
GH625933.1	M5
GH625935.1	M0
GH625936.1	M3
GH625937.1	M5
GH625938.1	M5
GH625940.1	M1
GH625941.1	M3
GH625942.1	M1
GH625943.1	M2
GH625944.1	M3
GH625946.1	M1
GH625952.1	M6
GH625953.1	M3
GH625954.1	M7
GH625955.1	M1
GH625956.1	M1
GH625957.1	M3
GH625961.1	M1
GH625963.1	M4
GH625964.1	M3
GH625965.1	M1
GH625966.1	M9
GH625972.1	M2
GH625973.1	M1
GH625974.1	M6
GH625975.1	M2
GH625976.1	M1
GH625978.1	M2
GH625981.1	M3
GH625983.1	M7
GH625984.1	M1
GH625987.1	M3
GH625990.1	M1
GH625997.1	M6
GH625998.1	M6
GH625999.1	M1
GH626001.1	M1
GH626006.1	M3
GH626008.1	M1
GH626010.1	M4
GH626013.1	M3
GH626015.1	M1
GH626016.1	M5
GH626017.1	M14
GH626018.1	M4
GH626019.1	M7
GH626020.1	M1
GH626024.1	M1
GH626025.1	M1
GH626028.1	M1
GH626029.1	M2
GH626030.1	M1
GH626034.1	M2
GH626036.1	M4
GH626037.1	M2
GH626038.1	M0
GH626039.1	M5
GH626040.1	M4
GH626041.1	M5
GH626044.1	M4
GH626045.1	M1
GH626050.1	M1
GH626053.1	M5
GH626055.1	M4
GH626058.1	M4
GH626059.1	M1
GH626060.1	M8
GH626064.1	M9
GH626066.1	M2
GH626067.1	M1
GH626070.1	M4
GH626071.1	M6
GH626073.1	M4
GH626077.1	M1
GH626078.1	M19
GH626081.1	M1
GH626084.1	M1
GH626085.1	M1
GH626086.1	M1
GH626087.1	M1
GH626088.1	M6
GH626089.1	M4
GH626090.1	M1
GH626091.1	M10
GH626095.1	M2
GH626097.1	M1
GH626100.1	M3
GH626103.1	M2
GH626108.1	M1
GH626110.1	M3
GH626111.1	M3
GH626114.1	M1
GH626119.1	M6
GH626121.1	M1
GH626122.1	M4
GH626124.1	M4
GH626125.1	M9
GH626128.1	M2
GH626133.1	M2
GH626134.1	M2
GH626139.1	M0
GH626146.1	M5
GH626147.1	M1
GH626149.1	M1
GH626151.1	M3
GH626153.1	M4
GQ228481.1	M7
GU219831.1	M1
GU369816.2	M10
GU454802.1	M1
HF568844.1	M2
HF571333.1	M6
HF934955.1	M1
HG001453.1	M7
HG001454.1	M1
HG001455.1	M3
HG001456.1	M1
HG001457.1	M12
HG001458.1	M5
HG530759.1	M1
HQ231235.1	M2
HQ395226.1	M1
HQ668093.1	M1
JF268691.1	M1
JK502148.1	M2
JK502154.1	M3
JK502156.1	M4
JK502159.1	M1
JK502160.1	M1
JK502165.1	M1
JK502167.1	M1
JK502169.1	M1
JK502172.1	M2
JK502180.1	M1
JK502181.1	M1
JK502183.1	M6
JK502192.1	M4
JK502193.1	M2
JK502194.1	M11
JK502203.1	M2
JK502216.1	M3
JK502232.1	M1
JK502233.1	M1
JK502242.1	M3
JK502244.1	M1
JK502250.1	M3
JK649864.1	M7
JK649868.1	M4
JK649869.1	M2
JK649875.1	M2
JK649876.1	M2
JK649878.1	M9
JK649882.1	M2
JK649883.1	M2
JK649884.1	M10
JK649888.1	M2
JK649892.1	M19
JK649925.1	M19
JK649938.1	M5
JK649942.1	M3
JK649946.1	M5
JK649948.1	M1
JK649958.1	M7
JN627516.1	M1
JN627517.1	M1
JP351514.1	M7
JP351516.1	M8
JP351522.1	M1
JP351532.1	M6
JP351538.1	M6
JP351539.1	M4
JP351541.1	M4
JP351548.1	M1
JP351550.1	M1
JP351553.1	M1
JP351554.1	M1
JP351556.1	M9
JP351557.1	M1
JP351558.1	M3
JP351559.1	M1
JP351561.1	M1
JP351562.1	M1
JP351563.1	M2
JP351564.1	M2
JP351565.1	M1
JP351570.1	M1
JP351571.1	M1
JP351572.1	M1
JP351573.1	M3
JP351575.1	M4
JP351578.1	M3
JP351579.1	M3
JP351580.1	M2
JP351581.1	M8
JP351582.1	M1
JP351584.1	M1
JP351586.1	M1
JP351587.1	M6
JP351588.1	M1
JP351590.1	M2
JP351593.1	M1
JP351594.1	M3
JP351595.1	M2
JP351596.1	M1
JP351597.1	M1
JP351599.1	M1
JP351600.1	M8
JP351601.1	M3
JP351602.1	M9
JP351604.1	M1
JP351605.1	M1
JP351610.1	M4
JP351611.1	M1
JP351612.1	M1
JP351614.1	M2
JP351615.1	M1
JP351618.1	M1
JP351619.1	M1
JP351620.1	M15
JP351621.1	M1
JP351623.1	M1
JP351624.1	M1
JP351625.1	M1
JP351626.1	M1
JP351634.1	M3
JP351644.1	M2
JP351647.1	M5
JP351654.1	M4
JP351656.1	M1
JP351658.1	M3
JP351666.1	M1
JP351670.1	M1
JP351675.1	M1
JP351676.1	M17
JP351684.1	M1
JP351686.1	M1
JP351689.1	M1
JP351690.1	M1
JP351701.1	M1
JP351704.1	M1
JP351709.1	M1
JP351710.1	M4
JP351712.1	M9
JP351714.1	M1
JP351728.1	M1
JP351740.1	M1
JP351741.1	M1
JP351745.1	M6
JP351751.1	M5
JP351752.1	M1
JP351753.1	M1
JP351756.1	M1
JP351759.1	M3
JP351760.1	M1
JP351761.1	M1
JP351762.1	M1
JP351765.1	M1
JP351766.1	M1
JP351770.1	M1
JP351773.1	M1
JP351774.1	M2
JP351775.1	M7
JP351777.1	M2
JP351779.1	M1
JP351781.1	M1
JP351783.1	M0
JP351788.1	M1
JP351791.1	M1
JP351794.1	M1
JP351796.1	M5
JP351799.1	M3
JP351800.1	M12
JP351804.1	M1
JP351811.1	M2
JP351812.1	M7
JP351815.1	M1
JP351816.1	M1
JP351818.1	M1
JP351820.1	M1
JP351822.1	M3
JP351823.1	M12
JP351824.1	M5
JP351825.1	M4
JP351826.1	M3
JP351827.1	M1
JP351828.1	M1
JP351829.1	M1
JP351830.1	M1
JP351832.1	M0
JP351837.1	M1
JP351838.1	M2
JP351839.1	M1
JP351843.1	M1
JP351844.1	M1
JP351845.1	M1
JP351846.1	M1
JP351848.1	M1
JP351849.1	M1
JP351851.1	M7
JP351852.1	M4
JP351854.1	M1
JP351855.1	M1
JP351856.1	M1
JP351857.1	M9
JP351858.1	M1
JP351859.1	M1
JP351860.1	M2
JP351864.1	M5
JP351865.1	M6
JP351867.1	M3
JP351868.1	M4
JP351870.1	M1
JP351871.1	M1
JP351872.1	M1
JP351874.1	M1
JP351875.1	M7
JP351877.1	M2
JP351878.1	M1
JP351880.1	M1
JP351881.1	M1
JP351883.1	M1
JP351884.1	M2
JP351885.1	M7
JP351886.1	M1
JP351888.1	M5
JP351889.1	M1
JP351890.1	M1
JP351891.1	M2
JP351894.1	M1
JP351896.1	M1
JP351897.1	M1
JP351898.1	M1
JP351900.1	M1
JP351902.1	M7
JP351903.1	M4
JP351904.1	M1
JP351905.1	M1
JP351906.1	M1
JP351907.1	M1
JP351908.1	M1
JP351910.1	M1
JP351912.1	M1
JP351914.1	M1
JP351916.1	M1
JP351918.1	M9
JP351919.1	M2
JP351922.1	M4
JP351923.1	M4
JP351925.1	M4
JP351926.1	M2
JP351927.1	M1
JP351928.1	M2
JP351929.1	M1
JP351930.1	M1
JP351931.1	M1
JP351932.1	M3
JP351933.1	M1
JP351934.1	M12
JP351935.1	M5
JP351936.1	M1
JP351938.1	M6
JP351940.1	M1
JP351941.1	M4
JP351946.1	M7
JP351947.1	M1
JP351954.1	M3
JP351956.1	M7
JP351962.1	M1
JP351968.1	M3
JP351970.1	M13
JP351973.1	M2
JP351978.1	M1
JP351984.1	M4
JP351987.1	M2
JP351994.1	M7
JP351996.1	M1
JP351997.1	M2
JP351999.1	M1
JP352000.1	M6
JP352003.1	M1
JP352009.1	M1
JP352017.1	M1
JP352019.1	M3
JP352024.1	M1
JP352028.1	M1
JP352034.1	M1
JP352035.1	M2
JP352036.1	M1
JP352037.1	M2
JP352040.1	M1
JP352042.1	M11
JP352043.1	M1
JP352047.1	M5
JP352049.1	M1
JP352055.1	M1
JP352058.1	M1
JP352060.1	M1
JP352061.1	M1
JP352075.1	M2
JP352076.1	M1
JP352079.1	M2
JP352083.1	M5
JP352095.1	M1
JP352096.1	M2
JP352108.1	M1
JP352110.1	M1
JP352112.1	M2
JP352121.1	M4
JP352123.1	M1
JP352127.1	M1
JP352129.1	M2
JP352131.1	M2
JP352134.1	M7
JP352138.1	M1
JP352141.1	M0
JP352144.1	M1
JP352147.1	M5
JP352151.1	M15
JP352157.1	M1
JP352159.1	M1
JP352165.1	M1
JP352172.1	M8
JP352182.1	M2
JP352184.1	M3
JP352190.1	M2
JP352207.1	M2
JP352209.1	M11
JP352211.1	M2
JP352214.1	M1
JP352222.1	M1
JP352223.1	M3
JP352224.1	M18
JP352231.1	M1
JP352238.1	M1
JP352240.1	M12
JP352241.1	M2
JP352243.1	M1
JP352247.1	M5
JP352254.1	M10
JP352255.1	M1
JP352257.1	M1
JP352258.1	M1
JP352263.1	M1
JP352264.1	M1
JP352266.1	M4
JP352267.1	M1
JP352268.1	M1
JP352270.1	M1
JP352287.1	M1
JP352288.1	M1
JP352295.1	M8
JP352331.1	M1
JP352337.1	M9
JP352342.1	M5
JP352357.1	M3
JP352366.1	M1
JP352370.1	M1
JP352382.1	M16
JP352383.1	M1
JP352389.1	M4
JP352391.1	M1
JP352392.1	M4
JP352407.1	M1
JP352414.1	M1
JP352428.1	M1
JP352441.1	M2
JP352442.1	M1
JP352451.1	M2
JP352452.1	M1
JP352460.1	M9
JP352466.1	M1
JP352467.1	M1
JP352469.1	M12
JP352477.1	M8
JP352478.1	M1
JP352490.1	M1
JP352497.1	M1
JP352500.1	M10
JP352501.1	M4
JP352510.1	M1
JP352512.1	M2
JP352515.1	M1
JP352520.1	M1
JP352525.1	M4
JP352531.1	M1
JP352537.1	M7
JP352552.1	M1
JP352564.1	M1
JP352565.1	M1
JP352566.1	M1
JP352576.1	M4
JP352577.1	M3
JP352587.1	M1
JP352595.1	M1
JP352596.1	M1
JP352597.1	M4
JP352599.1	M9
JP352604.1	M5
JP352605.1	M1
JP352607.1	M1
JP352616.1	M1
JP352623.1	M3
JP352624.1	M1
JP352627.1	M1
JP352628.1	M2
JP352630.1	M7
JP352631.1	M4
JP352634.1	M1
JP352638.1	M1
JP352647.1	M1
JP352648.1	M1
JP352654.1	M3
JP352661.1	M3
JP352662.1	M1
JP352663.1	M1
JP352664.1	M11
JP352667.1	M2
JP352668.1	M1
JP352669.1	M2
JP352670.1	M1
JP352674.1	M1
JP352675.1	M1
JP352677.1	M1
JP352680.1	M3
JP352682.1	M1
JP352683.1	M2
JP352685.1	M1
JP352686.1	M5
JP352687.1	M5
JP352688.1	M2
JP352690.1	M1
JP352691.1	M2
JP352692.1	M3
JP352694.1	M1
JP352697.1	M8
JP352699.1	M8
JP352700.1	M1
JP352705.1	M1
JP352715.1	M5
JP352716.1	M2
JP352722.1	M1
JP352723.1	M1
JP352727.1	M16
JP352737.1	M1
JP352745.1	M1
JP352754.1	M1
JP352756.1	M5
JP352758.1	M1
JP352760.1	M1
JP352773.1	M1
JP352777.1	M5
JP352781.1	M1
JP352788.1	M3
JP352789.1	M5
JP352804.1	M1
JP352810.1	M1
JP352811.1	M1
JP352820.1	M3
JP352823.1	M7
JP352834.1	M1
JP352835.1	M1
JP352839.1	M1
JP352855.1	M1
JP352857.1	M2
JP352860.1	M1
JP352871.1	M1
JP352879.1	M7
JP352912.1	M15
JP352914.1	M1
JP352932.1	M1
JP352938.1	M2
JP352949.1	M7
JP352962.1	M6
JP352968.1	M1
JP352969.1	M1
JP352971.1	M1
JP352972.1	M1
JP352976.1	M2
JP352978.1	M1
JP352984.1	M1
JP352987.1	M1
JP352991.1	M1
JP352992.1	M1
JP352993.1	M1
JP352994.1	M2
JP352996.1	M1
JP352999.1	M1
JP353000.1	M8
JP353001.1	M1
JP353003.1	M3
JP353004.1	M1
JP353009.1	M1
JP353015.1	M1
JP353016.1	M1
JP353018.1	M1
JP353019.1	M1
JP353021.1	M1
JP353022.1	M1
JP353024.1	M1
JP353027.1	M3
JP353028.1	M2
JP353031.1	M5
JP353032.1	M1
JP353033.1	M1
JP353034.1	M2
JP353035.1	M1
JP353036.1	M1
JP353037.1	M1
JP353038.1	M3
JP353039.1	M9
JP353040.1	M1
JP353044.1	M4
JP353046.1	M1
JP353047.1	M2
JP353048.1	M1
JP353049.1	M1
JP353052.1	M1
JP353056.1	M1
JP353057.1	M3
JP353059.1	M1
JP353062.1	M1
JP353064.1	M1
JP353066.1	M1
JP353067.1	M1
JP353071.1	M1
JP353072.1	M1
JP353073.1	M1
JP353076.1	M2
JP353077.1	M1
JP353078.1	M0
JP353081.1	M1
JP353082.1	M1
JP353084.1	M1
JP353086.1	M1
JP353089.1	M1
JP353090.1	M1
JP353092.1	M1
JP353096.1	M6
JP353097.1	M3
JP353098.1	M1
JP353100.1	M12
JP353101.1	M6
JP353102.1	M1
JP353103.1	M1
JP353105.1	M1
JP353106.1	M1
JP353107.1	M1
JP353108.1	M1
JP353110.1	M1
JP353111.1	M4
JP353113.1	M8
JP353114.1	M1
JP353117.1	M1
JP353120.1	M1
JP353121.1	M1
JP353122.1	M1
JP353123.1	M1
JP353124.1	M1
JP353127.1	M6
JP353128.1	M1
JP353129.1	M4
JP353130.1	M1
JP353131.1	M1
JP353132.1	M1
JP353133.1	M4
JP353136.1	M13
JP353138.1	M4
JP353139.1	M1
JP353140.1	M3
JP353142.1	M5
JP353144.1	M16
JP353145.1	M1
JP353146.1	M1
JP353147.1	M1
JP353149.1	M1
JP353151.1	M1
JP353152.1	M5
JP353153.1	M2
JP353154.1	M1
JP353155.1	M6
JP353160.1	M1
JP353163.1	M8
JP353164.1	M1
JP353167.1	M6
JP353168.1	M1
JP353169.1	M10
JP353172.1	M1
JP353175.1	M1
JP353176.1	M1
JP353177.1	M2
JP353178.1	M4
JP353179.1	M4
JP353180.1	M1
JP353181.1	M4
JP353182.1	M0
JP353183.1	M6
JP353185.1	M1
JP353188.1	M1
JP353189.1	M2
JP353190.1	M1
JP353191.1	M3
JP353193.1	M3
JP353195.1	M1
JP353197.1	M3
JP353201.1	M1
JP353202.1	M4
JP353203.1	M1
JP353204.1	M4
JP353205.1	M8
JP353206.1	M4
JP353207.1	M1
JP353208.1	M2
JP353209.1	M1
JP353210.1	M8
JP353211.1	M3
JP353213.1	M1
JP353214.1	M6
JP353216.1	M4
JP353217.1	M1
JP353219.1	M1
JP353220.1	M3
JP353221.1	M1
JP353222.1	M1
JP353225.1	M6
JP353226.1	M1
JP353227.1	M1
JP353228.1	M5
JP353233.1	M1
JP353235.1	M1
JP353236.1	M1
JP353237.1	M10
JP353238.1	M1
JP353239.1	M2
JP353240.1	M5
JP353242.1	M3
JP353243.1	M4
JP353244.1	M3
JP353248.1	M10
JP353249.1	M1
JP353251.1	M6
JP353252.1	M12
JP353253.1	M3
JP353254.1	M12
JP353255.1	M1
JP353256.1	M1
JP353257.1	M4
JP353258.1	M1
JP353259.1	M1
JP353260.1	M1
JP353262.1	M5
JP353263.1	M1
JP353264.1	M1
JP353270.1	M1
JP353271.1	M1
JP353272.1	M6
JP353274.1	M1
JP353275.1	M1
JP353276.1	M5
JP353277.1	M5
JP353279.1	M1
JP353280.1	M1
JP353281.1	M5
JP353282.1	M6
JP353283.1	M1
JP353285.1	M1
JP353286.1	M10
JP353288.1	M1
JP353290.1	M3
JP353294.1	M7
JP353295.1	M9
JP353296.1	M1
JP353297.1	M1
JP353301.1	M1
JP353302.1	M6
JP353303.1	M10
JP353304.1	M3
JP353305.1	M1
JP353306.1	M7
JP353307.1	M9
JP353310.1	M4
JP353311.1	M1
JP353312.1	M1
JP353313.1	M1
JP353318.1	M1
JP353319.1	M2
JP353320.1	M3
JP353321.1	M1
JP353322.1	M4
JP353324.1	M1
JP353325.1	M3
JP353326.1	M7
JP353329.1	M8
JP353330.1	M1
JP353331.1	M3
JP353332.1	M1
JP353334.1	M1
JP353335.1	M1
JP353337.1	M1
JP353339.1	M1
JP353342.1	M1
JP353344.1	M1
JP353346.1	M3
JP353349.1	M1
JP353350.1	M9
JP353354.1	M1
JP353356.1	M1
JP353357.1	M3
JP353359.1	M3
JP353360.1	M3
JP353361.1	M1
JP353362.1	M1
JP353363.1	M2
JP353364.1	M1
JP353366.1	M3
JP353367.1	M1
JP353368.1	M1
JP353369.1	M2
JP353370.1	M3
JP353371.1	M1
JP353372.1	M4
JP353373.1	M4
JP353374.1	M1
JP353375.1	M1
JP353376.1	M1
JP353377.1	M1
JP353378.1	M1
JP353379.1	M1
JP353382.1	M1
JP353383.1	M1
JP353384.1	M1
JP353385.1	M1
JP353386.1	M0
JP353388.1	M1
JP353391.1	M1
JP353394.1	M1
JP353395.1	M4
JP353397.1	M1
JP353398.1	M1
JP353400.1	M1
JP353401.1	M1
JP353402.1	M1
JP353403.1	M9
JP353405.1	M1
JP353406.1	M1
JP353411.1	M1
JP353412.1	M2
JP353413.1	M1
JP353414.1	M2
JP353415.1	M2
JP353416.1	M2
JP353417.1	M10
JP353419.1	M17
JP353420.1	M4
JP353421.1	M1
JP353422.1	M1
JP353423.1	M1
JP353425.1	M1
JP353427.1	M1
JP353428.1	M1
JP353430.1	M4
JP353432.1	M1
JP353433.1	M1
JP353436.1	M1
JP353437.1	M3
JP353438.1	M1
JP353440.1	M1
JP353441.1	M1
JP353442.1	M1
JP353444.1	M1
JP353445.1	M9
JP353446.1	M1
JP353450.1	M1
JP353453.1	M1
JP353454.1	M10
JP353455.1	M5
JP353457.1	M1
JP353460.1	M1
JP353461.1	M3
JP353465.1	M7
JP353466.1	M1
JP353468.1	M1
JP353473.1	M5
JP353474.1	M2
JP353475.1	M1
JP353476.1	M1
JP353478.1	M3
JP353480.1	M3
JP353481.1	M3
JP353483.1	M1
JP353485.1	M1
JP353486.1	M1
JP353488.1	M1
JP353490.1	M8
JP353492.1	M5
JP353493.1	M1
JP353494.1	M1
JP353496.1	M1
JP353497.1	M1
JP353498.1	M12
JP353499.1	M6
JP353500.1	M1
JP353501.1	M1
JP353503.1	M6
JP353504.1	M2
JP353505.1	M14
JP353506.1	M1
JP353508.1	M1
JP353509.1	M1
JP353513.1	M1
JP353517.1	M1
JP353521.1	M9
JP353523.1	M2
JP353526.1	M2
JP353528.1	M1
JP353530.1	M1
JP353531.1	M2
JP353533.1	M1
JP353534.1	M2
JP353535.1	M3
JP353536.1	M0
JP353537.1	M4
JP353538.1	M10
JP353539.1	M5
JP353541.1	M1
JP353544.1	M1
JP353547.1	M2
JP353548.1	M1
JP353553.1	M1
JP353555.1	M1
JP353556.1	M4
JP353558.1	M1
JP353560.1	M1
JP353561.1	M5
JP353563.1	M1
JP353564.1	M1
JP353565.1	M1
JP353566.1	M3
JP353568.1	M3
JP353569.1	M1
JP353570.1	M3
JP353572.1	M1
JP353574.1	M1
JP353576.1	M1
JP353577.1	M8
JP353579.1	M5
JP353580.1	M1
JP353582.1	M2
JP353583.1	M1
JP353584.1	M1
JP353585.1	M1
JP353588.1	M3
JP353589.1	M1
JP353591.1	M7
JP353592.1	M1
JP353594.1	M1
JP353595.1	M1
JP353596.1	M2
JP353597.1	M0
JP353598.1	M9
JP353599.1	M6
JP353601.1	M1
JP353603.1	M4
JP353604.1	M1
JP353606.1	M1
JP353607.1	M3
JP353608.1	M1
JP353611.1	M1
JP353613.1	M4
JP353614.1	M1
JP353616.1	M6
JP353618.1	M1
JP353619.1	M1
JP353620.1	M1
JP353621.1	M5
JP353623.1	M2
JP353624.1	M3
JP353627.1	M1
JP353629.1	M2
JP353631.1	M1
JP353632.1	M1
JP353634.1	M2
JP353635.1	M1
JP353636.1	M0
JP353637.1	M3
JP353638.1	M12
JP353639.1	M1
JP353640.1	M2
JP353642.1	M4
JP353643.1	M1
JP353644.1	M2
JP353648.1	M0
JP353649.1	M1
JP353650.1	M1
JP353652.1	M1
JP353653.1	M1
JP353654.1	M3
JP353656.1	M3
JP353657.1	M6
JP353660.1	M1
JP353661.1	M3
JP353662.1	M1
JP353663.1	M0
JP353664.1	M2
JP353667.1	M1
JP353668.1	M1
JP353670.1	M1
JP353672.1	M1
JP353673.1	M2
JP353674.1	M4
JP353675.1	M1
JP353676.1	M1
JP353677.1	M6
JP353678.1	M4
JP353679.1	M3
JP353680.1	M1
JP353681.1	M1
JP353682.1	M1
JP353683.1	M3
JP353684.1	M5
JP353686.1	M1
JP353687.1	M1
JP353690.1	M1
JP353691.1	M10
JP353692.1	M1
JP353695.1	M1
JP353696.1	M3
JP353699.1	M1
JP353701.1	M10
JP353702.1	M10
JP353703.1	M4
JP353704.1	M10
JP353705.1	M1
JP353706.1	M1
JP353707.1	M1
JP353710.1	M1
JP353711.1	M3
JP353713.1	M1
JP353714.1	M2
JP353715.1	M2
JP353716.1	M10
JP353717.1	M1
JP353719.1	M1
JP353720.1	M1
JP353721.1	M1
JP353722.1	M1
JP353723.1	M1
JP353726.1	M1
JP353727.1	M3
JP353728.1	M0
JP353729.1	M1
JP353730.1	M2
JP353731.1	M1
JP353733.1	M3
JP353734.1	M12
JP353735.1	M6
JP353737.1	M2
JP353739.1	M1
JP353740.1	M18
JP353741.1	M1
JP353742.1	M2
JP353743.1	M1
JP353745.1	M1
JP353746.1	M6
JP353747.1	M4
JP353749.1	M1
JP353750.1	M1
JP353751.1	M1
JP353752.1	M10
JP353753.1	M1
JP353754.1	M1
JP353755.1	M1
JP353756.1	M13
JP353757.1	M2
JP353758.1	M1
JP353759.1	M10
JP353760.1	M4
JP353762.1	M1
JP353764.1	M8
JP353768.1	M1
JP353769.1	M1
JP353770.1	M1
JP353771.1	M6
JP353772.1	M8
JP353775.1	M15
JP353776.1	M1
JP353777.1	M1
JP353779.1	M2
JP353780.1	M1
JP353781.1	M5
JP353783.1	M11
JP353784.1	M1
JP353785.1	M1
JP353788.1	M1
JP353789.1	M1
JP353790.1	M7
JP353791.1	M1
JP353792.1	M1
JP353793.1	M9
JP353795.1	M1
JP353796.1	M2
JP353797.1	M5
JP353798.1	M1
JP353799.1	M3
JP353800.1	M4
JP353801.1	M2
JP353803.1	M1
JP353805.1	M1
JP353806.1	M1
JP353807.1	M1
JP353808.1	M1
JP353809.1	M3
JP353810.1	M1
JP353811.1	M2
JP353812.1	M1
JP353813.1	M3
JP353814.1	M1
JP353815.1	M1
JP353817.1	M8
JP353818.1	M1
JP353819.1	M1
JP353820.1	M1
JP353821.1	M17
JP353822.1	M1
JP353823.1	M1
JP353824.1	M6
JP353826.1	M1
JP353827.1	M1
JP353828.1	M1
JP353829.1	M3
JP353830.1	M1
JP353831.1	M6
JP353832.1	M1
JP353833.1	M1
JP353834.1	M1
JP353835.1	M1
JP353836.1	M1
JP353838.1	M1
JP353839.1	M1
JP353840.1	M3
JP353841.1	M6
JP353843.1	M1
JP353844.1	M1
JP353846.1	M1
JP353847.1	M7
JP353849.1	M1
JP353851.1	M3
JP353854.1	M1
JP353855.1	M1
JP353856.1	M2
JP353857.1	M1
JP353858.1	M9
JP353859.1	M1
JP353865.1	M5
JP353867.1	M8
JP353869.1	M10
JP353870.1	M1
JP353871.1	M1
JP353872.1	M5
JP353873.1	M5
JP353876.1	M1
JP353877.1	M4
JP353878.1	M1
JP353879.1	M8
JP353880.1	M6
JP353883.1	M3
JP353884.1	M2
JP353888.1	M12
JP353889.1	M3
JP353891.1	M1
JP353892.1	M1
JP353893.1	M1
JP353894.1	M4
JP353895.1	M6
JP353896.1	M1
JP353897.1	M4
JP353898.1	M1
JP353899.1	M5
JP353900.1	M12
JP353902.1	M1
JP353904.1	M1
JP353905.1	M1
JP353906.1	M1
JP353907.1	M4
JP353910.1	M1
JP353911.1	M4
JP353912.1	M1
JP353913.1	M2
JP353914.1	M2
JP353915.1	M3
JP353916.1	M3
JP353917.1	M1
JP353918.1	M2
JP353919.1	M1
JP353920.1	M1
JP353921.1	M1
JP353922.1	M1
JP353923.1	M1
JP353924.1	M1
JP353925.1	M1
JP353926.1	M1
JP353927.1	M1
JP353928.1	M3
JP353930.1	M3
JP353931.1	M1
JP353933.1	M6
JP353934.1	M1
JP353935.1	M2
JP353936.1	M1
JP353937.1	M1
JP353939.1	M1
JP353940.1	M1
JP353941.1	M4
JP353942.1	M1
JP353943.1	M1
JP353944.1	M16
JP353945.1	M8
JP353946.1	M1
JP353947.1	M1
JP353952.1	M1
JP353953.1	M5
JP353955.1	M1
JP353956.1	M6
JP353957.1	M1
JP353958.1	M2
JP353959.1	M1
JP353960.1	M9
JP353961.1	M1
JP353962.1	M6
JP353963.1	M1
JP353964.1	M1
JP353965.1	M2
JP353966.1	M2
JP353968.1	M1
JP353969.1	M12
JP353970.1	M4
JP353972.1	M6
JP353973.1	M2
JP353974.1	M12
JP353977.1	M3
JP353978.1	M6
JP353979.1	M1
JP353983.1	M10
JP353984.1	M1
JP353985.1	M1
JP353987.1	M5
JP353988.1	M2
JP353989.1	M3
JP353990.1	M1
JP353991.1	M10
JP353992.1	M1
JP353993.1	M6
JP353996.1	M10
JP353997.1	M2
JP353998.1	M1
JP353999.1	M1
JP354000.1	M1
JP354002.1	M1
JP354003.1	M5
JP354004.1	M6
JP354005.1	M1
JP354006.1	M5
JP354007.1	M1
JP354008.1	M1
JP354009.1	M1
JP354011.1	M1
JP354012.1	M3
JP354013.1	M1
JP354014.1	M2
JP354016.1	M1
JP354017.1	M1
JP354018.1	M1
JP354019.1	M2
JP354021.1	M1
JP354022.1	M2
JP354023.1	M1
JP354024.1	M4
JP354025.1	M1
JP354026.1	M1
JP354027.1	M12
JP354029.1	M4
JP354030.1	M2
JP354032.1	M1
JP354033.1	M1
JP354034.1	M1
JP354035.1	M1
JP354036.1	M1
JP354037.1	M2
JP354039.1	M1
JP354040.1	M2
JP354041.1	M1
JP354043.1	M5
JP354044.1	M5
JP354045.1	M1
JP354046.1	M1
JP354047.1	M1
JP354048.1	M1
JP354050.1	M6
JP354051.1	M6
JP354052.1	M1
JP354053.1	M1
JP354055.1	M1
JP354056.1	M2
JP354057.1	M7
JP354058.1	M1
JP354060.1	M1
JP354061.1	M1
JP354062.1	M13
JP354063.1	M4
JP354066.1	M1
JP354067.1	M1
JP354069.1	M1
JP354071.1	M4
JP354072.1	M12
JP354073.1	M1
JP354074.1	M8
JP354075.1	M5
JP354076.1	M3
JP354077.1	M4
JP354080.1	M1
JP354081.1	M2
JP354082.1	M1
JP354083.1	M1
JP354084.1	M6
JP354085.1	M1
JP354086.1	M2
JP354087.1	M1
JP354088.1	M5
JP354090.1	M1
JP354093.1	M3
JP354094.1	M3
JP354095.1	M1
JP354097.1	M2
JP354098.1	M1
JP354099.1	M1
JP354100.1	M1
JP354101.1	M7
JP354102.1	M2
JP354103.1	M1
JP354104.1	M1
JP354105.1	M1
JP354106.1	M3
JP354108.1	M1
JP354109.1	M1
JP354110.1	M1
JP354111.1	M1
JP354112.1	M4
JP354113.1	M1
JP354115.1	M14
JP354117.1	M2
JP354119.1	M6
JP354120.1	M1
JP354121.1	M2
JP354122.1	M1
JP354124.1	M4
JP354125.1	M5
JP354127.1	M1
JP354128.1	M2
JP354130.1	M1
JP354132.1	M1
JP354133.1	M10
JP354135.1	M1
JP354136.1	M1
JP354137.1	M1
JP354139.1	M1
JP354140.1	M1
JP354141.1	M1
JP354142.1	M3
JP354144.1	M1
JP354145.1	M2
JP354146.1	M15
JP354148.1	M1
JP354149.1	M2
JP354150.1	M1
JP354151.1	M2
JP354152.1	M4
JP354154.1	M2
JP354156.1	M3
JP354157.1	M1
JP354158.1	M1
JP354159.1	M1
JP354161.1	M5
JP354162.1	M1
JP354163.1	M3
JP354164.1	M1
JP354165.1	M11
JP354167.1	M2
JP354168.1	M10
JP354169.1	M1
JP354170.1	M1
JP354171.1	M1
JP354173.1	M2
JP354174.1	M14
JP354175.1	M0
JP354176.1	M7
JP354177.1	M2
JP354178.1	M2
JP354179.1	M1
JP354180.1	M1
JP354181.1	M18
JP354182.1	M6
JP354183.1	M1
JP354184.1	M1
JP354185.1	M9
JP354187.1	M1
JP354188.1	M3
JP354189.1	M1
JP354191.1	M1
JP354192.1	M3
JP354193.1	M1
JP354195.1	M1
JP354196.1	M1
JP354197.1	M1
JP354199.1	M1
JP354200.1	M16
JP354201.1	M1
JP354204.1	M0
JP354205.1	M10
JP354206.1	M1
JP354207.1	M3
JP354208.1	M1
JP354209.1	M5
JP354212.1	M3
JP354214.1	M1
JP354215.1	M1
JP354218.1	M1
JP354221.1	M1
JP354222.1	M8
JP354223.1	M1
JP354224.1	M1
JP354225.1	M10
JP354226.1	M7
JP354227.1	M18
JP354228.1	M1
JP354229.1	M1
JP354230.1	M2
JP354231.1	M4
JP354232.1	M1
JP354233.1	M6
JP354234.1	M1
JP354235.1	M1
JP354236.1	M2
JP354237.1	M1
JP354238.1	M1
JP354241.1	M1
JP354242.1	M2
JP354243.1	M1
JP354244.1	M1
JP354245.1	M1
JP354246.1	M10
JP354248.1	M1
JP354250.1	M1
JP354251.1	M1
JP354252.1	M1
JP354253.1	M1
JP354255.1	M2
JP354256.1	M2
JP354258.1	M1
JP354260.1	M2
JP354262.1	M5
JP354264.1	M1
JP354268.1	M10
JP354270.1	M1
JP354271.1	M1
JP354272.1	M1
JP354273.1	M1
JP354276.1	M1
JP354277.1	M3
JP354278.1	M1
JP354282.1	M4
JP354283.1	M1
JP354284.1	M2
JP354285.1	M4
JP354287.1	M6
JP354288.1	M1
JP354289.1	M13
JP354291.1	M1
JP354292.1	M5
JP354295.1	M1
JP354296.1	M4
JP354297.1	M1
JP354298.1	M9
JP354301.1	M2
JP354302.1	M6
JP354303.1	M1
JP354304.1	M1
JP354305.1	M2
JP354306.1	M2
JP354307.1	M1
JP354309.1	M2
JP354310.1	M1
JP354311.1	M10
JP354313.1	M1
JP354315.1	M9
JP354316.1	M2
JP354319.1	M1
JP354321.1	M1
JP354322.1	M1
JP354323.1	M1
JP354325.1	M4
JP354326.1	M1
JP354327.1	M6
JP354328.1	M1
JP354329.1	M1
JP354331.1	M1
JP354334.1	M1
JP354335.1	M1
JP354336.1	M1
JP354339.1	M4
JP354341.1	M1
JP354342.1	M1
JP354343.1	M1
JP354346.1	M15
JP354348.1	M1
JP354349.1	M5
JP354350.1	M1
JP354351.1	M1
JP354352.1	M1
JP354353.1	M12
JP354355.1	M7
JP354356.1	M6
JP354357.1	M1
JP354358.1	M3
JP354359.1	M1
JP354362.1	M2
JP354363.1	M6
JP354370.1	M18
JP354371.1	M1
JP354372.1	M1
JP354374.1	M6
JP354375.1	M1
JP354376.1	M1
JP354377.1	M1
JP354378.1	M1
JP354379.1	M4
JP354381.1	M15
JP354382.1	M5
JP354383.1	M1
JP354384.1	M1
JP354385.1	M1
JP354386.1	M1
JP354388.1	M1
JP354390.1	M1
JP354392.1	M1
JP354394.1	M4
JP354395.1	M1
JP354396.1	M1
JP354397.1	M3
JP354398.1	M1
JP354401.1	M1
JP354403.1	M8
JP354404.1	M8
JP354406.1	M1
JP354408.1	M5
JP354409.1	M1
JP354412.1	M6
JP354413.1	M5
JP354414.1	M3
JP354416.1	M1
JP354417.1	M1
JP354419.1	M1
JP354420.1	M1
JP354422.1	M1
JP354424.1	M1
JP354425.1	M4
JP354427.1	M10
JP354428.1	M5
JP354429.1	M1
JP354430.1	M1
JP354431.1	M1
JP354433.1	M1
JP354434.1	M4
JP354435.1	M12
JP354436.1	M5
JP354437.1	M0
JP354438.1	M1
JP354440.1	M2
JP354441.1	M1
JP354442.1	M1
JP354443.1	M15
JP354444.1	M1
JP354445.1	M4
JP354446.1	M1
JP354447.1	M4
JP354448.1	M1
JP354449.1	M1
JP354450.1	M1
JP354451.1	M1
JP354453.1	M1
JP354454.1	M1
JP354455.1	M1
JP354456.1	M1
JP354457.1	M6
JP354458.1	M1
JP354459.1	M1
JP354461.1	M9
JP354463.1	M1
JP354465.1	M1
JP354466.1	M1
JP354467.1	M1
JP354468.1	M4
JP354471.1	M1
JP354472.1	M1
JP354473.1	M5
JP354474.1	M1
JP354475.1	M1
JP354477.1	M1
JP354478.1	M1
JP354479.1	M1
JP354480.1	M1
JP354481.1	M5
JP354484.1	M1
JP354486.1	M1
JP354487.1	M1
JP354488.1	M2
JP354489.1	M3
JP354491.1	M1
JP354492.1	M1
JP354493.1	M1
JP354495.1	M1
JP354496.1	M1
JP354499.1	M5
JP354501.1	M8
JP354502.1	M1
JP354503.1	M1
JP354504.1	M6
JP354505.1	M1
JP354506.1	M1
JP354508.1	M1
JP354510.1	M4
JP354511.1	M0
JP354513.1	M7
JP354515.1	M1
JP354516.1	M5
JP354520.1	M1
JP354522.1	M8
JP354523.1	M1
JP354524.1	M1
JP354525.1	M2
JP354527.1	M6
JP354528.1	M3
JP354531.1	M1
JP354532.1	M1
JP354534.1	M1
JP354537.1	M1
JP354538.1	M1
JP354539.1	M1
JP354542.1	M1
JP354543.1	M1
JP354544.1	M1
JP354545.1	M1
JP354546.1	M1
JP354549.1	M1
JP354550.1	M1
JP354551.1	M1
JP354553.1	M5
JP354555.1	M13
JP354556.1	M4
JP354557.1	M2
JP354559.1	M4
JP354561.1	M1
JP354562.1	M3
JP354563.1	M4
JP354564.1	M1
JP354565.1	M1
JP354566.1	M1
JP354568.1	M1
JP354569.1	M1
JP354570.1	M5
JP354571.1	M1
JP354572.1	M1
JP354573.1	M6
JP354574.1	M3
JP354575.1	M2
JP354576.1	M1
JP354577.1	M1
JP354578.1	M2
JP354579.1	M1
JP354580.1	M2
JP354581.1	M1
JP354582.1	M1
JP354583.1	M1
JP354585.1	M1
JP354586.1	M1
JP354587.1	M1
JP354588.1	M1
JP354589.1	M0
JP354590.1	M1
JP354591.1	M9
JP354592.1	M1
JP354594.1	M1
JP354595.1	M1
JP354596.1	M3
JP354597.1	M1
JP354598.1	M4
JP354599.1	M1
JP354600.1	M1
JP354601.1	M1
JP354602.1	M1
JP354603.1	M1
JP354604.1	M1
JP354605.1	M1
JP354606.1	M1
JP354607.1	M1
JP354610.1	M6
JP354612.1	M1
JP354613.1	M4
JP354614.1	M1
JP354615.1	M1
JP354616.1	M1
JP354617.1	M2
JP354619.1	M1
JP354620.1	M1
JP354621.1	M1
JP354622.1	M1
JP354623.1	M1
JP354624.1	M5
JP354625.1	M3
JP354626.1	M15
JP354628.1	M13
JP354629.1	M1
JP354631.1	M1
JP354632.1	M8
JP354633.1	M1
JP354634.1	M1
JP354635.1	M1
JP354636.1	M3
JP354637.1	M1
JP354638.1	M1
JP354639.1	M3
JP354640.1	M3
JP354641.1	M12
JP354642.1	M1
JP354643.1	M1
JP354645.1	M4
JP354646.1	M4
JP354647.1	M3
JP354648.1	M1
JP354649.1	M4
JP354650.1	M1
JP354651.1	M3
JP354652.1	M6
JP354653.1	M1
JP354654.1	M1
JP354655.1	M1
JP354656.1	M1
JP354657.1	M2
JP354658.1	M4
JP354660.1	M1
JP354661.1	M1
JP354662.1	M16
JP354663.1	M1
JP354664.1	M1
JP354666.1	M1
JP354667.1	M3
JP354668.1	M1
JP354669.1	M1
JP354670.1	M1
JP354671.1	M2
JP354672.1	M9
JP354673.1	M1
JP354674.1	M1
JP354675.1	M14
JP354676.1	M2
JP354677.1	M1
JP354678.1	M3
JP354679.1	M3
JP354680.1	M12
JP354681.1	M1
JP354682.1	M1
JP354683.1	M4
JP354684.1	M1
JP354685.1	M3
JP354686.1	M6
JP354689.1	M5
JP354690.1	M1
JP354691.1	M1
JP354692.1	M1
JP354693.1	M0
JP354694.1	M11
JP354695.1	M1
JP354696.1	M1
JP354697.1	M4
JP354698.1	M5
JP354699.1	M5
JP354700.1	M1
JP354701.1	M1
JP354702.1	M5
JP354703.1	M1
JP354704.1	M1
JP354706.1	M1
JP354707.1	M1
JP354709.1	M3
JP354710.1	M1
JP354712.1	M4
JP354714.1	M1
JP354715.1	M1
JP354717.1	M1
JP354719.1	M1
JP354720.1	M2
JP354721.1	M2
JP354722.1	M4
JP354723.1	M1
JP354725.1	M1
JP354726.1	M1
JP354729.1	M1
JP354730.1	M1
JP354732.1	M1
JP354733.1	M9
JP354734.1	M1
JP354735.1	M1
JP354736.1	M2
JP354737.1	M3
JP354738.1	M1
JP354739.1	M1
JP354740.1	M1
JP354741.1	M1
JP354742.1	M1
JP354744.1	M1
JP354745.1	M4
JP354748.1	M1
JP354749.1	M7
JP354750.1	M1
JP354751.1	M1
JP354752.1	M1
JP354753.1	M1
JP354754.1	M1
JP354756.1	M12
JP354758.1	M3
JP354759.1	M2
JP354760.1	M0
JP354761.1	M3
JP354762.1	M1
JP354763.1	M2
JP354765.1	M4
JP354766.1	M1
JP354767.1	M11
JP354770.1	M9
JP354771.1	M5
JP354772.1	M2
JP354773.1	M1
JP354774.1	M0
JP354775.1	M4
JP354776.1	M1
JP354777.1	M1
JP354778.1	M6
JP354779.1	M1
JP354780.1	M1
JP354782.1	M3
JP354784.1	M1
JP354785.1	M3
JP354786.1	M1
JP354787.1	M1
JP354788.1	M16
JP354789.1	M1
JP354790.1	M1
JP354791.1	M1
JP354792.1	M4
JP354793.1	M1
JP354795.1	M1
JP354797.1	M1
JP354798.1	M1
JP354799.1	M1
JP354800.1	M16
JP354801.1	M2
JP354804.1	M2
JP354805.1	M1
JP354806.1	M2
JP354808.1	M1
JP354809.1	M1
JP354810.1	M1
JP354811.1	M4
JP354812.1	M2
JP354813.1	M0
JP354814.1	M1
JP354815.1	M6
JP354816.1	M1
JP354818.1	M1
JP354819.1	M1
JP354820.1	M1
JP354821.1	M1
JP354823.1	M10
JP354824.1	M1
JP354825.1	M1
JP354826.1	M5
JP354827.1	M1
JP354828.1	M1
JP354830.1	M1
JP354832.1	M6
JP354833.1	M4
JP354834.1	M1
JP354835.1	M1
JP354836.1	M1
JP354837.1	M1
JP354839.1	M1
JP354841.1	M1
JP354842.1	M0
JP354844.1	M1
JP354846.1	M1
JP354848.1	M4
JP354849.1	M1
JP354851.1	M1
JP354852.1	M1
JP354853.1	M11
JP354854.1	M1
JP354855.1	M1
JP354856.1	M5
JP354857.1	M2
JP354858.1	M1
JP354859.1	M1
JP354860.1	M1
JP354861.1	M1
JP354862.1	M1
JP354864.1	M1
JP354865.1	M4
JP354866.1	M1
JP354868.1	M1
JP354870.1	M1
JP354872.1	M1
JP354873.1	M6
JP354874.1	M1
JP354875.1	M1
JP354876.1	M1
JP354877.1	M7
JP354879.1	M6
JP354880.1	M4
JP354881.1	M1
JP354882.1	M1
JP354883.1	M1
JP354884.1	M12
JP354887.1	M15
JP354888.1	M3
JP354889.1	M1
JP354890.1	M1
JP354891.1	M5
JP354892.1	M1
JP354893.1	M1
JP354894.1	M1
JP354896.1	M1
JP354897.1	M1
JP354898.1	M9
JP354899.1	M2
JP354900.1	M1
JP354902.1	M1
JP354905.1	M12
JP354906.1	M4
JP354907.1	M10
JP354908.1	M5
JP354909.1	M1
JP354910.1	M10
JP354915.1	M1
JP354916.1	M1
JP354917.1	M1
JP354918.1	M0
JP354919.1	M10
JP354922.1	M3
JP354924.1	M1
JP354925.1	M2
JP354927.1	M1
JP354928.1	M1
JP354930.1	M1
JP354931.1	M4
JP354932.1	M1
JP354935.1	M3
JP354936.1	M1
JP354937.1	M4
JP354938.1	M10
JP354940.1	M4
JP354941.1	M17
JP354942.1	M12
JP354943.1	M18
JP354945.1	M3
JP354946.1	M9
JP354950.1	M1
JP354951.1	M3
JP354955.1	M16
JP354957.1	M1
JP354959.1	M1
JP354960.1	M2
JP354961.1	M5
JP354962.1	M4
JP354964.1	M1
JP354965.1	M3
JP354966.1	M1
JP354968.1	M1
JP354969.1	M1
JP354970.1	M1
JP354973.1	M1
JP354976.1	M3
JP354977.1	M1
JP354978.1	M1
JP354979.1	M1
JP354982.1	M1
JP354983.1	M1
JP354984.1	M1
JP354985.1	M2
JP354986.1	M1
JP354988.1	M1
JP354989.1	M3
JP354991.1	M2
JP354992.1	M1
JP354993.1	M1
JP354994.1	M1
JP354995.1	M6
JP354997.1	M6
JP354999.1	M2
JP355002.1	M1
JP355003.1	M3
JP355004.1	M1
JP355005.1	M1
JP355006.1	M2
JP355007.1	M5
JP355011.1	M3
JP355014.1	M1
JP355015.1	M1
JP355017.1	M1
JP355018.1	M2
JP355019.1	M3
JP355021.1	M3
JP355022.1	M3
JP355023.1	M4
JP355024.1	M4
JP355025.1	M1
JP355027.1	M1
JP355028.1	M3
JP355029.1	M2
JP355030.1	M1
JP355031.1	M1
JP355035.1	M5
JP355037.1	M1
JP355038.1	M1
JP355039.1	M1
JP355041.1	M6
JP355043.1	M6
JP355046.1	M1
JP355048.1	M1
JP355049.1	M8
JP355050.1	M18
JP355053.1	M3
JP355054.1	M1
JP355057.1	M1
JP355060.1	M1
JP355061.1	M11
JP355062.1	M9
JP355063.1	M7
JP355064.1	M1
JP355065.1	M4
JP355068.1	M3
JP355070.1	M10
JP355071.1	M15
JP355072.1	M10
JP355073.1	M2
JP355074.1	M1
JP355075.1	M1
JP355076.1	M9
JP355077.1	M1
JP355078.1	M1
JP355079.1	M1
JP355080.1	M1
JP355082.1	M4
JP355083.1	M0
JP355087.1	M3
JP355088.1	M1
JP355089.1	M1
JP355090.1	M1
JP355092.1	M1
JP355094.1	M4
JP355095.1	M1
JP355096.1	M2
JP355099.1	M1
JP355101.1	M2
JP355102.1	M1
JP355105.1	M4
JP355106.1	M1
JP355107.1	M4
JP355109.1	M1
JP355110.1	M1
JP355111.1	M1
JP355114.1	M15
JP355115.1	M1
JP355116.1	M1
JP355117.1	M1
JP355118.1	M2
JP355120.1	M1
JP355121.1	M4
JP355122.1	M1
JP355123.1	M3
JP355124.1	M1
JP355125.1	M1
JP355126.1	M3
JP355127.1	M3
JP355129.1	M5
JP355131.1	M1
JP355132.1	M2
JP355133.1	M1
JP355134.1	M1
JP355136.1	M1
JP355137.1	M1
JP355139.1	M3
JP355140.1	M0
JP355141.1	M3
JP355142.1	M1
JP355143.1	M5
JP355145.1	M1
JP355146.1	M1
JP355147.1	M1
JP355151.1	M0
JP355152.1	M1
JP355154.1	M3
JP355155.1	M1
JP355157.1	M1
JP355158.1	M4
JP355160.1	M10
JP355161.1	M6
JP355162.1	M11
JP355163.1	M1
JP355164.1	M1
JP355165.1	M2
JP355166.1	M1
JP355167.1	M5
JP355168.1	M2
JP355169.1	M1
JP355170.1	M1
JP355171.1	M4
JP355172.1	M6
JP355173.1	M1
JP355174.1	M1
JP355175.1	M1
JP355176.1	M1
JP355177.1	M6
JP355180.1	M18
JP355181.1	M2
JP355182.1	M3
JP355183.1	M1
JP355185.1	M11
JP355186.1	M3
JP355187.1	M1
JP355188.1	M1
JP355190.1	M1
JP355191.1	M1
JP355192.1	M3
JP355195.1	M1
JP355196.1	M1
JP355197.1	M1
JP355198.1	M1
JP355199.1	M6
JP355200.1	M3
JP355201.1	M8
JP355203.1	M6
JP355204.1	M1
JP355206.1	M3
JP355207.1	M1
JP355209.1	M1
JP355210.1	M4
JP355211.1	M1
JP355212.1	M2
JP355213.1	M1
JP355214.1	M8
JP355215.1	M1
JP355216.1	M1
JP355219.1	M3
JP355220.1	M1
JP355222.1	M3
JP355223.1	M10
JP355227.1	M1
JP355228.1	M1
JP355229.1	M6
JP355230.1	M1
JP355232.1	M1
JP355233.1	M14
JP355234.1	M1
JP355235.1	M7
JP355236.1	M2
JP355237.1	M1
JP355238.1	M6
JP355239.1	M1
JP355240.1	M1
JP355241.1	M2
JP355242.1	M1
JP355243.1	M1
JP355245.1	M1
JP355246.1	M1
JP355247.1	M1
JP355248.1	M1
JP355249.1	M1
JP355250.1	M1
JP355251.1	M11
JP355252.1	M7
JP355254.1	M1
JP355255.1	M1
JP355256.1	M12
JP355257.1	M1
JP355258.1	M1
JP355259.1	M1
JP355260.1	M1
JP355261.1	M1
JP355263.1	M1
JP355264.1	M1
JP355265.1	M1
JP355266.1	M3
JP355267.1	M3
JP355268.1	M1
JP355269.1	M1
JP355270.1	M1
JP355271.1	M3
JP355272.1	M4
JP355273.1	M3
JP355274.1	M5
JP355275.1	M15
JP355276.1	M1
JP355277.1	M18
JP355278.1	M1
JP355279.1	M1
JP355280.1	M1
JP355281.1	M16
JP355282.1	M1
JP355283.1	M2
JP355284.1	M1
JP355285.1	M1
JP355286.1	M3
JP355287.1	M1
JP355288.1	M5
JP355289.1	M1
JP355291.1	M3
JP355292.1	M1
JP355294.1	M1
JP355296.1	M5
JP355297.1	M1
JP355298.1	M3
JP355299.1	M1
JP355300.1	M2
JP355301.1	M1
JP355302.1	M2
JP355305.1	M1
JP355307.1	M10
JP355308.1	M1
JP355309.1	M3
JP355310.1	M1
JP355313.1	M9
JP355314.1	M4
JP355315.1	M1
JP355316.1	M5
JP355318.1	M4
JP355319.1	M1
JP355320.1	M1
JP355321.1	M2
JP355322.1	M4
JP355323.1	M1
JP355324.1	M1
JP355325.1	M2
JP355326.1	M3
JP355327.1	M10
JP355328.1	M1
JP355332.1	M1
JP355333.1	M1
JP355335.1	M3
JP355338.1	M1
JP355339.1	M2
JP355345.1	M2
JP355346.1	M2
JP355347.1	M7
JP355348.1	M5
JP355349.1	M1
JP355350.1	M1
JP355351.1	M5
JP355352.1	M1
JP355354.1	M1
JP355356.1	M1
JP355357.1	M1
JP355358.1	M1
JP355359.1	M1
JP355360.1	M1
JP355361.1	M1
JP355362.1	M15
JP355366.1	M1
JP355368.1	M1
JP355369.1	M10
JP355371.1	M1
JP355372.1	M1
JP355373.1	M2
JP355374.1	M1
JP355375.1	M1
JP355376.1	M1
JP355377.1	M1
JP355378.1	M1
JP355380.1	M1
JP355382.1	M1
JP355383.1	M1
JP355384.1	M3
JP355385.1	M1
JP355386.1	M11
JP355387.1	M1
JP355388.1	M1
JP355389.1	M5
JP355392.1	M1
JP355393.1	M1
JP355394.1	M1
JP355395.1	M1
JP355396.1	M1
JP355397.1	M2
JP355398.1	M2
JP355399.1	M1
JP355401.1	M1
JP355404.1	M1
JP355405.1	M2
JP355406.1	M7
JP355407.1	M2
JP355408.1	M1
JP355411.1	M5
JP355412.1	M2
JP355413.1	M1
JP355415.1	M1
JP355416.1	M1
JP355418.1	M7
JP355419.1	M1
JP355420.1	M1
JP355422.1	M1
JP355424.1	M1
JP355425.1	M1
JP355426.1	M1
JP355427.1	M1
JP355428.1	M3
JP355430.1	M1
JP355431.1	M1
JP355433.1	M8
JP355434.1	M5
JP355436.1	M1
JP355438.1	M1
JP355439.1	M1
JP355441.1	M1
JP355443.1	M1
JP355445.1	M1
JP355446.1	M1
JP355447.1	M10
JP355449.1	M4
JP355450.1	M4
JP355452.1	M1
JP355453.1	M1
JP355455.1	M0
JP355456.1	M16
JP355457.1	M1
JP355459.1	M8
JP355460.1	M1
JP355461.1	M1
JP355463.1	M3
JP355464.1	M1
JP355465.1	M1
JP355466.1	M1
JP355468.1	M1
JP355469.1	M2
JP355470.1	M18
JP355471.1	M1
JP355472.1	M1
JP355473.1	M1
JP355474.1	M1
JP355475.1	M1
JP355476.1	M1
JP355477.1	M4
JP355478.1	M5
JP355479.1	M1
JP355481.1	M9
JP355482.1	M1
JP355483.1	M7
JP355484.1	M1
JP355485.1	M1
JP355486.1	M2
JP355487.1	M1
JP355488.1	M1
JP355489.1	M1
JP355490.1	M3
JP355491.1	M1
JP355492.1	M1
JP355493.1	M8
JP355494.1	M2
JP355495.1	M1
JP355496.1	M1
JP355498.1	M1
JP355499.1	M1
JP355500.1	M1
JP355505.1	M6
JP355506.1	M1
JP355507.1	M1
JP355508.1	M4
JP355509.1	M3
JP355511.1	M1
JP355512.1	M1
JP355514.1	M1
JP355515.1	M1
JP355516.1	M1
JP355517.1	M1
JP355518.1	M1
JP355519.1	M1
JP355520.1	M1
JP355521.1	M2
JP355522.1	M1
JP355523.1	M1
JP355524.1	M1
JP355525.1	M11
JP355529.1	M1
JP355531.1	M18
JP355532.1	M10
JP355533.1	M1
JP355536.1	M1
JP355537.1	M1
JP355538.1	M18
JP355539.1	M1
JP355540.1	M1
JP355541.1	M5
JP355542.1	M4
JP355545.1	M1
JP355546.1	M1
JP355548.1	M3
JP355549.1	M1
JP355550.1	M6
JP355551.1	M1
JP355553.1	M12
JP355556.1	M1
JP355557.1	M1
JP355558.1	M5
JP355559.1	M2
JP355560.1	M1
JP355561.1	M1
JP355562.1	M1
JP355563.1	M1
JP355565.1	M3
JP355566.1	M1
JP355567.1	M1
JP355569.1	M1
JP355571.1	M1
JP355573.1	M1
JP355574.1	M1
JP355576.1	M1
JP355577.1	M1
JP355578.1	M1
JP355579.1	M8
JP355581.1	M4
JP355583.1	M9
JP355584.1	M3
JP355585.1	M1
JP355586.1	M1
JP355587.1	M1
JP355589.1	M1
JP355590.1	M2
JP355591.1	M1
JP355593.1	M1
JP355596.1	M10
JP355597.1	M1
JP355601.1	M1
JP355602.1	M1
JP355603.1	M1
JP355604.1	M13
JP355605.1	M6
JP355606.1	M4
JP355607.1	M1
JP355608.1	M5
JP355609.1	M2
JP355610.1	M1
JP355612.1	M1
JP355613.1	M1
JP355615.1	M1
JP355616.1	M2
JP355618.1	M1
JP355619.1	M1
JP355620.1	M1
JP355622.1	M1
JP355623.1	M1
JP355624.1	M10
JP355625.1	M1
JP355629.1	M1
JP355631.1	M2
JP355632.1	M5
JP355633.1	M1
JP355634.1	M1
JP355635.1	M1
JP355636.1	M1
JP355637.1	M1
JP355639.1	M1
JP355641.1	M9
JP355642.1	M1
JP355643.1	M1
JP355646.1	M9
JP355648.1	M3
JP355649.1	M1
JP355651.1	M0
JP355654.1	M1
JP355657.1	M0
JP355659.1	M1
JP355661.1	M2
JP355662.1	M1
JP355663.1	M1
JP355664.1	M1
JP355666.1	M3
JP355669.1	M1
JP355670.1	M1
JP355671.1	M4
JP355673.1	M1
JP355674.1	M4
JP355675.1	M1
JP355677.1	M1
JP355678.1	M1
JP355679.1	M10
JP355682.1	M0
JP355684.1	M3
JP355685.1	M10
JP355686.1	M1
JP355687.1	M1
JP355688.1	M1
JP355689.1	M9
JP355690.1	M1
JP355691.1	M3
JP355693.1	M0
JP355694.1	M1
JP355695.1	M1
JP355696.1	M1
JP355699.1	M1
JP355701.1	M1
JP355703.1	M1
JP355704.1	M1
JP355705.1	M1
JP355706.1	M8
JP355708.1	M1
JP355710.1	M14
JP355711.1	M5
JP355712.1	M1
JP355713.1	M1
JP355714.1	M6
JP355716.1	M1
JP355718.1	M1
JP355721.1	M1
JP355722.1	M1
JQ349147.1	M5
JQ349148.1	M2
JQ349149.1	M5
JQ349150.1	M2
JQ393155.1	M4
JQ412136.1	M4
JQ413341.1	M4
JQ936559.1	M1
JX188056.1	M1
JX975267.1	M7
JZ905041.1	M1
JZ905044.1	M1
JZ905045.1	M10
JZ905048.1	M6
JZ905052.1	M1
JZ905059.1	M3
JZ905060.1	M4
JZ905061.1	M4
JZ905064.1	M6
JZ905068.1	M1
JZ905077.1	M11
JZ905079.1	M17
JZ905080.1	M16
JZ905083.1	M3
JZ905085.1	M1
JZ905088.1	M4
JZ905091.1	M1
JZ905095.1	M2
JZ905097.1	M5
JZ905103.1	M4
JZ905108.1	M3
JZ905116.1	M1
JZ905123.1	M1
JZ905127.1	M2
JZ905129.1	M0
JZ905134.1	M3
JZ905141.1	M17
JZ905260.1	M4
JZ905269.1	M4
JZ905270.1	M1
KC182766.1	M9
KC508829.1	M10
KC767854.1	M1
KF228019.1	M4
KF443000.1	M5
KF878972.1	M5
KJ188410.1	M1
KJ188411.1	M6
KJ476501.1	M2
KJ540280.1	M3
KJ622339.1	M2
KJ622340.1	M2
KJ622341.1	M2
KJ622342.1	M7
KJ622343.1	M2
KJ622344.1	M2
KJ622349.1	M2
KJ622351.1	M2
KJ622352.1	M2
KJ622353.1	M2
KJ631056.1	M2
KJ631057.1	M2
KJ631058.1	M2
KJ631059.1	M2
KJ631060.1	M2
KJ631061.1	M2
KJ631062.1	M2
KJ631063.1	M13
KJ631064.1	M2
KJ631065.1	M2
KJ631066.1	M2
KM081678.1	M1
KM081679.1	M5
KM081680.1	M1
KM268862.1	M1
KM886337.1	M2
KM886338.1	M3
KM886339.1	M5
KM886340.1	M1
KM886343.1	M7
KP064092.1	M4
KP099551.2	M5
KP216755.1	M1
KP216757.1	M1
KP216758.1	M14
KP216760.1	M1
KP216761.1	M1
KP216765.1	M2
KP262354.1	M5
KP262355.1	M1
KP262356.1	M2
KP658977.1	M7
KP658978.1	M2
KT970484.1	M10
KT992463.1	M3
KU198317.1	M3
KU198318.1	M3
KU198319.1	M1
KU286158.1	M3
KU359425.1	M13
KU359426.1	M2
KU557741.1	M1
KU557742.1	M2
KU601408.1	M2
KU745276.1	M5
KU745278.1	M4
KU745279.1	M19
KU745280.1	M1
KU745281.1	M2
KU745282.1	M9
KX100579.1	M1
KX219631.1	M4
KX610958.1	M4
KX610960.1	M2
KX610962.1	M4
KX809568.1	M4
KY349118.1	M1
KY369127.1	M1
KY369129.1	M0
KY369132.1	M13
KY474042.1	M7
KY474043.1	M2
KY924479.1	M1
KY924481.1	M1
LT574896.1	M4
LT574897.1	M1
LT574898.1	M1
LT574899.1	M2
MF678808.1	M16
MF678809.1	M2
MF678810.1	M2
MF678811.1	M2
MF678813.1	M2
MF686694.1	M5
MF773969.1	M1
MG450551.1	M3
MG755750.1	M5
MG755751.1	M5
MG910496.1	M2
MH137936.1	M3
MH219928.1	M10
MH595490.1	M5
MH626731.1	M1
MH704434.1	M4
MH846234.1	M5
MH846235.1	M2
MH883364.1	M3
MK440127.1	M2
MK468652.1	M4
MN508362.1	M4
MT786654.1	M1
MT786656.1	M2
MT786657.1	M5
MT810749.1	M7
MT968998.1	M5
MW267825.1	M9
MW879707.1	M4
MZ501612.1	M2
MZ647492.1	M1
OL743530.1	M4
OL840042.1	M1
OP136989.1	M17
OP136990.1	M17
OP136991.1	M7
OP136992.1	M17
OP136993.1	M17
OP136994.1	M7
OP136995.1	M7
OP136996.1	M17
OP744143.1	M3
OP744345.1	M2
OP744379.1	M1
OQ030443.1	M1
OQ230279.1	M2
OQ411018.1	M1
OR130524.1	M4
OR358841.1	M3
OR602687.1	M2
OR602688.1	M1
OR602694.1	M2
OR804099.1	M3
PP501523.1	M1
PP501524.1	M2
PP645728.1	M6
PP645729.1	M4
PP645730.1	M1
PP645732.1	M1
PP645733.1	M1
PQ046648.1	M1
PQ046649.1	M1
PQ202739.1	M1
PQ202740.1	M1
PV130571.1	M2
PV247130.1	M4
PV247131.1	M1
PV247132.1	M1
PV613373.1	M1
PV694213.1	M5
PX400223.1	M1
PX400224.1	M2
PX530358.1	M2
PX869305.1	M2
PZ246843.1	M7
XM_067080948.1	M1
XM_067080949.1	M11
XM_067080961.1	M1
XM_067080969.1	M1
XM_067080977.1	M1
XM_067080983.1	M2
XM_067080987.1	M2
XM_067080990.1	M7
XM_067080992.1	M2
XM_067080993.1	M2
XM_067080996.1	M2
XM_067081004.1	M2
XM_067081005.1	M1
XM_067081026.1	M11
XM_067081039.1	M1
XM_067081040.1	M1
XM_067081044.1	M1
XM_067081049.1	M15
XM_067081053.1	M3
XM_067081057.1	M2
XM_067081064.1	M1
XM_067081077.1	M1
XM_067081078.1	M1
XM_067081089.1	M2
XM_067081091.1	M2
XM_067081096.1	M1
XM_067081100.1	M2
XM_067081101.1	M3
XM_067081103.1	M2
XM_067081120.1	M1
XM_067081121.1	M1
XM_067081122.1	M1
XM_067081123.1	M1
XM_067081126.1	M1
XM_067081127.1	M1
XM_067081129.1	M1
XM_067081135.1	M1
XM_067081155.1	M1
XM_067081159.1	M1
XM_067081162.1	M1
XM_067081205.1	M1
XM_067081213.1	M3
XM_067081221.1	M8
XM_067081231.1	M1
XM_067081235.1	M1
XM_067081244.1	M5
XM_067081250.1	M1
XM_067081257.1	M1
XM_067081259.1	M1
XM_067081260.1	M1
XM_067081262.1	M1
XM_067081263.1	M1
XM_067081264.1	M3
XM_067081265.1	M2
XM_067081269.1	M1
XM_067081270.1	M1
XM_067081272.1	M14
XM_067081273.1	M1
XM_067081275.1	M1
XM_067081278.1	M1
XM_067081280.1	M1
XM_067081282.1	M1
XM_067081283.1	M3
XM_067081284.1	M1
XM_067081285.1	M1
XM_067081286.1	M1
XM_067081288.1	M4
XM_067081289.1	M4
XM_067081290.1	M18
XM_067081294.1	M3
XM_067081307.1	M1
XM_067081308.1	M8
XM_067081309.1	M2
XM_067081310.1	M2
XM_067081312.1	M2
XM_067081314.1	M2
XM_067081315.1	M1
XM_067081316.1	M2
XM_067081317.1	M7
XM_067081318.1	M7
XM_067081342.1	M1
XM_067081349.1	M2
XM_067081350.1	M2
XM_067081353.1	M1
XM_067081354.1	M1
XM_067081356.1	M1
XM_067081357.1	M6
XM_067081358.1	M6
XM_067081360.1	M1
XM_067081362.1	M1
XM_067081365.1	M1
XM_067081372.1	M1
XM_067081375.1	M1
XM_067081377.1	M1
XM_067081378.1	M2
XM_067081379.1	M1
XM_067081385.1	M1
XM_067081389.1	M1
XM_067081400.1	M1
XM_067081404.1	M2
XM_067081405.1	M2
XM_067081414.1	M1
XM_067081418.1	M1
XM_067081420.1	M1
XM_067081424.1	M1
XM_067081426.1	M1
XM_067081427.1	M1
XM_067081428.1	M6
XM_067081429.1	M1
XM_067081430.1	M8
XM_067081431.1	M1
XM_067081432.1	M4
XM_067081435.1	M1
XM_067081437.1	M6
XM_067081438.1	M1
XM_067081442.1	M5
XM_067081451.1	M4
XM_067081452.1	M2
XM_067081457.1	M1
XM_067081458.1	M1
XM_067081459.1	M1
XM_067081466.1	M1
XM_067081468.1	M1
XM_067081471.1	M1
XM_067081485.1	M8
XM_067081486.1	M1
XM_067081489.1	M4
XM_067081494.1	M1
XM_067081496.1	M6
XM_067081503.1	M1
XM_067081505.1	M1
XM_067081506.1	M4
XM_067081507.1	M4
XM_067081508.1	M1
XM_067081519.1	M1
XM_067081533.1	M1
XM_067081534.1	M4
XM_067081536.1	M1
XM_067081540.1	M1
XM_067081541.1	M1
XM_067081542.1	M1
XM_067081543.1	M1
XM_067081545.1	M1
XM_067081546.1	M2
XM_067081547.1	M1
XM_067081551.1	M2
XM_067081552.1	M1
XM_067081553.1	M1
XM_067081560.1	M1
XM_067081561.1	M1
XM_067081574.1	M1
XM_067081576.1	M1
XM_067081577.1	M1
XM_067081578.1	M1
XM_067081580.1	M6
XM_067081581.1	M1
XM_067081582.1	M1
XM_067081583.1	M1
XM_067081584.1	M1
XM_067081585.1	M1
XM_067081586.1	M1
XM_067081587.1	M1
XM_067081589.1	M1
XM_067081590.1	M4
XM_067081591.1	M18
XM_067081593.1	M1
XM_067081594.1	M1
XM_067081595.1	M1
XM_067081601.1	M1
XM_067081602.1	M1
XM_067081604.1	M4
XM_067081605.1	M2
XM_067081616.1	M1
XM_067081619.1	M2
XM_067081621.1	M7
XM_067081623.1	M1
XM_067081624.1	M1
XM_067081629.1	M2
XM_067081631.1	M2
XM_067081632.1	M8
XM_067081633.1	M1
XM_067081634.1	M2
XM_067081635.1	M2
XM_067081636.1	M2
XM_067081637.1	M1
XM_067081640.1	M1
XM_067081645.1	M1
XM_067081647.1	M6
XM_067081649.1	M1
XM_067081651.1	M1
XM_067081656.1	M1
XM_067081657.1	M1
XM_067081658.1	M1
XM_067081662.1	M1
XM_067081663.1	M7
XM_067081665.1	M1
XM_067081670.1	M4
XM_067081672.1	M3
XM_067081673.1	M8
XM_067081692.1	M2
XM_067081698.1	M1
XM_067081703.1	M2
XM_067081704.1	M6
XM_067081705.1	M6
XM_067081707.1	M1
XM_067081709.1	M2
XM_067081714.1	M1
XM_067081715.1	M1
XM_067081717.1	M4
XM_067081774.1	M5
XM_067081783.1	M5
XM_067081788.1	M1
XM_067081789.1	M3
XM_067081790.1	M1
XM_067081795.1	M1
XM_067081796.1	M8
XM_067081799.1	M1
XM_067081802.1	M1
XM_067081803.1	M2
XM_067081805.1	M1
XM_067081806.1	M1
XM_067081807.1	M1
XM_067081809.1	M6
XM_067081810.1	M1
XM_067081814.1	M1
XM_067081815.1	M1
XM_067081839.1	M8
XM_067081843.1	M4
XM_067081844.1	M5
XM_067081854.1	M3
XM_067081856.1	M2
XM_067081857.1	M7
XM_067081859.1	M2
XM_067081860.1	M2
XM_067081861.1	M1
XM_067081862.1	M1
XM_067081863.1	M1
XM_067081866.1	M2
XM_067081883.1	M1
XM_067081886.1	M2
XM_067081887.1	M1
XM_067081891.1	M1
XM_067081893.1	M1
XM_067081912.1	M1
XM_067081917.1	M1
XM_067081918.1	M6
XM_067081919.1	M1
XM_067081920.1	M1
XM_067081926.1	M1
XM_067081928.1	M2
XM_067081932.1	M1
XM_067081933.1	M2
XM_067081937.1	M7
XM_067081942.1	M2
XM_067081953.1	M2
XM_067081966.1	M2
XM_067081971.1	M15
XM_067081973.1	M3
XM_067081975.1	M9
XM_067081990.1	M1
XM_067081995.1	M2
XM_067081996.1	M14
XM_067082000.1	M1
XM_067082002.1	M7
XM_067082003.1	M1
XM_067082004.1	M2
XM_067082005.1	M3
XM_067082006.1	M1
XM_067082015.1	M4
XM_067082028.1	M2
XM_067082030.1	M2
XM_067082031.1	M2
XM_067082033.1	M1
XM_067082041.1	M2
XM_067082044.1	M1
XM_067082045.1	M1
XM_067082046.1	M1
XM_067082047.1	M8
XM_067082049.1	M1
XM_067082050.1	M2
XM_067082053.1	M1
XM_067082055.1	M11
XM_067082057.1	M2
XM_067082059.1	M8
XM_067082065.1	M1
XM_067082066.1	M3
XM_067082071.1	M2
XM_067082076.1	M2
XM_067082077.1	M1
XM_067082079.1	M2
XM_067082083.1	M2
XM_067082090.1	M5
XM_067082092.1	M1
XM_067082093.1	M1
XM_067082096.1	M1
XM_067082097.1	M13
XM_067082099.1	M7
XM_067082101.1	M1
XM_067082105.1	M7
XM_067082106.1	M6
XM_067082118.1	M3
XM_067082119.1	M3
XM_067082124.1	M4
XM_067082132.1	M1
XM_067082136.1	M12
XM_067082137.1	M2
XM_067082149.1	M1
XM_067082154.1	M1
XM_067082174.1	M1
XM_067082188.1	M1
XM_067082212.1	M1
XM_067082216.1	M1
XM_067082219.1	M1
XM_067082221.1	M1
XM_067082222.1	M1
XM_067082223.1	M1
XM_067082238.1	M1
XM_067082239.1	M1
XM_067082241.1	M1
XM_067082251.1	M2
XM_067082266.1	M1
XM_067082279.1	M4
XM_067082280.1	M1
XM_067082281.1	M17
XM_067082282.1	M4
XM_067082283.1	M2
XM_067082285.1	M1
XM_067082287.1	M1
XM_067082295.1	M1
XM_067082301.1	M5
XM_067082305.1	M2
XM_067082320.1	M1
XM_067082322.1	M1
XM_067082330.1	M1
XM_067082331.1	M1
XM_067082333.1	M1
XM_067082334.1	M1
XM_067082339.1	M2
XM_067082340.1	M1
XM_067082343.1	M1
XM_067082347.1	M1
XM_067082351.1	M2
XM_067082352.1	M1
XM_067082353.1	M1
XM_067082358.1	M1
XM_067082359.1	M2
XM_067082367.1	M1
XM_067082368.1	M1
XM_067082372.1	M1
XM_067082375.1	M1
XM_067082377.1	M1
XM_067082379.1	M1
XM_067082381.1	M1
XM_067082382.1	M1
XM_067082384.1	M2
XM_067082385.1	M2
XM_067082386.1	M3
XM_067082401.1	M7
XM_067082403.1	M13
XM_067082409.1	M3
XM_067082411.1	M7
XM_067082412.1	M7
XM_067082431.1	M3
XM_067082432.1	M1
XM_067082434.1	M1
XM_067082442.1	M1
XM_067082447.1	M2
XM_067082448.1	M1
XM_067082452.1	M1
XM_067082453.1	M1
XM_067082454.1	M1
XM_067082455.1	M1
XM_067082456.1	M1
XM_067082458.1	M1
XM_067082462.1	M1
XM_067082463.1	M3
XM_067082469.1	M1
XM_067082520.1	M2
XM_067082523.1	M4
XM_067082524.1	M4
XM_067082526.1	M2
XM_067082529.1	M4
XM_067082530.1	M4
XM_067082535.1	M7
XM_067082537.1	M1
XM_067082539.1	M1
XM_067082541.1	M1
XM_067082543.1	M1
XM_067082544.1	M1
XM_067082545.1	M2
XM_067082546.1	M2
XM_067082547.1	M2
XM_067082548.1	M2
XM_067082549.1	M5
XM_067082557.1	M4
XM_067082566.1	M1
XM_067082572.1	M3
XM_067082573.1	M1
XM_067082574.1	M1
XM_067082578.1	M3
XM_067082580.1	M1
XM_067082582.1	M1
XM_067082583.1	M1
XM_067082584.1	M1
XM_067082586.1	M1
XM_067082589.1	M1
XM_067082601.1	M1
XM_067082603.1	M10
XM_067082608.1	M1
XM_067082612.1	M1
XM_067082616.1	M1
XM_067082617.1	M1
XM_067082619.1	M1
XM_067082622.1	M1
XM_067082624.1	M1
XM_067082628.1	M1
XM_067082630.1	M1
XM_067082632.1	M3
XM_067082636.1	M3
XM_067082637.1	M2
XM_067082638.1	M2
XM_067082639.1	M2
XM_067082640.1	M2
XM_067082641.1	M3
XM_067082643.1	M1
XM_067082646.1	M1
XM_067082647.1	M1
XM_067082648.1	M0
XM_067082654.1	M7
XM_067082661.1	M4
XM_067082666.1	M4
XM_067082682.1	M4
XM_067082695.1	M2
XM_067082697.1	M1
XM_067082698.1	M2
XM_067082701.1	M2
XM_067082702.1	M2
XM_067082703.1	M2
XM_067082706.1	M2
XM_067082708.1	M1
XM_067082709.1	M1
XM_067082711.1	M1
XM_067082713.1	M1
XM_067082714.1	M2
XM_067082716.1	M5
XM_067082717.1	M11
XM_067082718.1	M3
XM_067082720.1	M3
XM_067082721.1	M1
XM_067082732.1	M1
XM_067082735.1	M4
XM_067082736.1	M2
XM_067082737.1	M3
XM_067082740.1	M1
XM_067082741.1	M2
XM_067082742.1	M2
XM_067082745.1	M6
XM_067082750.1	M1
XM_067082752.1	M6
XM_067082754.1	M8
XM_067082755.1	M1
XM_067082757.1	M6
XM_067082758.1	M2
XM_067082762.1	M2
XM_067082763.1	M2
XM_067082766.1	M3
XM_067082767.1	M4
XM_067082772.1	M6
XM_067082774.1	M1
XM_067082775.1	M1
XM_067082780.1	M1
XM_067082798.1	M1
XM_067082827.1	M7
XM_067082833.1	M5
XM_067082834.1	M1
XM_067082847.1	M1
XM_067082853.1	M1
XM_067082857.1	M1
XM_067082860.1	M1
XM_067082861.1	M1
XM_067082865.1	M1
XM_067082866.1	M1
XM_067082873.1	M9
XM_067082881.1	M5
XM_067082885.1	M2
XM_067082893.1	M1
XM_067082896.1	M1
XM_067082898.1	M14
XM_067082904.1	M2
XM_067082906.1	M2
XM_067082907.1	M2
XM_067082910.1	M3
XM_067082911.1	M1
XM_067082912.1	M1
XM_067082913.1	M1
XM_067082917.1	M3
XM_067082925.1	M1
XM_067082926.1	M1
XM_067082928.1	M3
XM_067082931.1	M1
XM_067082934.1	M6
XM_067082935.1	M1
XM_067082944.1	M1
XM_067082945.1	M1
XM_067082946.1	M1
XM_067082949.1	M1
XM_067082950.1	M7
XM_067082952.1	M2
XM_067082953.1	M2
XM_067082955.1	M1
XM_067082957.1	M1
XM_067082958.1	M1
XM_067082959.1	M4
XM_067082967.1	M2
XM_067082969.1	M1
XM_067082971.1	M1
XM_067082972.1	M4
XM_067082973.1	M1
XM_067082974.1	M1
XM_067082975.1	M1
XM_067082976.1	M1
XM_067082978.1	M4
XM_067082981.1	M1
XM_067082987.1	M9
XM_067082988.1	M9
XM_067082990.1	M1
XM_067082991.1	M1
XM_067082992.1	M2
XM_067083000.1	M1
XM_067083016.1	M1
XM_067083028.1	M1
XM_067083029.1	M1
XM_067083040.1	M2
XM_067083043.1	M1
XM_067083045.1	M1
XM_067083048.1	M1
XM_067083050.1	M1
XM_067083051.1	M1
XM_067083054.1	M1
XM_067083057.1	M1
XM_067083062.1	M1
XM_067083063.1	M1
XM_067083071.1	M1
XM_067083075.1	M1
XM_067083076.1	M1
XM_067083079.1	M1
XM_067083080.1	M1
XM_067083081.1	M6
XM_067083082.1	M6
XM_067083084.1	M1
XM_067083085.1	M3
XM_067083092.1	M1
XM_067083093.1	M2
XM_067083094.1	M9
XM_067083110.1	M1
XM_067083113.1	M1
XM_067083115.1	M1
XM_067083124.1	M1
XM_067083125.1	M1
XM_067083128.1	M2
XM_067083131.1	M3
XM_067083133.1	M2
XM_067083136.1	M2
XM_067083145.1	M5
XM_067083155.1	M5
XM_067083157.1	M1
XM_067083159.1	M2
XM_067083165.1	M1
XM_067083169.1	M2
XM_067083173.1	M1
XM_067083174.1	M1
XM_067083175.1	M1
XM_067083179.1	M2
XM_067083185.1	M3
XM_067083191.1	M16
XM_067083192.1	M4
XM_067083193.1	M6
XM_067083195.1	M5
XM_067083198.1	M9
XM_067083200.1	M3
XM_067083201.1	M4
XM_067083206.1	M1
XM_067083209.1	M10
XM_067083210.1	M10
XM_067083223.1	M7
XM_067083226.1	M1
XM_067083240.1	M1
XM_067083241.1	M1
XM_067083244.1	M1
XM_067083245.1	M2
XM_067083247.1	M2
XM_067083248.1	M2
XM_067083250.1	M2
XM_067083253.1	M1
XM_067083256.1	M8
XM_067083258.1	M4
XM_067083262.1	M1
XM_067083266.1	M2
XM_067083267.1	M3
XM_067083270.1	M1
XM_067083272.1	M2
XM_067083274.1	M2
XM_067083275.1	M1
XM_067083276.1	M1
XM_067083277.1	M1
XM_067083280.1	M1
XM_067083285.1	M3
XM_067083286.1	M6
XM_067083287.1	M4
XM_067083290.1	M2
XM_067083294.1	M14
XM_067083297.1	M1
XM_067083304.1	M2
XM_067083305.1	M2
XM_067083306.1	M2
XM_067083307.1	M1
XM_067083308.1	M1
XM_067083309.1	M5
XM_067083311.1	M9
XM_067083312.1	M1
XM_067083313.1	M1
XM_067083314.1	M11
XM_067083330.1	M1
XM_067083331.1	M1
XM_067083336.1	M1
XM_067083338.1	M1
XM_067083339.1	M2
XM_067083341.1	M1
XM_067083343.1	M1
XM_067083355.1	M6
XM_067083363.1	M1
XM_067083364.1	M2
XM_067083367.1	M2
XM_067083375.1	M1
XM_067083376.1	M4
XM_067083378.1	M2
XM_067083380.1	M2
XM_067083382.1	M2
XM_067083383.1	M2
XM_067083384.1	M1
XM_067083387.1	M1
XM_067083388.1	M1
XM_067083389.1	M4
XM_067083392.1	M1
XM_067083396.1	M1
XM_067083398.1	M3
XM_067083401.1	M2
XM_067083403.1	M1
XM_067083406.1	M1
XM_067083423.1	M1
XM_067083434.1	M1
XM_067083445.1	M6
XM_067083451.1	M1
XM_067083453.1	M1
XM_067083465.1	M1
XM_067083472.1	M1
XM_067083474.1	M1
XM_067083475.1	M1
XM_067083476.1	M1
XM_067083481.1	M1
XM_067083482.1	M12
XM_067083486.1	M10
XM_067083490.1	M12
XM_067083495.1	M10
XM_067083499.1	M10
XM_067083500.1	M1
XM_067083501.1	M4
XM_067083502.1	M1
XM_067083503.1	M10
XM_067083507.1	M2
XM_067083513.1	M1
XM_067083514.1	M1
XM_067083520.1	M8
XM_067083523.1	M1
XM_067083529.1	M1
XM_067083530.1	M3
XM_067083531.1	M1
XM_067083534.1	M1
XM_067083535.1	M1
XM_067083537.1	M1
XM_067083541.1	M6
XM_067083555.1	M1
XM_067083560.1	M1
XM_067083561.1	M1
XM_067083567.1	M1
XM_067083568.1	M1
XM_067083570.1	M9
XM_067083581.1	M1
XM_067083585.1	M1
XM_067083586.1	M1
XM_067083601.1	M1
XM_067083628.1	M1
XM_067083637.1	M4
XM_067083639.1	M2
XM_067083641.1	M2
XM_067083643.1	M1
XM_067083645.1	M1
XM_067083647.1	M4
XM_067083648.1	M2
XM_067083649.1	M4
XM_067083663.1	M7
XM_067083678.1	M2
XM_067083679.1	M2
XM_067083680.1	M1
XM_067083681.1	M2
XM_067083682.1	M4
XM_067083690.1	M5
XM_067083728.1	M2
XM_067083729.1	M2
XM_067083731.1	M3
XM_067083736.1	M3
XM_067083740.1	M1
XM_067083741.1	M0
XM_067083745.1	M2
XM_067083746.1	M10
XM_067083749.1	M1
XM_067083750.1	M4
XM_067083753.1	M2
XM_067083766.1	M3
XM_067083767.1	M3
XM_067083769.1	M7
XM_067083773.1	M2
XM_067083776.1	M7
XM_067083784.1	M2
XM_067083786.1	M2
XM_067083787.1	M5
XM_067083793.1	M1
XM_067083795.1	M1
XM_067083796.1	M1
XM_067083799.1	M3
XM_067083807.1	M1
XM_067083813.1	M6
XM_067083819.1	M1
XM_067083823.1	M1
XM_067083827.1	M1
XM_067083828.1	M1
XM_067083829.1	M1
XM_067083830.1	M1
XM_067083832.1	M1
XM_067083837.1	M4
XM_067083838.1	M1
XM_067083839.1	M4
XM_067083840.1	M0
XM_067083841.1	M1
XM_067083842.1	M3
XM_067083844.1	M1
XM_067083847.1	M7
XM_067083848.1	M2
XM_067083870.1	M4
XM_067083878.1	M2
XM_067083887.1	M4
XM_067083896.1	M2
XM_067083897.1	M6
XM_067083900.1	M1
XM_067083907.1	M2
XM_067083909.1	M2
XM_067083911.1	M1
XM_067083912.1	M3
XM_067083920.1	M1
XM_067083923.1	M2
XM_067083936.1	M3
XM_067083938.1	M2
XM_067083941.1	M1
XM_067083943.1	M2
XM_067083944.1	M5
XM_067083946.1	M3
XM_067083947.1	M11
XM_067083948.1	M1
XM_067083949.1	M12
XM_067083953.1	M1
XM_067083955.1	M1
XM_067083958.1	M3
XM_067083959.1	M1
XM_067083960.1	M1
XM_067083962.1	M1
XM_067083964.1	M2
XM_067083966.1	M4
XM_067083967.1	M1
XM_067083968.1	M1
XM_067083969.1	M1
XM_067083972.1	M11
XM_067083974.1	M1
XM_067083977.1	M1
XM_067083981.1	M1
XM_067083982.1	M1
XM_067083983.1	M1
XM_067083986.1	M1
XM_067083995.1	M1
XM_067084001.1	M8
XM_067084003.1	M1
XM_067084010.1	M1
XM_067084017.1	M1
XM_067084018.1	M2
XM_067084019.1	M1
XM_067084020.1	M5
XM_067084023.1	M1
XM_067084026.1	M1
XM_067084031.1	M1
XM_067084032.1	M1
XM_067084040.1	M4
XM_067084048.1	M4
XM_067084049.1	M3
XM_067084050.1	M1
XM_067084051.1	M1
XM_067084052.1	M1
XM_067084063.1	M7
XM_067084064.1	M13
XM_067084067.1	M4
XM_067084068.1	M4
XM_067084069.1	M1
XM_067084074.1	M4
XM_067084077.1	M1
XM_067084084.1	M1
XM_067084086.1	M6
XM_067084087.1	M4
XM_067084088.1	M1
XM_067084090.1	M4
XM_067084093.1	M2
XM_067084095.1	M1
XM_067084099.1	M1
XM_067084100.1	M1
XM_067084116.1	M7
XM_067084121.1	M7
XM_067084122.1	M6
XM_067084123.1	M4
XM_067084128.1	M1
XM_067084133.1	M3
XM_067084146.1	M1
XM_067084155.1	M4
XM_067084167.1	M4
XM_067084172.1	M1
XM_067084173.1	M4
XM_067084177.1	M1
XM_067084178.1	M1
XM_067084180.1	M8
XM_067084185.1	M4
XM_067084191.1	M3
XM_067084199.1	M4
XM_067084201.1	M15
XM_067084202.1	M1
XM_067084204.1	M1
XM_067084207.1	M1
XM_067084215.1	M7
XM_067084218.1	M1
XM_067084220.1	M1
XM_067084221.1	M6
XM_067084222.1	M6
XM_067084224.1	M1
XM_067084226.1	M7
XM_067084229.1	M7
XM_067084234.1	M1
XM_067084236.1	M2
XM_067084241.1	M1
XM_067084245.1	M1
XM_067084249.1	M1
XM_067084256.1	M1
XM_067084257.1	M6
XM_067084258.1	M2
XM_067084259.1	M1
XM_067084260.1	M1
XM_067084261.1	M1
XM_067084262.1	M1
XM_067084264.1	M3
XM_067084265.1	M1
XM_067084267.1	M3
XM_067084273.1	M6
XM_067084274.1	M5
XM_067084275.1	M2
XM_067084276.1	M2
XM_067084277.1	M2
XM_067084278.1	M6
XM_067084279.1	M4
XM_067084281.1	M4
XM_067084283.1	M4
XM_067084285.1	M1
XM_067084286.1	M2
XM_067084302.1	M1
XM_067084306.1	M3
XM_067084310.1	M4
XM_067084311.1	M6
XM_067084315.1	M4
XM_067084316.1	M1
XM_067084318.1	M1
XM_067084327.1	M3
XM_067084328.1	M2
XM_067084332.1	M1
XM_067084335.1	M1
XM_067084337.1	M1
XM_067084341.1	M1
XM_067084346.1	M1
XM_067084347.1	M1
XM_067084348.1	M1
XM_067084350.1	M4
XM_067084352.1	M1
XM_067084359.1	M1
XM_067084362.1	M7
XM_067084366.1	M3
XM_067084369.1	M1
XM_067084404.1	M7
XM_067084406.1	M1
XM_067084409.1	M1
XM_067084412.1	M4
XM_067084413.1	M1
XM_067084415.1	M7
XM_067084432.1	M8
XM_067084433.1	M1
XM_067084434.1	M2
XM_067084435.1	M1
XM_067084436.1	M2
XM_067084440.1	M14
XM_067084441.1	M1
XM_067084445.1	M2
XM_067084447.1	M8
XM_067084457.1	M1
XM_067084465.1	M1
XM_067084468.1	M4
XM_067084478.1	M3
XM_067084479.1	M8
XM_067084481.1	M2
XM_067084482.1	M1
XM_067084483.1	M2
XM_067084487.1	M1
XM_067084488.1	M1
XM_067084489.1	M4
XM_067084496.1	M1
XM_067084501.1	M1
XM_067084508.1	M2
XM_067084510.1	M2
XM_067084515.1	M1
XM_067084516.1	M2
XM_067084518.1	M2
XM_067084522.1	M2
XM_067084528.1	M1
XM_067084529.1	M1
XM_067084533.1	M3
XM_067084534.1	M8
XM_067084535.1	M2
XM_067084537.1	M2
XM_067084538.1	M1
XM_067084539.1	M1
XM_067084543.1	M7
XM_067084544.1	M17
XM_067084546.1	M2
XM_067084547.1	M1
XM_067084552.1	M1
XM_067084554.1	M1
XM_067084556.1	M1
XM_067084559.1	M1
XM_067084560.1	M1
XM_067084561.1	M3
XM_067084562.1	M1
XM_067084563.1	M1
XM_067084564.1	M1
XM_067084565.1	M1
XM_067084566.1	M1
XM_067084567.1	M1
XM_067084570.1	M1
XM_067084571.1	M1
XM_067084573.1	M2
XM_067084574.1	M2
XM_067084575.1	M1
XM_067084582.1	M1
XM_067084583.1	M1
XM_067084588.1	M6
XM_067084589.1	M5
XM_067084605.1	M1
XM_067084606.1	M2
XM_067084608.1	M1
XM_067084610.1	M1
XM_067084621.1	M3
XM_067084623.1	M2
XM_067084625.1	M6
XM_067084633.1	M2
XM_067084637.1	M3
XM_067084638.1	M2
XM_067084639.1	M1
XM_067084647.1	M2
XM_067084648.1	M2
XM_067084649.1	M2
XM_067084650.1	M2
XM_067084651.1	M4
XM_067084656.1	M2
XM_067084657.1	M1
XM_067084661.1	M1
XM_067084664.1	M1
XM_067084665.1	M1
XM_067084666.1	M15
XM_067084671.1	M2
XM_067084672.1	M5
XM_067084673.1	M5
XM_067084696.1	M10
XM_067084708.1	M1
XM_067084709.1	M7
XM_067084710.1	M2
XM_067084712.1	M7
XM_067084715.1	M1
XM_067084716.1	M1
XM_067084717.1	M1
XM_067084719.1	M2
XM_067084723.1	M2
XM_067084724.1	M1
XM_067084725.1	M4
XM_067084726.1	M1
XM_067084727.1	M1
XM_067084740.1	M1
XM_067084762.1	M4
XM_067084780.1	M3
XM_067084781.1	M6
XM_067084782.1	M6
XM_067084783.1	M4
XM_067084784.1	M10
XM_067084822.1	M1
XM_067084838.1	M1
XM_067084850.1	M1
XM_067084854.1	M1
XM_067084864.1	M5
XM_067084902.1	M3
XM_067084903.1	M1
XM_067084944.1	M8
XM_067084960.1	M1
XM_067084982.1	M2
XM_067084984.1	M1
XM_067084986.1	M2
XM_067084994.1	M1
XM_067085002.1	M4
XM_067085005.1	M1
XM_067085009.1	M1
XM_067085011.1	M1
XM_067085012.1	M1
XM_067085025.1	M1
XM_067085027.1	M2
XM_067085044.1	M5
XM_067085047.1	M5
XM_067085048.1	M1
XM_067085050.1	M1
XM_067085052.1	M2
XM_067085053.1	M2
XM_067085054.1	M2
XM_067085055.1	M2
XM_067085072.1	M4
XM_067085094.1	M2
XM_067085102.1	M2
XM_067085123.1	M2
XM_067085133.1	M1
XM_067085134.1	M6
XM_067085135.1	M2
XM_067085136.1	M1
XM_067085139.1	M1
XM_067085151.1	M3
XM_067085167.1	M2
XM_067085178.1	M1
XM_067085180.1	M1
XM_067085191.1	M1
XM_067085197.1	M1
XM_067085200.1	M3
XM_067085202.1	M1
XM_067085206.1	M1
XM_067085210.1	M1
XM_067085213.1	M1
XM_067085215.1	M6
XM_067085218.1	M1
XM_067085222.1	M1
XM_067085227.1	M1
XM_067085237.1	M1
XM_067085256.1	M1
XM_067085268.1	M1
XM_067085284.1	M8
XM_067085292.1	M2
XM_067085318.1	M1
XM_067085327.1	M4
XM_067085328.1	M3
XM_067085329.1	M1
XM_067085331.1	M1
XM_067085336.1	M3
XM_067085337.1	M3
XM_067085338.1	M3
XM_067085342.1	M1
XM_067085343.1	M1
XM_067085344.1	M1
XM_067085346.1	M8
XM_067085347.1	M6
XM_067085352.1	M5
XM_067085355.1	M6
XM_067085356.1	M2
XM_067085357.1	M2
XM_067085358.1	M2
XM_067085359.1	M1
XM_067085373.1	M1
XM_067085379.1	M4
XM_067085387.1	M1
XM_067085388.1	M3
XM_067085390.1	M4
XM_067085391.1	M2
XM_067085393.1	M7
XM_067085394.1	M4
XM_067085396.1	M2
XM_067085410.1	M5
XM_067085422.1	M2
XM_067085455.1	M3
XM_067085457.1	M6
XM_067085463.1	M1
XM_067085465.1	M3
XM_067085479.1	M2
XM_067085482.1	M3
XM_067085484.1	M2
XM_067085487.1	M2
XM_067085488.1	M2
XM_067085492.1	M1
XM_067085493.1	M1
XM_067085497.1	M1
XM_067085500.1	M1
XM_067085501.1	M4
XM_067085505.1	M1
XM_067085506.1	M1
XM_067085507.1	M1
XM_067085509.1	M1
XM_067085511.1	M2
XM_067085515.1	M16
XM_067085520.1	M1
XM_067085521.1	M1
XM_067085524.1	M1
XM_067085525.1	M1
XM_067085526.1	M6
XM_067085527.1	M4
XM_067085532.1	M14
XM_067085543.1	M1
XM_067085544.1	M5
XM_067085545.1	M3
XM_067085546.1	M1
XM_067085547.1	M3
XM_067085548.1	M2
XM_067085552.1	M1
XM_067085557.1	M8
XM_067085558.1	M1
XM_067085570.1	M3
XM_067085572.1	M10
XM_067085574.1	M1
XM_067085578.1	M1
XM_067085579.1	M1
XM_067085586.1	M4
XM_067085589.1	M4
XM_067085591.1	M4
XM_067085592.1	M3
XM_067085594.1	M12
XM_067085595.1	M2
XM_067085601.1	M4
XM_067085603.1	M7
XM_067085604.1	M7
XM_067085606.1	M1
XM_067085613.1	M1
XM_067085616.1	M1
XM_067085620.1	M1
XM_067085622.1	M1
XM_067085623.1	M2
XM_067085624.1	M8
XM_067085625.1	M6
XM_067085627.1	M2
XM_067085628.1	M1
XM_067085629.1	M1
XM_067085630.1	M1
XM_067085636.1	M1
XM_067085645.1	M1
XM_067085647.1	M1
XM_067085650.1	M1
XM_067085651.1	M1
XM_067085652.1	M1
XM_067085655.1	M1
XM_067085657.1	M5
XM_067085658.1	M6
XM_067085659.1	M1
XM_067085660.1	M3
XM_067085661.1	M2
XM_067085663.1	M1
XM_067085664.1	M1
XM_067085670.1	M2
XM_067085676.1	M1
XM_067085683.1	M8
XM_067085687.1	M1
XM_067085688.1	M1
XM_067085689.1	M3
XM_067085691.1	M6
XM_067085695.1	M2
XM_067085696.1	M7
XM_067085699.1	M1
XM_067085704.1	M1
XM_067085710.1	M2
XM_067085712.1	M2
XM_067085713.1	M2
XM_067085714.1	M1
XM_067085722.1	M1
XM_067085729.1	M3
XM_067085738.1	M2
XM_067085739.1	M5
XM_067085741.1	M6
XM_067085742.1	M7
XM_067085745.1	M7
XM_067085746.1	M4
XM_067085747.1	M4
XM_067085748.1	M2
XM_067085752.1	M1
XM_067085755.1	M1
XM_067085758.1	M5
XM_067085770.1	M1
XM_067085773.1	M1
XM_067085777.1	M5
XM_067085778.1	M7
XM_067085780.1	M2
XM_067085784.1	M1
XM_067085785.1	M1
XM_067085786.1	M1
XM_067085790.1	M1
XM_067085791.1	M2
XM_067085792.1	M1
XM_067085793.1	M1
XM_067085794.1	M12
XM_067085795.1	M3
XM_067085796.1	M1
XM_067085797.1	M1
XM_067085798.1	M1
XM_067085802.1	M2
XM_067085806.1	M1
XM_067085807.1	M2
XM_067085811.1	M1
XM_067085814.1	M6
XM_067085818.1	M2
XM_067085819.1	M1
XM_067085822.1	M1
XM_067085826.1	M1
XM_067085875.1	M3
XM_067085880.1	M1
XM_067085881.1	M1
XM_067085886.1	M1
XM_067085892.1	M2
XM_067085893.1	M1
XM_067085894.1	M1
XM_067085896.1	M1
XM_067085897.1	M1
XM_067085910.1	M1
XM_067085911.1	M4
XM_067085913.1	M3
XM_067085916.1	M1
XM_067085919.1	M1
XM_067085922.1	M1
XM_067085934.1	M7
XM_067085935.1	M7
XM_067085936.1	M1
XM_067085949.1	M10
XM_067085950.1	M7
XM_067085959.1	M6
XM_067085960.1	M4
XM_067085961.1	M2
XM_067085962.1	M1
XM_067085968.1	M1
XM_067085977.1	M2
XM_067085978.1	M0
XM_067085979.1	M6
XM_067085980.1	M2
XM_067085981.1	M2
XM_067085984.1	M1
XM_067085987.1	M3
XM_067085988.1	M1
XM_067085989.1	M1
XM_067085990.1	M1
XM_067086005.1	M12
XM_067086009.1	M3
XM_067086021.1	M4
XM_067086026.1	M3
XM_067086028.1	M1
XM_067086029.1	M1
XM_067086030.1	M6
XM_067086042.1	M10
XM_067086055.1	M7
XM_067086057.1	M9
XM_067086059.1	M1
XM_067086061.1	M1
XM_067086069.1	M3
XM_067086084.1	M3
XM_067086087.1	M6
XM_067086088.1	M2
XM_067086089.1	M3
XM_067086090.1	M1
XM_067086091.1	M1
XM_067086092.1	M1
XM_067086093.1	M1
XM_067086109.1	M1
XM_067086115.1	M2
XM_067086116.1	M7
XM_067086117.1	M1
XM_067086119.1	M1
XM_067086120.1	M1
XM_067086121.1	M2
XM_067086122.1	M1
XM_067086125.1	M1
XM_067086130.1	M1
XM_067086131.1	M1
XM_067086139.1	M9
XM_067086140.1	M2
XM_067086144.1	M6
XM_067086148.1	M2
XM_067086154.1	M3
XM_067086156.1	M1
XM_067086163.1	M1
XM_067086165.1	M6
XM_067086166.1	M6
XM_067086167.1	M6
XM_067086169.1	M6
XM_067086170.1	M6
XM_067086172.1	M6
XM_067086179.1	M6
XM_067086180.1	M6
XM_067086181.1	M4
XM_067086183.1	M1
XM_067086184.1	M1
XM_067086185.1	M12
XM_067086186.1	M6
XM_067086191.1	M1
XM_067086192.1	M1
XM_067086193.1	M1
XM_067086197.1	M6
XM_067086198.1	M1
XM_067086200.1	M1
XM_067086201.1	M4
XM_067086203.1	M6
XM_067086208.1	M6
XM_067086209.1	M5
XM_067086212.1	M1
XM_067086215.1	M4
XM_067086221.1	M3
XM_067086222.1	M5
XM_067086225.1	M1
XM_067086227.1	M1
XM_067086231.1	M1
XM_067086235.1	M2
XM_067086237.1	M2
XM_067086238.1	M2
XM_067086242.1	M4
XM_067086243.1	M1
XM_067086244.1	M1
XM_067086245.1	M1
XM_067086246.1	M1
XM_067086247.1	M1
XM_067086248.1	M1
XM_067086250.1	M2
XM_067086255.1	M1
XM_067086261.1	M4
XM_067086262.1	M5
XM_067086263.1	M5
XM_067086266.1	M2
XM_067086267.1	M2
XM_067086268.1	M2
XM_067086269.1	M4
XM_067086270.1	M2
XM_067086271.1	M2
XM_067086272.1	M2
XM_067086277.1	M1
XM_067086293.1	M2
XM_067086294.1	M2
XM_067086295.1	M1
XM_067086297.1	M1
XM_067086298.1	M6
XM_067086299.1	M1
XM_067086302.1	M4
XM_067086304.1	M1
XM_067086307.1	M1
XM_067086309.1	M1
XM_067086311.1	M3
XM_067086312.1	M4
XM_067086313.1	M2
XM_067086314.1	M6
XM_067086315.1	M2
XM_067086316.1	M4
XM_067086317.1	M8
XM_067086320.1	M2
XM_067086321.1	M10
XM_067086322.1	M6
XM_067086323.1	M4
XM_067086333.1	M1
XM_067086339.1	M8
XM_067086340.1	M1
XM_067086342.1	M2
XM_067086344.1	M2
XM_067086345.1	M1
XM_067086366.1	M8
XM_067086388.1	M1
XM_067086412.1	M5
XM_067086416.1	M2
XM_067086417.1	M0
XM_067086419.1	M1
XM_067086420.1	M3
XM_067086421.1	M1
XM_067086424.1	M3
XM_067086427.1	M2
XM_067086429.1	M2
XM_067086430.1	M2
XM_067086431.1	M2
XM_067086432.1	M1
XM_067086439.1	M1
XM_067086444.1	M1
XM_067086447.1	M1
XM_067086454.1	M1
XM_067086465.1	M4
XM_067086475.1	M3
XM_067086478.1	M2
XM_067086479.1	M2
XM_067086485.1	M2
XM_067086488.1	M5
XM_067086492.1	M1
XM_067086499.1	M2
XM_067086500.1	M2
XM_067086501.1	M2
XM_067086503.1	M2
XM_067086504.1	M1
XM_067086508.1	M1
XM_067086519.1	M1
XM_067086522.1	M1
XM_067086523.1	M5
XM_067086547.1	M2
XM_067086569.1	M1
XM_067086576.1	M1
XM_067086586.1	M1
XM_067086587.1	M1
XM_067086589.1	M5
XM_067086590.1	M1
XM_067086599.1	M6
XM_067086600.1	M1
XM_067086601.1	M1
XM_067086602.1	M8
XM_067086603.1	M8
XM_067086608.1	M0
XM_067086609.1	M2
XM_067086625.1	M2
XM_067086629.1	M1
XM_067086636.1	M1
XM_067086637.1	M1
XM_067086639.1	M1
XM_067086640.1	M3
XM_067086643.1	M2
XM_067086646.1	M1
XM_067086649.1	M1
XM_067086652.1	M3
XM_067086657.1	M5
XM_067086658.1	M1
XM_067086661.1	M2
XM_067086662.1	M1
XM_067086663.1	M1
XM_067086668.1	M1
XM_067086670.1	M1
XM_067086671.1	M1
XM_067086675.1	M2
XM_067086678.1	M1
XM_067086680.1	M1
XM_067086681.1	M2
XM_067086682.1	M1
XM_067086683.1	M1
XM_067086686.1	M1
XM_067086688.1	M1
XM_067086693.1	M3
XM_067086696.1	M1
XM_067086698.1	M1
XM_067086701.1	M1
XM_067086716.1	M2
XM_067086719.1	M2
XM_067086720.1	M8
XM_067086723.1	M1
XM_067086724.1	M1
XM_067086725.1	M1
XM_067086726.1	M1
XM_067086752.1	M1
XM_067086755.1	M1
XM_067086756.1	M2
XM_067086757.1	M1
XM_067086763.1	M3
XM_067086766.1	M1
XM_067086768.1	M1
XM_067086782.1	M7
XM_067086790.1	M12
XM_067086791.1	M3
XM_067086797.1	M2
XM_067086798.1	M3
XM_067086822.1	M1
XM_067086830.1	M9
XM_067086831.1	M1
XM_067086832.1	M2
XM_067086833.1	M2
XM_067086835.1	M5
XM_067086856.1	M2
XM_067086867.1	M17
XM_067086872.1	M1
XM_067086874.1	M1
XM_067086877.1	M5
XM_067086879.1	M7
XM_067086913.1	M2
XM_067086923.1	M1
XM_067086925.1	M1
XM_067086926.1	M1
XM_067086940.1	M3
XM_067086947.1	M2
XM_067086950.1	M5
XM_067086961.1	M15
XM_067086963.1	M1
XM_067086964.1	M9
XM_067086971.1	M1
XM_067086973.1	M1
XM_067086974.1	M1
XM_067086975.1	M1
XM_067086977.1	M3
XM_067086980.1	M1
XM_067086985.1	M1
XM_067086986.1	M1
XM_067086987.1	M1
XM_067086991.1	M1
XM_067086992.1	M1
XM_067086993.1	M1
XM_067086994.1	M7
XM_067086995.1	M7
XM_067086996.1	M0
XM_067087001.1	M1
XM_067087004.1	M2
XM_067087012.1	M2
XM_067087013.1	M1
XM_067087014.1	M1
XM_067087015.1	M1
XM_067087037.1	M2
XM_067087038.1	M2
XM_067087041.1	M1
XM_067087046.1	M1
XM_067087054.1	M2
XM_067087057.1	M7
XM_067087058.1	M1
XM_067087059.1	M1
XM_067087062.1	M1
XM_067087065.1	M1
XM_067087067.1	M2
XM_067087068.1	M1
XM_067087076.1	M1
XM_067087078.1	M1
XM_067087079.1	M1
XM_067087083.1	M1
XM_067087085.1	M1
XM_067087086.1	M2
XM_067087087.1	M1
XM_067087088.1	M1
XM_067087089.1	M1
XM_067087090.1	M1
XM_067087091.1	M1
XM_067087100.1	M0
XM_067087102.1	M1
XM_067087104.1	M1
XM_067087105.1	M1
XM_067087108.1	M1
XM_067087111.1	M7
XM_067087114.1	M1
XM_067087115.1	M1
XM_067087117.1	M1
XM_067087121.1	M1
XM_067087131.1	M1
XM_067087132.1	M1
XM_067087133.1	M1
XM_067087139.1	M2
XM_067087140.1	M2
XM_067087143.1	M2
XM_067087147.1	M1
XM_067087148.1	M9
XM_067087150.1	M1
XM_067087160.1	M1
XM_067087163.1	M4
XM_067087171.1	M1
XM_067087173.1	M1
XM_067087175.1	M1
XM_067087176.1	M5
XM_067087178.1	M1
XM_067087179.1	M1
XM_067087181.1	M7
XM_067087182.1	M1
XM_067087183.1	M6
XM_067087185.1	M2
XM_067087186.1	M1
XM_067087207.1	M2
XM_067087208.1	M1
XM_067087209.1	M4
XM_067087218.1	M2
XM_067087219.1	M2
XM_067087220.1	M7
XM_067087229.1	M5
XM_067087230.1	M1
XM_067087231.1	M1
XM_067087236.1	M2
XM_067087241.1	M2
XM_067087244.1	M1
XM_067087245.1	M1
XM_067087249.1	M1
XM_067087254.1	M7
XM_067087256.1	M1
XM_067087257.1	M1
XM_067087258.1	M1
XM_067087260.1	M0
XM_067087262.1	M3
XM_067087290.1	M1
XM_067087294.1	M6
XM_067087298.1	M4
XM_067087299.1	M1
XM_067087301.1	M1
XM_067087308.1	M1
XM_067087318.1	M1
XM_067087319.1	M1
XM_067087322.1	M1
XM_067087325.1	M1
XM_067087331.1	M2
XM_067087332.1	M1
XM_067087334.1	M1
XM_067087335.1	M1
XM_067087336.1	M5
XM_067087338.1	M1
XM_067087339.1	M1
XM_067087340.1	M2
XM_067087344.1	M1
XM_067087346.1	M1
XM_067087347.1	M1
XM_067087349.1	M1
XM_067087354.1	M4
XM_067087357.1	M6
XM_067087361.1	M1
XM_067087362.1	M1
XM_067087365.1	M1
XM_067087366.1	M1
XM_067087368.1	M1
XM_067087369.1	M2
XM_067087370.1	M1
XM_067087371.1	M1
XM_067087413.1	M1
XM_067087424.1	M1
XM_067087456.1	M2
XM_067087458.1	M2
XM_067087472.1	M1
XM_067087524.1	M2
XM_067087533.1	M4
XM_067087534.1	M6
XM_067087571.1	M3
XM_067087572.1	M2
XM_067087584.1	M2
XM_067087586.1	M1
XM_067087587.1	M1
XM_067087588.1	M6
XM_067087589.1	M4
XM_067087594.1	M7
XM_067087595.1	M2
XM_067087596.1	M1
XM_067087597.1	M1
XM_067087598.1	M1
XM_067087603.1	M4
XM_067087604.1	M4
XM_067087606.1	M4
XM_067087608.1	M3
XM_067087610.1	M4
XM_067087613.1	M1
XM_067087615.1	M1
XM_067087618.1	M4
XM_067087619.1	M1
XM_067087620.1	M1
XM_067087631.1	M1
XM_067087635.1	M4
XM_067087636.1	M4
XM_067087644.1	M2
XM_067087662.1	M3
XM_067087672.1	M2
XM_067087673.1	M5
XM_067087674.1	M1
XM_067087675.1	M1
XM_067087686.1	M2
XM_067087688.1	M1
XM_067087690.1	M1
XM_067087695.1	M1
XM_067087699.1	M6
XM_067087700.1	M4
XM_067087702.1	M1
XM_067087732.1	M2
XM_067087734.1	M7
XM_067087736.1	M1
XM_067087738.1	M3
XM_067087740.1	M2
XM_067087750.1	M10
XM_067087751.1	M2
XM_067087752.1	M1
XM_067087753.1	M1
XM_067087755.1	M1
XM_067087757.1	M1
XM_067087761.1	M1
XM_067087762.1	M1
XM_067087764.1	M9
XM_067087770.1	M5
XM_067087771.1	M5
XM_067087778.1	M4
XM_067087800.1	M2
XM_067087804.1	M1
XM_067087806.1	M1
XM_067087808.1	M1
XM_067087809.1	M1
XM_067087811.1	M1
XM_067087812.1	M1
XM_067087814.1	M2
XM_067087815.1	M2
XM_067087818.1	M1
XM_067087821.1	M6
XM_067087824.1	M3
XM_067087830.1	M1
XM_067087852.1	M1
XM_067087854.1	M1
XM_067087856.1	M1
XM_067087857.1	M4
XM_067087858.1	M1
XM_067087859.1	M2
XM_067087860.1	M2
XM_067087861.1	M2
XM_067087862.1	M2
XM_067087864.1	M1
XM_067087870.1	M1
XM_067087888.1	M3
XM_067087889.1	M1
XM_067087890.1	M8
XM_067087893.1	M2
XM_067087894.1	M3
XM_067087895.1	M3
XM_067087896.1	M2
XM_067087930.1	M3
XM_067087932.1	M7
XM_067087933.1	M1
XM_067087935.1	M7
XM_067087936.1	M7
XM_067087937.1	M4
XM_067087954.1	M6
XM_067087968.1	M2
XM_067087969.1	M2
XM_067087970.1	M2
XM_067087971.1	M2
XM_067087972.1	M2
XM_067087978.1	M1
XM_067087995.1	M1
XM_067088035.1	M9
XM_067088037.1	M1
XM_067088039.1	M1
XM_067088040.1	M4
XM_067088042.1	M1
XM_067088043.1	M1
XM_067088044.1	M8
XM_067088045.1	M3
XM_067088050.1	M1
XM_067088052.1	M1
XM_067088053.1	M1
XM_067088055.1	M2
XM_067088056.1	M2
XM_067088057.1	M1
XM_067088077.1	M1
XM_067088082.1	M1
XM_067088091.1	M1
XM_067088100.1	M1
XM_067088103.1	M1
XM_067088107.1	M1
XM_067088113.1	M1
XM_067088122.1	M2
XM_067088123.1	M1
XM_067088127.1	M2
XM_067088133.1	M1
XM_067088134.1	M6
XM_067088143.1	M2
XM_067088149.1	M3
XM_067088151.1	M1
XM_067088152.1	M2
XM_067088156.1	M1
XM_067088157.1	M1
XM_067088159.1	M1
XM_067088162.1	M1
XM_067088164.1	M2
XM_067088166.1	M1
XM_067088168.1	M1
XM_067088169.1	M1
XM_067088170.1	M1
XM_067088173.1	M2
XM_067088174.1	M1
XM_067088177.1	M1
XM_067088181.1	M1
XM_067088182.1	M1
XM_067088184.1	M1
XM_067088185.1	M1
XM_067088186.1	M1
XM_067088189.1	M3
XM_067088190.1	M1
XM_067088191.1	M1
XM_067088197.1	M1
XM_067088207.1	M1
XM_067088209.1	M9
XM_067088213.1	M1
XM_067088221.1	M1
XM_067088224.1	M3
XM_067088225.1	M2
XM_067088228.1	M1
XM_067088230.1	M6
XM_067088231.1	M1
XM_067088232.1	M5
XM_067088233.1	M6
XM_067088236.1	M1
XM_067088241.1	M1
XM_067088248.1	M4
XM_067088250.1	M9
XM_067088251.1	M1
XM_067088252.1	M5
XM_067088254.1	M1
XM_067088257.1	M9
XM_067088262.1	M1
XM_067088263.1	M2
XM_067088265.1	M6
XM_067088280.1	M1
XM_067088285.1	M5
XM_067088293.1	M1
XM_067088294.1	M2
XM_067088296.1	M14
XM_067088297.1	M14
XM_067088298.1	M2
XM_067088299.1	M2
XM_067088301.1	M1
XM_067088304.1	M1
XM_067088305.1	M1
XM_067088307.1	M1
XM_067088309.1	M1
XM_067088312.1	M1
XM_067088313.1	M1
XM_067088314.1	M1
XM_067088317.1	M1
XM_067088318.1	M2
XM_067088325.1	M1
XM_067088334.1	M3
XM_067088335.1	M8
XM_067088336.1	M4
XM_067088349.1	M1
XM_067088350.1	M6
XM_067088352.1	M2
XM_067088354.1	M7
XM_067088360.1	M1
XM_067088361.1	M1
XM_067088372.1	M2
XM_067088373.1	M1
XM_067088374.1	M9
XM_067088387.1	M1
XM_067088388.1	M2
XM_067088393.1	M6
XM_067088395.1	M2
XM_067088396.1	M1
XM_067088398.1	M1
XM_067088400.1	M1
XM_067088439.1	M1
XM_067088444.1	M1
XM_067088451.1	M2
XM_067088457.1	M2
XM_067088461.1	M2
XM_067088462.1	M7
XM_067088466.1	M2
XM_067088504.1	M2
XM_067088516.1	M13
XM_067088517.1	M7
XM_067088528.1	M6
XM_067088531.1	M1
XM_067088532.1	M1
XM_067088533.1	M1
XM_067088537.1	M1
XM_067088543.1	M4
XM_067088544.1	M7
XM_067088546.1	M1
XM_067088548.1	M1
XM_067088549.1	M1
XM_067088551.1	M1
XM_067088554.1	M2
XM_067088562.1	M3
XM_067088563.1	M1
XM_067088574.1	M0
XM_067088589.1	M5
XM_067088592.1	M2
XM_067088594.1	M1
XM_067088595.1	M1
XM_067088596.1	M4
XM_067088599.1	M4
XM_067088619.1	M1
XM_067088620.1	M2
XM_067088621.1	M1
XM_067088623.1	M3
XM_067088628.1	M1
XM_067088629.1	M17
XM_067088630.1	M17
XM_067088631.1	M9
XM_067088632.1	M1
XM_067088634.1	M1
XM_067088639.1	M1
XM_067088640.1	M1
XM_067088642.1	M1
XM_067088645.1	M2
XM_067088672.1	M1
XM_067088677.1	M4
XM_067088679.1	M6
XM_067088682.1	M3
XM_067088683.1	M1
XM_067088684.1	M1
XM_067088685.1	M1
XM_067088686.1	M6
XM_067088689.1	M2
XM_067088691.1	M6
XM_067088693.1	M2
XM_067088694.1	M14
XM_067088695.1	M4
XM_067088698.1	M10
XM_067088699.1	M2
XM_067088708.1	M1
XM_067088709.1	M1
XM_067088710.1	M1
XM_067088712.1	M1
XM_067088716.1	M1
XM_067088722.1	M2
XM_067088727.1	M1
XM_067088741.1	M2
XM_067088755.1	M1
XM_067088757.1	M1
XM_067088758.1	M1
XM_067088760.1	M1
XM_067088761.1	M1
XM_067088762.1	M1
XM_067088763.1	M4
XM_067088764.1	M3
XM_067088765.1	M2
XM_067088766.1	M2
XM_067088770.1	M2
XM_067088771.1	M1
XM_067088789.1	M8
XM_067088803.1	M3
XM_067088808.1	M4
XM_067088809.1	M4
XM_067088810.1	M4
XM_067088815.1	M9
XM_067088816.1	M1
XM_067088817.1	M5
XM_067088818.1	M1
XM_067088819.1	M1
XM_067088825.1	M1
XM_067088826.1	M1
XM_067088827.1	M3
XM_067088829.1	M1
XM_067088831.1	M1
XM_067088841.1	M5
XM_067088842.1	M1
XM_067088849.1	M9
XM_067088851.1	M2
XM_067088852.1	M13
XM_067088867.1	M1
XM_067088868.1	M6
XM_067088869.1	M1
XM_067088870.1	M1
XM_067088872.1	M9
XM_067088873.1	M1
XM_067088875.1	M1
XM_067088876.1	M1
XM_067088878.1	M1
XM_067088879.1	M1
XM_067088920.1	M5
XM_067088926.1	M1
XM_067088929.1	M2
XM_067088937.1	M1
XM_067088940.1	M1
XM_067088942.1	M1
XM_067088945.1	M1
XM_067088946.1	M1
XM_067088947.1	M1
XM_067088949.1	M9
XM_067088950.1	M1
XM_067088952.1	M1
XM_067088954.1	M1
XM_067088959.1	M1
XM_067088964.1	M1
XM_067088965.1	M6
XM_067088967.1	M1
XM_067088968.1	M1
XM_067088969.1	M1
XM_067088972.1	M3
XM_067088973.1	M3
XM_067089006.1	M5
XM_067089009.1	M5
XM_067089011.1	M11
XM_067089013.1	M3
XM_067089014.1	M3
XM_067089015.1	M1
XM_067089016.1	M1
XM_067089019.1	M1
XM_067089020.1	M1
XM_067089021.1	M1
XM_067089022.1	M4
XM_067089026.1	M6
XM_067089027.1	M1
XM_067089029.1	M1
XM_067089035.1	M1
XM_067089041.1	M3
XM_067089046.1	M2
XM_067089048.1	M3
XM_067089057.1	M3
XM_067089062.1	M1
XM_067089063.1	M1
XM_067089064.1	M1
XM_067089067.1	M1
XM_067089069.1	M2
XM_067089070.1	M4
XM_067089073.1	M2
XM_067089094.1	M15
XM_067089097.1	M1
XM_067089104.1	M1
XM_067089120.1	M7
XM_067089128.1	M0
XM_067089130.1	M2
XM_067089141.1	M4
XM_067089144.1	M1
XM_067089164.1	M1
XM_067089166.1	M4
XM_067089167.1	M4
XM_067089168.1	M4
XM_067089169.1	M4
XM_067089184.1	M2
XM_067089189.1	M1
XM_067089190.1	M1
XM_067089191.1	M1
XM_067089193.1	M8
XM_067089194.1	M1
XM_067089200.1	M1
XM_067089202.1	M1
XM_067089203.1	M1
XM_067089204.1	M1
XM_067089205.1	M8
XM_067089210.1	M4
XM_067089221.1	M1
XM_067089240.1	M4
XM_067089241.1	M4
XM_067089256.1	M2
XM_067089257.1	M5
XM_067089271.1	M1
XM_067089274.1	M4
XM_067089275.1	M2
XM_067089279.1	M1
XM_067089286.1	M3
XM_067089294.1	M7
XM_067089297.1	M4
XM_067089308.1	M1
XM_067089313.1	M10
XM_067089323.1	M10
XM_067089326.1	M2
XM_067089330.1	M5
XM_067089333.1	M5
XM_067089337.1	M5
XM_067089339.1	M1
XM_067089341.1	M1
XM_067089349.1	M1
XM_067089350.1	M1
XM_067089351.1	M1
XM_067089352.1	M1
XM_067089353.1	M1
XM_067089354.1	M2
XM_067089355.1	M2
XM_067089356.1	M1
XM_067089357.1	M1
XM_067089358.1	M1
XM_067089363.1	M1
XM_067089370.1	M1
XM_067089378.1	M5
XM_067089383.1	M1
XM_067089385.1	M1
XM_067089400.1	M3
XM_067089415.1	M1
XM_067089416.1	M11
XM_067089421.1	M2
XM_067089423.1	M2
XM_067089424.1	M1
XM_067089425.1	M2
XM_067089426.1	M5
XM_067089427.1	M2
XM_067089444.1	M12
XM_067089445.1	M1
XM_067089465.1	M1
XM_067089466.1	M3
XM_067089467.1	M1
XM_067089472.1	M1
XM_067089473.1	M1
XM_067089474.1	M2
XM_067089475.1	M2
XM_067089477.1	M2
XM_067089478.1	M1
XM_067089485.1	M2
XM_067089490.1	M2
XM_067089491.1	M2
XM_067089492.1	M1
XM_067089493.1	M4
XM_067089495.1	M1
XM_067089496.1	M2
XM_067089497.1	M2
XM_067089498.1	M2
XM_067089500.1	M2
XM_067089501.1	M2
XM_067089502.1	M1
XM_067089505.1	M3
XM_067089509.1	M1
XM_067089517.1	M12
XM_067089518.1	M0
XM_067089519.1	M7
XM_067089520.1	M7
XM_067089521.1	M13
XM_067089526.1	M2
XM_067089527.1	M9
XM_067089529.1	M1
XM_067089530.1	M2
XM_067089531.1	M2
XM_067089532.1	M7
XM_067089533.1	M1
XM_067089558.1	M1
XM_067089562.1	M1
XM_067089563.1	M4
XM_067089576.1	M2
XM_067089585.1	M2
XM_067089595.1	M2
XM_067089596.1	M1
XM_067089607.1	M1
XM_067089608.1	M2
XM_067089614.1	M6
XM_067089625.1	M1
XM_067089630.1	M1
XM_067089648.1	M1
XM_067089649.1	M1
XM_067089650.1	M6
XM_067089658.1	M2
XM_067089665.1	M1
XM_067089667.1	M1
XM_067089670.1	M1
XM_067089674.1	M2
XM_067089676.1	M3
XM_067089677.1	M3
XM_067089678.1	M1
XM_067089680.1	M7
XM_067089684.1	M1
XM_067089690.1	M6
XM_067089694.1	M1
XM_067089695.1	M1
XM_067089700.1	M1
XM_067089701.1	M1
XM_067089702.1	M5
XM_067089703.1	M1
XM_067089704.1	M14
XM_067089707.1	M3
XM_067089710.1	M3
XM_067089711.1	M1
XM_067089712.1	M1
XM_067089713.1	M6
XM_067089717.1	M1
XM_067089718.1	M1
XM_067089719.1	M2
XM_067089721.1	M2
XM_067089723.1	M1
XM_067089726.1	M5
XM_067089727.1	M7
XM_067089728.1	M7
XM_067089729.1	M7
XM_067089730.1	M13
XM_067089731.1	M2
XM_067089732.1	M2
XM_067089733.1	M0
XM_067089737.1	M1
XM_067089739.1	M8
XM_067089741.1	M2
XM_067089742.1	M2
XM_067089744.1	M9
XM_067089747.1	M9
XM_067089749.1	M1
XM_067089750.1	M2
XM_067089753.1	M4
XM_067089754.1	M10
XM_067089755.1	M4
XM_067089758.1	M1
XM_067089760.1	M9
XM_067089762.1	M2
XM_067089773.1	M2
XM_067089774.1	M1
XM_067089777.1	M4
XM_067089779.1	M1
XM_067089784.1	M1
XM_067089787.1	M1
XM_067089793.1	M1
XM_067089794.1	M1
XM_067089795.1	M1
XM_067089796.1	M1
XM_067089799.1	M2
XM_067089800.1	M1
XM_067089802.1	M2
XM_067089807.1	M4
XM_067089811.1	M8
XM_067089823.1	M1
XM_067089827.1	M3
XM_067089852.1	M4
XM_067089853.1	M1
XM_067089854.1	M1
XM_067089856.1	M1
XM_067089858.1	M8
XM_067089860.1	M1
XM_067089863.1	M7
XM_067089864.1	M7
XM_067089865.1	M2
XM_067089866.1	M2
XM_067089868.1	M2
XM_067089869.1	M2
XM_067089870.1	M2
XM_067089871.1	M2
XM_067089872.1	M2
XM_067089873.1	M2
XM_067089874.1	M2
XM_067089877.1	M4
XM_067089878.1	M1
XM_067089896.1	M1
XM_067089897.1	M8
XM_067089901.1	M1
XM_067089902.1	M10
XM_067089909.1	M1
XM_067089921.1	M1
XM_067089957.1	M3
XM_067089964.1	M1
XM_067089966.1	M1
XM_067089969.1	M7
XM_067089974.1	M1
XM_067089976.1	M2
XM_067089991.1	M1
XM_067090001.1	M15
XM_067090007.1	M4
XM_067090008.1	M4
XM_067090013.1	M1
XM_067090041.1	M1
XM_067090047.1	M1
XM_067090054.1	M1
XM_067090057.1	M1
XM_067090059.1	M3
XM_067090067.1	M1
XM_067090077.1	M12
XM_067090080.1	M1
XM_067090086.1	M3
XM_067090096.1	M4
XM_067090097.1	M1
XM_067090098.1	M7
XM_067090120.1	M2
XM_067090121.1	M2
XM_067090122.1	M1
XM_067090124.1	M2
XM_067090126.1	M2
XM_067090127.1	M1
XM_067090128.1	M2
XM_067090129.1	M7
XM_067090135.1	M1
XM_067090136.1	M4
XM_067090146.1	M1
XM_067090147.1	M1
XM_067090151.1	M3
XM_067090155.1	M6
XM_067090158.1	M2
XM_067090175.1	M2
XM_067090181.1	M13
XM_067090184.1	M7
XM_067090185.1	M2
XM_067090186.1	M11
XM_067090187.1	M2
XM_067090188.1	M2
XM_067090192.1	M1
XM_067090193.1	M1
XM_067090194.1	M1
XM_067090198.1	M2
XM_067090199.1	M2
XM_067090201.1	M4
XM_067090202.1	M4
XM_067090203.1	M4
XM_067090207.1	M4
XM_067090208.1	M3
XM_067090211.1	M1
XM_067090212.1	M2
XM_067090213.1	M1
XM_067090216.1	M1
XM_067090217.1	M1
XM_067090218.1	M1
XM_067090219.1	M1
XM_067090228.1	M2
XM_067090230.1	M1
XM_067090231.1	M2
XM_067090232.1	M2
XM_067090246.1	M1
XM_067090249.1	M2
XM_067090251.1	M1
XM_067090252.1	M1
XM_067090259.1	M1
XM_067090261.1	M12
XM_067090263.1	M3
XM_067090264.1	M2
XM_067090268.1	M7
XM_067090269.1	M1
XM_067090271.1	M1
XM_067090276.1	M2
XM_067090277.1	M2
XM_067090278.1	M4
XM_067090279.1	M3
XM_067090281.1	M5
XM_067090283.1	M0
XM_067090288.1	M0
XM_067090304.1	M10
XM_067090305.1	M1
XM_067090306.1	M4
XM_067090307.1	M1
XM_067090314.1	M1
XM_067090336.1	M6
XM_067090362.1	M1
XM_067090367.1	M1
XM_067090373.1	M5
XM_067090376.1	M2
XM_067090396.1	M1
XM_067090397.1	M4
XM_067090407.1	M1
XM_067090412.1	M1
XM_067090413.1	M1
XM_067090414.1	M1
XM_067090416.1	M1
XM_067090417.1	M10
XM_067090454.1	M5
XM_067090458.1	M5
XM_067090459.1	M4
XM_067090461.1	M5
XM_067090464.1	M4
XM_067090470.1	M2
XM_067090471.1	M1
XM_067090490.1	M1
XM_067090492.1	M1
XM_067090494.1	M7
XM_067090495.1	M1
XM_067090498.1	M2
XM_067090499.1	M1
XM_067090500.1	M3
XM_067090501.1	M3
XM_067090502.1	M2
XM_067090509.1	M1
XM_067090511.1	M1
XM_067090513.1	M1
XM_067090515.1	M1
XM_067090517.1	M1
XM_067090519.1	M3
XM_067090525.1	M1
XM_067090526.1	M1
XM_067090541.1	M1
XM_067090542.1	M1
XM_067090544.1	M2
XM_067090547.1	M1
XM_067090548.1	M2
XM_067090550.1	M1
XM_067090551.1	M1
XM_067090553.1	M1
XM_067090556.1	M1
XM_067090557.1	M2
XM_067090600.1	M12
XM_067090613.1	M8
XM_067090617.1	M2
XM_067090624.1	M1
XM_067090628.1	M7
XM_067090634.1	M1
XM_067090635.1	M1
XM_067090637.1	M1
XM_067090643.1	M1
XM_067090649.1	M1
XM_067090650.1	M1
XM_067090651.1	M1
XM_067090652.1	M1
XM_067090653.1	M1
XM_067090660.1	M1
XM_067090662.1	M1
XM_067090674.1	M4
XM_067090676.1	M5
XM_067090678.1	M3
XM_067090679.1	M1
XM_067090682.1	M1
XM_067090688.1	M5
XM_067090690.1	M1
XM_067090691.1	M1
XM_067090693.1	M3
XM_067090694.1	M3
XM_067090695.1	M1
XM_067090697.1	M1
XM_067090698.1	M1
XM_067090709.1	M1
XM_067090710.1	M1
XM_067090716.1	M1
XM_067090718.1	M2
XM_067090719.1	M4
XM_067090721.1	M3
XM_067090723.1	M1
XM_067090727.1	M4
XM_067090733.1	M2
XM_067090737.1	M1
XM_067090742.1	M2
XM_067090743.1	M2
XM_067090747.1	M8
XM_067090749.1	M8
XM_067090750.1	M1
XM_067090751.1	M1
XM_067090752.1	M1
XM_067090755.1	M1
XM_067090758.1	M1
XM_067090759.1	M8
XM_067090762.1	M8
XM_067090769.1	M1
XM_067090770.1	M1
XM_067090771.1	M1
XM_067090773.1	M1
XM_067090782.1	M7
XM_067090786.1	M7
XM_067090787.1	M7
XM_067090788.1	M1
XM_067090789.1	M7
XM_067090791.1	M1
XM_067090792.1	M1
XM_067090794.1	M2
XM_067090796.1	M3
XM_067090798.1	M1
XM_067090806.1	M1
XM_067090811.1	M2
XM_067090818.1	M5
XM_067090833.1	M5
XM_067090838.1	M1
XM_067090839.1	M2
XM_067090840.1	M4
XM_067090845.1	M2
XM_067090847.1	M1
XM_067090848.1	M1
XM_067090854.1	M7
XM_067090862.1	M4
XM_067090866.1	M8
XM_067090873.1	M1
XM_067090880.1	M7
XM_067090884.1	M9
XM_067090890.1	M1
XM_067090908.1	M2
XM_067090909.1	M13
XM_067090910.1	M13
XM_067090911.1	M4
XM_067090918.1	M2
XM_067090919.1	M16
XM_067090925.1	M2
XM_067090927.1	M1
XM_067090932.1	M6
XM_067090952.1	M0
XM_067090964.1	M1
XM_067090968.1	M1
XM_067090976.1	M1
XM_067090995.1	M1
XM_067091027.1	M1
XM_067091056.1	M1
XM_067091060.1	M3
XM_067091070.1	M1
XM_067091074.1	M7
XM_067091075.1	M1
XM_067091080.1	M1
XM_067091092.1	M1
XM_067091098.1	M1
XM_067091100.1	M1
XM_067091102.1	M4
XM_067091123.1	M2
XM_067091124.1	M1
XM_067091125.1	M2
XM_067091126.1	M2
XM_067091127.1	M9
XM_067091128.1	M1
XM_067091129.1	M1
XM_067091130.1	M2
XM_067091131.1	M2
XM_067091133.1	M1
XM_067091153.1	M5
XM_067091156.1	M3
XM_067091157.1	M5
XM_067091161.1	M1
XM_067091162.1	M1
XM_067091163.1	M1
XM_067091169.1	M1
XM_067091171.1	M1
XM_067091174.1	M1
XM_067091177.1	M2
XM_067091178.1	M2
XM_067091180.1	M1
XM_067091181.1	M1
XM_067091187.1	M5
XM_067091188.1	M1
XM_067091189.1	M1
XM_067091190.1	M8
XM_067091191.1	M2
XM_067091193.1	M4
XM_067091195.1	M1
XM_067091198.1	M1
XM_067091200.1	M3
XM_067091203.1	M8
XM_067091207.1	M1
XM_067091210.1	M1
XM_067091211.1	M2
XM_067091216.1	M1
XM_067091217.1	M6
XM_067091219.1	M1
XM_067091220.1	M1
XM_067091223.1	M1
XM_067091224.1	M1
XM_067091228.1	M1
XM_067091235.1	M1
XM_067091236.1	M1
XM_067091240.1	M1
XM_067091241.1	M1
XM_067091246.1	M1
XM_067091248.1	M4
XM_067091259.1	M1
XM_067091266.1	M1
XM_067091274.1	M1
XM_067091277.1	M6
XM_067091279.1	M1
XM_067091282.1	M0
XM_067091283.1	M1
XM_067091284.1	M2
XM_067091285.1	M14
XM_067091287.1	M7
XM_067091288.1	M1
XM_067091289.1	M0
XM_067091291.1	M1
XM_067091294.1	M1
XM_067091295.1	M1
XM_067091297.1	M1
XM_067091298.1	M1
XM_067091307.1	M1
XM_067091308.1	M1
XM_067091311.1	M3
XM_067091314.1	M1
XM_067091318.1	M0
XM_067091321.1	M1
XM_067091322.1	M6
XM_067091326.1	M1
XM_067091327.1	M2
XM_067091328.1	M2
XM_067091332.1	M7
XM_067091344.1	M1
XM_067091351.1	M1
XM_067091353.1	M1
XM_067091356.1	M1
XM_067091358.1	M14
XM_067091371.1	M5
XM_067091373.1	M5
XM_067091374.1	M1
XM_067091375.1	M4
XM_067091376.1	M1
XM_067091378.1	M1
XM_067091379.1	M4
XM_067091381.1	M2
XM_067091382.1	M2
XM_067091383.1	M1
XM_067091386.1	M10
XM_067091388.1	M1
XM_067091389.1	M1
XM_067091395.1	M1
XM_067091399.1	M1
XM_067091401.1	M7
XM_067091403.1	M7
XM_067091404.1	M7
XM_067091408.1	M4
XM_067091409.1	M6
XM_067091411.1	M2
XM_067091416.1	M7
XM_067091417.1	M7
XM_067091418.1	M7
XM_067091419.1	M7
XM_067091420.1	M2
XM_067091436.1	M9
XM_067091437.1	M1
XM_067091445.1	M1
XM_067091446.1	M1
XM_067091447.1	M1
XM_067091448.1	M3
XM_067091471.1	M0
XM_067091485.1	M0
XM_067091498.1	M2
XM_067091501.1	M7
XM_067091503.1	M7
XM_067091504.1	M7
XM_067091505.1	M2
XM_067091506.1	M2
XM_067091507.1	M1
XM_067091508.1	M8
XM_067091509.1	M3
XM_067091510.1	M5
XM_067091511.1	M5
XM_067091512.1	M5
XM_067091513.1	M4
XM_067091518.1	M1
XM_067091521.1	M14
XM_067091522.1	M1
XM_067091523.1	M1
XM_067091529.1	M1
XM_067091531.1	M8
XM_067091538.1	M2
XM_067091547.1	M1
XM_067091552.1	M18
XM_067091559.1	M17
XM_067091568.1	M3
XM_067091571.1	M4
XM_067091573.1	M1
XM_067091576.1	M2
XM_067091580.1	M3
XM_067091581.1	M1
XM_067091586.1	M2
XM_067091588.1	M2
XM_067091589.1	M2
XM_067091593.1	M2
XM_067091621.1	M2
XM_067091622.1	M2
XM_067091625.1	M4
XM_067091627.1	M1
XM_067091630.1	M1
XM_067091632.1	M1
XM_067091633.1	M1
XM_067091636.1	M2
XM_067091638.1	M8
XM_067091639.1	M0
XM_067091642.1	M8
XM_067091644.1	M2
XM_067091647.1	M1
XM_067091651.1	M1
XM_067091654.1	M1
XM_067091655.1	M1
XM_067091656.1	M1
XM_067091661.1	M1
XM_067091665.1	M4
XM_067091666.1	M6
XM_067091671.1	M7
XM_067091673.1	M1
XM_067091674.1	M6
XM_067091675.1	M3
XM_067091676.1	M4
XM_067091678.1	M1
XM_067091679.1	M1
XM_067091682.1	M1
XM_067091683.1	M1
XM_067091695.1	M1
XM_067091698.1	M1
XM_067091699.1	M6
XM_067091714.1	M1
XM_067091715.1	M1
XM_067091727.1	M1
XM_067091733.1	M6
XM_067091736.1	M1
XM_067091737.1	M2
XM_067091741.1	M1
XM_067091745.1	M1
XM_067091747.1	M7
XM_067091748.1	M7
XM_067091749.1	M2
XM_067091754.1	M2
XM_067091756.1	M7
XM_067091757.1	M2
XM_067091758.1	M2
XM_067091759.1	M7
XM_067091760.1	M2
XM_067091768.1	M1
XM_067091774.1	M1
XM_067091776.1	M1
XM_067091777.1	M1
XM_067091778.1	M1
XM_067091783.1	M1
XM_067091789.1	M1
XM_067091790.1	M1
XM_067091791.1	M1
XM_067091793.1	M1
XM_067091795.1	M1
XM_067091796.1	M1
XM_067091797.1	M3
XM_067091798.1	M1
XM_067091799.1	M1
XM_067091806.1	M1
XM_067091807.1	M3
XM_067091808.1	M6
XM_067091809.1	M1
XM_067091810.1	M1
XM_067091820.1	M1
XM_067091821.1	M4
XM_067091822.1	M1
XM_067091833.1	M1
XM_067091843.1	M2
XM_067091844.1	M2
XM_067091866.1	M14
XM_067091868.1	M1
XM_067091871.1	M1
XM_067091874.1	M1
XM_067091875.1	M1
XM_067091876.1	M1
XM_067091877.1	M1
XM_067091880.1	M1
XM_067091882.1	M1
XM_067091883.1	M1
XM_067091889.1	M4
XM_067091891.1	M2
XM_067091902.1	M1
XM_067091908.1	M4
XM_067091911.1	M1
XM_067091912.1	M3
XM_067091921.1	M1
XM_067091930.1	M1
XM_067091934.1	M3
XM_067091948.1	M8
XM_067091953.1	M1
XM_067091957.1	M1
XM_067091960.1	M1
XM_067091961.1	M2
XM_067091963.1	M5
XM_067091964.1	M5
XM_067091966.1	M1
XM_067091967.1	M1
XM_067091969.1	M1
XM_067091971.1	M1
XM_067091972.1	M1
XM_067091973.1	M1
XM_067091981.1	M2
XM_067091982.1	M2
XM_067091983.1	M2
XM_067091984.1	M2
XM_067091985.1	M1
XM_067091990.1	M3
XM_067091992.1	M1
XM_067091993.1	M3
XM_067091994.1	M1
XM_067091995.1	M4
XM_067092002.1	M8
XM_067092013.1	M3
XM_067092015.1	M3
XM_067092017.1	M2
XM_067092023.1	M1
XM_067092027.1	M1
XM_067092029.1	M1
XM_067092031.1	M7
XM_067092032.1	M2
XM_067092034.1	M2
XM_067092038.1	M1
XM_067092041.1	M1
XM_067092042.1	M1
XM_067092043.1	M3
XM_067092047.1	M1
XM_067092050.1	M1
XM_067092051.1	M1
XM_067092052.1	M6
XM_067092053.1	M2
XM_067092055.1	M4
XM_067092056.1	M3
XM_067092059.1	M2
XM_067092060.1	M2
XM_067092061.1	M2
XM_067092062.1	M1
XM_067092063.1	M6
XM_067092066.1	M2
XM_067092067.1	M4
XM_067092068.1	M4
XM_067092069.1	M4
XM_067092083.1	M3
XM_067092086.1	M1
XM_067092089.1	M1
XM_067092091.1	M1
XM_067092092.1	M1
XM_067092094.1	M7
XM_067092097.1	M1
XM_067092098.1	M4
XM_067092102.1	M2
XM_067092104.1	M2
XM_067092105.1	M2
XM_067092110.1	M1
XM_067092113.1	M1
XM_067092115.1	M3
XM_067092125.1	M1
XM_067092126.1	M1
XM_067092127.1	M2
XM_067092129.1	M1
XM_067092130.1	M1
XM_067092131.1	M1
XM_067092132.1	M1
XM_067092134.1	M1
XM_067092136.1	M3
XM_067092138.1	M1
XM_067092139.1	M2
XM_067092141.1	M3
XM_067092142.1	M1
XM_067092143.1	M1
XM_067092154.1	M2
XM_067092156.1	M2
XM_067092166.1	M1
XM_067092167.1	M1
XM_067092168.1	M1
XM_067092170.1	M1
XM_067092173.1	M2
XM_067092174.1	M1
XM_067092175.1	M1
XM_067092177.1	M1
XM_067092181.1	M6
XM_067092193.1	M5
XM_067092195.1	M9
XM_067092196.1	M5
XM_067092197.1	M5
XM_067092200.1	M2
XM_067092211.1	M11
XM_067092226.1	M10
XM_067092239.1	M2
XM_067092246.1	M1
XM_067092249.1	M4
XM_067092250.1	M1
XM_067092252.1	M1
XM_067092260.1	M1
XM_067092272.1	M2
XM_067092274.1	M2
XM_067092275.1	M3
XM_067092276.1	M8
XM_067092297.1	M1
XM_067092305.1	M1
XM_067092311.1	M1
XM_067092317.1	M1
XM_067092321.1	M7
XM_067092331.1	M2
XM_067092332.1	M2
XM_067092334.1	M2
XM_067092335.1	M8
XM_067092351.1	M7
XM_067092353.1	M2
XM_067092361.1	M1
XM_067092369.1	M2
XM_067092393.1	M1
XM_067092405.1	M1
XM_067092438.1	M1
XM_067092471.1	M3
XM_067092512.1	M1
XM_067092517.1	M1
XM_067092518.1	M1
XM_067092519.1	M2
XM_067092520.1	M1
XM_067092521.1	M1
XM_067092523.1	M7
XM_067092528.1	M7
XM_067092529.1	M7
XM_067092532.1	M1
XM_067092534.1	M1
XM_067092535.1	M1
XM_067092541.1	M1
XM_067092546.1	M1
XM_067092549.1	M1
XM_067092550.1	M1
XM_067092554.1	M3
XM_067092555.1	M6
XM_067092558.1	M1
XM_067092568.1	M1
XM_067092569.1	M2
XM_067092571.1	M1
XM_067092572.1	M3
XM_067092574.1	M2
XM_067092575.1	M1
XM_067092577.1	M1
XM_067092578.1	M3
XM_067092580.1	M2
XM_067092586.1	M8
XM_067092587.1	M1
XM_067092592.1	M3
XM_067092595.1	M4
XM_067092596.1	M1
XM_067092604.1	M4
XM_067092606.1	M2
XM_067092607.1	M3
XM_067092610.1	M1
XM_067092613.1	M1
XM_067092619.1	M2
XM_067092634.1	M0
XM_067092655.1	M4
XM_067092656.1	M3
XM_067092658.1	M4
XM_067092659.1	M4
XM_067092661.1	M11
XM_067092664.1	M5
XM_067092673.1	M1
XM_067092674.1	M2
XM_067092675.1	M1
XM_067092678.1	M1
XM_067092681.1	M6
XM_067092687.1	M4
XM_067092703.1	M0
XM_067092706.1	M1
XM_067092707.1	M1
XM_067092708.1	M1
XM_067092709.1	M1
XM_067092713.1	M2
XM_067092716.1	M2
XM_067092717.1	M2
XM_067092718.1	M2
XM_067092723.1	M2
XM_067092724.1	M10
XM_067092725.1	M10
XM_067092726.1	M2
XM_067092741.1	M9
XM_067092748.1	M2
XM_067092749.1	M8
XM_067092751.1	M6
XM_067092752.1	M1
XM_067092770.1	M1
XM_067092784.1	M3
XM_067092786.1	M11
XM_067092793.1	M1
XM_067092797.1	M1
XM_067092805.1	M1
XM_067092812.1	M1
XM_067092813.1	M1
XM_067092815.1	M1
XM_067092820.1	M1
XM_067092821.1	M1
XM_067092822.1	M1
XM_067092824.1	M1
XM_067092826.1	M5
XM_067092827.1	M1
XM_067092838.1	M1
XM_067092841.1	M1
XM_067092845.1	M1
XM_067092846.1	M4
XM_067092850.1	M1
XM_067092873.1	M1
XM_067092879.1	M8
XM_067092881.1	M1
XM_067092882.1	M15
XM_067092883.1	M5
XM_067092887.1	M1
XM_067092896.1	M2
XM_067092909.1	M2
XM_067092911.1	M8
XM_067092914.1	M6
XM_067092915.1	M1
XM_067092917.1	M1
XM_067092926.1	M3
XM_067092927.1	M1
XM_067092932.1	M1
XM_067092936.1	M9
XM_067092937.1	M1
XM_067092938.1	M1
XM_067092941.1	M1
XM_067092946.1	M3
XM_067092947.1	M4
XM_067092950.1	M1
XM_067092953.1	M3
XM_067092972.1	M3
XM_067092981.1	M5
XM_067092988.1	M0
XM_067092991.1	M1
XM_067092992.1	M5
XM_067092993.1	M5
XM_067093011.1	M2
XM_067093015.1	M1
XM_067093026.1	M6
XM_067093027.1	M1
XM_067093042.1	M3
XM_067093043.1	M5
XM_067093049.1	M1
XM_067093050.1	M1
XM_067093054.1	M1
XM_067093056.1	M1
XM_067093059.1	M4
XM_067093060.1	M5
XM_067093063.1	M4
XM_067093076.1	M4
XM_067093082.1	M1
XM_067093084.1	M1
XM_067093089.1	M1
XM_067093092.1	M3
XM_067093096.1	M3
XM_067093104.1	M1
XM_067093107.1	M4
XM_067093108.1	M2
XM_067093113.1	M1
XM_067093115.1	M5
XM_067093116.1	M1
XM_067093119.1	M3
XM_067093123.1	M1
XM_067093129.1	M7
XM_067093130.1	M4
XM_067093132.1	M1
XM_067093133.1	M1
XM_067093134.1	M1
XM_067093137.1	M1
XM_067093140.1	M3
XM_067093143.1	M2
XM_067093144.1	M1
XM_067093147.1	M1
XM_067093149.1	M1
XM_067093150.1	M1
XM_067093151.1	M3
XM_067093153.1	M1
XM_067093157.1	M1
XM_067093161.1	M2
XM_067093162.1	M2
XM_067093163.1	M1
XM_067093165.1	M2
XM_067093166.1	M1
XM_067093169.1	M1
XM_067093170.1	M1
XM_067093171.1	M1
XM_067093174.1	M1
XM_067093175.1	M1
XM_067093177.1	M1
XM_067093191.1	M1
XM_067093192.1	M1
XM_067093194.1	M9
XM_067093202.1	M1
XM_067093203.1	M1
XM_067093206.1	M2
XM_067093208.1	M1
XM_067093210.1	M1
XM_067093212.1	M4
XM_067093213.1	M4
XM_067093214.1	M12
XM_067093216.1	M7
XM_067093224.1	M10
XM_067093225.1	M1
XM_067093226.1	M1
XM_067093237.1	M2
XM_067093242.1	M2
XM_067093244.1	M4
XM_067093245.1	M1
XM_067093250.1	M2
XM_067093252.1	M3
XM_067093254.1	M8
XM_067093266.1	M1
XM_067093273.1	M1
XM_067093279.1	M5
XM_067093281.1	M1
XM_067093286.1	M1
XM_067093293.1	M2
XM_067093312.1	M1
XM_067093316.1	M2
XM_067093318.1	M3
XM_067093324.1	M2
XM_067093354.1	M1
XM_067093356.1	M6
XM_067093358.1	M1
XM_067093359.1	M1
XM_067093365.1	M3
XM_067093366.1	M1
XM_067093372.1	M1
XM_067093378.1	M1
XM_067093385.1	M4
XM_067093392.1	M1
XM_067093393.1	M4
XM_067093394.1	M1
XM_067093395.1	M2
XM_067093396.1	M1
XM_067093397.1	M2
XM_067093398.1	M13
XM_067093400.1	M3
XM_067093402.1	M1
XM_067093408.1	M1
XM_067093410.1	M1
XM_067093411.1	M4
XM_067093413.1	M1
XM_067093414.1	M1
XM_067093424.1	M2
XM_067093426.1	M6
XM_067093428.1	M1
XM_067093429.1	M4
XM_067093430.1	M5
XM_067093431.1	M7
XM_067093432.1	M7
XM_067093435.1	M1
XM_067093443.1	M1
XM_067093444.1	M7
XM_067093445.1	M4
XM_067093446.1	M4
XM_067093447.1	M1
XM_067093448.1	M1
XM_067093449.1	M1
XM_067093451.1	M8
XM_067093453.1	M2
XM_067093454.1	M1
XM_067093457.1	M3
XM_067093458.1	M6
XM_067093459.1	M1
XM_067093460.1	M1
XM_067093461.1	M5
XM_067093469.1	M1
XM_067093480.1	M1
XM_067093483.1	M4
XM_067093510.1	M4
XM_067093513.1	M4
XM_067093516.1	M2
XM_067093517.1	M1
XM_067093521.1	M1
XM_067093524.1	M2
XM_067093525.1	M4
XM_067093527.1	M1
XM_067093529.1	M10
XM_067093530.1	M3
XM_067093532.1	M1
XM_067093534.1	M1
XM_067093535.1	M1
XM_067093537.1	M1
XM_067093539.1	M2
XM_067093540.1	M2
XM_067093541.1	M1
XM_067093542.1	M1
XM_067093543.1	M1
XM_067093545.1	M1
XM_067093546.1	M1
XM_067093547.1	M1
XM_067093550.1	M1
XM_067093551.1	M1
XM_067093552.1	M1
XM_067093553.1	M1
XM_067093556.1	M0
XM_067093558.1	M1
XM_067093560.1	M6
XM_067093561.1	M1
XM_067093562.1	M1
XM_067093563.1	M5
XM_067093564.1	M1
XM_067093565.1	M1
XM_067093566.1	M3
XM_067093568.1	M3
XM_067093573.1	M1
XM_067093575.1	M2
XM_067093576.1	M2
XM_067093577.1	M1
XM_067093578.1	M1
XM_067093579.1	M2
XM_067093580.1	M4
XM_067093582.1	M1
XM_067093600.1	M2
XM_067093606.1	M1
XM_067093609.1	M2
XM_067093612.1	M1
XM_067093614.1	M2
XM_067093615.1	M2
XM_067093616.1	M2
XM_067093618.1	M5
XM_067093621.1	M9
XM_067093625.1	M7
XM_067093626.1	M4
XM_067093627.1	M5
XM_067093630.1	M4
XM_067093632.1	M1
XM_067093633.1	M1
XM_067093635.1	M1
XM_067093636.1	M5
XM_067093638.1	M1
XM_067093641.1	M5
XM_067093645.1	M1
XM_067093647.1	M3
XM_067093648.1	M1
XM_067093651.1	M2
XM_067093652.1	M2
XM_067093653.1	M1
XM_067093655.1	M7
XM_067093656.1	M2
XM_067093657.1	M1
XM_067093661.1	M1
XM_067093662.1	M1
XM_067093675.1	M2
XM_067093686.1	M1
XM_067093687.1	M2
XM_067093698.1	M1
XM_067093714.1	M3
XM_067093722.1	M9
XM_067093723.1	M3
XM_067093766.1	M7
XM_067093777.1	M1
XM_067093779.1	M1
XM_067093790.1	M7
XM_067093793.1	M3
XM_067093807.1	M2
XM_067093808.1	M4
XM_067093812.1	M4
XM_067093813.1	M2
XM_067093818.1	M1
XM_067093819.1	M4
XM_067093820.1	M1
XM_067093824.1	M1
XM_067093828.1	M1
XM_067093831.1	M2
XM_067093842.1	M1
XM_067093844.1	M3
XM_067093847.1	M1
XM_067093849.1	M3
XM_067093857.1	M1
XM_067093862.1	M1
XM_067093863.1	M1
XM_067093866.1	M1
XM_067093867.1	M2
XM_067093870.1	M5
XM_067093871.1	M2
XM_067093872.1	M1
XM_067093874.1	M1
XM_067093879.1	M2
XM_067093880.1	M2
XM_067093883.1	M3
XM_067093886.1	M3
XM_067093887.1	M1
XM_067093891.1	M1
XM_067093902.1	M2
XM_067093906.1	M4
XM_067093907.1	M7
XM_067093909.1	M2
XM_067093911.1	M1
XM_067093912.1	M5
XM_067093913.1	M1
XM_067093914.1	M1
XM_067093919.1	M1
XM_067093921.1	M2
XM_067093922.1	M7
XM_067093923.1	M4
XM_067093924.1	M6
XM_067093925.1	M1
XM_067093926.1	M8
XM_067093931.1	M8
XM_067093934.1	M2
XM_067093937.1	M1
XM_067093942.1	M2
XM_067093951.1	M1
XM_067093952.1	M1
XM_067093953.1	M1
XM_067093957.1	M7
XM_067093958.1	M2
XM_067093960.1	M1
XM_067093976.1	M1
XM_067093977.1	M1
XM_067093978.1	M1
XM_067093980.1	M1
XM_067094038.1	M1
XM_067094039.1	M1
XM_067094044.1	M1
XM_067094062.1	M1
XM_067094065.1	M1
XM_067094069.1	M5
XM_067094071.1	M7
XM_067094072.1	M4
XM_067094075.1	M1
XM_067094076.1	M1
XM_067094079.1	M1
XM_067094082.1	M1
XM_067094095.1	M1
XM_067094096.1	M2
XM_067094106.1	M1
XM_067094108.1	M1
XM_067094109.1	M1
XM_067094115.1	M1
XM_067094138.1	M3
XM_067094140.1	M11
XM_067094151.1	M1
XM_067094153.1	M1
XM_067094154.1	M7
XM_067094156.1	M2
XM_067094157.1	M1
XM_067094159.1	M1
XM_067094161.1	M1
XM_067094164.1	M1
XM_067094165.1	M1
XM_067094166.1	M1
XM_067094167.1	M3
XM_067094168.1	M7
XM_067094205.1	M2
XM_067094226.1	M1
XM_067094227.1	M1
XM_067094229.1	M1
XM_067094230.1	M2
XM_067094233.1	M2
XM_067094236.1	M3
XM_067094237.1	M3
XM_067094238.1	M2
XM_067094241.1	M1
XM_067094245.1	M1
XM_067094246.1	M3
XM_067094249.1	M2
XM_067094250.1	M1
XM_067094251.1	M2
XM_067094252.1	M1
XM_067094255.1	M2
XM_067094256.1	M3
XM_067094257.1	M3
XM_067094258.1	M3
XM_067094259.1	M16
XM_067094260.1	M6
XM_067094263.1	M4
XM_067094268.1	M1
XM_067094281.1	M1
XM_067094286.1	M3
XM_067094287.1	M1
XM_067094288.1	M1
XM_067094289.1	M1
XM_067094293.1	M1
XM_067094297.1	M6
XM_067094303.1	M1
XM_067094304.1	M1
XM_067094305.1	M1
XM_067094306.1	M2
XM_067094308.1	M2
XM_067094309.1	M1
XM_067094311.1	M1
XM_067094319.1	M12
XM_067094335.1	M1
XM_067094336.1	M1
XM_067094339.1	M1
XM_067094341.1	M5
XM_067094342.1	M1
XM_067094343.1	M1
XM_067094344.1	M3
XM_067094346.1	M1
XM_067094349.1	M4
XM_067094352.1	M1
XM_067094356.1	M3
XM_067094358.1	M1
XM_067094385.1	M5
XM_067094388.1	M1
XM_067094391.1	M17
XM_067094400.1	M1
XM_067094404.1	M7
XM_067094407.1	M6
XM_067094414.1	M9
XM_067094423.1	M1
XM_067094437.1	M2
XM_067094439.1	M1
XM_067094456.1	M2
XM_067094468.1	M2
XM_067094475.1	M2
XM_067094480.1	M2
XM_067094481.1	M2
XM_067094485.1	M1
XM_067094487.1	M1
XM_067094488.1	M9
XM_067094491.1	M4
XM_067094502.1	M1
XM_067094531.1	M7
XM_067094533.1	M13
XM_067094564.1	M4
XM_067094569.1	M1
XM_067094582.1	M1
XM_067094591.1	M11
XM_067094593.1	M2
XM_067094594.1	M1
XM_067094598.1	M2
XM_067094603.1	M5
XM_067094605.1	M1
XM_067094662.1	M1
XM_067094664.1	M1
XM_067094665.1	M1
XM_067094671.1	M14
XM_067094689.1	M1
XM_067094692.1	M1
XM_067094696.1	M1
XM_067094697.1	M1
XM_067094700.1	M1
XM_067094724.1	M12
XM_067094737.1	M9
XM_067094739.1	M1
XM_067094740.1	M9
XM_067094762.1	M1
XM_067094769.1	M4
XM_067094776.1	M1
XM_067094786.1	M1
XM_067094793.1	M2
XM_067094797.1	M5
XM_067094798.1	M2
XM_067094802.1	M2
XM_067094804.1	M2
XM_067094805.1	M1
XM_067094808.1	M1
XM_067094809.1	M1
XM_067094810.1	M3
XM_067094818.1	M3
XM_067094826.1	M1
XM_067094830.1	M3
XM_067094831.1	M1
XM_067094832.1	M1
XM_067094841.1	M1
XM_067094842.1	M1
XM_067094846.1	M7
XM_067094847.1	M7
XM_067094850.1	M1
XM_067094851.1	M2
XM_067094852.1	M10
XM_067094854.1	M1
XM_067094855.1	M2
XM_067094856.1	M2
XM_067094857.1	M2
XM_067094858.1	M2
XM_067094859.1	M7
XM_067094863.1	M1
XM_067094872.1	M12
XM_067094875.1	M1
XM_067094876.1	M2
XM_067094877.1	M1
XM_067094878.1	M1
XM_067094880.1	M1
XM_067094881.1	M4
XM_067094882.1	M4
XM_067094883.1	M5
XM_067094885.1	M5
XM_067094890.1	M6
XM_067094891.1	M2
XM_067094892.1	M4
XM_067094893.1	M1
XM_067094900.1	M2
XM_067094905.1	M1
XM_067094928.1	M2
XM_067094931.1	M1
XM_067094937.1	M1
XM_067094938.1	M1
XM_067094940.1	M1
XM_067094941.1	M1
XM_067094943.1	M8
XM_067094945.1	M3
XM_067094947.1	M1
XM_067094948.1	M1
XM_067094951.1	M1
XM_067094965.1	M2
XM_067094978.1	M3
XM_067094987.1	M2
XM_067094990.1	M3
XM_067094991.1	M4
XM_067094992.1	M11
XM_067094996.1	M1
XM_067094999.1	M1
XM_067095033.1	M4
XM_067095038.1	M2
XM_067095044.1	M4
XM_067095058.1	M6
XM_067095062.1	M1
XM_067095067.1	M1
XM_067095090.1	M5
XM_067095093.1	M1
XM_067095096.1	M1
XM_067095097.1	M1
XM_067095100.1	M1
XM_067095104.1	M8
XM_067095105.1	M1
XM_067095114.1	M1
XM_067095118.1	M1
XM_067095119.1	M1
XM_067095120.1	M2
XM_067095121.1	M2
XM_067095122.1	M1
XM_067095123.1	M0
XM_067095124.1	M7
XM_067095125.1	M1
XM_067095126.1	M1
XM_067095127.1	M1
XM_067095130.1	M2
XM_067095131.1	M1
XM_067095132.1	M3
XM_067095133.1	M1
XM_067095136.1	M1
XM_067095138.1	M1
XM_067095139.1	M6
XM_067095140.1	M14
XM_067095142.1	M1
XM_067095145.1	M1
XM_067095152.1	M2
XM_067095168.1	M4
XM_067095169.1	M3
XM_067095170.1	M2
XM_067095171.1	M1
XM_067095178.1	M11
XM_067095180.1	M3
XM_067095182.1	M6
XM_067095184.1	M2
XM_067095187.1	M2
XM_067095190.1	M1
XM_067095191.1	M1
XM_067095192.1	M1
XM_067095193.1	M1
XM_067095197.1	M1
XM_067095198.1	M1
XM_067095202.1	M4
XM_067095204.1	M2
XM_067095205.1	M2
XM_067095206.1	M2
XM_067095215.1	M1
XM_067095217.1	M1
XM_067095223.1	M1
XM_067095224.1	M1
XM_067095225.1	M2
XM_067095226.1	M1
XM_067095232.1	M3
XM_067095234.1	M1
XM_067095235.1	M3
XM_067095236.1	M1
XM_067095238.1	M1
XM_067095239.1	M1
XM_067095242.1	M3
XM_067095243.1	M3
XM_067095244.1	M1
XM_067095245.1	M1
XM_067095247.1	M1
XM_067095248.1	M4
XM_067095250.1	M3
XM_067095251.1	M6
XM_067095253.1	M2
XM_067095254.1	M1
XM_067095256.1	M8
XM_067095257.1	M5
XM_067095258.1	M0
XM_067095259.1	M8
XM_067095260.1	M3
XM_067095263.1	M1
XM_067095264.1	M1
XM_067095270.1	M6
XM_067095271.1	M6
XM_067095272.1	M6
XM_067095274.1	M6
XM_067095283.1	M6
XM_067095290.1	M2
XM_067095299.1	M1
XM_067095302.1	M3
XM_067095306.1	M2
XM_067095307.1	M1
XM_067095311.1	M1
XM_067095315.1	M2
XM_067095318.1	M2
XM_067095319.1	M2
XM_067095331.1	M7
XM_067095333.1	M5
XM_067095334.1	M1
XM_067095339.1	M1
XM_067095340.1	M2
XM_067095341.1	M2
XM_067095342.1	M5
XM_067095351.1	M1
XM_067095353.1	M2
XM_067095365.1	M3
XM_067095368.1	M1
XM_067095378.1	M1
XM_067095388.1	M7
XM_067095390.1	M3
XM_067095393.1	M1
XM_067095397.1	M2
XM_067095398.1	M11
XM_067095415.1	M5
XM_067095416.1	M2
XM_067095418.1	M2
XM_067095419.1	M2
XM_067095429.1	M5
XM_067095432.1	M0
XM_067095434.1	M1
XM_067095435.1	M1
XM_067095436.1	M1
XM_067095442.1	M1
XM_067095444.1	M6
XM_067095445.1	M4
XM_067095447.1	M16
XM_067095452.1	M1
XM_067095460.1	M1
XM_067095466.1	M3
XM_067095472.1	M1
XM_067095474.1	M1
XM_067095492.1	M1
XM_067095493.1	M1
XM_067095494.1	M1
XM_067095497.1	M1
XM_067095501.1	M1
XM_067095515.1	M1
XM_067095517.1	M1
XM_067095527.1	M2
XM_067095541.1	M2
XM_067095542.1	M1
XM_067095546.1	M1
XM_067095548.1	M1
XM_067095557.1	M2
XM_067095561.1	M1
XM_067095562.1	M9
XM_067095563.1	M1
XM_067095568.1	M1
XM_067095585.1	M1
XM_067095593.1	M1
XM_067095595.1	M1
XM_067095599.1	M1
XM_067095605.1	M1
XM_067095610.1	M1
XM_067095618.1	M1
XM_067095619.1	M1
XM_067095620.1	M1
XM_067095621.1	M5
XM_067095622.1	M1
XM_067095624.1	M2
XM_067095626.1	M4
XM_067095627.1	M4
XM_067095628.1	M3
XM_067095648.1	M16
XM_067095658.1	M1
XM_067095664.1	M4
XM_067095665.1	M2
XM_067095666.1	M7
XM_067095669.1	M1
XM_067095671.1	M1
XM_067095672.1	M1
XM_067095674.1	M1
XM_067095675.1	M1
XM_067095680.1	M4
XM_067095684.1	M3
XM_067095694.1	M1
XM_067095695.1	M1
XM_067095700.1	M8
XM_067095703.1	M6
XM_067095709.1	M3
XM_067095710.1	M3
XM_067095719.1	M1
XM_067095720.1	M6
XM_067095722.1	M3
XM_067095724.1	M1
XM_067095748.1	M1
XM_067095754.1	M1
XM_067095764.1	M1
XM_067095770.1	M7
XM_067095782.1	M2
XM_067095784.1	M2
XM_067095787.1	M1
XM_067095789.1	M1
XM_067095790.1	M1
XM_067095794.1	M1
XM_067095795.1	M2
XM_067095799.1	M1
XM_067095800.1	M2
XM_067095805.1	M1
XM_067095807.1	M3
XM_067095808.1	M1
XM_067095810.1	M1
XM_067095812.1	M1
XM_067095814.1	M1
XM_067095815.1	M1
XM_067095816.1	M4
XM_067095817.1	M4
XM_067095818.1	M1
XM_067095819.1	M1
XM_067095821.1	M6
XM_067095827.1	M2
XM_067095831.1	M1
XM_067095835.1	M2
XM_067095841.1	M1
XM_067095843.1	M3
XM_067095847.1	M1
XM_067095851.1	M8
XM_067095852.1	M4
XM_067095853.1	M1
XM_067095854.1	M9
XM_067095872.1	M1
XM_067095873.1	M1
XM_067095875.1	M0
XM_067095876.1	M1
XM_067095877.1	M1
XM_067095881.1	M1
XM_067095885.1	M7
XM_067095892.1	M9
XM_067095894.1	M3
XM_067095896.1	M1
XM_067095897.1	M7
XM_067095898.1	M2
XM_067095903.1	M2
XM_067095920.1	M7
XM_067095922.1	M7
XM_067095923.1	M7
XM_067095929.1	M1
XM_067095930.1	M1
XM_067095931.1	M1
XM_067095933.1	M1
XM_067095934.1	M1
XM_067095935.1	M1
XM_067095936.1	M1
XM_067095940.1	M1
XM_067095941.1	M4
XM_067095942.1	M1
XM_067095943.1	M3
XM_067095945.1	M1
XM_067095946.1	M1
XM_067095947.1	M1
XM_067095956.1	M3
XM_067095959.1	M2
XM_067095961.1	M5
XM_067095965.1	M1
XM_067095966.1	M1
XM_067095967.1	M3
XM_067095968.1	M1
XM_067095973.1	M1
XM_067095976.1	M1
XM_067095978.1	M1
XM_067095979.1	M1
XM_067095982.1	M2
XM_067095983.1	M5
XM_067095985.1	M1
XM_067095996.1	M1
XM_067095997.1	M1
XM_067096001.1	M1
XM_067096003.1	M1
XM_067096006.1	M1
XM_067096007.1	M1
XM_067096015.1	M1
XM_067096017.1	M1
XM_067096021.1	M1
XM_067096022.1	M1
XM_067096027.1	M1
XM_067096028.1	M1
XM_067096029.1	M1
XM_067096030.1	M6
XM_067096031.1	M3
XM_067096032.1	M2
XM_067096034.1	M1
XM_067096035.1	M1
XM_067096038.1	M1
XM_067096040.1	M3
XM_067096041.1	M5
XM_067096046.1	M6
XM_067096050.1	M2
XM_067096051.1	M2
XM_067096055.1	M1
XM_067096056.1	M1
XM_067096057.1	M3
XM_067096069.1	M1
XM_067096073.1	M1
XM_067096078.1	M1
XM_067096079.1	M1
XM_067096081.1	M1
XM_067096089.1	M2
XM_067096090.1	M0
XM_067096091.1	M4
XM_067096093.1	M1
XM_067096101.1	M4
XM_067096102.1	M5
XM_067096103.1	M5
XM_067096105.1	M2
XM_067096106.1	M1
XM_067096108.1	M5
XM_067096114.1	M1
XM_067096119.1	M3
XM_067096121.1	M1
XM_067096126.1	M3
XM_067096127.1	M1
XM_067096129.1	M1
XM_067096130.1	M1
XM_067096140.1	M1
XM_067096144.1	M2
XM_067096145.1	M1
XM_067096153.1	M1
XM_067096160.1	M1
XM_067096166.1	M1
XM_067096167.1	M1
XM_067096168.1	M1
XM_067096178.1	M2
XM_067096181.1	M2
XM_067096184.1	M2
XM_067096201.1	M4
XM_067096203.1	M2
XM_067096210.1	M6
XM_067096225.1	M1
XM_067096226.1	M1
XM_067096227.1	M6
XM_067096228.1	M1
XM_067096231.1	M1
XM_067096233.1	M6
XM_067096234.1	M15
XM_067096235.1	M1
XM_067096238.1	M1
XM_067096244.1	M4
XM_067096249.1	M1
XM_067096258.1	M2
XM_067096259.1	M5
XM_067096261.1	M1
XM_067096269.1	M2
XM_067096270.1	M2
XM_067096274.1	M3
XM_067096276.1	M1
XM_067096278.1	M1
XM_067096281.1	M1
XM_067096283.1	M1
XM_067096284.1	M1
XM_067096285.1	M1
XM_067096303.1	M2
XM_067096305.1	M6
XM_067096308.1	M1
XM_067096309.1	M1
XM_067096311.1	M1
XM_067096314.1	M1
XM_067096316.1	M5
XM_067096318.1	M1
XM_067096322.1	M6
XM_067096323.1	M5
XM_067096324.1	M5
XM_067096335.1	M5
XM_067096349.1	M7
XM_067096352.1	M1
XM_067096361.1	M4
XM_067096363.1	M7
XM_067096367.1	M2
XM_067096374.1	M1
XM_067096422.1	M1
XM_067096435.1	M3
XM_067096442.1	M3
XM_067096445.1	M2
XM_067096446.1	M2
XM_067096447.1	M0
XM_067096460.1	M5
XM_067096468.1	M1
XM_067096470.1	M2
XM_067096471.1	M2
XM_067096473.1	M2
XM_067096474.1	M1
XM_067096476.1	M1
XM_067096477.1	M3
XM_067096478.1	M1
XM_067096484.1	M4
XM_067096486.1	M1
XM_067096487.1	M3
XM_067096494.1	M4
XM_067096495.1	M1
XM_067096496.1	M3
XM_067096499.1	M1
XM_067096500.1	M1
XM_067096501.1	M1
XM_067096511.1	M2
XM_067096513.1	M14
XM_067096515.1	M6
XM_067096516.1	M3
XM_067096517.1	M2
XM_067096518.1	M1
XM_067096519.1	M1
XM_067096520.1	M7
XM_067096530.1	M5
XM_067096556.1	M2
XM_067096557.1	M3
XM_067096570.1	M3
XM_067096571.1	M2
XM_067096574.1	M1
XM_067096575.1	M1
XM_067096576.1	M1
XM_067096577.1	M1
XM_067096578.1	M1
XM_067096580.1	M1
XM_067096585.1	M1
XM_067096586.1	M1
XM_067096592.1	M2
XM_067096593.1	M1
XM_067096594.1	M1
XM_067096595.1	M3
XM_067096598.1	M2
XM_067096601.1	M7
XM_067096606.1	M1
XM_067096608.1	M1
XM_067096618.1	M5
XM_067096620.1	M1
XM_067096621.1	M1
XM_067096622.1	M6
XM_067096625.1	M1
XM_067096627.1	M4
XM_067096628.1	M5
XM_067096629.1	M5
XM_067096630.1	M1
XM_067096631.1	M2
XM_067096633.1	M1
XM_067096638.1	M4
XM_067096640.1	M1
XM_067096641.1	M2
XM_067096642.1	M2
XM_067096644.1	M4
XM_067096645.1	M4
XM_067096647.1	M2
XM_067096649.1	M1
XM_067096651.1	M1
XM_067096652.1	M1
XM_067096653.1	M1
XM_067096654.1	M1
XM_067096661.1	M4
XM_067096668.1	M1
XM_067096669.1	M1
XM_067096670.1	M1
XM_067096672.1	M1
XM_067096674.1	M8
XM_067096675.1	M1
XM_067096677.1	M1
XM_067096678.1	M1
XM_067096682.1	M1
XM_067096686.1	M1
XM_067096689.1	M7
XM_067096700.1	M1
XM_067096716.1	M1
XM_067096719.1	M1
XM_067096720.1	M5
XM_067096722.1	M1
XM_067096723.1	M1
XM_067096737.1	M1
XM_067096739.1	M1
XM_067096760.1	M1
XM_067096781.1	M4
XM_067096785.1	M2
XM_067096790.1	M2
XM_067096796.1	M4
XM_067096798.1	M1
XM_067096799.1	M2
XM_067096800.1	M1
XM_067096802.1	M1
XM_067096803.1	M1
XM_067096804.1	M4
XM_067096805.1	M1
XM_067096806.1	M4
XM_067096817.1	M3
XM_067096820.1	M5
XM_067096822.1	M5
XM_067096823.1	M5
XM_067096830.1	M2
XM_067096834.1	M2
XM_067096836.1	M1
XM_067096838.1	M7
XM_067096840.1	M0
XM_067096841.1	M1
XM_067096842.1	M1
XM_067096844.1	M1
XM_067096851.1	M5
XM_067096852.1	M2
XM_067096856.1	M1
XM_067096861.1	M1
XM_067096872.1	M1
XM_067096885.1	M3
XM_067096887.1	M1
XM_067096890.1	M1
XM_067096891.1	M5
XM_067096901.1	M2
XM_067096903.1	M3
XM_067096905.1	M8
XM_067096906.1	M3
XM_067096907.1	M3
XM_067096908.1	M1
XM_067096912.1	M1
XM_067096916.1	M3
XM_067096920.1	M2
XM_067096929.1	M6
XM_067096930.1	M4
XM_067096931.1	M10
XM_067096933.1	M1
XM_067096935.1	M1
XM_067096936.1	M1
XM_067096938.1	M6
XM_067096943.1	M0
XM_067096944.1	M1
XM_067096947.1	M7
XM_067096959.1	M7
XM_067096960.1	M0
XM_067096962.1	M4
XM_067096975.1	M4
XM_067096982.1	M1
XM_067096984.1	M6
XM_067096986.1	M1
XM_067096987.1	M1
XM_067096988.1	M1
XM_067096989.1	M3
XM_067096990.1	M1
XM_067096999.1	M4
XM_067097001.1	M4
XM_067097002.1	M2
XM_067097005.1	M4
XM_067097007.1	M1
XM_067097008.1	M1
XM_067097012.1	M1
XM_067097016.1	M4
XM_067097017.1	M1
XM_067097027.1	M2
XM_067097032.1	M3
XM_067097039.1	M7
XM_067097042.1	M1
XM_067097043.1	M1
XM_067097045.1	M1
XM_067097047.1	M1
XM_067097048.1	M1
XM_067097050.1	M1
XM_067097052.1	M3
XM_067097054.1	M2
XM_067097055.1	M4
XM_067097064.1	M1
XM_067097070.1	M2
XM_067097071.1	M2
XM_067097072.1	M2
XM_067097074.1	M3
XM_067097078.1	M3
XM_067097083.1	M6
XM_067097092.1	M1
XM_067097106.1	M1
XM_067097138.1	M1
XM_067097158.1	M1
XM_067097169.1	M6
XM_067097181.1	M4
XM_067097185.1	M1
XM_067097188.1	M1
XM_067097193.1	M1
XM_067097199.1	M1
XM_067097207.1	M2
XM_067097217.1	M2
XM_067097222.1	M2
XM_067097230.1	M2
XM_067097245.1	M1
XM_067097255.1	M1
XM_067097281.1	M18
XM_067097284.1	M2
XM_067097286.1	M1
XM_067097291.1	M2
XM_067097296.1	M15
XM_067097303.1	M1
XM_067097310.1	M1
XM_067097313.1	M1
XM_067097319.1	M1
XM_067097320.1	M2
XM_067097324.1	M2
XM_067097325.1	M1
XM_067097327.1	M1
XM_067097328.1	M1
XM_067097330.1	M1
XM_067097331.1	M2
XM_067097334.1	M2
XM_067097336.1	M2
XM_067097342.1	M2
XM_067097348.1	M1
XM_067097350.1	M2
XM_067097355.1	M2
XM_067097372.1	M1
XM_067097375.1	M1
XM_067097381.1	M1
XM_067097386.1	M13
XM_067097390.1	M13
XM_067097391.1	M13
XM_067097395.1	M13
XM_067097397.1	M7
XM_067097404.1	M3
XM_067097409.1	M1
XM_067097413.1	M1
XM_067097414.1	M4
XM_067097419.1	M2
XM_067097422.1	M1
XM_067097427.1	M6
XM_067097429.1	M2
XM_067097430.1	M2
XM_067097431.1	M5
XM_067097439.1	M2
XM_067097442.1	M3
XM_067097453.1	M7
XM_067097470.1	M2
XM_067097475.1	M6
XM_067097492.1	M6
XM_067097499.1	M6
XM_067097500.1	M1
XM_067097506.1	M1
XM_067097511.1	M3
XM_067097513.1	M4
XM_067097522.1	M1
XM_067097523.1	M6
XM_067097528.1	M4
XM_067097532.1	M1
XM_067097538.1	M1
XM_067097541.1	M1
XM_067097544.1	M4
XM_067097550.1	M5
XM_067097553.1	M1
XM_067097563.1	M1
XM_067097566.1	M1
XM_067097567.1	M1
XM_067097569.1	M8
XM_067097578.1	M1
XM_067097581.1	M2
XM_067097582.1	M8
XM_067097589.1	M3
XM_067097592.1	M1
XM_067097611.1	M1
XM_067097612.1	M1
XM_067097617.1	M1
XM_067097619.1	M1
XM_067097624.1	M1
XM_067097627.1	M1
XM_067097630.1	M6
XM_067097631.1	M4
XM_067097638.1	M1
XM_067097644.1	M1
XM_067097648.1	M7
XM_067097649.1	M7
XM_067097651.1	M2
XM_067097652.1	M2
XM_067097657.1	M1
XM_067097660.1	M1
XM_067097661.1	M1
XM_067097663.1	M3
XM_067097665.1	M7
XM_067097666.1	M1
XM_067097667.1	M1
XM_067097669.1	M1
XM_067097670.1	M2
XM_067097671.1	M2
XM_067097672.1	M2
XM_067097673.1	M1
XM_067097674.1	M4
XM_067097689.1	M1
XM_067097693.1	M1
XM_067097695.1	M1
XM_067097697.1	M1
XM_067097698.1	M8
XM_067097699.1	M1
XM_067097709.1	M2
XM_067097710.1	M2
XM_067097711.1	M2
XM_067097716.1	M1
XM_067097718.1	M4
XM_067097722.1	M1
XM_067097724.1	M8
XM_067097725.1	M1
XM_067097729.1	M4
XM_067097730.1	M1
XM_067097734.1	M1
XM_067097743.1	M1
XM_067097745.1	M1
XM_067097746.1	M2
XM_067097748.1	M1
XM_067097753.1	M1
XM_067097754.1	M8
XM_067097756.1	M1
XM_067097758.1	M1
XM_067097761.1	M12
XM_067097764.1	M7
XM_067097765.1	M7
XM_067097767.1	M1
XM_067097769.1	M13
XM_067097770.1	M2
XM_067097771.1	M5
XM_067097781.1	M1
XM_067097782.1	M3
XM_067097786.1	M1
XM_067097790.1	M3
XM_067097796.1	M0
XM_067097800.1	M1
XM_067097802.1	M1
XM_067097813.1	M1
XM_067097816.1	M2
XM_067097818.1	M2
XM_067097821.1	M1
XM_067097825.1	M2
XM_067097834.1	M1
XM_067097841.1	M1
XM_067097842.1	M1
XM_067097844.1	M1
XM_067097845.1	M1
XM_067097846.1	M1
XM_067097847.1	M1
XM_067097851.1	M1
XM_067097852.1	M8
XM_067097853.1	M1
XM_067097854.1	M1
XM_067097863.1	M11
XM_067097865.1	M1
XM_067097875.1	M2
XM_067097885.1	M5
XM_067097909.1	M1
XM_067097910.1	M1
XM_067097911.1	M1
XM_067097916.1	M1
XM_067097921.1	M6
XM_067097950.1	M4
XM_067097954.1	M10
XM_067097955.1	M10
XM_067097956.1	M4
XM_067097957.1	M6
XM_067097959.1	M6
XM_067097960.1	M6
XM_067097963.1	M1
XM_067097965.1	M1
XM_067097966.1	M5
XM_067097976.1	M4
XM_067097978.1	M13
XM_067097979.1	M1
XM_067097983.1	M3
XM_067097985.1	M2
XM_067097986.1	M2
XM_067097989.1	M1
XM_067097990.1	M1
XM_067097991.1	M1
XM_067097992.1	M1
XM_067097993.1	M1
XM_067097995.1	M1
XM_067097996.1	M7
XM_067097997.1	M1
XM_067098003.1	M1
XM_067098014.1	M1
XM_067098015.1	M2
XM_067098017.1	M1
XM_067098021.1	M1
XM_067098036.1	M1
XM_067098037.1	M5
XM_067098038.1	M1
XM_067098040.1	M8
XM_067098041.1	M0
XM_067098044.1	M4
XM_067098047.1	M1
XM_067098051.1	M3
XM_067098052.1	M1
XM_067098053.1	M1
XM_067098055.1	M1
XM_067098056.1	M1
XM_067098057.1	M1
XM_067098081.1	M1
XM_067098088.1	M1
XM_067098089.1	M1
XM_067098091.1	M1
XM_067098107.1	M1
XM_067098108.1	M8
XM_067098109.1	M9
XM_067098114.1	M2
XM_067098118.1	M1
XM_067098120.1	M4
XM_067098124.1	M1
XM_067098136.1	M1
XM_067098139.1	M6
XM_067098145.1	M6
XM_067098146.1	M2
XM_067098150.1	M1
XM_067098151.1	M3
XM_067098153.1	M1
XM_067098154.1	M3
XM_067098158.1	M2
XM_067098159.1	M7
XM_067098161.1	M12
XM_067098165.1	M2
XM_067098166.1	M2
XM_067098167.1	M3
XM_067098168.1	M1
XM_067098173.1	M2
XM_067098174.1	M7
XM_067098175.1	M9
XM_067098176.1	M1
XM_067098178.1	M2
XM_067098198.1	M2
XM_067098233.1	M1
XM_067098234.1	M4
XM_067098236.1	M1
XM_067098243.1	M1
XM_067098244.1	M2
XM_067098246.1	M1
XM_067098247.1	M1
XM_067098249.1	M3
XM_067098250.1	M2
XM_067098255.1	M1
XM_067098260.1	M1
XM_067098266.1	M1
XM_067098270.1	M2
XM_067098275.1	M3
XM_067098276.1	M8
XM_067098277.1	M2
XM_067098278.1	M1
XM_067098279.1	M1
XM_067098283.1	M4
XM_067098284.1	M4
XM_067098310.1	M2
XM_067098324.1	M2
XM_067098327.1	M3
XM_067098337.1	M3
XM_067098345.1	M1
XM_067098353.1	M2
XM_067098358.1	M1
XM_067098360.1	M1
XM_067098365.1	M3
XM_067098366.1	M1
XM_067098367.1	M5
XM_067098368.1	M2
XM_067098370.1	M6
XM_067098374.1	M13
XM_067098376.1	M7
XM_067098378.1	M4
XM_067098379.1	M6
XM_067098382.1	M1
XM_067098383.1	M1
XM_067098384.1	M12
XM_067098387.1	M2
XM_067098396.1	M1
XM_067098397.1	M1
XM_067098398.1	M2
XM_067098400.1	M5
XM_067098403.1	M5
XM_067098404.1	M1
XM_067098405.1	M7
XM_067098411.1	M1
XM_067098414.1	M5
XM_067098417.1	M2
XM_067098423.1	M1
XM_067098429.1	M1
XM_067098431.1	M4
XM_067098433.1	M4
XM_067098438.1	M9
XM_067098450.1	M4
XM_067098452.1	M1
XM_067098455.1	M6
XM_067098457.1	M1
XM_067098458.1	M4
XM_067098459.1	M1
XM_067098460.1	M2
XM_067098461.1	M1
XM_067098462.1	M4
XM_067098464.1	M1
XM_067098465.1	M4
XM_067098467.1	M2
XM_067098474.1	M1
XM_067098475.1	M1
XM_067098478.1	M2
XM_067098483.1	M1
XM_067098484.1	M1
XM_067098487.1	M1
XM_067098488.1	M1
XM_067098491.1	M2
XM_067098492.1	M2
XM_067098493.1	M6
XM_067098501.1	M3
XM_067098502.1	M1
XM_067098503.1	M1
XM_067098504.1	M1
XM_067098509.1	M8
XM_067098515.1	M1
XM_067098517.1	M2
XM_067098519.1	M1
XM_067098533.1	M7
XM_067098534.1	M1
XM_067098537.1	M4
XM_067098538.1	M1
XM_067098539.1	M1
XM_067098542.1	M1
XM_067098543.1	M1
XM_067098545.1	M1
XM_067098548.1	M1
XM_067098558.1	M1
XM_067098559.1	M1
XM_067098571.1	M1
XM_067098574.1	M3
XM_067098575.1	M1
XM_067098576.1	M1
XM_067098590.1	M1
XM_067098591.1	M5
XM_067098593.1	M1
XM_067098601.1	M2
XM_067098604.1	M1
XM_067098605.1	M11
XM_067098606.1	M5
XM_067098607.1	M3
XM_067098608.1	M4
XM_067098609.1	M1
XM_067098610.1	M2
XM_067098613.1	M4
XM_067098614.1	M5
XM_067098615.1	M4
XM_067098616.1	M1
XM_067098617.1	M2
XM_067098619.1	M2
XM_067098620.1	M2
XM_067098621.1	M2
XM_067098622.1	M1
XM_067098630.1	M2
XM_067098631.1	M1
XM_067098636.1	M1
XM_067098640.1	M1
XM_067098646.1	M2
XM_067098649.1	M6
XM_067098654.1	M1
XM_067098661.1	M1
XM_067098662.1	M2
XM_067098665.1	M2
XM_067098668.1	M2
XM_067098685.1	M2
XM_067098697.1	M1
XM_067098705.1	M3
XM_067098708.1	M6
XM_067098714.1	M1
XM_067098715.1	M2
XM_067098716.1	M4
XM_067098726.1	M6
XM_067098727.1	M2
XM_067098728.1	M2
XM_067098735.1	M1
XM_067098736.1	M1
XM_067098737.1	M1
XM_067098741.1	M2
XM_067098746.1	M1
XM_067098759.1	M2
XM_067098760.1	M1
XM_067098761.1	M2
XM_067098763.1	M2
XM_067098764.1	M7
XM_067098766.1	M13
XM_067098772.1	M3
XM_067098774.1	M1
XM_067098779.1	M1
XM_067098780.1	M3
XM_067098797.1	M1
XM_067098798.1	M2
XM_067098802.1	M2
XM_067098803.1	M8
XM_067098814.1	M1
XM_067098817.1	M1
XM_067098820.1	M1
XM_067098823.1	M1
XM_067098829.1	M1
XM_067098833.1	M3
XM_067098837.1	M1
XM_067098840.1	M1
XM_067098851.1	M6
XM_067098856.1	M4
XM_067098864.1	M2
XM_067098865.1	M1
XM_067098869.1	M1
XM_067098870.1	M1
XM_067098871.1	M1
XM_067098882.1	M1
XM_067098884.1	M4
XM_067098886.1	M2
XM_067098887.1	M1
XM_067098889.1	M15
XM_067098896.1	M1
XM_067098898.1	M1
XM_067098899.1	M1
XM_067098902.1	M1
XM_067098904.1	M1
XM_067098905.1	M1
XM_067098908.1	M2
XM_067098910.1	M1
XM_067098911.1	M1
XM_067098914.1	M1
XM_067098917.1	M1
XM_067098918.1	M1
XM_067098927.1	M6
XM_067098946.1	M1
XM_067098949.1	M5
XM_067098975.1	M1
XM_067098979.1	M13
XM_067098980.1	M2
XM_067098981.1	M2
XM_067098982.1	M1
XM_067098983.1	M2
XM_067098984.1	M2
XM_067098985.1	M2
XM_067098989.1	M2
XM_067098993.1	M2
XM_067098995.1	M4
XM_067098998.1	M1
XM_067098999.1	M1
XM_067099007.1	M1
XM_067099008.1	M1
XM_067099009.1	M3
XM_067099021.1	M2
XM_067099023.1	M1
XM_067099026.1	M3
XM_067099033.1	M1
XM_067099039.1	M4
XM_067099042.1	M2
XM_067099047.1	M1
XM_067099049.1	M1
XM_067099053.1	M3
XM_067099055.1	M9
XM_067099067.1	M1
XM_067099072.1	M8
XM_067099073.1	M1
XM_067099079.1	M1
XM_067099089.1	M1
XM_067099097.1	M8
XM_067099100.1	M8
XM_067099101.1	M4
XM_067099102.1	M1
XM_067099105.1	M1
XM_067099106.1	M2
XM_067099108.1	M4
XM_067099109.1	M4
XM_067099111.1	M2
XM_067099114.1	M1
XM_067099142.1	M5
XM_067099155.1	M1
XM_067099156.1	M8
XM_067099157.1	M3
XM_067099158.1	M2
XM_067099159.1	M6
XM_067099160.1	M4
XM_067099161.1	M8
XM_067099162.1	M0
XM_067099163.1	M1
XM_067099164.1	M5
XM_067099166.1	M1
XM_067099168.1	M1
XM_067099171.1	M1
XM_067099174.1	M1
XM_067099181.1	M1
XM_067099182.1	M2
XM_067099183.1	M14
XM_067099185.1	M4
XM_067099186.1	M10
XM_067099190.1	M10
XM_067099194.1	M1
XM_067099196.1	M4
XM_067099199.1	M0
XM_067099201.1	M0
XM_067099204.1	M2
XM_067099207.1	M1
XM_067099208.1	M3
XM_067099221.1	M1
XM_067099222.1	M1
XM_067099225.1	M5
XM_067099234.1	M1
XM_067099235.1	M4
XM_067099236.1	M0
XM_067099240.1	M5
XM_067099241.1	M5
XM_067099242.1	M5
XM_067099243.1	M1
XM_067099244.1	M1
XM_067099251.1	M1
XM_067099252.1	M1
XM_067099254.1	M1
XM_067099262.1	M6
XM_067099265.1	M17
XM_067099271.1	M6
XM_067099274.1	M6
XM_067099277.1	M1
XM_067099290.1	M4
XM_067099292.1	M4
XM_067099293.1	M1
XM_067099294.1	M1
XM_067099297.1	M2
XM_067099298.1	M2
XM_067099299.1	M2
XM_067099300.1	M2
XM_067099302.1	M2
XM_067099305.1	M3
XM_067099337.1	M8
XM_067099342.1	M1
XM_067099349.1	M1
XM_067099351.1	M1
XM_067099352.1	M9
XM_067099353.1	M1
XM_067099354.1	M4
XM_067099355.1	M3
XM_067099356.1	M1
XM_067099371.1	M1
XM_067099374.1	M2
XM_067099375.1	M1
XM_067099382.1	M1
XM_067099384.1	M1
XM_067099385.1	M2
XM_067099386.1	M2
XM_067099387.1	M1
XM_067099388.1	M7
XM_067099390.1	M4
XM_067099391.1	M4
XM_067099392.1	M1
XM_067099395.1	M1
XM_067099396.1	M1
XM_067099397.1	M2
XM_067099402.1	M2
XM_067099407.1	M2
XM_067099408.1	M2
XM_067099413.1	M0
XM_067099421.1	M2
XM_067099423.1	M1
XM_067099424.1	M2
XM_067099425.1	M4
XM_067099426.1	M2
XM_067099432.1	M1
XM_067099433.1	M1
XM_067099435.1	M1
XM_067099436.1	M6
XM_067099437.1	M5
XM_067099439.1	M2
XM_067099440.1	M2
XM_067099441.1	M7
XM_067099444.1	M2
XM_067099445.1	M7
XM_067099459.1	M2
XM_067099460.1	M2
XM_067099461.1	M1
XM_067099462.1	M1
XM_067099464.1	M1
XM_067099469.1	M1
XM_067099470.1	M2
XM_067099471.1	M7
XM_067099472.1	M2
XM_067099473.1	M7
XM_067099478.1	M1
XM_067099480.1	M6
XM_067099497.1	M3
XM_067099498.1	M2
XM_067099499.1	M2
XM_067099509.1	M1
XM_067099510.1	M1
XM_067099511.1	M2
XM_067099512.1	M14
XM_067099525.1	M1
XM_067099530.1	M3
XM_067099531.1	M1
XM_067099533.1	M2
XM_067099539.1	M7
XM_067099560.1	M6
XM_067099564.1	M5
XM_067099572.1	M1
XM_067099578.1	M2
XM_067099582.1	M6
XM_067099594.1	M6
XM_067099601.1	M1
XM_067099611.1	M2
XM_067099615.1	M1
XM_067099619.1	M3
XM_067099620.1	M1
XM_067099621.1	M2
XM_067099633.1	M3
XM_067099634.1	M3
XM_067099639.1	M3
XM_067099642.1	M1
XM_067099655.1	M1
XM_067099658.1	M2
XM_067099669.1	M1
XM_067099671.1	M4
XM_067099679.1	M3
XM_067099680.1	M1
XM_067099703.1	M3
XM_067099706.1	M5
XM_067099708.1	M1
XM_067099709.1	M7
XM_067099710.1	M2
XM_067099712.1	M1
XM_067099724.1	M2
XM_067099726.1	M1
XM_067099728.1	M1
XM_067099734.1	M4
XM_067099737.1	M1
XM_067099738.1	M2
XM_067099739.1	M2
XM_067099747.1	M3
XM_067099752.1	M2
XM_067099756.1	M0
XM_067099768.1	M8
XM_067099769.1	M1
XM_067099776.1	M1
XM_067099778.1	M1
XM_067099796.1	M13
XM_067099797.1	M1
XM_067099800.1	M1
XM_067099801.1	M1
XM_067099803.1	M1
XM_067099804.1	M1
XM_067099805.1	M1
XM_067099807.1	M2
XM_067099813.1	M1
XM_067099828.1	M1
XM_067099829.1	M1
XM_067099833.1	M1
XM_067099834.1	M3
XM_067099845.1	M4
XM_067099852.1	M3
XM_067099853.1	M7
XM_067099854.1	M4
XM_067099863.1	M3
XM_067099864.1	M1
XM_067099874.1	M2
XM_067099875.1	M2
XM_067099882.1	M1
XM_067099887.1	M4
XM_067099895.1	M2
XM_067099902.1	M4
XM_067099903.1	M12
XM_067099904.1	M10
XM_067099910.1	M1
XM_067099920.1	M1
XM_067099922.1	M1
XM_067099926.1	M2
XM_067099934.1	M2
XM_067099936.1	M5
XM_067099939.1	M10
XM_067099941.1	M1
XM_067099942.1	M1
XM_067099946.1	M1
XM_067099947.1	M1
XM_067099954.1	M1
XM_067099955.1	M1
XM_067099956.1	M1
XM_067099959.1	M2
XM_067099986.1	M1
XM_067099987.1	M4
XM_067099990.1	M1
XM_067099991.1	M1
XM_067099996.1	M2
XM_067099997.1	M9
XM_067099998.1	M8
XM_067100006.1	M1
XM_067100023.1	M1
XM_067100029.1	M1
XM_067100031.1	M2
XM_067100033.1	M1
XM_067100041.1	M2
XM_067100047.1	M6
XM_067100048.1	M1
XM_067100053.1	M3
XM_067100055.1	M1
XM_067100060.1	M1
XM_067100062.1	M11
XM_067100066.1	M1
XM_067100072.1	M2
XM_067100079.1	M2
XM_067100080.1	M2
XM_067100081.1	M2
XM_067100082.1	M2
XM_067100086.1	M6
XM_067100089.1	M6
XM_067100093.1	M1
XM_067100101.1	M1
XM_067100102.1	M2
XM_067100106.1	M1
XM_067100110.1	M1
XM_067100111.1	M8
XM_067100113.1	M1
XM_067100114.1	M4
XM_067100115.1	M1
XM_067100123.1	M2
XM_067100125.1	M2
XM_067100128.1	M1
XM_067100130.1	M8
XM_067100132.1	M1
XM_067100133.1	M6
XM_067100141.1	M4
XM_067100160.1	M3
XM_067100164.1	M1
XM_067100175.1	M1
XM_067100181.1	M1
XM_067100197.1	M2
XM_067100202.1	M1
XM_067100209.1	M1
XM_067100236.1	M1
XM_067100240.1	M1
XM_067100248.1	M1
XM_067100250.1	M1
XM_067100260.1	M1
XM_067100261.1	M1
XM_067100267.1	M1
XM_067100269.1	M1
XM_067100271.1	M1
XM_067100272.1	M6
XM_067100274.1	M1
XM_067100276.1	M1
XM_067100279.1	M7
XM_067100280.1	M1
XM_067100289.1	M1
XM_067100291.1	M6
XM_067100295.1	M1
XM_067100299.1	M1
XM_067100305.1	M1
XM_067100306.1	M7
XM_067100309.1	M1
XM_067100312.1	M1
XM_067100318.1	M1
XM_067100319.1	M1
XM_067100320.1	M1
XM_067100329.1	M2
XM_067100330.1	M2
XM_067100331.1	M2
XM_067100333.1	M2
XM_067100337.1	M1
XM_067100338.1	M1
XM_067100346.1	M1
XM_067100347.1	M1
XM_067100354.1	M3
XM_067100363.1	M1
XM_067100365.1	M2
XM_067100366.1	M13
XM_067100367.1	M8
XM_067100371.1	M2
XM_067100374.1	M2
XM_067100384.1	M2
XM_067100388.1	M2
XM_067100391.1	M2
XM_067100393.1	M2
XM_067100404.1	M7
XM_067100410.1	M1
XM_067100412.1	M3
XM_067100413.1	M1
XM_067100414.1	M1
XM_067100416.1	M6
XM_067100418.1	M4
XM_067100419.1	M2
XM_067100423.1	M1
XM_067100426.1	M14
XM_067100428.1	M3
XM_067100438.1	M1
XM_067100443.1	M3
XM_067100476.1	M3
XM_067100481.1	M11
XM_067100482.1	M1
XM_067100490.1	M1
XM_067100497.1	M1
XM_067100501.1	M2
XM_067100502.1	M1
XM_067100503.1	M1
XM_067100504.1	M1
XM_067100505.1	M1
XM_067100511.1	M1
XM_067100512.1	M1
XM_067100513.1	M1
XM_067100515.1	M1
XM_067100521.1	M4
XM_067100522.1	M2
XM_067100523.1	M4
XM_067100527.1	M2
XM_067100533.1	M1
XM_067100534.1	M2
XM_067100535.1	M1
XM_067100537.1	M1
XM_067100538.1	M4
XM_067100539.1	M4
XM_067100546.1	M1
XM_067100548.1	M1
XM_067100549.1	M1
XM_067100551.1	M1
XM_067100552.1	M5
XM_067100555.1	M1
XM_067100556.1	M1
XM_067100561.1	M4
XM_067100562.1	M6
XM_067100569.1	M2
XM_067100574.1	M3
XM_067100575.1	M1
XM_067100576.1	M3
XM_067100578.1	M1
XM_067100583.1	M4
XM_067100584.1	M6
XM_067100586.1	M1
XM_067100587.1	M5
XM_067100589.1	M1
XM_067100590.1	M1
XM_067100591.1	M1
XM_067100593.1	M1
XM_067100594.1	M5
XM_067100596.1	M1
XM_067100597.1	M1
XM_067100598.1	M1
XM_067100600.1	M16
XM_067100613.1	M2
XM_067100615.1	M1
XM_067100619.1	M6
XM_067100620.1	M4
XM_067100622.1	M1
XM_067100623.1	M3
XM_067100633.1	M1
XM_067100634.1	M1
XM_067100639.1	M7
XM_067100640.1	M7
XM_067100641.1	M2
XM_067100642.1	M2
XM_067100643.1	M1
XM_067100644.1	M1
XM_067100646.1	M5
XM_067100647.1	M5
XM_067100650.1	M1
XM_067100657.1	M8
XM_067100659.1	M9
XM_067100662.1	M1
XM_067100664.1	M3
XM_067100667.1	M4
XM_067100671.1	M1
XM_067100673.1	M1
XM_067100675.1	M1
XM_067100691.1	M1
XM_067100709.1	M6
XM_067100712.1	M1
XM_067100716.1	M17
XM_067100725.1	M3
XM_067100736.1	M3
XM_067100738.1	M8
XM_067100740.1	M1
XM_067100741.1	M1
XM_067100742.1	M3
XM_067100744.1	M1
XM_067100745.1	M1
XM_067100747.1	M1
XM_067100775.1	M4
XM_067100789.1	M6
XM_067100791.1	M0
XM_067100793.1	M1
XM_067100806.1	M4
XM_067100809.1	M1
XM_067100811.1	M1
XM_067100813.1	M7
XM_067100814.1	M6
XM_067100816.1	M1
XM_067100817.1	M1
XM_067100818.1	M1
XM_067100819.1	M1
XM_067100821.1	M1
XM_067100824.1	M1
XM_067100825.1	M4
XM_067100840.1	M6
XM_067100845.1	M1
XM_067100847.1	M11
XM_067100850.1	M7
XM_067100851.1	M7
XM_067100860.1	M1
XM_067100867.1	M2
XM_067100869.1	M1
XM_067100870.1	M1
XM_067100877.1	M1
XM_067100878.1	M1
XM_067100884.1	M7
XM_067100889.1	M1
XM_067100890.1	M1
XM_067100891.1	M1
XM_067100893.1	M1
XM_067100894.1	M9
XM_067100898.1	M7
XM_067100904.1	M2
XM_067100948.1	M4
XM_067100958.1	M1
XM_067100962.1	M2
XM_067100963.1	M2
XM_067100975.1	M9
XM_067100979.1	M1
XM_067100980.1	M6
XM_067100983.1	M1
XM_067100992.1	M2
XM_067100995.1	M4
XM_067100998.1	M8
XM_067101011.1	M2
XM_067101012.1	M1
XM_067101013.1	M6
XM_067101018.1	M1
XM_067101019.1	M1
XM_067101022.1	M2
XM_067101023.1	M2
XM_067101026.1	M1
XM_067101029.1	M1
XM_067101030.1	M1
XM_067101032.1	M2
XM_067101034.1	M1
XM_067101035.1	M4
XM_067101036.1	M4
XM_067101037.1	M2
XM_067101043.1	M1
XM_067101045.1	M1
XM_067101046.1	M1
XM_067101047.1	M2
XM_067101054.1	M3
XM_067101066.1	M9
XM_067101074.1	M10
XM_067101075.1	M1
XM_067101083.1	M2
XM_067101084.1	M6
XM_067101088.1	M2
XM_067101104.1	M1
XM_067101105.1	M11
XM_067101107.1	M2
XM_067101108.1	M4
XM_067101111.1	M1
XM_067101112.1	M1
XM_067101117.1	M1
XM_067101125.1	M1
XM_067101127.1	M1
XM_067101128.1	M1
XM_067101129.1	M1
XM_067101130.1	M4
XM_067101137.1	M1
XM_067101140.1	M1
XM_067101141.1	M1
XM_067101142.1	M1
XM_067101143.1	M2
XM_067101145.1	M5
XM_067101148.1	M2
XM_067101149.1	M1
XM_067101151.1	M1
XM_067101152.1	M1
XM_067101155.1	M2
XM_067101157.1	M7
XM_067101158.1	M1
XM_067101159.1	M1
XM_067101169.1	M5
XM_067101178.1	M2
XM_067101180.1	M2
XM_067101185.1	M2
XM_067101187.1	M3
XM_067101191.1	M3
XM_067101200.1	M3
XM_067101201.1	M1
XM_067101207.1	M1
XM_067101208.1	M1
XM_067101209.1	M6
XM_067101212.1	M6
XM_067101213.1	M2
XM_067101216.1	M2
XM_067101217.1	M1
XM_067101220.1	M1
XM_067101226.1	M2
XM_067101230.1	M1
XM_067101237.1	M7
XM_067101241.1	M2
XM_067101242.1	M0
XM_067101243.1	M1
XM_067101250.1	M2
XM_067101251.1	M2
XM_067101254.1	M14
XM_067101255.1	M2
XM_067101260.1	M2
XM_067101264.1	M2
XM_067101267.1	M2
XM_067101272.1	M1
XM_067101275.1	M1
XM_067101279.1	M1
XM_067101280.1	M3
XM_067101282.1	M6
XM_067101285.1	M1
XM_067101288.1	M1
XM_067101291.1	M1
XM_067101292.1	M1
XM_067101293.1	M8
XM_067101300.1	M1
XM_067101301.1	M3
XM_067101304.1	M1
XM_067101306.1	M2
XM_067101316.1	M1
XM_067101319.1	M1
XM_067101339.1	M1
XM_067101341.1	M5
XM_067101342.1	M2
XM_067101343.1	M1
XM_067101344.1	M1
XM_067101345.1	M1
XM_067101348.1	M1
XM_067101362.1	M1
XM_067101367.1	M6
XM_067101370.1	M4
XM_067101373.1	M4
XM_067101382.1	M1
XM_067101383.1	M14
XM_067101387.1	M1
XM_067101394.1	M14
XM_067101402.1	M6
XM_067101406.1	M1
XM_067101426.1	M1
XM_067101430.1	M1
XM_067101431.1	M4
XM_067101432.1	M3
XM_067101433.1	M4
XM_067101434.1	M3
XM_067101437.1	M9
XM_067101440.1	M5
XM_067101442.1	M5
XM_067101443.1	M4
XM_067101447.1	M4
XM_067101450.1	M4
XM_067101457.1	M2
XM_067101458.1	M1
XM_067101463.1	M1
XM_067101464.1	M1
XM_067101465.1	M4
XM_067101467.1	M1
XM_067101469.1	M1
XM_067101472.1	M3
XM_067101473.1	M2
XM_067101474.1	M2
XM_067101475.1	M5
XM_067101476.1	M4
XM_067101479.1	M13
XM_067101482.1	M1
XM_067101485.1	M2
XM_067101487.1	M2
XM_067101489.1	M1
XM_067101490.1	M2
XM_067101495.1	M2
XM_067101497.1	M2
XM_067101500.1	M6
XM_067101502.1	M6
XM_067101515.1	M2
XM_067101519.1	M1
XM_067101530.1	M3
XM_067101532.1	M1
XM_067101533.1	M1
XM_067101535.1	M1
XM_067101536.1	M2
XM_067101539.1	M9
XM_067101540.1	M3
XM_067101544.1	M8
XM_067101545.1	M1
XM_067101546.1	M10
XM_067101550.1	M1
XM_067101560.1	M3
XM_067101574.1	M2
XM_067101575.1	M2
XM_067101576.1	M2
XM_067101577.1	M2
XM_067101579.1	M5
XM_067101582.1	M9
XM_067101583.1	M9
XM_067101584.1	M3
XM_067101587.1	M1
XM_067101598.1	M12
XM_067101601.1	M4
XM_067101602.1	M12
XM_067101603.1	M12
XM_067101604.1	M0
XM_067101605.1	M4
XM_067101608.1	M1
XM_067101609.1	M1
XM_067101611.1	M2
XM_067101612.1	M1
XM_067101613.1	M1
XM_067101614.1	M1
XM_067101616.1	M1
XM_067101618.1	M6
XM_067101621.1	M1
XM_067101622.1	M5
XM_067101623.1	M5
XM_067101624.1	M5
XM_067101625.1	M8
XM_067101628.1	M2
XM_067101629.1	M1
XM_067101630.1	M1
XM_067101632.1	M1
XM_067101638.1	M2
XM_067101639.1	M2
XM_067101655.1	M1
XM_067101656.1	M4
XM_067101669.1	M2
XM_067101670.1	M0
XM_067101672.1	M2
XM_067101676.1	M5
XM_067101677.1	M1
XM_067101679.1	M5
XM_067101685.1	M5
XM_067101687.1	M5
XM_067101694.1	M1
XM_067101695.1	M3
XM_067101696.1	M2
XM_067101707.1	M6
XM_067101709.1	M1
XM_067101714.1	M1
XM_067101719.1	M2
XM_067101728.1	M1
XM_067101731.1	M1
XM_067101732.1	M4
XM_067101733.1	M7
XM_067101734.1	M2
XM_067101739.1	M2
XM_067101742.1	M1
XM_067101743.1	M1
XM_067101753.1	M4
XM_067101778.1	M1
XM_067101780.1	M4
XM_067101781.1	M4
XM_067101808.1	M1
XM_067101809.1	M1
XM_067101812.1	M1
XM_067101813.1	M1
XM_067101814.1	M1
XM_067101818.1	M1
XM_067101820.1	M1
XM_067101822.1	M1
XM_067101830.1	M6
XM_067101836.1	M1
XM_067101837.1	M8
XM_067101841.1	M3
XM_067101844.1	M1
XM_067101870.1	M2
XM_067101871.1	M4
XM_067101872.1	M1
XM_067101873.1	M4
XM_067101875.1	M5
XM_067101878.1	M3
XM_067101879.1	M1
XM_067101881.1	M1
XM_067101882.1	M4
XM_067101884.1	M4
XM_067101886.1	M1
XM_067101888.1	M1
XM_067101899.1	M1
XM_067101902.1	M1
XM_067101903.1	M1
XM_067101906.1	M8
XM_067101911.1	M1
XM_067101914.1	M1
XM_067101972.1	M2
XM_067101995.1	M1
XM_067102003.1	M17
XM_067102038.1	M1
XM_067102048.1	M8
XM_067102049.1	M5
XM_067102050.1	M11
XM_067102052.1	M2
XM_067102058.1	M1
XM_067102062.1	M1
XM_067102063.1	M1
XM_067102067.1	M1
XM_067102080.1	M5
XM_067102082.1	M2
XM_067102100.1	M7
XM_067102101.1	M6
XM_067102104.1	M0
XM_067102105.1	M1
XM_067102108.1	M1
XM_067102113.1	M1
XM_067102128.1	M1
XM_067102134.1	M2
XM_067102141.1	M2
XM_067102142.1	M2
XM_067102145.1	M1
XM_067102152.1	M1
XM_067102153.1	M1
XM_067102157.1	M13
XM_067102160.1	M1
XM_067102161.1	M1
XM_067102162.1	M1
XM_067102163.1	M1
XM_067102164.1	M1
XM_067102165.1	M1
XM_067102167.1	M2
XM_067102174.1	M1
XM_067102175.1	M1
XM_067102176.1	M1
XM_067102182.1	M3
XM_067102196.1	M1
XM_067102214.1	M1
XM_067102215.1	M1
XM_067102222.1	M1
XM_067102230.1	M1
XM_067102231.1	M14
XM_067102233.1	M1
XM_067102234.1	M2
XM_067102236.1	M2
XM_067102237.1	M12
XM_067102241.1	M5
XM_067102248.1	M1
XM_067102262.1	M1
XM_067102263.1	M1
XM_067102269.1	M1
XM_067102272.1	M1
XM_067102275.1	M1
XM_067102279.1	M8
XM_067102281.1	M8
XM_067102283.1	M3
XM_067102284.1	M2
XM_067102307.1	M7
XM_067102327.1	M1
XM_067102329.1	M1
XM_067102339.1	M4
XM_067102343.1	M2
XM_067102352.1	M1
XM_067102353.1	M2
XM_067102360.1	M2
XM_067102377.1	M9
XM_067102380.1	M2
XM_067102382.1	M7
XM_067102385.1	M2
XM_067102387.1	M4
XM_067102394.1	M2
XM_067102395.1	M2
XM_067102397.1	M2
XM_067102398.1	M7
XM_067102402.1	M1
XM_067102417.1	M3
XM_067102428.1	M1
XM_067102429.1	M1
XM_067102430.1	M2
XM_067102432.1	M2
XM_067102433.1	M1
XM_067102435.1	M1
XM_067102436.1	M2
XM_067102439.1	M1
XM_067102440.1	M1
XM_067102441.1	M1
XM_067102442.1	M1
XM_067102443.1	M1
XM_067102444.1	M1
XM_067102454.1	M1
XM_067102461.1	M1
XM_067102464.1	M3
XM_067102550.1	M2
XM_067102563.1	M7
XM_067102565.1	M1
XM_067102566.1	M8
XM_067102567.1	M1
XM_067102568.1	M1
XM_067102598.1	M4
XM_067102603.1	M1
XM_067102609.1	M1
XM_067102616.1	M18
XM_067102618.1	M1
XM_067102642.1	M2
XM_067102645.1	M0
XM_067102652.1	M1
XM_067102653.1	M1
XM_067102658.1	M1
XM_067102670.1	M1
XM_067102675.1	M7
XM_067102676.1	M1
XM_067102677.1	M1
XM_067102681.1	M1
XM_067102683.1	M3
XM_067102687.1	M5
XM_067102689.1	M1
XM_067102691.1	M3
XM_067102700.1	M1
XM_067102702.1	M1
XM_067102712.1	M1
XM_067102739.1	M2
XM_067102791.1	M3
XM_067102804.1	M1
XM_067102805.1	M1
XM_067102832.1	M1
XM_067102838.1	M1
XM_067102840.1	M3
XM_067102853.1	M3
XM_067102862.1	M1
XM_067102875.1	M0
XM_067102881.1	M0
XM_067102883.1	M3
XM_067102885.1	M2
XM_067102886.1	M2
XM_067102888.1	M1
XM_067102898.1	M3
XM_067102906.1	M7
XM_067102914.1	M1
XM_067102924.1	M1
XM_067102934.1	M1
XM_067102939.1	M12
XM_067102940.1	M10
XM_067102948.1	M4
XM_067102950.1	M3
XM_067102953.1	M1
XM_067102954.1	M1
XM_067102965.1	M3
XM_067102966.1	M4
XM_067102967.1	M1
XM_067102968.1	M1
XM_067102969.1	M6
XM_067102970.1	M6
XM_067102971.1	M6
XM_067102972.1	M2
XM_067102973.1	M5
XM_067102975.1	M1
XM_067102977.1	M1
XM_067102979.1	M1
XM_067102983.1	M1
XM_067102984.1	M1
XM_067102985.1	M1
XM_067102991.1	M5
XM_067102999.1	M5
XM_067103022.1	M8
XM_067103023.1	M3
XM_067103025.1	M3
XM_067103032.1	M4
XM_067103034.1	M6
XM_067103039.1	M1
XM_067103042.1	M4
XM_067103053.1	M3
XM_067103058.1	M18
XM_067103066.1	M18
XM_067103072.1	M8
XM_067103084.1	M3
XM_067103097.1	M1
XM_067103101.1	M3
XM_067103155.1	M3
XM_067103159.1	M1
XM_067103168.1	M4
XM_067103169.1	M1
XM_067103170.1	M1
XM_067103171.1	M3
XM_067103172.1	M1
XM_067103173.1	M5
XM_067103174.1	M10
XM_067103175.1	M2
XM_067103176.1	M1
XM_067103179.1	M3
XM_067103180.1	M1
XM_067103183.1	M1
XM_067103195.1	M4
XM_067103196.1	M4
XM_067103197.1	M6
XM_067103200.1	M2
XM_067103202.1	M12
XM_067103211.1	M6
XM_067103213.1	M6
XM_067103216.1	M1
XM_067103218.1	M1
XM_067103229.1	M7
XM_067103230.1	M6
XM_067103232.1	M3
XM_067103233.1	M2
XM_067103235.1	M2
XM_067103237.1	M5
XM_067103238.1	M1
XM_067103239.1	M1
XM_067103240.1	M3
XM_067103242.1	M1
XM_067103250.1	M2
XM_067103252.1	M1
XM_067103270.1	M7
XM_067103275.1	M1
XM_067103287.1	M1
XM_067103288.1	M1
XM_067103290.1	M2
XM_067103291.1	M2
XM_067103292.1	M1
XM_067103293.1	M1
XM_067103295.1	M3
XM_067103296.1	M1
XM_067103297.1	M1
XM_067103298.1	M12
XM_067103305.1	M2
XM_067103312.1	M4
XM_067103319.1	M4
XM_067103326.1	M12
XM_067103332.1	M5
XM_067103333.1	M12
XM_067103334.1	M12
XM_067103336.1	M10
XM_067103337.1	M12
XM_067103338.1	M1
XM_067103339.1	M1
XM_067103343.1	M5
XM_067103349.1	M1
XM_067103351.1	M1
XM_067103364.1	M5
XM_067103365.1	M2
XM_067103370.1	M2
XM_067103371.1	M1
XM_067103372.1	M6
XM_067103373.1	M7
XM_067103374.1	M1
XM_067103380.1	M1
XM_067103382.1	M7
XM_067103386.1	M2
XM_067103387.1	M2
XM_067103389.1	M1
XM_067103390.1	M1
XM_067103394.1	M4
XM_067103395.1	M1
XM_067103397.1	M1
XM_067103400.1	M2
XM_067103401.1	M2
XM_067103402.1	M4
XM_067103416.1	M2
XM_067103418.1	M8
XM_067103419.1	M1
XM_067103420.1	M1
XM_067103422.1	M3
XM_067103427.1	M1
XM_067103440.1	M1
XM_067103441.1	M2
XM_067103442.1	M2
XM_067103443.1	M2
XM_067103448.1	M2
XM_067103451.1	M1
XM_067103453.1	M1
XM_067103457.1	M7
XM_067103477.1	M1
XM_067103478.1	M1
XM_067103479.1	M1
XM_067103484.1	M1
XM_067103489.1	M2
XM_067103490.1	M1
XM_067103494.1	M2
XM_067103495.1	M4
XM_067103496.1	M2
XM_067103499.1	M2
XM_067103507.1	M1
XM_067103510.1	M1
XM_067103549.1	M1
XM_067103550.1	M2
XM_067103552.1	M1
XM_067103566.1	M1
XM_067103567.1	M4
XM_067103569.1	M3
XM_067103570.1	M1
XM_067103575.1	M1
XM_067103577.1	M1
XM_067103578.1	M1
XM_067103588.1	M4
XM_067103598.1	M6
XM_067103599.1	M1
XM_067103601.1	M2
XM_067103605.1	M6
XM_067103607.1	M1
XM_067103608.1	M0
XM_067103610.1	M1
XM_067103617.1	M2
XM_067103626.1	M1
XM_067103629.1	M1
XM_067103632.1	M3
XM_067103633.1	M1
XM_067103635.1	M3
XM_067103636.1	M3
XM_067103637.1	M1
XM_067103638.1	M1
XM_067103639.1	M1
XM_067103641.1	M2
XM_067103643.1	M1
XM_067103648.1	M9
XM_067103650.1	M1
XM_067103657.1	M1
XM_067103660.1	M1
XM_067103667.1	M1
XM_067103668.1	M11
XM_067103676.1	M1
XM_067103677.1	M1
XM_067103678.1	M1
XM_067103679.1	M1
XM_067103681.1	M1
XM_067103686.1	M1
XM_067103687.1	M1
XM_067103688.1	M1
XM_067103689.1	M7
XM_067103691.1	M1
XM_067103695.1	M3
XM_067103699.1	M1
XM_067103702.1	M1
XM_067103705.1	M1
XM_067103709.1	M1
XM_067103718.1	M1
XM_067103719.1	M1
XM_067103720.1	M1
XM_067103732.1	M4
XM_067103752.1	M1
XM_067103758.1	M2
XM_067103761.1	M1
XM_067103764.1	M1
XM_067103767.1	M1
XM_067103768.1	M5
XM_067103769.1	M1
XM_067103784.1	M1
XM_067103786.1	M1
XM_067103788.1	M1
XM_067103789.1	M1
XM_067103790.1	M10
XM_067103791.1	M10
XM_067103794.1	M2
XM_067103795.1	M2
XM_067103796.1	M3
XM_067103798.1	M1
XM_067103800.1	M1
XM_067103802.1	M2
XM_067103814.1	M18
XM_067103817.1	M1
XM_067103819.1	M3
XM_067103821.1	M3
XM_067103825.1	M3
XM_067103850.1	M15
XM_067103851.1	M2
XM_067103852.1	M1
XM_067103854.1	M1
XM_067103855.1	M1
XM_067103856.1	M1
XM_067103858.1	M1
XM_067103859.1	M6
XM_067103861.1	M1
XM_067103874.1	M1
XM_067103875.1	M1
XM_067103878.1	M15
XM_067103880.1	M4
XM_067103881.1	M6
XM_067103886.1	M1
XM_067103888.1	M1
XM_067103889.1	M1
XM_067103892.1	M1
XM_067103893.1	M1
XM_067103901.1	M5
XM_067103902.1	M3
XM_067103903.1	M6
XM_067103904.1	M6
XM_067103905.1	M2
XM_067103908.1	M2
XM_067103921.1	M1
XM_067103922.1	M1
XM_067103939.1	M1
XM_067103947.1	M7
XM_067103949.1	M1
XM_067103950.1	M8
XM_067103953.1	M1
XM_067103955.1	M1
XM_067103957.1	M1
XM_067103961.1	M12
XM_067103962.1	M3
XM_067103963.1	M3
XM_067103965.1	M1
XM_067103977.1	M1
XM_067103978.1	M1
XM_067103981.1	M1
XM_067103986.1	M1
XM_067103988.1	M4
XM_067103989.1	M4
XM_067103990.1	M2
XM_067103991.1	M1
XM_067103997.1	M1
XM_067104001.1	M2
XM_067104002.1	M1
XM_067104003.1	M1
XM_067104005.1	M1
XM_067104006.1	M1
XM_067104007.1	M1
XM_067104008.1	M1
XM_067104012.1	M1
XM_067104019.1	M1
XM_067104043.1	M5
XM_067104047.1	M1
XM_067104048.1	M1
XM_067104049.1	M1
XM_067104051.1	M2
XM_067104053.1	M1
XM_067104066.1	M1
XM_067104067.1	M1
XM_067104074.1	M1
XM_067104082.1	M16
XM_067104086.1	M1
XM_067104087.1	M5
XM_067104089.1	M2
XM_067104094.1	M2
XM_067104095.1	M2
XM_067104096.1	M1
XM_067104097.1	M1
XM_067104100.1	M3
XM_067104101.1	M3
XM_067104102.1	M1
XM_067104103.1	M8
XM_067104104.1	M2
XM_067104105.1	M5
XM_067104109.1	M1
XM_067104110.1	M1
XM_067104111.1	M1
XM_067104115.1	M1
XM_067104116.1	M1
XM_067104121.1	M3
XM_067104127.1	M2
XM_067104128.1	M1
XM_067104129.1	M1
XM_067104138.1	M1
XM_067104139.1	M1
XM_067104140.1	M1
XM_067104142.1	M1
XM_067104145.1	M2
XM_067104147.1	M1
XM_067104152.1	M1
XM_067104154.1	M1
XM_067104155.1	M9
XM_067104156.1	M1
XM_067104159.1	M5
XM_067104160.1	M1
XM_067104162.1	M1
XM_067104163.1	M6
XM_067104164.1	M8
XM_067104166.1	M2
XM_067104167.1	M2
XM_067104168.1	M2
XM_067104170.1	M6
XM_067104171.1	M3
XM_067104174.1	M2
XM_067104179.1	M4
XM_067104181.1	M6
XM_067104190.1	M6
XM_067104192.1	M1
XM_067104193.1	M8
XM_067104195.1	M1
XM_067104196.1	M3
XM_067104197.1	M1
XM_067104199.1	M7
XM_067104207.1	M1
XM_067104208.1	M6
XM_067104210.1	M8
XM_067104212.1	M7
XM_067104215.1	M6
XM_067104216.1	M1
XM_067104217.1	M3
XM_067104218.1	M6
XM_067104219.1	M2
XM_067104220.1	M2
XM_067104221.1	M12
XM_067104222.1	M12
XM_067104224.1	M7
XM_067104225.1	M2
XM_067104226.1	M2
XM_067104227.1	M1
XM_067104230.1	M4
XM_067104231.1	M4
XM_067104232.1	M4
XM_067104233.1	M4
XM_067104240.1	M1
XM_067104242.1	M1
XM_067104245.1	M2
XM_067104252.1	M4
XM_067104257.1	M6
XM_067104258.1	M1
XM_067104259.1	M2
XM_067104261.1	M6
XM_067104262.1	M3
XM_067104264.1	M1
XM_067104266.1	M1
XM_067104270.1	M1
XM_067104272.1	M1
XM_067104298.1	M1
XM_067104299.1	M2
XM_067104306.1	M1
XM_067104310.1	M6
XM_067104311.1	M1
XM_067104315.1	M1
XM_067104321.1	M9
XM_067104323.1	M1
XM_067104324.1	M1
XM_067104325.1	M1
XM_067104326.1	M1
XM_067104328.1	M1
XM_067104329.1	M6
XM_067104330.1	M1
XM_067104331.1	M1
XM_067104333.1	M1
XM_067104334.1	M1
XM_067104336.1	M1
XM_067104337.1	M0
XM_067104338.1	M1
XM_067104341.1	M1
XM_067104346.1	M1
XM_067104347.1	M2
XM_067104348.1	M9
XM_067104349.1	M1
XM_067104350.1	M1
XM_067104351.1	M3
XM_067104354.1	M1
XM_067104355.1	M2
XM_067104358.1	M2
XM_067104359.1	M1
XM_067104361.1	M3
XM_067104362.1	M17
XM_067104363.1	M2
XM_067104364.1	M11
XM_067104370.1	M2
XM_067104376.1	M7
XM_067104378.1	M1
XM_067104379.1	M2
XM_067104380.1	M9
XM_067104383.1	M1
XM_067104385.1	M1
XM_067104391.1	M1
XM_067104392.1	M1
XM_067104393.1	M4
XM_067104394.1	M1
XM_067104397.1	M1
XM_067104398.1	M1
XM_067104399.1	M1
XM_067104400.1	M1
XM_067104401.1	M1
XM_067104411.1	M4
XM_067104416.1	M6
XM_067104417.1	M11
XM_067104418.1	M1
XM_067104422.1	M1
XM_067104423.1	M7
XM_067104424.1	M1
XM_067104425.1	M12
XM_067104428.1	M1
XM_067104429.1	M2
XM_067104433.1	M1
XM_067104445.1	M2
XM_067104449.1	M1
XM_067104450.1	M1
XM_067104453.1	M3
XM_067104454.1	M2
XM_067104455.1	M10
XM_067104465.1	M3
XM_067104468.1	M3
XM_067104469.1	M1
XM_067104476.1	M1
XM_067104483.1	M2
XM_067104484.1	M2
XM_067104489.1	M1
XM_067104491.1	M6
XM_067104492.1	M1
XM_067104493.1	M1
XM_067104496.1	M1
XM_067104497.1	M1
XM_067104498.1	M1
XM_067104499.1	M1
XM_067104504.1	M1
XM_067104509.1	M1
XM_067104511.1	M8
XM_067104516.1	M0
XM_067104518.1	M1
XM_067104521.1	M1
XM_067104524.1	M1
XM_067104526.1	M3
XM_067104530.1	M1
XM_067104531.1	M1
XM_067104532.1	M1
XM_067104535.1	M3
XM_067104537.1	M6
XM_067104540.1	M4
XM_067104541.1	M1
XM_067104550.1	M1
XM_067104566.1	M3
XM_067104568.1	M1
XM_067104569.1	M1
XM_067104577.1	M1
XM_067104583.1	M2
XM_067104589.1	M1
XM_067104598.1	M1
XM_067104600.1	M7
XM_067104610.1	M3
XM_067104632.1	M1
XM_067104635.1	M3
XM_067104637.1	M2
XM_067104639.1	M5
XM_067104644.1	M7
XM_067104655.1	M1
XM_067104660.1	M1
XM_067104672.1	M1
XM_067104677.1	M1
XM_067104682.1	M2
XM_067104684.1	M2
XM_067104694.1	M5
XM_067104695.1	M2
XM_067104698.1	M16
XM_067104699.1	M7
XM_067104706.1	M4
XM_067104713.1	M2
XM_067104725.1	M0
XM_067104740.1	M1
XM_067104741.1	M1
XM_067104742.1	M4
XM_067104744.1	M9
XM_067104746.1	M1
XM_067104753.1	M6
XM_067104768.1	M1
XM_067104772.1	M1
XM_067104776.1	M2
XM_067104777.1	M1
XM_067104778.1	M1
XM_067104785.1	M1
XM_067104789.1	M1
XM_067104791.1	M1
XM_067104793.1	M1
XM_067104794.1	M1
XM_067104795.1	M3
XM_067104796.1	M3
XM_067104799.1	M5
XM_067104801.1	M1
XM_067104802.1	M1
XM_067104804.1	M3
XM_067104805.1	M1
XM_067104806.1	M1
XM_067104814.1	M1
XM_067104816.1	M1
XM_067104819.1	M1
XM_067104821.1	M3
XM_067104822.1	M1
XM_067104825.1	M7
XM_067104826.1	M1
XM_067104828.1	M1
XM_067104829.1	M1
XM_067104830.1	M3
XM_067104831.1	M18
XM_067104833.1	M1
XM_067104834.1	M3
XM_067104835.1	M1
XM_067104836.1	M1
XM_067104837.1	M2
XM_067104838.1	M2
XM_067104839.1	M1
XM_067104840.1	M1
XM_067104842.1	M1
XM_067104843.1	M1
XM_067104844.1	M1
XM_067104845.1	M5
XM_067104846.1	M1
XM_067104850.1	M1
XM_067104851.1	M1
XM_067104860.1	M4
XM_067104863.1	M2
XM_067104864.1	M1
XM_067104869.1	M3
XM_067104870.1	M1
XM_067104872.1	M1
XM_067104876.1	M5
XM_067104878.1	M5
XM_067104881.1	M2
XM_067104882.1	M1
XM_067104883.1	M1
XM_067104889.1	M5
XM_067104893.1	M1
XM_067104894.1	M2
XM_067104896.1	M2
XM_067104897.1	M1
XM_067104898.1	M1
XM_067104899.1	M1
XM_067104901.1	M1
XM_067104910.1	M1
XM_067104913.1	M1
XM_067104916.1	M9
XM_067104921.1	M2
XM_067104927.1	M1
XM_067104928.1	M1
XM_067104930.1	M2
XM_067104931.1	M3
XM_067104936.1	M5
XM_067104937.1	M1
XM_067104938.1	M1
XM_067104939.1	M6
XM_067104942.1	M1
XM_067104943.1	M1
XM_067104944.1	M3
XM_067104949.1	M2
XM_067104950.1	M2
XM_067104952.1	M1
XM_067104953.1	M6
XM_067104954.1	M7
XM_067104958.1	M1
XM_067104965.1	M3
XM_067104966.1	M1
XM_067104968.1	M1
XM_067104970.1	M1
XM_067104971.1	M1
XM_067104972.1	M1
XM_067104973.1	M1
XM_067104974.1	M2
XM_067104975.1	M4
XM_067104977.1	M3
XM_067104978.1	M3
XM_067104979.1	M0
XM_067104980.1	M15
XM_067104981.1	M1
XM_067104982.1	M1
XM_067104983.1	M1
XM_067104986.1	M11
XM_067104988.1	M2
XM_067104991.1	M5
XM_067104994.1	M12
XM_067104995.1	M7
XM_067104996.1	M1
XM_067104997.1	M1
XM_067105003.1	M4
XM_067105004.1	M3
XM_067105005.1	M4
XM_067105009.1	M4
XM_067105011.1	M6
XM_067105013.1	M5
XM_067105018.1	M6
XM_067105022.1	M1
XM_067105023.1	M1
XM_067105027.1	M1
XM_067105030.1	M1
XM_067105035.1	M2
XM_067105036.1	M5
XM_067105037.1	M2
XM_067105044.1	M1
XM_067105046.1	M8
XM_067105048.1	M1
XM_067105050.1	M6
XM_067105051.1	M2
XM_067105055.1	M2
XM_067105056.1	M1
XM_067105057.1	M1
XM_067105058.1	M5
XM_067105060.1	M5
XM_067105065.1	M5
XM_067105068.1	M6
XM_067105070.1	M1
XM_067105072.1	M1
XM_067105075.1	M2
XM_067105076.1	M1
XM_067105095.1	M1
XM_067105097.1	M1
XM_067105098.1	M2
XM_067105099.1	M7
XM_067105114.1	M1
XM_067105131.1	M1
XM_067105133.1	M4
XM_067105136.1	M1
XM_067105141.1	M6
XM_067105142.1	M4
XM_067105143.1	M4
XM_067105144.1	M4
XM_067105146.1	M4
XM_067105147.1	M4
XM_067105149.1	M4
XM_067105157.1	M4
XM_067105159.1	M3
XM_067105167.1	M6
XM_067105169.1	M4
XM_067105173.1	M1
XM_067105175.1	M7
XM_067105176.1	M7
XM_067105177.1	M1
XM_067105179.1	M1
XM_067105182.1	M1
XM_067105183.1	M1
XM_067105184.1	M1
XM_067105185.1	M1
XM_067105188.1	M7
XM_067105189.1	M10
XM_067105190.1	M12
XM_067105192.1	M10
XM_067105194.1	M4
XM_067105196.1	M1
XM_067105199.1	M1
XM_067105201.1	M2
XM_067105202.1	M18
XM_067105203.1	M3
XM_067105209.1	M2
XM_067105210.1	M1
XM_067105213.1	M1
XM_067105219.1	M1
XM_067105236.1	M1
XM_067105237.1	M1
XM_067105242.1	M1
XM_067105243.1	M1
XM_067105245.1	M2
XM_067105249.1	M7
XM_067105250.1	M2
XM_067105259.1	M1
XM_067105261.1	M1
XM_067105263.1	M2
XM_067105264.1	M1
XM_067105265.1	M2
XM_067105266.1	M2
XM_067105267.1	M2
XM_067105268.1	M6
XM_067105271.1	M6
XM_067105272.1	M1
XM_067105273.1	M4
XM_067105281.1	M2
XM_067105283.1	M1
XM_067105285.1	M1
XM_067105291.1	M1
XM_067105292.1	M2
XM_067105293.1	M2
XM_067105297.1	M1
XM_067105299.1	M1
XM_067105301.1	M2
XM_067105302.1	M1
XM_067105329.1	M3
XM_067105345.1	M2
XM_067105348.1	M11
XM_067105351.1	M3
XM_067105354.1	M6
XM_067105355.1	M1
XM_067105356.1	M8
XM_067105357.1	M1
XM_067105358.1	M2
XM_067105359.1	M1
XM_067105371.1	M2
XM_067105372.1	M5
XM_067105373.1	M5
XM_067105376.1	M7
XM_067105377.1	M3
XM_067105379.1	M1
XM_067105380.1	M1
XM_067105381.1	M1
XM_067105391.1	M2
XM_067105392.1	M1
XM_067105395.1	M1
XM_067105396.1	M1
XM_067105397.1	M1
XM_067105398.1	M10
XM_067105405.1	M14
XM_067105407.1	M2
XM_067105410.1	M3
XM_067105411.1	M0
XM_067105412.1	M2
XM_067105417.1	M3
XM_067105420.1	M1
XM_067105421.1	M1
XM_067105437.1	M1
XM_067105440.1	M3
XM_067105453.1	M2
XM_067105461.1	M6
XM_067105463.1	M11
XM_067105466.1	M1
XM_067105469.1	M1
XM_067105473.1	M1
XM_067105475.1	M1
XM_067105476.1	M1
XM_067105477.1	M10
XM_067105481.1	M5
XM_067105483.1	M4
XM_067105485.1	M6
XM_067105492.1	M1
XM_067105493.1	M1
XM_067105498.1	M7
XM_067105500.1	M3
XM_067105502.1	M1
XM_067105505.1	M8
XM_067105506.1	M3
XM_067105508.1	M1
XM_067105514.1	M2
XM_067105517.1	M7
XM_067105519.1	M1
XM_067105521.1	M1
XM_067105524.1	M4
XM_067105566.1	M1
XM_067105568.1	M1
XM_067105572.1	M1
XM_067105573.1	M1
XM_067105575.1	M8
XM_067105577.1	M2
XM_067105581.1	M3
XM_067105583.1	M1
XM_067105589.1	M1
XM_067105603.1	M2
XM_067105612.1	M2
XM_067105627.1	M2
XM_067105628.1	M4
XM_067105629.1	M4
XM_067105631.1	M1
XM_067105632.1	M2
XM_067105633.1	M2
XM_067105634.1	M2
XM_067105635.1	M1
XM_067105638.1	M1
XM_067105641.1	M2
XM_067105642.1	M2
XM_067105644.1	M3
XM_067105663.1	M2
XM_067105678.1	M1
XM_067105681.1	M2
XM_067105694.1	M1
XM_067105696.1	M1
XM_067105698.1	M1
XM_067105699.1	M3
XM_067105701.1	M4
XM_067105705.1	M4
XM_067105735.1	M3
XM_067105736.1	M0
XM_067105738.1	M12
XM_067105739.1	M1
XM_067105744.1	M12
XM_067105746.1	M7
XM_067105748.1	M1
XM_067105756.1	M1
XM_067105757.1	M1
XM_067105758.1	M1
XM_067105759.1	M1
XM_067105760.1	M1
XM_067105761.1	M0
XM_067105767.1	M8
XM_067105768.1	M2
XM_067105775.1	M1
XM_067105776.1	M1
XM_067105777.1	M6
XM_067105778.1	M1
XM_067105780.1	M15
XM_067105787.1	M3
XM_067105792.1	M1
XM_067105795.1	M1
XM_067105803.1	M3
XM_067105804.1	M2
XM_067105805.1	M1
XM_067105809.1	M1
XM_067105811.1	M6
XM_067105812.1	M6
XM_067105815.1	M5
XM_067105816.1	M1
XM_067105824.1	M2
XM_067105828.1	M6
XM_067105829.1	M2
XM_067105830.1	M6
XM_067105833.1	M1
XM_067105835.1	M12
XM_067105836.1	M2
XM_067105837.1	M2
XM_067105838.1	M9
XM_067105851.1	M2
XM_067105853.1	M2
XM_067105854.1	M1
XM_067105864.1	M5
XM_067105865.1	M1
XM_067105869.1	M2
XM_067105871.1	M17
XM_067105872.1	M2
XM_067105873.1	M1
XM_067105875.1	M1
XM_067105876.1	M1
XM_067105877.1	M1
XM_067105878.1	M1
XM_067105881.1	M4
XM_067105892.1	M1
XM_067105898.1	M1
XM_067105899.1	M1
XM_067105907.1	M1
XM_067105908.1	M1
XM_067105914.1	M1
XM_067105917.1	M2
XM_067105918.1	M7
XM_067105927.1	M2
XM_067105939.1	M2
XM_067105942.1	M4
XM_067105949.1	M2
XM_067105951.1	M2
XM_067105952.1	M1
XM_067105953.1	M4
XM_067105957.1	M1
XM_067105959.1	M2
XM_067105960.1	M1
XM_067105963.1	M6
XM_067105972.1	M6
XM_067105973.1	M1
XM_067105975.1	M2
XM_067105976.1	M2
XM_067105977.1	M13
XM_067105982.1	M1
XM_067105987.1	M3
XM_067105988.1	M6
XM_067105995.1	M1
XM_067105996.1	M1
XM_067105998.1	M1
XM_067106000.1	M1
XM_067106005.1	M2
XM_067106006.1	M3
XM_067106009.1	M1
XM_067106014.1	M1
XM_067106104.1	M1
XM_067106120.1	M6
XM_067106131.1	M2
XM_067106140.1	M2
XM_067106143.1	M1
XM_067106149.1	M1
XM_067106151.1	M6
XM_067106156.1	M3
XM_067106159.1	M1
XM_067106210.1	M1
XM_067106229.1	M1
XM_067106234.1	M14
XM_067106238.1	M1
XM_067106239.1	M1
XM_067106243.1	M1
XM_067106255.1	M17
XM_067106257.1	M4
XM_067106258.1	M4
XM_067106260.1	M4
XM_067106264.1	M10
XM_067106265.1	M1
XM_067106271.1	M13
XM_067106274.1	M1
XM_067106275.1	M6
XM_067106276.1	M1
XM_067106281.1	M2
XM_067106286.1	M1
XM_067106291.1	M1
XM_067106292.1	M1
XM_067106295.1	M5
XM_067106297.1	M1
XM_067106298.1	M1
XM_067106299.1	M4
XM_067106302.1	M4
XM_067106306.1	M1
XM_067106311.1	M5
XM_067106313.1	M4
XM_067106314.1	M5
XM_067106316.1	M12
XM_067106327.1	M3
XM_067106328.1	M9
XM_067106332.1	M1
XM_067106350.1	M1
XM_067106355.1	M1
XM_067106357.1	M1
XM_067106360.1	M1
XM_067106361.1	M1
XM_067106363.1	M1
XM_067106375.1	M1
XM_067106384.1	M1
XM_067106385.1	M7
XM_067106386.1	M2
XM_067106403.1	M1
XM_067106405.1	M1
XM_067106407.1	M2
XM_067106417.1	M1
XM_067106454.1	M1
XM_067106455.1	M8
XM_067106456.1	M1
XM_067106457.1	M1
XM_067106458.1	M3
XM_067106461.1	M1
XM_067106463.1	M1
XM_067106467.1	M4
XM_067106478.1	M1
XM_067106479.1	M1
XM_067106480.1	M6
XM_067106481.1	M4
XM_067106484.1	M4
XM_067106485.1	M4
XM_067106489.1	M1
XM_067106499.1	M1
XM_067106504.1	M6
XM_067106508.1	M1
XM_067106509.1	M5
XM_067106512.1	M3
XM_067106522.1	M10
XM_067106523.1	M1
XM_067106524.1	M1
XM_067106528.1	M1
XM_067106538.1	M2
XM_067106543.1	M4
XM_067106544.1	M11
XM_067106549.1	M4
XM_067106550.1	M1
XM_067106552.1	M1
XM_067106553.1	M1
XM_067106555.1	M2
XM_067106560.1	M1
XM_067106561.1	M1
XM_067106567.1	M1
XM_067106569.1	M1
XM_067106574.1	M1
XM_067106580.1	M1
XM_067106587.1	M1
XM_067106588.1	M1
XM_067106589.1	M1
XM_067106590.1	M1
XM_067106591.1	M1
XM_067106592.1	M5
XM_067106595.1	M1
XM_067106596.1	M2
XM_067106601.1	M3
XM_067106610.1	M1
XM_067106611.1	M1
XM_067106614.1	M14
XM_067106639.1	M1
XM_067106644.1	M4
XM_067106645.1	M5
XM_067106646.1	M2
XM_067106651.1	M13
XM_067106656.1	M3
XM_067106657.1	M6
XM_067106665.1	M1
XM_067106666.1	M1
XM_067106667.1	M1
XM_067106670.1	M4
XM_067106673.1	M4
XM_067106674.1	M1
XM_067106675.1	M1
XM_067106676.1	M1
XM_067106677.1	M1
XM_067106679.1	M2
XM_067106682.1	M1
XM_067106683.1	M1
XM_067106687.1	M5
XM_067106689.1	M1
XM_067106690.1	M1
XM_067106694.1	M1
XM_067106695.1	M1
XM_067106701.1	M1
XM_067106704.1	M1
XM_067106705.1	M8
XM_067106707.1	M1
XM_067106717.1	M3
XM_067106721.1	M1
XM_067106731.1	M1
XM_067106738.1	M1
XM_067106755.1	M5
XM_067106756.1	M5
XM_067106757.1	M1
XM_067106763.1	M2
XM_067106765.1	M1
XM_067106769.1	M1
XM_067106772.1	M5
XM_067106773.1	M1
XM_067106774.1	M5
XM_067106812.1	M5
XM_067106814.1	M3
XM_067106815.1	M2
XM_067106816.1	M2
XM_067106817.1	M2
XM_067106818.1	M2
XM_067106819.1	M2
XM_067106820.1	M2
XM_067106822.1	M0
XM_067106830.1	M6
XM_067106832.1	M4
XM_067106839.1	M2
XM_067106840.1	M1
XM_067106846.1	M1
XM_067106848.1	M1
XM_067106852.1	M6
XM_067106855.1	M1
XM_067106864.1	M1
XM_067106866.1	M8
XM_067106867.1	M0
XM_067106877.1	M1
XM_067106882.1	M1
XM_067106883.1	M6
XM_067106885.1	M4
XM_067106886.1	M8
XM_067106888.1	M2
XM_067106889.1	M1
XM_067106890.1	M5
XM_067106893.1	M5
XM_067106898.1	M4
XM_067106911.1	M1
XM_067106913.1	M1
XM_067106917.1	M1
XM_067106921.1	M6
XM_067106923.1	M3
XM_067106924.1	M1
XM_067106950.1	M2
XM_067106951.1	M6
XM_067106952.1	M1
XM_067106954.1	M1
XM_067106955.1	M1
XM_067106958.1	M5
XM_067106959.1	M11
XM_067106960.1	M1
XM_067106961.1	M1
XM_067106962.1	M5
XM_067106963.1	M2
XM_067106964.1	M2
XM_067106975.1	M3
XM_067106976.1	M8
XM_067106977.1	M11
XM_067106979.1	M2
XM_067106980.1	M2
XM_067106982.1	M3
XM_067106983.1	M1
XM_067106984.1	M1
XM_067106991.1	M2
XM_067106993.1	M2
XM_067106997.1	M1
XM_067107002.1	M1
XM_067107010.1	M6
XM_067107011.1	M6
XM_067107016.1	M11
XM_067107018.1	M1
XM_067107019.1	M1
XM_067107020.1	M1
XM_067107022.1	M1
XM_067107025.1	M1
XM_067107026.1	M3
XM_067107027.1	M3
XM_067107029.1	M2
XM_067107033.1	M1
XM_067107034.1	M1
XM_067107036.1	M3
XM_067107044.1	M3
XM_067107065.1	M1
XM_067107067.1	M1
XM_067107086.1	M3
XM_067107087.1	M1
XM_067107103.1	M1
XM_067107105.1	M5
XM_067107108.1	M8
XM_067107115.1	M5
XM_067107137.1	M4
XM_067107144.1	M1
XM_067107147.1	M1
XM_067107152.1	M1
XM_067107171.1	M2
XM_067107172.1	M7
XM_067107176.1	M2
XM_067107180.1	M2
XM_067107184.1	M1
XM_067107185.1	M1
XM_067107187.1	M0
XM_067107189.1	M5
XM_067107190.1	M3
XM_067107197.1	M3
XM_067107200.1	M3
XM_067107205.1	M1
XM_067107206.1	M1
XM_067107226.1	M1
XM_067107228.1	M1
XM_067107229.1	M1
XM_067107230.1	M2
XM_067107232.1	M1
XM_067107233.1	M2
XM_067107239.1	M4
XM_067107240.1	M8
XM_067107241.1	M2
XM_067107247.1	M1
XM_067107249.1	M6
XM_067107254.1	M1
XM_067107256.1	M1
XM_067107257.1	M1
XM_067107261.1	M1
XM_067107264.1	M1
XM_067107267.1	M2
XM_067107273.1	M4
XM_067107275.1	M1
XM_067107278.1	M1
XM_067107282.1	M1
XM_067107288.1	M2
XM_067107289.1	M1
XM_067107292.1	M3
XM_067107293.1	M6
XM_067107306.1	M1
XM_067107314.1	M2
XM_067107315.1	M2
XM_067107321.1	M1
XM_067107323.1	M1
XM_067107327.1	M3
XM_067107328.1	M1
XM_067107343.1	M5
XM_067107346.1	M7
XM_067107347.1	M7
XM_067107356.1	M1
XM_067107357.1	M6
XM_067107359.1	M3
XM_067107364.1	M1
XM_067107368.1	M1
XM_067107370.1	M1
XM_067107373.1	M1
XM_067107376.1	M1
XM_067107377.1	M6
XM_067107379.1	M1
XM_067107381.1	M2
XM_067107383.1	M1
XM_067107390.1	M1
XM_067107391.1	M2
XM_067107393.1	M4
XM_067107394.1	M1
XM_067107395.1	M1
XM_067107396.1	M1
XM_067107397.1	M1
XM_067107398.1	M1
XM_067107400.1	M11
XM_067107402.1	M7
XM_067107408.1	M9
XM_067107410.1	M1
XM_067107411.1	M1
XM_067107460.1	M8
XM_067107464.1	M10
XM_067107465.1	M4
XM_067107468.1	M2
XM_067107469.1	M5
XM_067107471.1	M2
XM_067107479.1	M1
XM_067107487.1	M4
XM_067107492.1	M2
XM_067107493.1	M2
XM_067107494.1	M2
XM_067107498.1	M0
XM_067107499.1	M4
XM_067107505.1	M3
XM_067107507.1	M1
XM_067107514.1	M2
XM_067107519.1	M2
XM_067107545.1	M1
XM_067107546.1	M1
XM_067107547.1	M10
XM_067107548.1	M10
XM_067107549.1	M2
XM_067107555.1	M4
XM_067107561.1	M1
XM_067107564.1	M3
XM_067107566.1	M3
XM_067107567.1	M0
XM_067107580.1	M2
XM_067107595.1	M1
XM_067107604.1	M1
XM_067107605.1	M2
XM_067107608.1	M1
XM_067107609.1	M6
XM_067107616.1	M1
XM_067107617.1	M3
XM_067107618.1	M3
XM_067107622.1	M14
XM_067107624.1	M1
XM_067107627.1	M1
XM_067107629.1	M2
XM_067107632.1	M1
XM_067107633.1	M1
XM_067107637.1	M4
XM_067107638.1	M1
XM_067107642.1	M2
XM_067107643.1	M1
XM_067107645.1	M4
XM_067107647.1	M1
XM_067107648.1	M1
XM_067107654.1	M1
XM_067107656.1	M1
XM_067107658.1	M1
XM_067107659.1	M1
XM_067107662.1	M1
XM_067107663.1	M1
XM_067107668.1	M1
XM_067107669.1	M1
XM_067107678.1	M1
XM_067107680.1	M6
XM_067107681.1	M1
XM_067107682.1	M1
XM_067107683.1	M1
XM_067107687.1	M1
XM_067107689.1	M7
XM_067107694.1	M1
XM_067107695.1	M1
XM_067107696.1	M1
XM_067107697.1	M8
XM_067107705.1	M1
XM_067107709.1	M1
XM_067107713.1	M1
XM_067107715.1	M1
XM_067107717.1	M2
XM_067107721.1	M2
XM_067107723.1	M2
XM_067107725.1	M9
XM_067107726.1	M1
XM_067107727.1	M1
XM_067107728.1	M1
XM_067107733.1	M1
XM_067107735.1	M1
XM_067107738.1	M1
XM_067107741.1	M2
XM_067107742.1	M2
XM_067107745.1	M1
XM_067107746.1	M1
XM_067107753.1	M6
XM_067107756.1	M1
XM_067107757.1	M1
XM_067107760.1	M3
XM_067107761.1	M1
XM_067107762.1	M1
XM_067107763.1	M2
XM_067107764.1	M9
XM_067107765.1	M6
XM_067107766.1	M2
XM_067107767.1	M5
XM_067107775.1	M1
XM_067107794.1	M1
XM_067107795.1	M7
XM_067107796.1	M2
XM_067107797.1	M2
XM_067107798.1	M1
XM_067107801.1	M1
XM_067107802.1	M7
XM_067107805.1	M1
XM_067107806.1	M1
XM_067107807.1	M3
XM_067107808.1	M1
XM_067107837.1	M0
XM_067107838.1	M1
XM_067107844.1	M1
XM_067107845.1	M2
XM_067107847.1	M5
XM_067107849.1	M6
XM_067107850.1	M3
XM_067107851.1	M1
XM_067107852.1	M1
XM_067107854.1	M1
XM_067107858.1	M5
XM_067107859.1	M2
XM_067107860.1	M1
XM_067107861.1	M1
XM_067107862.1	M2
XM_067107867.1	M3
XM_067107871.1	M3
XM_067107873.1	M4
XM_067107893.1	M1
XM_067107896.1	M2
XM_067107897.1	M2
XM_067107898.1	M1
XM_067107899.1	M2
XM_067107900.1	M2
XM_067107901.1	M2
XM_067107902.1	M2
XM_067107903.1	M2
XM_067107905.1	M1
XM_067107906.1	M1
XM_067107909.1	M1
XM_067107910.1	M2
XM_067107911.1	M2
XM_067107912.1	M2
XM_067107914.1	M2
XM_067107915.1	M1
XM_067107916.1	M1
XM_067107917.1	M1
XM_067107926.1	M1
XM_067107930.1	M3
XM_067107937.1	M2
XM_067107938.1	M5
XM_067107943.1	M2
XM_067107944.1	M1
XM_067107945.1	M1
XM_067107947.1	M1
XM_067107950.1	M1
XM_067107953.1	M2
XM_067107954.1	M1
XM_067107955.1	M1
XM_067107956.1	M1
XM_067107957.1	M1
XM_067107958.1	M1
XM_067107963.1	M1
XM_067107965.1	M1
XM_067107971.1	M6
XM_067107972.1	M1
XM_067107974.1	M1
XM_067107975.1	M1
XM_067107979.1	M2
XM_067107986.1	M1
XM_067107991.1	M1
XM_067107993.1	M1
XM_067107994.1	M4
XM_067107995.1	M3
XM_067107996.1	M3
XM_067107997.1	M1
XM_067107999.1	M1
XM_067108000.1	M3
XM_067108001.1	M1
XM_067108002.1	M1
XM_067108008.1	M1
XM_067108010.1	M1
XM_067108011.1	M1
XM_067108014.1	M2
XM_067108016.1	M3
XM_067108021.1	M2
XM_067108022.1	M2
XM_067108023.1	M4
XM_067108026.1	M5
XM_067108028.1	M2
XM_067108029.1	M5
XM_067108031.1	M5
XM_067108037.1	M1
XM_067108039.1	M1
XM_067108042.1	M11
XM_067108044.1	M11
XM_067108051.1	M1
XM_067108052.1	M1
XM_067108054.1	M1
XM_067108059.1	M1
XM_067108063.1	M1
XM_067108064.1	M1
XM_067108065.1	M1
XM_067108081.1	M1
XM_067108100.1	M5
XM_067108133.1	M2
XM_067108144.1	M7
XM_067108152.1	M5
XM_067108155.1	M2
XM_067108172.1	M2
XM_067108180.1	M1
XM_067108181.1	M1
XM_067108187.1	M1
XM_067108200.1	M1
XM_067108201.1	M1
XM_067108213.1	M5
XM_067108215.1	M2
XM_067108220.1	M1
XM_067108236.1	M1
XM_067108243.1	M1
XM_067108245.1	M4
XM_067108247.1	M2
XM_067108253.1	M7
XM_067108297.1	M1
XM_067108298.1	M1
XM_067108301.1	M1
XM_067108302.1	M1
XM_067108306.1	M1
XM_067108308.1	M1
XM_067108309.1	M1
XM_067108310.1	M1
XM_067108311.1	M1
XM_067108326.1	M1
XM_067108330.1	M1
XM_067108334.1	M13
XM_067108335.1	M5
XM_067108337.1	M3
XM_067108343.1	M1
XM_067108344.1	M1
XM_067108346.1	M2
XM_067108347.1	M1
XM_067108348.1	M1
XM_067108349.1	M8
XM_067108351.1	M0
XM_067108352.1	M2
XM_067108353.1	M17
XM_067108354.1	M1
XM_067108355.1	M1
XM_067108357.1	M2
XM_067108358.1	M2
XM_067108364.1	M2
XM_067108365.1	M2
XM_067108367.1	M1
XM_067108372.1	M2
XM_067108373.1	M2
XM_067108374.1	M2
XM_067108375.1	M3
XM_067108376.1	M3
XM_067108378.1	M1
XM_067108379.1	M3
XM_067108380.1	M2
XM_067108381.1	M2
XM_067108384.1	M3
XM_067108385.1	M3
XM_067108386.1	M6
XM_067108387.1	M3
XM_067108388.1	M1
XM_067108390.1	M1
XM_067108392.1	M7
XM_067108395.1	M1
XM_067108398.1	M1
XM_067108401.1	M7
XM_067108402.1	M2
XM_067108406.1	M3
XM_067108407.1	M1
XM_067108408.1	M3
XM_067108409.1	M1
XM_067108410.1	M1
XM_067108411.1	M1
XM_067108413.1	M9
XM_067108427.1	M1
XM_067108428.1	M1
XM_067108429.1	M1
XM_067108431.1	M1
XM_067108441.1	M1
XM_067108448.1	M1
XM_067108451.1	M2
XM_067108452.1	M1
XM_067108453.1	M2
XM_067108454.1	M2
XM_067108455.1	M1
XM_067108458.1	M3
XM_067108459.1	M1
XM_067108460.1	M1
XM_067108461.1	M3
XM_067108463.1	M2
XM_067108466.1	M6
XM_067108469.1	M4
XM_067108470.1	M8
XM_067108474.1	M1
XM_067108479.1	M1
XM_067108481.1	M6
XM_067108482.1	M14
XM_067108491.1	M3
XM_067108501.1	M2
XM_067108503.1	M1
XM_067108504.1	M4
XM_067108506.1	M1
XM_067108508.1	M14
XM_067108509.1	M1
XM_067108514.1	M7
XM_067108515.1	M7
XM_067108516.1	M17
XM_067108517.1	M17
XM_067108518.1	M7
XM_067108519.1	M1
XM_067108525.1	M1
XM_067108527.1	M1
XM_067108528.1	M1
XM_067108529.1	M1
XM_067108530.1	M1
XM_067108533.1	M1
XM_067108535.1	M1
XM_067108538.1	M1
XM_067108539.1	M1
XM_067108541.1	M7
XM_067108544.1	M2
XM_067108553.1	M1
XM_067108554.1	M1
XM_067108556.1	M1
XM_067108566.1	M3
XM_067108567.1	M1
XM_067108569.1	M1
XM_067108584.1	M1
XM_067108586.1	M1
XM_067108588.1	M1
XM_067108589.1	M3
XM_067108592.1	M1
XM_067108594.1	M1
XM_067108597.1	M1
XM_067108611.1	M1
XM_067108619.1	M1
XM_067108627.1	M3
XM_067108644.1	M0
XM_067108646.1	M1
XM_067108647.1	M1
XM_067108651.1	M7
XM_067108652.1	M7
XM_067108655.1	M1
XM_067108657.1	M1
XM_067108659.1	M1
XM_067108662.1	M1
XM_067108663.1	M1
XM_067108664.1	M5
XM_067108665.1	M2
XM_067108667.1	M1
XM_067108670.1	M0
XM_067108671.1	M1
XM_067108672.1	M2
XM_067108673.1	M1
XM_067108680.1	M1
XM_067108681.1	M1
XM_067108685.1	M1
XM_067108701.1	M1
XM_067108728.1	M2
XM_067108735.1	M2
XM_067108736.1	M2
XM_067108737.1	M2
XM_067108741.1	M2
XM_067108742.1	M5
XM_067108743.1	M10
XM_067108744.1	M10
XM_067108745.1	M2
XM_067108746.1	M7
XM_067108750.1	M5
XM_067108753.1	M1
XM_067108754.1	M13
XM_067108755.1	M6
XM_067108756.1	M2
XM_067108760.1	M2
XM_067108764.1	M2
XM_067108765.1	M2
XM_067108766.1	M2
XM_067108772.1	M2
XM_067108773.1	M2
XM_067108780.1	M1
XM_067108782.1	M1
XM_067108795.1	M1
XM_067108797.1	M9
XM_067108800.1	M1
XM_067108803.1	M1
XM_067108804.1	M2
XM_067108818.1	M8
XM_067108819.1	M1
XM_067108820.1	M1
XM_067108833.1	M1
XM_067108834.1	M1
XM_067108836.1	M1
XM_067108841.1	M2
XM_067108842.1	M2
XM_067108845.1	M2
XM_067108849.1	M1
XM_067108865.1	M1
XM_067108866.1	M11
XM_067108867.1	M2
XM_067108868.1	M6
XM_067108869.1	M2
XM_067108871.1	M10
XM_067108876.1	M1
XM_067108877.1	M3
XM_067108878.1	M4
XM_067108882.1	M1
XM_067108883.1	M1
XM_067108896.1	M8
XM_067108897.1	M1
XM_067108902.1	M1
XM_067108909.1	M1
XM_067108910.1	M1
XM_067108911.1	M1
XM_067108913.1	M1
XM_067108916.1	M1
XM_067108920.1	M2
XM_067108921.1	M1
XM_067108922.1	M1
XM_067108931.1	M7
XM_067108935.1	M1
XM_067108945.1	M2
XM_067108946.1	M1
XM_067108947.1	M12
XM_067108952.1	M6
XM_067108953.1	M1
XM_067108954.1	M1
XM_067108958.1	M1
XM_067108971.1	M1
XM_067108972.1	M1
XM_067108975.1	M1
XM_067108978.1	M1
XM_067108983.1	M2
XM_067108986.1	M1
XM_067108988.1	M1
XM_067108989.1	M1
XM_067108990.1	M1
XM_067108992.1	M2
XM_067108993.1	M2
XM_067108994.1	M2
XM_067108997.1	M1
XM_067109001.1	M5
XM_067109002.1	M2
XM_067109003.1	M1
XM_067109005.1	M1
XM_067109006.1	M1
XM_067109009.1	M1
XM_067109010.1	M11
XM_067109012.1	M1
XM_067109013.1	M1
XM_067109015.1	M3
XM_067109018.1	M3
XM_067109019.1	M1
XM_067109021.1	M1
XM_067109028.1	M2
XM_067109035.1	M1
XM_067109038.1	M1
XM_067109044.1	M1
XM_067109051.1	M1
XM_067109052.1	M1
XM_067109053.1	M1
XM_067109055.1	M1
XM_067109062.1	M1
XM_067109068.1	M5
XM_067109070.1	M1
XM_067109078.1	M1
XM_067109080.1	M1
XM_067109088.1	M7
XM_067109089.1	M7
XM_067109090.1	M7
XM_067109093.1	M2
XM_067109097.1	M2
XM_067109100.1	M1
XM_067109106.1	M9
XM_067109107.1	M1
XM_067109110.1	M2
XM_067109111.1	M5
XM_067109113.1	M1
XM_067109117.1	M3
XM_067109119.1	M1
XM_067109121.1	M1
XM_067109123.1	M7
XM_067109124.1	M7
XM_067109125.1	M4
XM_067109127.1	M1
XM_067109130.1	M7
XM_067109132.1	M0
XM_067109145.1	M2
XM_067109172.1	M1
XM_067109184.1	M2
XM_067109185.1	M1
XM_067109186.1	M1
XM_067109187.1	M9
XM_067109188.1	M6
XM_067109191.1	M1
XM_067109192.1	M1
XM_067109193.1	M1
XM_067109197.1	M1
XM_067109205.1	M1
XM_067109206.1	M1
XM_067109207.1	M1
XM_067109208.1	M1
XM_067109210.1	M3
XM_067109221.1	M2
XM_067109223.1	M2
XM_067109225.1	M1
XM_067109226.1	M7
XM_067109227.1	M7
XM_067109228.1	M1
XM_067109231.1	M2
XM_067109236.1	M1
XM_067109240.1	M4
XM_067109245.1	M4
XM_067109246.1	M6
XM_067109249.1	M0
XM_067109254.1	M1
XM_067109255.1	M1
XM_067109259.1	M4
XM_067109261.1	M1
XM_067109266.1	M4
XM_067109276.1	M1
XM_067109277.1	M2
XM_067109282.1	M1
XM_067109283.1	M1
XM_067109287.1	M5
XM_067109288.1	M0
XM_067109290.1	M4
XM_067109294.1	M6
XM_067109295.1	M1
XM_067109297.1	M1
XM_067109299.1	M2
XM_067109302.1	M14
XM_067109303.1	M1
XM_067109304.1	M14
XM_067109307.1	M1
XM_067109308.1	M1
XM_067109310.1	M5
XM_067109328.1	M17
XM_067109329.1	M1
XM_067109332.1	M7
XM_067109357.1	M1
XM_067109366.1	M12
XM_067109369.1	M17
XM_067109378.1	M5
XM_067109426.1	M7
XM_067109469.1	M2
XM_067109478.1	M2
XM_067109495.1	M1
XM_067109502.1	M2
XM_067109511.1	M5
XM_067109523.1	M1
XM_067109526.1	M4
XM_067109528.1	M1
XM_067109551.1	M0
XM_067109557.1	M1
XM_067109578.1	M2
XM_067109611.1	M1
XM_067109653.1	M1
XM_067109656.1	M2
XM_067109660.1	M2
XM_067109662.1	M1
XM_067109663.1	M1
XM_067109668.1	M0
XM_067109669.1	M1
XM_067109671.1	M7
XM_067109672.1	M1
XM_067109693.1	M2
XM_067109707.1	M2
XM_067109709.1	M2
XM_067109710.1	M2
XM_067109715.1	M1
XM_067109716.1	M2
XM_067109722.1	M2
XM_067109723.1	M2
XM_067109724.1	M1
XM_067109725.1	M1
XM_067109726.1	M1
XM_067109730.1	M8
XM_067109739.1	M5
XM_067109742.1	M5
XM_067109748.1	M5
XM_067109751.1	M1
XM_067109752.1	M2
XM_067109754.1	M6
XM_067109758.1	M1
XM_067109761.1	M2
XM_067109765.1	M1
XM_067109766.1	M8
XM_067109768.1	M1
XM_067109769.1	M7
XM_067109771.1	M10
XM_067109773.1	M1
XM_067109782.1	M3
XM_067109783.1	M1
XM_067109784.1	M1
XM_067109785.1	M3
XM_067109786.1	M2
XM_067109788.1	M11
XM_067109789.1	M1
XM_067109790.1	M1
XM_067109791.1	M1
XM_067109792.1	M1
XM_067109793.1	M1
XM_067109794.1	M1
XM_067109796.1	M1
XM_067109798.1	M1
XM_067109799.1	M2
XM_067109802.1	M3
XM_067109804.1	M4
XM_067109805.1	M6
XM_067109806.1	M3
XM_067109807.1	M1
XM_067109809.1	M6
XM_067109815.1	M1
XM_067109816.1	M4
XM_067109820.1	M6
XM_067109835.1	M4
XM_067109836.1	M6
XM_067109837.1	M1
XM_067109839.1	M2
XM_067109841.1	M1
XM_067109842.1	M1
XM_067109843.1	M1
XM_067109844.1	M1
XM_067109846.1	M1
XM_067109850.1	M1
XM_067109855.1	M3
XM_067109856.1	M1
XM_067109859.1	M7
XM_067109863.1	M5
XM_067109870.1	M2
XM_067109876.1	M1
XM_067109880.1	M3
XM_067109881.1	M6
XM_067109897.1	M6
XM_067109898.1	M2
XM_067109905.1	M5
XM_067109912.1	M1
XM_067109914.1	M1
XM_067109930.1	M1
XM_067109932.1	M1
XM_067109933.1	M3
XM_067109940.1	M1
XM_067109946.1	M2
XM_067109949.1	M1
XM_067109950.1	M1
XM_067109955.1	M7
XM_067109960.1	M2
XM_067109966.1	M1
XM_067109969.1	M1
XM_067109971.1	M1
XM_067109972.1	M2
XM_067109973.1	M5
XM_067109974.1	M3
XM_067109980.1	M4
XM_067109984.1	M5
XM_067109985.1	M5
XM_067109986.1	M7
XM_067109989.1	M1
XM_067110001.1	M1
XM_067110006.1	M1
XM_067110014.1	M4
XM_067110015.1	M1
XM_067110020.1	M14
XM_067110021.1	M1
XM_067110023.1	M1
XM_067110024.1	M1
XM_067110031.1	M1
XM_067110047.1	M1
XM_067110049.1	M1
XM_067110056.1	M3
XM_067110057.1	M4
XM_067110066.1	M1
XM_067110070.1	M0
XM_067110075.1	M14
XM_067110080.1	M1
XM_067110101.1	M5
XM_067110104.1	M5
XM_067110108.1	M6
XM_067110109.1	M4
XM_067110113.1	M3
XM_067110118.1	M1
XM_067110119.1	M1
XM_067110121.1	M7
XM_067110122.1	M6
XM_067110128.1	M1
XM_067110134.1	M1
XM_067110139.1	M1
XM_067110140.1	M1
XM_067110141.1	M1
XM_067110165.1	M5
XM_067110174.1	M1
XM_067110181.1	M1
XM_067110184.1	M1
XM_067110186.1	M1
XM_067110187.1	M1
XM_067110189.1	M2
XM_067110191.1	M1
XM_067110195.1	M1
XM_067110198.1	M1
XM_067110200.1	M1
XM_067110201.1	M4
XM_067110206.1	M17
XM_067110207.1	M1
XM_067110208.1	M5
XM_067110211.1	M3
XM_067110216.1	M6
XM_067110218.1	M2
XM_067110225.1	M15
XM_067110227.1	M1
XM_067110236.1	M1
XM_067110237.1	M12
XM_067110240.1	M4
XM_067110241.1	M1
XM_067110245.1	M1
XM_067110247.1	M2
XM_067110250.1	M2
XM_067110252.1	M6
XM_067110254.1	M3
XM_067110255.1	M3
XM_067110256.1	M1
XM_067110259.1	M1
XM_067110260.1	M6
XM_067110262.1	M1
XM_067110270.1	M3
XM_067110271.1	M1
XM_067110278.1	M1
XM_067110304.1	M2
XM_067110305.1	M7
XM_067110306.1	M1
XM_067110307.1	M1
XM_067110310.1	M1
XM_067110311.1	M1
XM_067110312.1	M1
XM_067110320.1	M1
XM_067110322.1	M1
XM_067110325.1	M1
XM_067110326.1	M1
XM_067110328.1	M1
XM_067110330.1	M1
XM_067110334.1	M2
XM_067110335.1	M7
XM_067110352.1	M1
XM_067110357.1	M1
XM_067110358.1	M1
XM_067110359.1	M8
XM_067110361.1	M1
XM_067110362.1	M1
XM_067110363.1	M3
XM_067110364.1	M11
XM_067110365.1	M1
XM_067110366.1	M3
XM_067110367.1	M3
XM_067110370.1	M1
XM_067110372.1	M1
XM_067110391.1	M2
XM_067110392.1	M3
XM_067110394.1	M2
XM_067110399.1	M7
XM_067110400.1	M1
XM_067110405.1	M2
XM_067110410.1	M2
XM_067110412.1	M2
XM_067110414.1	M1
XM_067110415.1	M1
XM_067110418.1	M1
XM_067110419.1	M2
XM_067110428.1	M1
XM_067110429.1	M7
XM_067110431.1	M1
XM_067110435.1	M2
XM_067110436.1	M2
XM_067110440.1	M2
XM_067110442.1	M2
XM_067110448.1	M15
XM_067110450.1	M1
XM_067110455.1	M1
XM_067110456.1	M1
XM_067110457.1	M1
XM_067110458.1	M1
XM_067110459.1	M1
XM_067110460.1	M1
XM_067110463.1	M2
XM_067110467.1	M2
XM_067110468.1	M2
XM_067110474.1	M2
XM_067110479.1	M1
XM_067110484.1	M2
XM_067110485.1	M13
XM_067110489.1	M7
XM_067110494.1	M1
XM_067110495.1	M2
XM_067110496.1	M7
XM_067110497.1	M1
XM_067110498.1	M2
XM_067110500.1	M3
XM_067110501.1	M2
XM_067110521.1	M4
XM_067110526.1	M6
XM_067110527.1	M1
XM_067110528.1	M1
XM_067110534.1	M5
XM_067110549.1	M2
XM_067110557.1	M1
XM_067110561.1	M7
XM_067110564.1	M2
XM_067110567.1	M1
XM_067110593.1	M2
XM_067110594.1	M2
XM_067110596.1	M15
XM_067110600.1	M15
XM_067110607.1	M1
XM_067110612.1	M1
XM_067110613.1	M1
XM_067110614.1	M1
XM_067110617.1	M1
XM_067110618.1	M6
XM_067110620.1	M7
XM_067110624.1	M9
XM_067110626.1	M2
XM_067110629.1	M1
XM_067110630.1	M1
XM_067110634.1	M8
XM_067110647.1	M1
XM_067110651.1	M1
XM_067110656.1	M1
XM_067110660.1	M1
XM_067110672.1	M7
XM_067110673.1	M1
XM_067110674.1	M1
XM_067110689.1	M1
XM_067110690.1	M1
XM_067110691.1	M1
XM_067110711.1	M1
XM_067110720.1	M1
XM_067110724.1	M2
XM_067110725.1	M2
XM_067110727.1	M7
XM_067110728.1	M4
XM_067110731.1	M1
XM_067110732.1	M1
XM_067110734.1	M2
XM_067110737.1	M1
XM_067110738.1	M3
XM_067110739.1	M3
XM_067110740.1	M1
XM_067110743.1	M1
XM_067110745.1	M1
XM_067110750.1	M1
XM_067110751.1	M1
XM_067110761.1	M1
XM_067110765.1	M2
XM_067110770.1	M1
XM_067110779.1	M1
XM_067110781.1	M3
XM_067110785.1	M7
XM_067110788.1	M3
XM_067110790.1	M1
XM_067110800.1	M8
XM_067110801.1	M4
XM_067110802.1	M3
XM_067110803.1	M1
XM_067110804.1	M1
XM_067110806.1	M1
XM_067110807.1	M2
XM_067110808.1	M1
XM_067110810.1	M1
XM_067110811.1	M8
XM_067110812.1	M1
XM_067110817.1	M2
XM_067110818.1	M1
XM_067110822.1	M6
XM_067110827.1	M2
XM_067110839.1	M2
XM_067110853.1	M1
XM_067110855.1	M1
XM_067110856.1	M1
XM_067110862.1	M1
XM_067110865.1	M1
XM_067110868.1	M4
XM_067110869.1	M1
XM_067110875.1	M1
XM_067110878.1	M9
XM_067110889.1	M1
XM_067110890.1	M1
XM_067110893.1	M1
XM_067110894.1	M1
XM_067110933.1	M1
XM_067110943.1	M1
XM_067110944.1	M1
XM_067110945.1	M1
XM_067110949.1	M4
XM_067110950.1	M4
XM_067110951.1	M4
XM_067110952.1	M2
XM_067110958.1	M1
XM_067110966.1	M3
XM_067111025.1	M2
XM_067111044.1	M1
XM_067111045.1	M1
XM_067111049.1	M6
XM_067111063.1	M1
XM_067111066.1	M1
XM_067111067.1	M1
XM_067111073.1	M1
XM_067111074.1	M1
XM_067111075.1	M1
XM_067111080.1	M1
XM_067111084.1	M1
XM_067111095.1	M1
XM_067111099.1	M1
XM_067111101.1	M1
XM_067111102.1	M1
XM_067111113.1	M7
XM_067111114.1	M1
XM_067111115.1	M1
XM_067111116.1	M1
XM_067111118.1	M1
XM_067111143.1	M1
XM_067111152.1	M4
XM_067111154.1	M8
XM_067111156.1	M4
XM_067111157.1	M2
XM_067111160.1	M2
XM_067111165.1	M2
XM_067111166.1	M9
XM_067111167.1	M1
XM_067111169.1	M1
XM_067111173.1	M2
XM_067111174.1	M1
XM_067111178.1	M1
XM_067111181.1	M1
XM_067111183.1	M1
XM_067111184.1	M1
XM_067111191.1	M1
XM_067111201.1	M2
XM_067111202.1	M5
XM_067111203.1	M1
XM_067111204.1	M1
XM_067111206.1	M1
XM_067111208.1	M1
XM_067111212.1	M1
XM_067111215.1	M1
XM_067111216.1	M3
XM_067111219.1	M11
XM_067111220.1	M1
XM_067111221.1	M4
XM_067111231.1	M2
XM_067111232.1	M1
XM_067111233.1	M6
XM_067111237.1	M1
XM_067111238.1	M1
XM_067111244.1	M7
XM_067111247.1	M1
XM_067111248.1	M5
XM_067111257.1	M2
XM_067111262.1	M2
XM_067111263.1	M5
XM_067111265.1	M8
XM_067111266.1	M2
XM_067111269.1	M1
XM_067111283.1	M1
XM_067111286.1	M1
XM_067111287.1	M1
XM_067111291.1	M5
XM_067111301.1	M5
XM_067111304.1	M1
XM_067111308.1	M4
XM_067111309.1	M1
XM_067111310.1	M8
XM_067111314.1	M1
XM_067111322.1	M1
XM_067111323.1	M1
XM_067111326.1	M1
XM_067111328.1	M1
XM_067111330.1	M1
XM_067111335.1	M1
XM_067111336.1	M1
XM_067111338.1	M1
XM_067111352.1	M1
XM_067111354.1	M1
XM_067111355.1	M3
XM_067111360.1	M1
XM_067111361.1	M3
XM_067111366.1	M1
XM_067111367.1	M1
XM_067111370.1	M1
XM_067111372.1	M6
XM_067111374.1	M1
XM_067111378.1	M14
XM_067111379.1	M3
XM_067111383.1	M1
XM_067111385.1	M6
XM_067111389.1	M1
XM_067111390.1	M1
XM_067111392.1	M5
XM_067111395.1	M2
XM_067111400.1	M7
XM_067111406.1	M7
XM_067111407.1	M1
XM_067111410.1	M6
XM_067111417.1	M4
XM_067111419.1	M2
XM_067111420.1	M3
XM_067111422.1	M1
XM_067111423.1	M1
XM_067111430.1	M3
XM_067111434.1	M1
XM_067111438.1	M1
XM_067111441.1	M1
XM_067111443.1	M1
XM_067111448.1	M1
XM_067111449.1	M4
XM_067111450.1	M1
XM_067111451.1	M1
XM_067111452.1	M2
XM_067111453.1	M2
XM_067111458.1	M2
XM_067111459.1	M2
XM_067111463.1	M2
XM_067111468.1	M2
XM_067111469.1	M2
XM_067111470.1	M1
XM_067111471.1	M1
XM_067111472.1	M1
XM_067111474.1	M1
XM_067111475.1	M1
XM_067111476.1	M1
XM_067111485.1	M1
XM_067111489.1	M1
XM_067111491.1	M1
XM_067111493.1	M1
XM_067111494.1	M1
XM_067111497.1	M1
XM_067111498.1	M4
XM_067111499.1	M1
XM_067111501.1	M1
XM_067111523.1	M7
XM_067111525.1	M1
XM_067111532.1	M3
XM_067111535.1	M4
XM_067111536.1	M3
XM_067111537.1	M4
XM_067111539.1	M8
XM_067111544.1	M2
XM_067111546.1	M1
XM_067111555.1	M12
XM_067111563.1	M1
XM_067111565.1	M2
XM_067111566.1	M4
XM_067111567.1	M2
XM_067111568.1	M4
XM_067111570.1	M1
XM_067111571.1	M1
XM_067111580.1	M1
XM_067111581.1	M1
XM_067111585.1	M12
XM_067111587.1	M7
XM_067111600.1	M2
XM_067111604.1	M7
XM_067111605.1	M2
XM_067111617.1	M3
XM_067111618.1	M7
XM_067111619.1	M1
XM_067111620.1	M1
XM_067111623.1	M8
XM_067111629.1	M1
XM_067111631.1	M6
XM_067111632.1	M1
XM_067111633.1	M3
XM_067111636.1	M4
XM_067111637.1	M5
XM_067111638.1	M5
XM_067111644.1	M1
XM_067111650.1	M2
XM_067111658.1	M1
XM_067111659.1	M1
XM_067111660.1	M1
XM_067111667.1	M5
XM_067111687.1	M2
XM_067111702.1	M1
XM_067111710.1	M2
XM_067111711.1	M2
XM_067111712.1	M11
XM_067111715.1	M11
XM_067111724.1	M1
XM_067111731.1	M1
XM_067111734.1	M1
XM_067111735.1	M4
XM_067111736.1	M1
XM_067111737.1	M4
XM_067111742.1	M5
XM_067111746.1	M3
XM_067111747.1	M3
XM_067111748.1	M3
XM_067111761.1	M8
XM_067111765.1	M1
XM_067111773.1	M1
XM_067111775.1	M1
XM_067111779.1	M1
XM_067111780.1	M1
XM_067111783.1	M1
XM_067111786.1	M1
XM_067111787.1	M1
XM_067111788.1	M1
XM_067111789.1	M1
XM_067111791.1	M3
XM_067111842.1	M1
XM_067111843.1	M1
XM_067111847.1	M5
XM_067111849.1	M5
XM_067111856.1	M1
XM_067111862.1	M1
XM_067111869.1	M1
XM_067111870.1	M1
XM_067111872.1	M5
XM_067111873.1	M1
XM_067111874.1	M1
XM_067111875.1	M1
XM_067111880.1	M1
XM_067111881.1	M1
XM_067111882.1	M1
XM_067111884.1	M1
XM_067111886.1	M1
XM_067111911.1	M10
XM_067111912.1	M5
XM_067111914.1	M2
XM_067111920.1	M2
XM_067111925.1	M1
XM_067111948.1	M2
XM_067111961.1	M8
XM_067111965.1	M1
XM_067111967.1	M1
XM_067111981.1	M5
XM_067111982.1	M2
XM_067111987.1	M6
XM_067111990.1	M12
XM_067112015.1	M1
XM_067112019.1	M1
XM_067112028.1	M2
XM_067112032.1	M2
XM_067112041.1	M4
XM_067112074.1	M1
XM_067112075.1	M4
XM_067112079.1	M2
XM_067112085.1	M5
XM_067112091.1	M2
XM_067112093.1	M5
XM_067112111.1	M1
XM_067112114.1	M1
XM_067112117.1	M5
XM_067112122.1	M2
XM_067112129.1	M7
XM_067112135.1	M7
XM_067112136.1	M1
XM_067112137.1	M1
XM_067112143.1	M1
XM_067112145.1	M3
XM_067112147.1	M1
XM_067112148.1	M1
XM_067112153.1	M3
XM_067112165.1	M1
XM_067112167.1	M1
XM_067112168.1	M1
XM_067112169.1	M1
XM_067112170.1	M3
XM_067112173.1	M3
XM_067112174.1	M3
XM_067112179.1	M8
XM_067112181.1	M3
XM_067112183.1	M3
XM_067112187.1	M1
XM_067112188.1	M2
XM_067112189.1	M2
XM_067112193.1	M1
XM_067112194.1	M1
XM_067112204.1	M1
XM_067112205.1	M1
XM_067112206.1	M1
XM_067112213.1	M3
XM_067112219.1	M5
XM_067112221.1	M5
XM_067112222.1	M4
XM_067112223.1	M4
XM_067112224.1	M3
XM_067112225.1	M1
XM_067112229.1	M5
XM_067112231.1	M6
XM_067112234.1	M4
XM_067112237.1	M1
XM_067112238.1	M6
XM_067112240.1	M1
XM_067112241.1	M2
XM_067112242.1	M3
XM_067112246.1	M3
XM_067112248.1	M9
XM_067112249.1	M1
XM_067112267.1	M6
XM_067112268.1	M6
XM_067112269.1	M7
XM_067112270.1	M1
XM_067112271.1	M1
XM_067112273.1	M1
XM_067112274.1	M1
XM_067112284.1	M4
XM_067112289.1	M7
XM_067112293.1	M2
XM_067112297.1	M1
XM_067112301.1	M1
XM_067112308.1	M3
XM_067112327.1	M4
XM_067112335.1	M3
XM_067112357.1	M1
XM_067112360.1	M8
XM_067112361.1	M2
XM_067112362.1	M1
XM_067112363.1	M4
XM_067112364.1	M1
XM_067112367.1	M1
XM_067112368.1	M1
XM_067112370.1	M3
XM_067112372.1	M2
XM_067112373.1	M2
XM_067112375.1	M3
XM_067112379.1	M4
XM_067112384.1	M3
XM_067112385.1	M4
XM_067112386.1	M4
XM_067112388.1	M1
XM_067112389.1	M1
XM_067112390.1	M1
XM_067112392.1	M1
XM_067112393.1	M1
XM_067112400.1	M3
XM_067112401.1	M1
XM_067112403.1	M1
XM_067112411.1	M1
XM_067112419.1	M1
XM_067112420.1	M1
XM_067112421.1	M2
XM_067112426.1	M6
XM_067112427.1	M4
XM_067112428.1	M8
XM_067112434.1	M4
XM_067112435.1	M4
XM_067112438.1	M1
XM_067112439.1	M5
XM_067112440.1	M1
XM_067112445.1	M4
XM_067112446.1	M2
XM_067112447.1	M1
XM_067112449.1	M18
XM_067112452.1	M2
XM_067112453.1	M3
XM_067112455.1	M4
XM_067112457.1	M8
XM_067112458.1	M2
XM_067112459.1	M10
XM_067112464.1	M3
XM_067112466.1	M10
XM_067112470.1	M4
XM_067112472.1	M1
XM_067112473.1	M1
XM_067112474.1	M1
XM_067112475.1	M8
XM_067112477.1	M2
XM_067112478.1	M1
XM_067112480.1	M2
XM_067112482.1	M1
XM_067112485.1	M2
XM_067112486.1	M2
XM_067112487.1	M1
XM_067112488.1	M1
XM_067112497.1	M5
XM_067112503.1	M3
XM_067112507.1	M9
XM_067112508.1	M5
XM_067112510.1	M5
XM_067112514.1	M10
XM_067112516.1	M1
XM_067112518.1	M6
XM_067112520.1	M6
XM_067112526.1	M6
XM_067112540.1	M3
XM_067112541.1	M6
XM_067112543.1	M1
XM_067112544.1	M1
XM_067112550.1	M1
XM_067112556.1	M5
XM_067112557.1	M1
XM_067112560.1	M1
XM_067112561.1	M1
XM_067112562.1	M8
XM_067112565.1	M3
XM_067112566.1	M2
XM_067112568.1	M1
XM_067112570.1	M5
XM_067112571.1	M5
XM_067112576.1	M1
XM_067112577.1	M1
XM_067112591.1	M1
XM_067112595.1	M1
XM_067112597.1	M1
XM_067112606.1	M2
XM_067112607.1	M1
XM_067112608.1	M3
XM_067112609.1	M3
XM_067112613.1	M2
XM_067112616.1	M7
XM_067112621.1	M7
XM_067112625.1	M1
XM_067112630.1	M5
XM_067112632.1	M5
XM_067112634.1	M1
XM_067112636.1	M4
XM_067112637.1	M8
XM_067112639.1	M8
XM_067112641.1	M1
XM_067112643.1	M5
XM_067112645.1	M7
XM_067112646.1	M1
XM_067112647.1	M1
XM_067112648.1	M1
XM_067112649.1	M1
XM_067112651.1	M1
XM_067112653.1	M1
XM_067112661.1	M3
XM_067112662.1	M3
XM_067112663.1	M0
XM_067112665.1	M4
XM_067112666.1	M16
XM_067112668.1	M1
XM_067112669.1	M1
XM_067112670.1	M1
XM_067112673.1	M1
XM_067112675.1	M2
XM_067112678.1	M1
XM_067112679.1	M5
XM_067112683.1	M1
XM_067112684.1	M1
XM_067112685.1	M1
XM_067112689.1	M1
XM_067112699.1	M7
XM_067112702.1	M3
XM_067112707.1	M8
XM_067112708.1	M4
XM_067112709.1	M4
XM_067112712.1	M7
XM_067112713.1	M7
XM_067112714.1	M7
XM_067112722.1	M4
XM_067112723.1	M2
XM_067112729.1	M1
XM_067112731.1	M1
XM_067112734.1	M1
XM_067112737.1	M2
XM_067112738.1	M1
XM_067112746.1	M1
XM_067112768.1	M4
XM_067112769.1	M1
XM_067112770.1	M2
XM_067112773.1	M2
XM_067112775.1	M1
XM_067112784.1	M1
XM_067112788.1	M7
XM_067112789.1	M2
XM_067112790.1	M2
XM_067112792.1	M2
XM_067112795.1	M2
XM_067112797.1	M1
XM_067112803.1	M3
XM_067112806.1	M1
XM_067112807.1	M1
XM_067112808.1	M2
XM_067112811.1	M1
XM_067112814.1	M5
XM_067112815.1	M5
XM_067112816.1	M1
XM_067112818.1	M2
XM_067112823.1	M2
XM_067112824.1	M2
XM_067112825.1	M1
XM_067112827.1	M1
XM_067112830.1	M2
XM_067112845.1	M7
XM_067112856.1	M2
XM_067112865.1	M1
XM_067112866.1	M1
XM_067112868.1	M4
XM_067112869.1	M1
XM_067112870.1	M1
XM_067112871.1	M6
XM_067112878.1	M6
XM_067112895.1	M2
XM_067112914.1	M7
XM_067112915.1	M2
XM_067112917.1	M1
XM_067112921.1	M5
XM_067112922.1	M4
XM_067112924.1	M1
XM_067112925.1	M2
XM_067112926.1	M5
XM_067112927.1	M2
XM_067112928.1	M3
XM_067112929.1	M3
XM_067112930.1	M3
XM_067112932.1	M15
XM_067112933.1	M15
XM_067112938.1	M8
XM_067112943.1	M1
XM_067112944.1	M1
XM_067112946.1	M1
XM_067112947.1	M1
XM_067112948.1	M5
XM_067112953.1	M1
XM_067112954.1	M1
XM_067112955.1	M1
XM_067112956.1	M2
XM_067112959.1	M5
XM_067112960.1	M1
XM_067112961.1	M1
XM_067112962.1	M1
XM_067112963.1	M1
XM_067112964.1	M1
XM_067112965.1	M1
XM_067112967.1	M1
XM_067112971.1	M1
XM_067112973.1	M5
XM_067112985.1	M5
XM_067112994.1	M1
XM_067112996.1	M1
XM_067112997.1	M5
XM_067113004.1	M5
XM_067113018.1	M5
XM_067113021.1	M2
XM_067113023.1	M1
XM_067113035.1	M1
XM_067113037.1	M3
XM_067113039.1	M1
XM_067113046.1	M1
XM_067113058.1	M2
XM_067113065.1	M1
XM_067113066.1	M1
XM_067113067.1	M1
XM_067113081.1	M3
XM_067113090.1	M2
XM_067113127.1	M1
XM_067113128.1	M1
XM_067113171.1	M1
XM_067113172.1	M1
XM_067113178.1	M1
XM_067113185.1	M1
XM_067113195.1	M1
XM_067113205.1	M5
XM_067113209.1	M2
XM_067113210.1	M2
XM_067113211.1	M2
XM_067113213.1	M2
XM_067113223.1	M1
XM_067113227.1	M1
XM_067113253.1	M1
XM_067113269.1	M1
XM_067113277.1	M1
XM_067113278.1	M2
XM_067113281.1	M1
XM_067113292.1	M1
XM_067113295.1	M1
XM_067113296.1	M5
XM_067113302.1	M1
XM_067113306.1	M2
XM_067113308.1	M4
XM_067113313.1	M6
XM_067113314.1	M2
XM_067113316.1	M2
XM_067113317.1	M2
XM_067113319.1	M1
XM_067113320.1	M1
XM_067113321.1	M1
XM_067113322.1	M1
XM_067113323.1	M1
XM_067113324.1	M3
XM_067113325.1	M3
XM_067113329.1	M1
XM_067113339.1	M7
XM_067113343.1	M1
XM_067113356.1	M1
XM_067113357.1	M1
XM_067113359.1	M1
XM_067113360.1	M1
XM_067113361.1	M1
XM_067113367.1	M3
XM_067113372.1	M1
XM_067113377.1	M8
XM_067113380.1	M2
XM_067113383.1	M1
XM_067113384.1	M1
XM_067113387.1	M1
XM_067113388.1	M7
XM_067113389.1	M1
XM_067113391.1	M2
XM_067113392.1	M2
XM_067113398.1	M1
XM_067113409.1	M5
XM_067113431.1	M3
XM_067113447.1	M1
XM_067113453.1	M1
XM_067113456.1	M1
XM_067113458.1	M4
XM_067113464.1	M1
XM_067113465.1	M1
XM_067113466.1	M1
XM_067113468.1	M1
XM_067113471.1	M1
XM_067113472.1	M1
XM_067113473.1	M1
XM_067113476.1	M4
XM_067113477.1	M1
XM_067113478.1	M9
XM_067113480.1	M14
XM_067113482.1	M5
XM_067113484.1	M4
XM_067113499.1	M3
XM_067113505.1	M1
XM_067113506.1	M1
XM_067113507.1	M1
XM_067113516.1	M11
XM_067113518.1	M3
XM_067113519.1	M1
XM_067113528.1	M1
XM_067113529.1	M1
XM_067113532.1	M1
XM_067113534.1	M2
XM_067113536.1	M4
XM_067113541.1	M1
XM_067113545.1	M5
XM_067113569.1	M1
XM_067113575.1	M1
XM_067113577.1	M4
XM_067113579.1	M8
XM_067113580.1	M7
XM_067113589.1	M4
XM_067113591.1	M1
XM_067113592.1	M1
XM_067113593.1	M1
XM_067113602.1	M1
XM_067113607.1	M6
XM_067113608.1	M1
XM_067113609.1	M1
XM_067113613.1	M6
XM_067113614.1	M6
XM_067113619.1	M1
XM_067113620.1	M1
XM_067113621.1	M2
XM_067113641.1	M2
XM_067113654.1	M2
XM_067113660.1	M5
XM_067113663.1	M2
XM_067113687.1	M1
XM_067113697.1	M4
XM_067113698.1	M1
XM_067113701.1	M1
XM_067113711.1	M3
XM_067113712.1	M6
XM_067113715.1	M1
XM_067113716.1	M1
XM_067113717.1	M15
XM_067113724.1	M3
XM_067113726.1	M3
XM_067113727.1	M1
XM_067113729.1	M2
XM_067113730.1	M1
XM_067113733.1	M5
XM_067113735.1	M2
XM_067113736.1	M1
XM_067113739.1	M2
XM_067113744.1	M1
XM_067113745.1	M1
XM_067113753.1	M3
XM_067113760.1	M1
XM_067113764.1	M2
XM_067113772.1	M2
XM_067113773.1	M2
XM_067113778.1	M1
XM_067113784.1	M3
XM_067113785.1	M3
XM_067113791.1	M2
XM_067113794.1	M1
XM_067113800.1	M13
XM_067113802.1	M3
XM_067113805.1	M1
XM_067113807.1	M1
XM_067113808.1	M1
XM_067113809.1	M10
XM_067113813.1	M3
XM_067113817.1	M6
XM_067113818.1	M1
XM_067113822.1	M1
XM_067113826.1	M4
XM_067113827.1	M4
XM_067113828.1	M1
XM_067113833.1	M2
XM_067113840.1	M7
XM_067113842.1	M13
XM_067113845.1	M2
XM_067113847.1	M7
XM_067113849.1	M2
XM_067113851.1	M13
XM_067113852.1	M13
XM_067113853.1	M2
XM_067113854.1	M2
XM_067113855.1	M1
XM_067113856.1	M5
XM_067113857.1	M2
XM_067113858.1	M2
XM_067113860.1	M12
XM_067113861.1	M4
XM_067113862.1	M4
XM_067113863.1	M4
XM_067113865.1	M1
XM_067113869.1	M1
XM_067113872.1	M1
XM_067113878.1	M1
XM_067113880.1	M5
XM_067113887.1	M1
XM_067113891.1	M1
XM_067113899.1	M2
XM_067113905.1	M1
XM_067113908.1	M3
XM_067113913.1	M10
XM_067113915.1	M1
XM_067113925.1	M1
XM_067113926.1	M2
XM_067113937.1	M1
XM_067113948.1	M1
XM_067113953.1	M2
XM_067113959.1	M1
XM_067113966.1	M2
XM_067113969.1	M2
XM_067113973.1	M3
XM_067113978.1	M7
XM_067113986.1	M4
XM_067113989.1	M7
XM_067113990.1	M7
XM_067113991.1	M2
XM_067113997.1	M7
XM_067114005.1	M7
XM_067114014.1	M7
XM_067114021.1	M7
XM_067114033.1	M1
XM_067114038.1	M1
XM_067114047.1	M1
XM_067114067.1	M3
XM_067114076.1	M4
XM_067114079.1	M7
XM_067114096.1	M1
XM_067114102.1	M4
XM_067114103.1	M1
XM_067114104.1	M1
XM_067114116.1	M6
XM_067114117.1	M6
XM_067114118.1	M4
XM_067114119.1	M8
XM_067114120.1	M4
XM_067114122.1	M3
XM_067114124.1	M5
XM_067114125.1	M1
XM_067114128.1	M1
XM_067114129.1	M1
XM_067114130.1	M7
XM_067114133.1	M8
XM_067114140.1	M1
XM_067114143.1	M1
XM_067114144.1	M1
XM_067114145.1	M1
XM_067114147.1	M1
XM_067114149.1	M1
XM_067114157.1	M1
XM_067114168.1	M1
XM_067114170.1	M1
XM_067114176.1	M2
XM_067114177.1	M2
XM_067114181.1	M1
XM_067114185.1	M3
XM_067114187.1	M1
XM_067114188.1	M3
XM_067114190.1	M1
XM_067114197.1	M1
XM_067114204.1	M5
XM_067114206.1	M10
XM_067114207.1	M1
XM_067114210.1	M5
XM_067114226.1	M1
XM_067114228.1	M14
XM_067114231.1	M0
XM_067114234.1	M3
XM_067114236.1	M1
XM_067114237.1	M4
XM_067114239.1	M10
XM_067114240.1	M1
XM_067114242.1	M2
XM_067114268.1	M1
XM_067114273.1	M1
XM_067114276.1	M2
XM_067114277.1	M7
XM_067114311.1	M2
XM_067114313.1	M1
XM_067114321.1	M6
XM_067114332.1	M2
XM_067114337.1	M8
XM_067114339.1	M3
XM_067114340.1	M3
XM_067114341.1	M1
XM_067114345.1	M4
XM_067114349.1	M8
XM_067114355.1	M3
XM_067114357.1	M1
XM_067114362.1	M1
XM_067114366.1	M1
XM_067114368.1	M1
XM_067114369.1	M1
XM_067114370.1	M1
XM_067114371.1	M1
XM_067114377.1	M3
XM_067114380.1	M1
XM_067114381.1	M1
XM_067114384.1	M3
XM_067114386.1	M1
XM_067114389.1	M1
XM_067114390.1	M14
XM_067114391.1	M4
XM_067114399.1	M1
XM_067114400.1	M7
XM_067114401.1	M7
XM_067114407.1	M1
XM_067114412.1	M1
XM_067114413.1	M2
XM_067114417.1	M1
XM_067114419.1	M2
XM_067114426.1	M9
XM_067114427.1	M1
XM_067114435.1	M10
XM_067114438.1	M4
XM_067114439.1	M1
XM_067114448.1	M2
XM_067114450.1	M1
XM_067114451.1	M1
XM_067114455.1	M7
XM_067114457.1	M1
XM_067114460.1	M1
XM_067114465.1	M1
XM_067114469.1	M1
XM_067114476.1	M1
XM_067114481.1	M2
XM_067114482.1	M1
XM_067114485.1	M1
XM_067114486.1	M1
XM_067114487.1	M0
XM_067114488.1	M2
XM_067114492.1	M1
XM_067114493.1	M1
XM_067114502.1	M2
XM_067114507.1	M1
XM_067114508.1	M1
XM_067114521.1	M1
XM_067114522.1	M1
XM_067114523.1	M1
XM_067114526.1	M1
XM_067114529.1	M1
XM_067114540.1	M1
XM_067114550.1	M1
XM_067114558.1	M1
XM_067114570.1	M2
XM_067114586.1	M5
XM_067114601.1	M2
XM_067114604.1	M2
XM_067114608.1	M2
XM_067114609.1	M2
XM_067114630.1	M1
XM_067114643.1	M1
XM_067114646.1	M11
XM_067114655.1	M1
XM_067114657.1	M1
XM_067114666.1	M3
XM_067114667.1	M1
XM_067114668.1	M2
XM_067114670.1	M1
XM_067114678.1	M1
XM_067114685.1	M2
XM_067114686.1	M5
XM_067114690.1	M2
XM_067114693.1	M1
XM_067114704.1	M1
XM_067114716.1	M3
XM_067114719.1	M1
XM_067114720.1	M9
XM_067114721.1	M1
XM_067114731.1	M1
XM_067114748.1	M1
XM_067114754.1	M1
XM_067114765.1	M1
XM_067114775.1	M3
XM_067114779.1	M2
XM_067114787.1	M1
XM_067114789.1	M6
XM_067114790.1	M1
XM_067114798.1	M6
XM_067114799.1	M5
XM_067114800.1	M1
XM_067114802.1	M1
XM_067114804.1	M1
XM_067114805.1	M3
XM_067114811.1	M1
XM_067114827.1	M1
XM_067114833.1	M3
XM_067114844.1	M1
XM_067114845.1	M1
XM_067114851.1	M1
XM_067114858.1	M1
XM_067114859.1	M8
XM_067114860.1	M1
XM_067114862.1	M2
XM_067114863.1	M7
XM_067114867.1	M1
XM_067114868.1	M1
XM_067114872.1	M1
XM_067114874.1	M1
XM_067114877.1	M1
XM_067114878.1	M1
XM_067114879.1	M1
XM_067114881.1	M1
XM_067114884.1	M1
XM_067114886.1	M1
XM_067114890.1	M1
XM_067114892.1	M1
XM_067114893.1	M1
XM_067114894.1	M1
XM_067114895.1	M0
XM_067114896.1	M6
XM_067114898.1	M4
XM_067114899.1	M7
XM_067114901.1	M5
XM_067114903.1	M1
XM_067114904.1	M1
XM_067114906.1	M2
XM_067114909.1	M1
XM_067114910.1	M1
XM_067114911.1	M1
XM_067114913.1	M3
XM_067114914.1	M3
XM_067114917.1	M3
XM_067114919.1	M1
XM_067114920.1	M1
XM_067114921.1	M7
XM_067114925.1	M5
XM_067114926.1	M2
XM_067114927.1	M7
XM_067114928.1	M7
XM_067114929.1	M7
XM_067114930.1	M4
XM_067114931.1	M1
XM_067114932.1	M1
XM_067114933.1	M1
XM_067114935.1	M2
XM_067114936.1	M2
XM_067114938.1	M8
XM_067114941.1	M1
XM_067114945.1	M6
XM_067114949.1	M1
XM_067114950.1	M1
XM_067114951.1	M2
XM_067114952.1	M1
XM_067114953.1	M3
XM_067114957.1	M3
XM_067114959.1	M2
XM_067114960.1	M2
XM_067114961.1	M1
XM_067114971.1	M1
XM_067114973.1	M1
XM_067115002.1	M1
XM_067115004.1	M1
XM_067115008.1	M12
XM_067115012.1	M10
XM_067115014.1	M1
XM_067115015.1	M3
XM_067115016.1	M1
XM_067115017.1	M1
XM_067115023.1	M1
XM_067115024.1	M1
XM_067115025.1	M1
XM_067115026.1	M1
XM_067115027.1	M11
XM_067115061.1	M1
XM_067115066.1	M4
XM_067115073.1	M1
XM_067115074.1	M7
XM_067115076.1	M7
XM_067115078.1	M1
XM_067115082.1	M2
XM_067115084.1	M2
XM_067115086.1	M2
XM_067115090.1	M1
XM_067115091.1	M1
XM_067115092.1	M5
XM_067115095.1	M1
XM_067115096.1	M1
XM_067115102.1	M1
XM_067115103.1	M1
XM_067115106.1	M1
XM_067115107.1	M1
XM_067115112.1	M18
XM_067115115.1	M8
XM_067115116.1	M1
XM_067115117.1	M2
XM_067115118.1	M1
XM_067115119.1	M1
XM_067115120.1	M1
XM_067115122.1	M1
XM_067115124.1	M6
XM_067115127.1	M3
XM_067115128.1	M2
XM_067115130.1	M1
XM_067115139.1	M4
XM_067115140.1	M1
XM_067115142.1	M1
XM_067115146.1	M1
XM_067115147.1	M6
XM_067115155.1	M4
XM_067115156.1	M2
XM_067115157.1	M2
XM_067115161.1	M10
XM_067115162.1	M1
XM_067115166.1	M1
XM_067115169.1	M2
XM_067115177.1	M1
XM_067115178.1	M1
XM_067115181.1	M2
XM_067115188.1	M3
XM_067115190.1	M2
XM_067115192.1	M2
XM_067115193.1	M1
XM_067115195.1	M2
XM_067115196.1	M1
XM_067115233.1	M7
XM_067115234.1	M7
XM_067115236.1	M7
XM_067115237.1	M1
XM_067115239.1	M1
XM_067115240.1	M1
XM_067115250.1	M6
XM_067115251.1	M8
XM_067115254.1	M4
XM_067115278.1	M1
XM_067115279.1	M1
XM_067115282.1	M1
XM_067115284.1	M1
XM_067115287.1	M1
XM_067115290.1	M1
XM_067115296.1	M3
XM_067115304.1	M1
XM_067115308.1	M3
XM_067115309.1	M1
XM_067115315.1	M1
XM_067115316.1	M7
XM_067115317.1	M1
XM_067115318.1	M7
XM_067115324.1	M1
XM_067115326.1	M1
XM_067115330.1	M2
XM_067115334.1	M1
XM_067115337.1	M1
XM_067115339.1	M1
XM_067115340.1	M1
XM_067115341.1	M1
XM_067115353.1	M1
XM_067115354.1	M1
XM_067115355.1	M1
XM_067115356.1	M3
XM_067115367.1	M1
XM_067115368.1	M8
XM_067115369.1	M1
XM_067115370.1	M2
XM_067115372.1	M1
XM_067115374.1	M7
XM_067115375.1	M7
XM_067115379.1	M6
XM_067115390.1	M1
XM_067115410.1	M1
XM_067115411.1	M4
XM_067115413.1	M1
XM_067115414.1	M1
XM_067115415.1	M1
XM_067115419.1	M2
XM_067115420.1	M2
XM_067115421.1	M2
XM_067115422.1	M2
XM_067115424.1	M1
XM_067115425.1	M4
XM_067115426.1	M1
XM_067115427.1	M1
XM_067115428.1	M1
XM_067115429.1	M5
XM_067115430.1	M1
XM_067115431.1	M4
XM_067115432.1	M9
XM_067115434.1	M1
XM_067115435.1	M1
XM_067115436.1	M14
XM_067115443.1	M1
XM_067115454.1	M1
XM_067115459.1	M2
XM_067115464.1	M2
XM_067115469.1	M1
XM_067115481.1	M1
XM_067115483.1	M1
XM_067115495.1	M1
XM_067115510.1	M1
XM_067115512.1	M1
XM_067115513.1	M1
XM_067115516.1	M1
XM_067115520.1	M1
XM_067115522.1	M5
XM_067115524.1	M1
XM_067115525.1	M1
XM_067115526.1	M2
XM_067115527.1	M3
XM_067115531.1	M7
XM_067115534.1	M8
XM_067115536.1	M1
XM_067115537.1	M1
XM_067115538.1	M1
XM_067115548.1	M1
XM_067115558.1	M7
XM_067115560.1	M2
XM_067115561.1	M2
XM_067115564.1	M1
XM_067115566.1	M1
XM_067115567.1	M8
XM_067115569.1	M2
XM_067115570.1	M2
XM_067115576.1	M1
XM_067115580.1	M2
XM_067115582.1	M0
XM_067115583.1	M1
XM_067115584.1	M1
XM_067115586.1	M7
XM_067115587.1	M1
XM_067115588.1	M1
XM_067115596.1	M1
XM_067115599.1	M4
XM_067115603.1	M1
XM_067115605.1	M1
XM_067115606.1	M1
XM_067115608.1	M1
XM_067115623.1	M2
XM_067115633.1	M1
XM_067115634.1	M1
XM_067115635.1	M1
XM_067115637.1	M1
XM_067115639.1	M1
XM_067115640.1	M1
XM_067115643.1	M1
XM_067115644.1	M1
XM_067115646.1	M15
XM_067115698.1	M5
XM_067115718.1	M1
XM_067115720.1	M1
XM_067115724.1	M2
XM_067115734.1	M2
XM_067115742.1	M2
XM_067115743.1	M2
XM_067115745.1	M2
XM_067115746.1	M2
XM_067115755.1	M1
XM_067115766.1	M2
XM_067115773.1	M2
XM_067115806.1	M2
XM_067115808.1	M1
XM_067115814.1	M3
XM_067115828.1	M3
XM_067115841.1	M3
XM_067115847.1	M1
XM_067115851.1	M4
XM_067115855.1	M5
XM_067115856.1	M1
XM_067115858.1	M7
XM_067115866.1	M8
XM_067115873.1	M2
XM_067115874.1	M7
XM_067115882.1	M2
XM_067115885.1	M1
XM_067115888.1	M1
XM_067115897.1	M4
XM_067115905.1	M8
XM_067115906.1	M1
XM_067115922.1	M6
XM_067115923.1	M1
XM_067115924.1	M1
XM_067115926.1	M13
XM_067115927.1	M13
XM_067115930.1	M1
XM_067115938.1	M4
XM_067115955.1	M1
XM_067115962.1	M2
XM_067115963.1	M4
XM_067115964.1	M2
XM_067115970.1	M14
XM_067115972.1	M1
XM_067115973.1	M1
XM_067115976.1	M5
XM_067115979.1	M1
XM_067115985.1	M11
XM_067115993.1	M1
XM_067115995.1	M7
XM_067115997.1	M1
XM_067116003.1	M3
XM_067116005.1	M3
XM_067116007.1	M3
XM_067116008.1	M1
XM_067116009.1	M3
XM_067116015.1	M3
XM_067116019.1	M5
XM_067116042.1	M3
XM_067116043.1	M4
XM_067116044.1	M6
XM_067116046.1	M2
XM_067116047.1	M1
XM_067116050.1	M1
XM_067116052.1	M2
XM_067116053.1	M1
XM_067116054.1	M1
XM_067116056.1	M4
XM_067116059.1	M1
XM_067116060.1	M4
XM_067116072.1	M4
XM_067116074.1	M4
XM_067116076.1	M4
XM_067116079.1	M3
XM_067116082.1	M4
XM_067116083.1	M6
XM_067116085.1	M4
XM_067116089.1	M3
XM_067116098.1	M1
XM_067116099.1	M1
XM_067116100.1	M1
XM_067116106.1	M1
XM_067116107.1	M2
XM_067116111.1	M1
XM_067116118.1	M7
XM_067116119.1	M7
XM_067116120.1	M7
XM_067116122.1	M1
XM_067116126.1	M6
XM_067116132.1	M1
XM_067116134.1	M1
XM_067116135.1	M1
XM_067116139.1	M2
XM_067116141.1	M2
XM_067116142.1	M1
XM_067116143.1	M1
XM_067116146.1	M6
XM_067116147.1	M4
XM_067116149.1	M1
XM_067116150.1	M1
XM_067116151.1	M3
XM_067116152.1	M4
XM_067116153.1	M1
XM_067116156.1	M4
XM_067116157.1	M4
XM_067116162.1	M2
XM_067116167.1	M1
XM_067116168.1	M6
XM_067116169.1	M2
XM_067116172.1	M4
XM_067116174.1	M1
XM_067116175.1	M1
XM_067116179.1	M1
XM_067116188.1	M4
XM_067116189.1	M2
XM_067116190.1	M15
XM_067116198.1	M1
XM_067116201.1	M2
XM_067116210.1	M3
XM_067116211.1	M1
XM_067116212.1	M5
XM_067116214.1	M1
XM_067116216.1	M1
XM_067116226.1	M3
XM_067116227.1	M3
XM_067116229.1	M2
XM_067116230.1	M1
XM_067116231.1	M4
XM_067116233.1	M10
XM_067116234.1	M10
XM_067116235.1	M1
XM_067116239.1	M10
XM_067116240.1	M9
XM_067116243.1	M2
XM_067116244.1	M3
XM_067116246.1	M1
XM_067116265.1	M1
XM_067116266.1	M1
XM_067116267.1	M3
XM_067116268.1	M1
XM_067116269.1	M5
XM_067116271.1	M1
XM_067116280.1	M1
XM_067116281.1	M9
XM_067116282.1	M1
XM_067116283.1	M1
XM_067116292.1	M1
XM_067116293.1	M1
XM_067116294.1	M1
XM_067116296.1	M1
XM_067116297.1	M1
XM_067116304.1	M1
XM_067116308.1	M1
XM_067116311.1	M3
XM_067116312.1	M1
XM_067116313.1	M5
XM_067116315.1	M1
XM_067116318.1	M1
XM_067116320.1	M1
XM_067116324.1	M4
XM_067116325.1	M3
XM_067116335.1	M1
XM_067116336.1	M1
XM_067116338.1	M1
XM_067116339.1	M1
XM_067116340.1	M1
XM_067116342.1	M1
XM_067116343.1	M1
XM_067116347.1	M1
XM_067116349.1	M4
XM_067116353.1	M1
XM_067116354.1	M1
XM_067116358.1	M1
XM_067116379.1	M1
XM_067116387.1	M1
XM_067116388.1	M1
XM_067116389.1	M4
XM_067116390.1	M1
XM_067116391.1	M1
XM_067116401.1	M5
XM_067116402.1	M4
XM_067116403.1	M4
XM_067116411.1	M1
XM_067116412.1	M9
XM_067116416.1	M17
XM_067116423.1	M2
XM_067116428.1	M1
XM_067116445.1	M2
XM_067116455.1	M4
XM_067116456.1	M6
XM_067116466.1	M3
XM_067116470.1	M6
XM_067116471.1	M1
XM_067116473.1	M1
XM_067116476.1	M1
XM_067116479.1	M1
XM_067116480.1	M1
XM_067116481.1	M8
XM_067116482.1	M1
XM_067116484.1	M1
XM_067116485.1	M1
XM_067116487.1	M1
XM_067116494.1	M1
XM_067116496.1	M1
XM_067116497.1	M1
XM_067116498.1	M1
XM_067116502.1	M7
XM_067116509.1	M1
XM_067116511.1	M1
XM_067116515.1	M2
XM_067116516.1	M1
XM_067116517.1	M1
XM_067116520.1	M1
XM_067116521.1	M1
XM_067116522.1	M1
XM_067116523.1	M1
XM_067116524.1	M3
XM_067116532.1	M1
XM_067116533.1	M3
XM_067116534.1	M4
XM_067116536.1	M6
XM_067116539.1	M1
XM_067116545.1	M1
XM_067116548.1	M1
XM_067116550.1	M3
XM_067116552.1	M1
XM_067116554.1	M3
XM_067116555.1	M2
XM_067116556.1	M2
XM_067116557.1	M1
XM_067116560.1	M1
XM_067116563.1	M13
XM_067116564.1	M1
XM_067116565.1	M1
XM_067116567.1	M1
XM_067116569.1	M7
XM_067116570.1	M7
XM_067116574.1	M1
XM_067116578.1	M4
XM_067116580.1	M1
XM_067116581.1	M1
XM_067116582.1	M1
XM_067116593.1	M2
XM_067116596.1	M1
XM_067116598.1	M1
XM_067116599.1	M1
XM_067116601.1	M2
XM_067116603.1	M5
XM_067116604.1	M0
XM_067116605.1	M1
XM_067116607.1	M5
XM_067116608.1	M9
XM_067116624.1	M5
XM_067116627.1	M2
XM_067116629.1	M12
XM_067116632.1	M1
XM_067116636.1	M1
XM_067116641.1	M1
XM_067116642.1	M7
XM_067116644.1	M4
XM_067116646.1	M1
XM_067116648.1	M9
XM_067116649.1	M2
XM_067116655.1	M1
XM_067116661.1	M1
XM_067116665.1	M1
XM_067116704.1	M1
XM_067116711.1	M4
XM_067116718.1	M1
XM_067116729.1	M1
XM_067116730.1	M3
XM_067116731.1	M1
XM_067116738.1	M5
XM_067116739.1	M5
XM_067116742.1	M1
XM_067116748.1	M7
XM_067116749.1	M1
XM_067116755.1	M2
XM_067116758.1	M1
XM_067116759.1	M1
XM_067116760.1	M1
XM_067116761.1	M1
XM_067116765.1	M1
XM_067116766.1	M2
XM_067116776.1	M2
XM_067116777.1	M1
XM_067116781.1	M1
XM_067116782.1	M7
XM_067116784.1	M1
XM_067116786.1	M3
XM_067116788.1	M1
XM_067116795.1	M4
XM_067116796.1	M1
XM_067116799.1	M1
XM_067116803.1	M2
XM_067116805.1	M1
XM_067116806.1	M1
XM_067116807.1	M1
XM_067116808.1	M3
XM_067116813.1	M6
XM_067116814.1	M5
XM_067116816.1	M5
XM_067116817.1	M5
XM_067116831.1	M6
XM_067116832.1	M1
XM_067116842.1	M5
XM_067116845.1	M5
XM_067116846.1	M5
XM_067116847.1	M5
XM_067116848.1	M2
XM_067116849.1	M6
XM_067116850.1	M1
XM_067116853.1	M1
XM_067116855.1	M1
XM_067116864.1	M7
XM_067116865.1	M1
XM_067116866.1	M5
XM_067116867.1	M11
XM_067116868.1	M1
XM_067116869.1	M1
XM_067116870.1	M11
XM_067116871.1	M1
XM_067116875.1	M9
XM_067116876.1	M1
XM_067116877.1	M3
XM_067116878.1	M8
XM_067116883.1	M1
XM_067116900.1	M1
XM_067116910.1	M1
XM_067116914.1	M1
XM_067116915.1	M13
XM_067116916.1	M1
XM_067116922.1	M5
XM_067116923.1	M2
XM_067116924.1	M3
XM_067116925.1	M1
XM_067116934.1	M1
XM_067116943.1	M1
XM_067116944.1	M1
XM_067116946.1	M1
XM_067116947.1	M7
XM_067116948.1	M1
XM_067116949.1	M1
XM_067116950.1	M1
XM_067116977.1	M1
XM_067116978.1	M3
XM_067116979.1	M3
XM_067116980.1	M1
XM_067116982.1	M3
XM_067116983.1	M11
XM_067116985.1	M2
XM_067116987.1	M2
XM_067116993.1	M1
XM_067116994.1	M4
XM_067116995.1	M14
XM_067116996.1	M1
XM_067117001.1	M2
XM_067117004.1	M1
XM_067117005.1	M1
XM_067117008.1	M1
XM_067117009.1	M2
XM_067117011.1	M4
XM_067117012.1	M4
XM_067117013.1	M1
XM_067117015.1	M4
XM_067117016.1	M4
XM_067117020.1	M4
XM_067117069.1	M3
XM_067117088.1	M2
XM_067117103.1	M4
XM_067117104.1	M1
XM_067117106.1	M1
XM_067117121.1	M1
XM_067117123.1	M1
XM_067117131.1	M1
XM_067117133.1	M1
XM_067117143.1	M1
XM_067117171.1	M2
XM_067117174.1	M0
XM_067117182.1	M2
XM_067117183.1	M2
XM_067117184.1	M8
XM_067117193.1	M2
XM_067117195.1	M5
XM_067117197.1	M2
XM_067117198.1	M2
XM_067117199.1	M7
XM_067117212.1	M1
XM_067117219.1	M1
XM_067117222.1	M2
XM_067117227.1	M6
XM_067117228.1	M1
XM_067117231.1	M1
XM_067117232.1	M1
XM_067117253.1	M1
XM_067117254.1	M1
XM_067117257.1	M1
XM_067117258.1	M1
XM_067117259.1	M1
XM_067117266.1	M1
XM_067117267.1	M2
XM_067117271.1	M6
XM_067117276.1	M1
XM_067117278.1	M1
XM_067117281.1	M1
XM_067117283.1	M1
XM_067117286.1	M3
XM_067117288.1	M3
XM_067117289.1	M11
XM_067117292.1	M1
XM_067117304.1	M1
XM_067117311.1	M4
XM_067117314.1	M2
XM_067117321.1	M1
XM_067117322.1	M1
XM_067117335.1	M1
XM_067117337.1	M1
XM_067117343.1	M2
XM_067117345.1	M1
XM_067117346.1	M1
XM_067117350.1	M6
XM_067117357.1	M3
XM_067117359.1	M4
XM_067117362.1	M1
XM_067117363.1	M1
XM_067117364.1	M3
XM_067117365.1	M1
XM_067117366.1	M2
XM_067117367.1	M2
XM_067117372.1	M1
XM_067117379.1	M2
XM_067117385.1	M1
XM_067117388.1	M5
XM_067117390.1	M1
XM_067117391.1	M1
XM_067117393.1	M4
XM_067117394.1	M6
XM_067117399.1	M4
XM_067117404.1	M11
XM_067117405.1	M2
XM_067117406.1	M1
XM_067117407.1	M1
XM_067117408.1	M2
XM_067117410.1	M6
XM_067117416.1	M4
XM_067117418.1	M7
XM_067117419.1	M7
XM_067117429.1	M1
XM_067117432.1	M2
XM_067117444.1	M1
XM_067117446.1	M1
XM_067117448.1	M1
XM_067117450.1	M1
XM_067117459.1	M1
XM_067117465.1	M1
XM_067117466.1	M1
XM_067117467.1	M2
XM_067117468.1	M9
XM_067117469.1	M10
XM_067117474.1	M1
XM_067117476.1	M1
XM_067117488.1	M3
XM_067117490.1	M1
XM_067117491.1	M1
XM_067117493.1	M1
XM_067117494.1	M1
XM_067117498.1	M5
XM_067117499.1	M1
XM_067117503.1	M2
XM_067117506.1	M2
XM_067117507.1	M1
XM_067117508.1	M1
XM_067117509.1	M1
XM_067117520.1	M1
XM_067117522.1	M2
XM_067117525.1	M3
XM_067117526.1	M4
XM_067117535.1	M1
XM_067117538.1	M1
XM_067117540.1	M2
XM_067117541.1	M3
XM_067117542.1	M1
XM_067117546.1	M1
XM_067117548.1	M1
XM_067117549.1	M1
XM_067117554.1	M4
XM_067117557.1	M2
XM_067117558.1	M2
XM_067117559.1	M13
XM_067117561.1	M2
XM_067117562.1	M1
XM_067117612.1	M6
XM_067117617.1	M6
XM_067117627.1	M1
XM_067117628.1	M1
XM_067117629.1	M1
XM_067117633.1	M1
XM_067117638.1	M2
XM_067117646.1	M1
XM_067117649.1	M2
XM_067117650.1	M2
XM_067117652.1	M2
XM_067117654.1	M2
XM_067117655.1	M1
XM_067117658.1	M14
XM_067117672.1	M1
XM_067117678.1	M1
XM_067117679.1	M3
XM_067117682.1	M2
XM_067117688.1	M1
XM_067117715.1	M6
XM_067117716.1	M6
XM_067117717.1	M6
XM_067117718.1	M1
XM_067117721.1	M7
XM_067117728.1	M2
XM_067117729.1	M2
XM_067117730.1	M2
XM_067117732.1	M1
XM_067117742.1	M1
XM_067117744.1	M1
XM_067117748.1	M2
XM_067117756.1	M3
XM_067117764.1	M5
XM_067117765.1	M1
XM_067117781.1	M1
XM_067117782.1	M1
XM_067117784.1	M0
XM_067117785.1	M1
XM_067117788.1	M5
XM_067117789.1	M1
XM_067117790.1	M1
XM_067117808.1	M1
XM_067117816.1	M5
XM_067117820.1	M1
XM_067117822.1	M1
XM_067117823.1	M1
XM_067117828.1	M2
XM_067117837.1	M1
XM_067117839.1	M1
XM_067117847.1	M3
XM_067117848.1	M1
XM_067117852.1	M1
XM_067117863.1	M4
XM_067117872.1	M1
XM_067117876.1	M1
XM_067117899.1	M2
XM_067117904.1	M12
XM_067117908.1	M1
XM_067117914.1	M3
XM_067117915.1	M1
XM_067117916.1	M2
XM_067117936.1	M5
XM_067117940.1	M2
XM_067117941.1	M1
XM_067117944.1	M1
XM_067117952.1	M1
XM_067117953.1	M1
XM_067117964.1	M1
XM_067117978.1	M1
XM_067117983.1	M1
XM_067117984.1	M1
XM_067117985.1	M1
XM_067117986.1	M1
XM_067117988.1	M4
XM_067117989.1	M1
XM_067117992.1	M1
XM_067117999.1	M2
XM_067118000.1	M1
XM_067118002.1	M6
XM_067118010.1	M6
XM_067118011.1	M2
XM_067118012.1	M1
XM_067118014.1	M2
XM_067118015.1	M2
XM_067118016.1	M3
XM_067118019.1	M1
XM_067118020.1	M3
XM_067118034.1	M14
XM_067118040.1	M1
XM_067118054.1	M1
XM_067118056.1	M2
XM_067118058.1	M1
XM_067118059.1	M5
XM_067118063.1	M1
XM_067118075.1	M1
XM_067118079.1	M4
XM_067118081.1	M1
XM_067118088.1	M1
XM_067118102.1	M11
XM_067118123.1	M7
XM_067118133.1	M6
XM_067118138.1	M4
XM_067118149.1	M1
XM_067118156.1	M2
XM_067118157.1	M2
XM_067118158.1	M2
XM_067118159.1	M2
XM_067118160.1	M1
XM_067118163.1	M2
XM_067118164.1	M1
XM_067118165.1	M1
XM_067118168.1	M7
XM_067118179.1	M4
XM_067118192.1	M1
XM_067118193.1	M1
XM_067118194.1	M7
XM_067118195.1	M7
XM_067118198.1	M6
XM_067118203.1	M4
XM_067118204.1	M2
XM_067118207.1	M1
XM_067118212.1	M1
XM_067118220.1	M3
XM_067118234.1	M7
XM_067118236.1	M1
XM_067118245.1	M3
XM_067118278.1	M1
XM_067118279.1	M1
XM_067118281.1	M0
XM_067118284.1	M2
XM_067118289.1	M4
XM_067118290.1	M1
XM_067118291.1	M1
XM_067118296.1	M1
XM_067118298.1	M8
XM_067118301.1	M1
XM_067118303.1	M1
XM_067118318.1	M1
XM_067118320.1	M1
XM_067118322.1	M1
XM_067118333.1	M1
XM_067118334.1	M2
XM_067118335.1	M2
XM_067118336.1	M1
XM_067118337.1	M1
XM_067118338.1	M6
XM_067118341.1	M1
XM_067118343.1	M5
XM_067118345.1	M1
XM_067118346.1	M1
XM_067118348.1	M12
XM_067118350.1	M1
XM_067118354.1	M1
XM_067118360.1	M6
XM_067118361.1	M3
XM_067118363.1	M1
XM_067118365.1	M1
XM_067118367.1	M1
XM_067118369.1	M1
XM_067118371.1	M1
XM_067118373.1	M6
XM_067118374.1	M3
XM_067118378.1	M3
XM_067118379.1	M17
XM_067118384.1	M7
XM_067118386.1	M5
XM_067118387.1	M1
XM_067118388.1	M1
XM_067118393.1	M1
XM_067118394.1	M2
XM_067118395.1	M6
XM_067118400.1	M6
XM_067118401.1	M0
XM_067118403.1	M1
XM_067118405.1	M10
XM_067118410.1	M1
XM_067118411.1	M1
XM_067118414.1	M2
XM_067118435.1	M1
XM_067118436.1	M1
XM_067118442.1	M2
XM_067118445.1	M2
XM_067118448.1	M6
XM_067118450.1	M1
XM_067118455.1	M6
XM_067118457.1	M1
XM_067118458.1	M1
XM_067118460.1	M1
XM_067118461.1	M0
XM_067118462.1	M1
XM_067118464.1	M1
XM_067118466.1	M1
XM_067118470.1	M1
XM_067118472.1	M1
XM_067118474.1	M2
XM_067118476.1	M2
XM_067118480.1	M3
XM_067118482.1	M2
XM_067118483.1	M2
XM_067118485.1	M2
XM_067118486.1	M5
XM_067118513.1	M14
XM_067118515.1	M2
XM_067118519.1	M1
XM_067118520.1	M7
XM_067118531.1	M1
XM_067118532.1	M1
XM_067118533.1	M1
XM_067118537.1	M1
XM_067118541.1	M1
XM_067118543.1	M2
XM_067118544.1	M7
XM_067118547.1	M1
XM_067118551.1	M2
XM_067118553.1	M4
XM_067118556.1	M4
XM_067118567.1	M3
XM_067118575.1	M2
XM_067118576.1	M2
XM_067118579.1	M15
XM_067118581.1	M2
XM_067118583.1	M2
XM_067118588.1	M3
XM_067118590.1	M1
XM_067118592.1	M3
XM_067118595.1	M3
XM_067118601.1	M1
XM_067118602.1	M17
XM_067118605.1	M1
XM_067118606.1	M6
XM_067118608.1	M2
XM_067118614.1	M5
XM_067118623.1	M1
XM_067118626.1	M1
XM_067118627.1	M3
XM_067118631.1	M7
XM_067118632.1	M5
XM_067118637.1	M1
XM_067118638.1	M2
XM_067118641.1	M2
XM_067118649.1	M0
XM_067118657.1	M1
XM_067118660.1	M1
XM_067118661.1	M1
XM_067118663.1	M1
XM_067118669.1	M1
XM_067118676.1	M5
XM_067118678.1	M1
XM_067118679.1	M1
XM_067118680.1	M1
XM_067118683.1	M6
XM_067118685.1	M1
XM_067118688.1	M1
XM_067118689.1	M2
XM_067118691.1	M1
XM_067118692.1	M1
XM_067118693.1	M1
XM_067118694.1	M4
XM_067118709.1	M1
XM_067118710.1	M1
XM_067118711.1	M1
XM_067118712.1	M1
XM_067118713.1	M7
XM_067118715.1	M7
XM_067118716.1	M3
XM_067118718.1	M3
XM_067118721.1	M5
XM_067118722.1	M7
XM_067118727.1	M1
XM_067118730.1	M1
XM_067118732.1	M1
XM_067118734.1	M6
XM_067118737.1	M1
XM_067118739.1	M1
XM_067118741.1	M4
XM_067118744.1	M1
XM_067118745.1	M1
XM_067118749.1	M4
XM_067118750.1	M1
XM_067118758.1	M3
XM_067118766.1	M1
XM_067118767.1	M1
XM_067118772.1	M6
XM_067118773.1	M3
XM_067118775.1	M1
XM_067118779.1	M1
XM_067118787.1	M1
XM_067118790.1	M6
XM_067118797.1	M1
XM_067118800.1	M1
XM_067118807.1	M1
XM_067118808.1	M6
XM_067118809.1	M1
XM_067118819.1	M4
XM_067118828.1	M1
XM_067118830.1	M2
XM_067118833.1	M1
XM_067118835.1	M2
XM_067118836.1	M2
XM_067118838.1	M4
XM_067118839.1	M10
XM_067118842.1	M1
XM_067118843.1	M6
XM_067118844.1	M1
XM_067118855.1	M1
XM_067118857.1	M1
XM_067118859.1	M1
XM_067118861.1	M2
XM_067118862.1	M1
XM_067118863.1	M1
XM_067118864.1	M1
XM_067118866.1	M4
XM_067118867.1	M4
XM_067118868.1	M5
XM_067118871.1	M4
XM_067118872.1	M8
XM_067118873.1	M2
XM_067118875.1	M3
XM_067118878.1	M1
XM_067118902.1	M1
XM_067118903.1	M3
XM_067118907.1	M1
XM_067118908.1	M1
XM_067118910.1	M1
XM_067118911.1	M3
XM_067118913.1	M1
XM_067118915.1	M6
XM_067118918.1	M1
XM_067118922.1	M2
XM_067118923.1	M2
XM_067118924.1	M2
XM_067118925.1	M1
XM_067118926.1	M1
XM_067118927.1	M1
XM_067118928.1	M6
XM_067118929.1	M1
XM_067118930.1	M8
XM_067118935.1	M1
XM_067118936.1	M1
XM_067118937.1	M7
XM_067118938.1	M1
XM_067118940.1	M7
XM_067118941.1	M10
XM_067118943.1	M1
XM_067118944.1	M1
XM_067118945.1	M1
XM_067118946.1	M1
XM_067118947.1	M1
XM_067118948.1	M9
XM_067118950.1	M0
XM_067118953.1	M1
XM_067118956.1	M2
XM_067118962.1	M7
XM_067118963.1	M2
XM_067118968.1	M1
XM_067118971.1	M9
XM_067118975.1	M4
XM_067118976.1	M1
XM_067118978.1	M1
XM_067118992.1	M1
XM_067118993.1	M1
XM_067118999.1	M8
XM_067119000.1	M1
XM_067119001.1	M3
XM_067119003.1	M6
XM_067119004.1	M3
XM_067119009.1	M1
XM_067119011.1	M6
XM_067119013.1	M1
XM_067119017.1	M1
XM_067119019.1	M5
XM_067119020.1	M4
XM_067119025.1	M1
XM_067119026.1	M1
XM_067119031.1	M1
XM_067119032.1	M4
XM_067119033.1	M1
XM_067119034.1	M1
XM_067119035.1	M1
XM_067119036.1	M1
XM_067119038.1	M4
XM_067119045.1	M6
XM_067119047.1	M4
XM_067119051.1	M5
XM_067119052.1	M13
XM_067119057.1	M7
XM_067119058.1	M7
XM_067119059.1	M13
XM_067119060.1	M2
XM_067119067.1	M1
XM_067119070.1	M1
XM_067119079.1	M0
XM_067119080.1	M4
XM_067119082.1	M2
XM_067119083.1	M14
XM_067119090.1	M1
XM_067119091.1	M0
XM_067119092.1	M1
XM_067119095.1	M3
XM_067119099.1	M1
XM_067119105.1	M1
XM_067119115.1	M1
XM_067119123.1	M1
XM_067119125.1	M1
XM_067119131.1	M3
XM_067119132.1	M8
XM_067119133.1	M1
XM_067119134.1	M7
XM_067119135.1	M5
XM_067119136.1	M5
XM_067119139.1	M1
XM_067119140.1	M1
XM_067119146.1	M3
XM_067119147.1	M1
XM_067119148.1	M1
XM_067119152.1	M5
XM_067119158.1	M1
XM_067119159.1	M0
XM_067119161.1	M4
XM_067119164.1	M3
XM_067119169.1	M1
XM_067119170.1	M1
XM_067119178.1	M6
XM_067119181.1	M1
XM_067119185.1	M2
XM_067119192.1	M3
XM_067119193.1	M3
XM_067119198.1	M1
XM_067119201.1	M1
XM_067119204.1	M2
XM_067119209.1	M1
XM_067119210.1	M2
XM_067119212.1	M15
XM_067119213.1	M2
XM_067119214.1	M0
XM_067119221.1	M1
XM_067119223.1	M1
XM_067119227.1	M6
XM_067119229.1	M12
XM_067119254.1	M1
XM_067119263.1	M1
XM_067119280.1	M2
XM_067119281.1	M5
XM_067119282.1	M1
XM_067119313.1	M5
XM_067119318.1	M1
XM_067119328.1	M1
XM_067119331.1	M1
XM_067119332.1	M1
XM_067119333.1	M1
XM_067119347.1	M1
XM_067119352.1	M6
XM_067119354.1	M1
XM_067119379.1	M1
XM_067119380.1	M8
XM_067119385.1	M4
XM_067119386.1	M1
XM_067119409.1	M1
XM_067119415.1	M5
XM_067119425.1	M1
XM_067119434.1	M4
XM_067119441.1	M8
XM_067119456.1	M1
XM_067119457.1	M1
XM_067119462.1	M3
XM_067119463.1	M1
XM_067119468.1	M3
XM_067119469.1	M17
XM_067119471.1	M2
XM_067119475.1	M1
XM_067119477.1	M1
XM_067119482.1	M3
XM_067119489.1	M1
XM_067119490.1	M2
XM_067119491.1	M6
XM_067119493.1	M1
XM_067119494.1	M3
XM_067119496.1	M1
XM_067119497.1	M1
XM_067119500.1	M1
XM_067119504.1	M1
XM_067119505.1	M1
XM_067119508.1	M1
XM_067119509.1	M6
XM_067119511.1	M1
XM_067119518.1	M6
XM_067119521.1	M7
XM_067119532.1	M3
XM_067119533.1	M2
XM_067119534.1	M5
XM_067119539.1	M2
XM_067119542.1	M9
XM_067119568.1	M2
XM_067119569.1	M2
XM_067119570.1	M7
XM_067119580.1	M6
XM_067119582.1	M1
XM_067119584.1	M2
XM_067119598.1	M1
XM_067119601.1	M4
XM_067119610.1	M1
XM_067119611.1	M2
XM_067119612.1	M10
XM_067119613.1	M1
XM_067119615.1	M7
XM_067119620.1	M1
XM_067119621.1	M1
XM_067119623.1	M2
XM_067119625.1	M2
XM_067119626.1	M1
XM_067119631.1	M1
XM_067119632.1	M5
XM_067119637.1	M1
XM_067119648.1	M1
XM_067119649.1	M2
XM_067119656.1	M5
XM_067119676.1	M1
XM_067119677.1	M9
XM_067119678.1	M1
XM_067119680.1	M3
XM_067119686.1	M1
XM_067119701.1	M1
XM_067119704.1	M1
XM_067119707.1	M1
XM_067119708.1	M1
XM_067119729.1	M1
XM_067119732.1	M6
XM_067119733.1	M1
XM_067119734.1	M1
XM_067119736.1	M1
XM_067119738.1	M1
XM_067119742.1	M2
XM_067119748.1	M1
XM_067119750.1	M1
XM_067119752.1	M2
XM_067119753.1	M1
XM_067119754.1	M1
XM_067119756.1	M2
XM_067119762.1	M1
XM_067119764.1	M5
XM_067119766.1	M5
XM_067119767.1	M7
XM_067119768.1	M5
XM_067119769.1	M5
XM_067119772.1	M5
XM_067119775.1	M1
XM_067119780.1	M1
XM_067119792.1	M2
XM_067119797.1	M1
XM_067119806.1	M5
XM_067119824.1	M1
XM_067119832.1	M1
XM_067119845.1	M1
XM_067119846.1	M1
XM_067119848.1	M15
XM_067119850.1	M1
XM_067119855.1	M2
XM_067119856.1	M2
XM_067119857.1	M2
XM_067119858.1	M1
XM_067119861.1	M1
XM_067119869.1	M1
XM_067119871.1	M1
XM_067119872.1	M1
XM_067119876.1	M1
XM_067119877.1	M1
XM_067119887.1	M1
XM_067119891.1	M7
XM_067119893.1	M3
XM_067119900.1	M2
XM_067119906.1	M1
XM_067119909.1	M1
XM_067119910.1	M1
XM_067119913.1	M1
XM_067119916.1	M2
XM_067119925.1	M1
XM_067119926.1	M5
XM_067119929.1	M8
XM_067119930.1	M4
XM_067119932.1	M3
XM_067119935.1	M8
XM_067119937.1	M3
XM_067119940.1	M4
XM_067119953.1	M1
XM_067119960.1	M2
XM_067119987.1	M1
XM_067119990.1	M14
XM_067119997.1	M2
XM_067120002.1	M2
XM_067120005.1	M2
XM_067120006.1	M1
XM_067120013.1	M1
XM_067120016.1	M5
XM_067120024.1	M6
XM_067120031.1	M6
XM_067120033.1	M4
XM_067120035.1	M1
XM_067120037.1	M0
XM_067120049.1	M1
XM_067120058.1	M2
XM_067120059.1	M7
XM_067120060.1	M4
XM_067120061.1	M1
XM_067120062.1	M1
XM_067120063.1	M3
XM_067120066.1	M2
XM_067120067.1	M2
XM_067120068.1	M2
XM_067120069.1	M7
XM_067120070.1	M9
XM_067120071.1	M1
XM_067120072.1	M7
XM_067120073.1	M7
XM_067120074.1	M2
XM_067120077.1	M1
XM_067120078.1	M1
XM_067120079.1	M1
XM_067120080.1	M1
XM_067120081.1	M7
XM_067120083.1	M10
XM_067120086.1	M2
XM_067120089.1	M3
XM_067120095.1	M10
XM_067120099.1	M1
XM_067120100.1	M4
XM_067120101.1	M4
XM_067120103.1	M5
XM_067120105.1	M2
XM_067120106.1	M1
XM_067120107.1	M5
XM_067120108.1	M8
XM_067120109.1	M3
XM_067120114.1	M8
XM_067120115.1	M1
XM_067120130.1	M1
XM_067120135.1	M1
XM_067120136.1	M8
XM_067120158.1	M1
XM_067120168.1	M1
XM_067120174.1	M1
XM_067120177.1	M5
XM_067120180.1	M1
XM_067120181.1	M6
XM_067120184.1	M1
XM_067120187.1	M1
XM_067120189.1	M1
XM_067120193.1	M1
XM_067120196.1	M4
XM_067120197.1	M4
XM_067120198.1	M4
XM_067120199.1	M2
XM_067120200.1	M1
XM_067120203.1	M1
XM_067120204.1	M1
XM_067120205.1	M3
XM_067120207.1	M2
XM_067120208.1	M1
XM_067120209.1	M1
XM_067120215.1	M1
XM_067120218.1	M1
XM_067120225.1	M1
XM_067120232.1	M2
XM_067120233.1	M1
XM_067120245.1	M1
XM_067120247.1	M1
XM_067120251.1	M1
XM_067120254.1	M3
XM_067120256.1	M3
XM_067120258.1	M2
XM_067120273.1	M3
XM_067120281.1	M1
XM_067120287.1	M1
XM_067120288.1	M1
XM_067120291.1	M1
XM_067120293.1	M9
XM_067120298.1	M6
XM_067120299.1	M1
XM_067120315.1	M1
XM_067120322.1	M1
XM_067120325.1	M2
XM_067120326.1	M7
XM_067120327.1	M7
XM_067120328.1	M1
XM_067120329.1	M0
XM_067120330.1	M1
XM_067120342.1	M1
XM_067120346.1	M14
XM_067120347.1	M14
XM_067120351.1	M1
XM_067120358.1	M1
XM_067120371.1	M1
XM_067120383.1	M1
XM_067120385.1	M8
XM_067120386.1	M1
XM_067120390.1	M1
XM_067120393.1	M1
XM_067120395.1	M1
XM_067120396.1	M1
XM_067120398.1	M1
XM_067120403.1	M2
XM_067120405.1	M1
XM_067120406.1	M1
XM_067120407.1	M1
XM_067120409.1	M2
XM_067120410.1	M1
XM_067120411.1	M1
XM_067120416.1	M1
XM_067120418.1	M1
XM_067120420.1	M6
XM_067120421.1	M6
XM_067120427.1	M2
XM_067120433.1	M1
XM_067120434.1	M2
XM_067120435.1	M7
XM_067120438.1	M2
XM_067120439.1	M1
XM_067120440.1	M1
XM_067120443.1	M1
XM_067120450.1	M2
XM_067120452.1	M4
XM_067120455.1	M5
XM_067120457.1	M1
XM_067120466.1	M1
XM_067120472.1	M3
XM_067120473.1	M1
XM_067120479.1	M2
XM_067120482.1	M2
XM_067120485.1	M1
XM_067120487.1	M1
XM_067120491.1	M18
XM_067120493.1	M2
XM_067120495.1	M2
XM_067120498.1	M2
XM_067120509.1	M1
XM_067120513.1	M1
XM_067120516.1	M2
XM_067120517.1	M1
XM_067120524.1	M1
XM_067120533.1	M2
XM_067120534.1	M2
XM_067120536.1	M1
XM_067120537.1	M5
XM_067120539.1	M5
XM_067120543.1	M5
XM_067120545.1	M5
XM_067120546.1	M2
XM_067120547.1	M1
XM_067120550.1	M2
XM_067120552.1	M2
XM_067120553.1	M2
XM_067120562.1	M4
XM_067120563.1	M5
XM_067120567.1	M1
XM_067120568.1	M1
XM_067120575.1	M1
XM_067120576.1	M5
XM_067120577.1	M5
XM_067120580.1	M5
XM_067120583.1	M3
XM_067120586.1	M3
XM_067120596.1	M8
XM_067120607.1	M1
XM_067120608.1	M2
XM_067120610.1	M4
XM_067120619.1	M1
XM_067120626.1	M3
XM_067120628.1	M8
XM_067120629.1	M1
XM_067120634.1	M2
XM_067120635.1	M2
XM_067120637.1	M1
XM_067120639.1	M2
XM_067120641.1	M2
XM_067120642.1	M7
XM_067120647.1	M2
XM_067120650.1	M1
XM_067120651.1	M5
XM_067120664.1	M4
XM_067120665.1	M4
XM_067120667.1	M14
XM_067120669.1	M14
XM_067120670.1	M1
XM_067120680.1	M1
XM_067120693.1	M1
XM_067120697.1	M1
XM_067120715.1	M1
XM_067120740.1	M2
XM_067120759.1	M1
XM_067120776.1	M2
XM_067120782.1	M2
XM_067120787.1	M2
XM_067120811.1	M6
XM_067120815.1	M1
XM_067120817.1	M1
XM_067120818.1	M1
XM_067120821.1	M1
XM_067120822.1	M1
XM_067120823.1	M1
XM_067120824.1	M1
XM_067120826.1	M4
XM_067120830.1	M1
XM_067120838.1	M1
XM_067120843.1	M2
XM_067120845.1	M7
XM_067120846.1	M1
XM_067120848.1	M2
XM_067120852.1	M1
XM_067120857.1	M1
XM_067120858.1	M1
XM_067120859.1	M1
XM_067120862.1	M11
XM_067120869.1	M7
XM_067120870.1	M2
XM_067120875.1	M1
XM_067120894.1	M1
XM_067120901.1	M1
XM_067120904.1	M18
XM_067120907.1	M4
XM_067120915.1	M7
XM_067120920.1	M1
XM_067120922.1	M6
XM_067120926.1	M1
XM_067120927.1	M1
XM_067120928.1	M1
XM_067120929.1	M3
XM_067120932.1	M3
XM_067120933.1	M1
XM_067120939.1	M1
XM_067120940.1	M14
XM_067120950.1	M2
XM_067120955.1	M3
XM_067120958.1	M2
XM_067120959.1	M2
XM_067120960.1	M2
XM_067120963.1	M1
XM_067120967.1	M1
XM_067120968.1	M2
XM_067120972.1	M1
XM_067120977.1	M1
XM_067120978.1	M2
XM_067120979.1	M1
XM_067120982.1	M2
XM_067120985.1	M1
XM_067120994.1	M3
XM_067120998.1	M1
XM_067120999.1	M1
XM_067121011.1	M2
XM_067121012.1	M3
XM_067121018.1	M4
XM_067121019.1	M1
XM_067121021.1	M1
XM_067121024.1	M1
XM_067121026.1	M1
XM_067121027.1	M1
XM_067121028.1	M1
XM_067121032.1	M2
XM_067121036.1	M1
XM_067121038.1	M1
XM_067121051.1	M1
XM_067121057.1	M1
XM_067121060.1	M2
XM_067121082.1	M4
XM_067121084.1	M6
XM_067121085.1	M6
XM_067121090.1	M3
XM_067121091.1	M16
XM_067121093.1	M5
XM_067121096.1	M5
XM_067121097.1	M2
XM_067121108.1	M7
XM_067121111.1	M10
XM_067121127.1	M1
XM_067121130.1	M2
XM_067121133.1	M2
XM_067121134.1	M2
XM_067121135.1	M1
XM_067121145.1	M5
XM_067121147.1	M2
XM_067121149.1	M5
XM_067121150.1	M1
XM_067121153.1	M1
XM_067121154.1	M1
XM_067121162.1	M1
XM_067121164.1	M1
XM_067121165.1	M1
XM_067121167.1	M1
XM_067121172.1	M1
XM_067121173.1	M1
XM_067121191.1	M1
XM_067121194.1	M1
XM_067121195.1	M1
XM_067121201.1	M1
XM_067121204.1	M1
XM_067121205.1	M4
XM_067121236.1	M1
XM_067121237.1	M1
XM_067121241.1	M1
XM_067121242.1	M1
XM_067121245.1	M3
XM_067121246.1	M1
XM_067121261.1	M17
XM_067121262.1	M1
XM_067121263.1	M1
XM_067121265.1	M1
XM_067121266.1	M5
XM_067121268.1	M10
XM_067121270.1	M2
XM_067121271.1	M2
XM_067121272.1	M1
XM_067121273.1	M2
XM_067121274.1	M1
XM_067121275.1	M1
XM_067121276.1	M3
XM_067121278.1	M1
XM_067121279.1	M1
XM_067121283.1	M1
XM_067121284.1	M2
XM_067121290.1	M4
XM_067121291.1	M1
XM_067121295.1	M1
XM_067121296.1	M1
XM_067121302.1	M1
XM_067121303.1	M4
XM_067121305.1	M2
XM_067121309.1	M1
XM_067121310.1	M2
XM_067121311.1	M2
XM_067121319.1	M1
XM_067121320.1	M1
XM_067121328.1	M1
XM_067121351.1	M2
XM_067121352.1	M5
XM_067121357.1	M1
XM_067121359.1	M7
XM_067121364.1	M0
XM_067121369.1	M1
XM_067121370.1	M1
XM_067121371.1	M1
XM_067121373.1	M1
XM_067121380.1	M3
XM_067121382.1	M1
XM_067121385.1	M1
XM_067121393.1	M2
XM_067121400.1	M1
XM_067121401.1	M1
XM_067121403.1	M1
XM_067121406.1	M2
XM_067121419.1	M1
XM_067121420.1	M7
XM_067121426.1	M1
XM_067121427.1	M1
XM_067121429.1	M2
XM_067121435.1	M1
XM_067121437.1	M4
XM_067121440.1	M5
XM_067121461.1	M4
XM_067121462.1	M6
XM_067121464.1	M6
XM_067121465.1	M1
XM_067121466.1	M3
XM_067121468.1	M3
XM_067121469.1	M4
XM_067121470.1	M1
XM_067121474.1	M2
XM_067121476.1	M2
XM_067121477.1	M2
XM_067121487.1	M1
XM_067121502.1	M1
XM_067121505.1	M1
XM_067121516.1	M3
XM_067121531.1	M8
XM_067121564.1	M1
XM_067121565.1	M1
XM_067121569.1	M1
XM_067121574.1	M14
XM_067121576.1	M14
XM_067121578.1	M3
XM_067121579.1	M3
XM_067121580.1	M1
XM_067121584.1	M2
XM_067121585.1	M2
XM_067121586.1	M2
XM_067121587.1	M2
XM_067121589.1	M2
XM_067121591.1	M1
XM_067121593.1	M2
XM_067121596.1	M1
XM_067121597.1	M17
XM_067121598.1	M1
XM_067121614.1	M1
XM_067121615.1	M3
XM_067121618.1	M1
XM_067121622.1	M1
XM_067121625.1	M4
XM_067121626.1	M1
XM_067121629.1	M14
XM_067121659.1	M7
XM_067121661.1	M1
XM_067121663.1	M1
XM_067121664.1	M1
XM_067121666.1	M1
XM_067121669.1	M1
XM_067121671.1	M1
XM_067121675.1	M2
XM_067121676.1	M2
XM_067121677.1	M3
XM_067121678.1	M1
XM_067121681.1	M1
XM_067121682.1	M1
XM_067121684.1	M1
XM_067121685.1	M1
XM_067121692.1	M1
XM_067121693.1	M7
XM_067121695.1	M1
XM_067121699.1	M6
XM_067121703.1	M2
XM_067121705.1	M1
XM_067121708.1	M1
XM_067121709.1	M6
XM_067121714.1	M1
XM_067121728.1	M7
XM_067121729.1	M4
XM_067121767.1	M3
XM_067121770.1	M4
XM_067121778.1	M1
XM_067121794.1	M1
XM_067121802.1	M17
XM_067121810.1	M1
XM_067121812.1	M1
XM_067121814.1	M1
XM_067121815.1	M1
XM_067121822.1	M1
XM_067121824.1	M1
XM_067121825.1	M1
XM_067121827.1	M1
XM_067121828.1	M1
XM_067121829.1	M2
XM_067121833.1	M1
XM_067121834.1	M1
XM_067121835.1	M6
XM_067121837.1	M6
XM_067121840.1	M6
XM_067121844.1	M1
XM_067121846.1	M10
XM_067121851.1	M1
XM_067121853.1	M1
XM_067121855.1	M1
XM_067121856.1	M3
XM_067121857.1	M1
XM_067121871.1	M1
XM_067121874.1	M2
XM_067121875.1	M5
XM_067121876.1	M7
XM_067121877.1	M3
XM_067121881.1	M1
XM_067121898.1	M8
XM_067121900.1	M1
XM_067121901.1	M1
XM_067121903.1	M1
XM_067121911.1	M1
XM_067121920.1	M2
XM_067121921.1	M3
XM_067121924.1	M2
XM_067121925.1	M2
XM_067121934.1	M1
XM_067121942.1	M1
XM_067121948.1	M7
XM_067121951.1	M3
XM_067121957.1	M4
XM_067121962.1	M1
XM_067121967.1	M6
XM_067121969.1	M5
XM_067121971.1	M1
XM_067121973.1	M1
XM_067121985.1	M1
XM_067121987.1	M5
XM_067121988.1	M2
XM_067121991.1	M1
XM_067121994.1	M2
XM_067121995.1	M2
XM_067121996.1	M2
XM_067122002.1	M1
XM_067122003.1	M1
XM_067122004.1	M6
XM_067122005.1	M1
XM_067122011.1	M3
XM_067122012.1	M3
XM_067122013.1	M3
XM_067122014.1	M3
XM_067122015.1	M3
XM_067122019.1	M1
XM_067122020.1	M1
XM_067122022.1	M1
XM_067122023.1	M4
XM_067122028.1	M7
XM_067122032.1	M7
XM_067122034.1	M1
XM_067122035.1	M1
XM_067122038.1	M1
XM_067122045.1	M1
XM_067122056.1	M1
XM_067122063.1	M2
XM_067122069.1	M1
XM_067122070.1	M2
XM_067122072.1	M1
XM_067122079.1	M4
XM_067122082.1	M9
XM_067122083.1	M1
XM_067122085.1	M8
XM_067122086.1	M3
XM_067122093.1	M1
XM_067122094.1	M1
XM_067122095.1	M2
XM_067122097.1	M1
XM_067122098.1	M1
XM_067122109.1	M4
XM_067122111.1	M1
XM_067122112.1	M1
XM_067122120.1	M1
XM_067122130.1	M1
XM_067122136.1	M1
XM_067122149.1	M2
XM_067122150.1	M2
XM_067122153.1	M9
XM_067122155.1	M1
XM_067122156.1	M2
XM_067122158.1	M1
XM_067122159.1	M1
XM_067122161.1	M1
XM_067122164.1	M4
XM_067122171.1	M1
XM_067122172.1	M1
XM_067122173.1	M1
XM_067122183.1	M19
XM_067122184.1	M7
XM_067122185.1	M1
XM_067122205.1	M1
XM_067122207.1	M1
XM_067122208.1	M1
XM_067122223.1	M2
XM_067122228.1	M1
XM_067122229.1	M1
XM_067122232.1	M1
XM_067122236.1	M6
XM_067122238.1	M2
XM_067122246.1	M6
XM_067122264.1	M1
XM_067122267.1	M7
XM_067122268.1	M1
XM_067122269.1	M1
XM_067122271.1	M1
XM_067122274.1	M1
XM_067122275.1	M8
XM_067122276.1	M0
XM_067122285.1	M1
XM_067122308.1	M3
XM_067122316.1	M2
XM_067122317.1	M2
XM_067122321.1	M4
XM_067122322.1	M4
XM_067122324.1	M11
XM_067122326.1	M9
XM_067122360.1	M2
XM_067122391.1	M7
XM_067122393.1	M1
XM_067122402.1	M2
XM_067122403.1	M9
XM_067122409.1	M1
XM_067122412.1	M5
XM_067122420.1	M1
XM_067122422.1	M4
XM_067122423.1	M1
XM_067122424.1	M1
XM_067122425.1	M4
XM_067122428.1	M3
XM_067122430.1	M1
XM_067122437.1	M2
XM_067122440.1	M1
XM_067122441.1	M1
XM_067122448.1	M1
XM_067122449.1	M2
XM_067122450.1	M1
XM_067122454.1	M3
XM_067122458.1	M1
XM_067122461.1	M1
XM_067122462.1	M1
XM_067122474.1	M5
XM_067122485.1	M2
XM_067122486.1	M2
XM_067122489.1	M8
XM_067122492.1	M6
XM_067122493.1	M6
XM_067122496.1	M2
XM_067122517.1	M1
XM_067122520.1	M1
XM_067122529.1	M1
XM_067122530.1	M2
XM_067122535.1	M2
XM_067122537.1	M2
XM_067122538.1	M2
XM_067122539.1	M2
XM_067122540.1	M2
XM_067122541.1	M2
XM_067122542.1	M2
XM_067122543.1	M2
XM_067122544.1	M2
XM_067122545.1	M2
XM_067122546.1	M2
XM_067122547.1	M2
XM_067122548.1	M7
XM_067122549.1	M2
XM_067122550.1	M2
XM_067122552.1	M2
XM_067122554.1	M1
XM_067122555.1	M9
XM_067122556.1	M1
XM_067122557.1	M1
XM_067122560.1	M1
XM_067122562.1	M1
XM_067122563.1	M1
XM_067122564.1	M1
XM_067122565.1	M1
XM_067122566.1	M1
XM_067122571.1	M1
XM_067122576.1	M5
XM_067122577.1	M1
XM_067122578.1	M5
XM_067122580.1	M1
XM_067122585.1	M1
XM_067122589.1	M1
XM_067122590.1	M1
XM_067122592.1	M2
XM_067122593.1	M4
XM_067122594.1	M0
XM_067122597.1	M2
XM_067122600.1	M6
XM_067122602.1	M4
XM_067122608.1	M2
XM_067122611.1	M2
XM_067122613.1	M1
XM_067122617.1	M7
XM_067122619.1	M1
XM_067122620.1	M1
XM_067122625.1	M6
XM_067122627.1	M1
XM_067122640.1	M1
XM_067122641.1	M3
XM_067122645.1	M1
XM_067122646.1	M1
XM_067122647.1	M1
XM_067122648.1	M1
XM_067122649.1	M1
XM_067122650.1	M2
XM_067122651.1	M2
XM_067122653.1	M2
XM_067122654.1	M1
XM_067122655.1	M1
XM_067122663.1	M1
XM_067122667.1	M1
XM_067122678.1	M1
XM_067122681.1	M1
XM_067122686.1	M1
XM_067122687.1	M1
XM_067122690.1	M1
XM_067122691.1	M1
XM_067122695.1	M2
XM_067122699.1	M1
XM_067122702.1	M1
XM_067122703.1	M1
XM_067122704.1	M1
XM_067122720.1	M2
XM_067122737.1	M1
XM_067122746.1	M4
XM_067122747.1	M1
XM_067122759.1	M1
XM_067122780.1	M1
XM_067122791.1	M1
XM_067122794.1	M2
XM_067122797.1	M7
XM_067122810.1	M7
XM_067122830.1	M8
XM_067122840.1	M2
XM_067122856.1	M1
XM_067122889.1	M1
XM_067122896.1	M5
XM_067122910.1	M5
XM_067122937.1	M1
XM_067122957.1	M1
XM_067122958.1	M1
XM_067122990.1	M1
XM_067122994.1	M1
XM_067122998.1	M1
XM_067123001.1	M2
XM_067123002.1	M5
XM_067123010.1	M6
XM_067123011.1	M1
XM_067123017.1	M8
XM_067123022.1	M5
XM_067123023.1	M4
XM_067123024.1	M4
XM_067123025.1	M6
XM_067123033.1	M1
XM_067123034.1	M1
XM_067123035.1	M1
XM_067123036.1	M1
XM_067123043.1	M5
XM_067123044.1	M1
XM_067123046.1	M2
XM_067123049.1	M1
XM_067123050.1	M4
XM_067123051.1	M7
XM_067123052.1	M2
XM_067123055.1	M7
XM_067123057.1	M7
XM_067123061.1	M2
XM_067123062.1	M1
XM_067123063.1	M2
XM_067123064.1	M2
XM_067123066.1	M2
XM_067123067.1	M7
XM_067123068.1	M2
XM_067123071.1	M4
XM_067123078.1	M7
XM_067123082.1	M2
XM_067123083.1	M13
XM_067123084.1	M13
XM_067123090.1	M7
XM_067123093.1	M1
XM_067123095.1	M2
XM_067123101.1	M1
XM_067123106.1	M1
XM_067123107.1	M6
XM_067123116.1	M2
XM_067123118.1	M2
XM_067123120.1	M2
XM_067123123.1	M5
XM_067123127.1	M12
XM_067123128.1	M12
XM_067123129.1	M4
XM_067123139.1	M1
XM_067123140.1	M1
XM_067123141.1	M1
XM_067123143.1	M1
XM_067123144.1	M3
XM_067123160.1	M1
XM_067123161.1	M9
XM_067123163.1	M1
XM_067123169.1	M2
XM_067123175.1	M1
XM_067123178.1	M2
XM_067123179.1	M0
XM_067123181.1	M2
XM_067123184.1	M3
XM_067123190.1	M1
XM_067123191.1	M1
XM_067123196.1	M2
XM_067123215.1	M1
XM_067123216.1	M7
XM_067123217.1	M7
XM_067123218.1	M7
XM_067123219.1	M1
XM_067123224.1	M7
XM_067123226.1	M2
XM_067123227.1	M2
XM_067123230.1	M2
XM_067123232.1	M7
XM_067123237.1	M7
XM_067123239.1	M1
XM_067123241.1	M1
XM_067123252.1	M1
XM_067123255.1	M1
XM_067123262.1	M1
XM_067123267.1	M2
XM_067123269.1	M1
XM_067123270.1	M1
XM_067123271.1	M2
XM_067123273.1	M1
XM_067123274.1	M1
XM_067123278.1	M1
XM_067123279.1	M1
XM_067123280.1	M3
XM_067123282.1	M1
XM_067123285.1	M2
XM_067123288.1	M3
XM_067123292.1	M4
XM_067123293.1	M4
XM_067123294.1	M2
XM_067123295.1	M2
XM_067123297.1	M2
XM_067123300.1	M2
XM_067123302.1	M2
XM_067123304.1	M18
XM_067123310.1	M1
XM_067123311.1	M1
XM_067123312.1	M5
XM_067123313.1	M3
XM_067123316.1	M1
XM_067123322.1	M1
XM_067123325.1	M1
XM_067123326.1	M1
XM_067123329.1	M1
XM_067123330.1	M5
XM_067123335.1	M2
XM_067123341.1	M1
XM_067123347.1	M5
XM_067123348.1	M1
XM_067123352.1	M2
XM_067123361.1	M1
XM_067123362.1	M7
XM_067123364.1	M3
XM_067123370.1	M2
XM_067123371.1	M2
XM_067123372.1	M1
XM_067123373.1	M1
XM_067123380.1	M1
XM_067123383.1	M1
XM_067123402.1	M1
XM_067123403.1	M1
XM_067123404.1	M1
XM_067123406.1	M1
XM_067123409.1	M1
XM_067123410.1	M7
XM_067123411.1	M2
XM_067123413.1	M1
XM_067123414.1	M1
XM_067123416.1	M1
XM_067123419.1	M7
XM_067123422.1	M2
XM_067123423.1	M3
XM_067123424.1	M3
XM_067123426.1	M1
XM_067123433.1	M1
XM_067123434.1	M7
XM_067123435.1	M1
XM_067123436.1	M2
XM_067123438.1	M2
XM_067123439.1	M2
XM_067123440.1	M3
XM_067123441.1	M2
XM_067123442.1	M2
XM_067123444.1	M1
XM_067123446.1	M1
XM_067123451.1	M1
XM_067123453.1	M1
XM_067123455.1	M1
XM_067123456.1	M1
XM_067123457.1	M7
XM_067123458.1	M2
XM_067123459.1	M3
XM_067123461.1	M1
XM_067123462.1	M1
XM_067123472.1	M1
XM_067123473.1	M1
XM_067123474.1	M1
XM_067123476.1	M1
XM_067123478.1	M1
XM_067123481.1	M1
XM_067123482.1	M2
XM_067123485.1	M1
XM_067123486.1	M3
XM_067123487.1	M1
XM_067123495.1	M1
XM_067123497.1	M8
XM_067123503.1	M1
XM_067123508.1	M1
XM_067123517.1	M1
XM_067123518.1	M1
XM_067123523.1	M2
XM_067123524.1	M5
XM_067123528.1	M1
XM_067123529.1	M1
XM_067123530.1	M1
XM_067123532.1	M1
XM_067123535.1	M1
XM_067123536.1	M1
XM_067123539.1	M2
XM_067123540.1	M2
XM_067123541.1	M2
XM_067123544.1	M1
XM_067123545.1	M3
XM_067123547.1	M1
XM_067123550.1	M3
XM_067123551.1	M4
XM_067123552.1	M3
XM_067123553.1	M1
XM_067123558.1	M1
XM_067123559.1	M2
XM_067123562.1	M1
XM_067123571.1	M0
XM_067123572.1	M1
XM_067123582.1	M4
XM_067123583.1	M2
XM_067123584.1	M4
XM_067123585.1	M4
XM_067123587.1	M12
XM_067123588.1	M12
XM_067123589.1	M12
XM_067123590.1	M12
XM_067123596.1	M4
XM_067123601.1	M12
XM_067123611.1	M3
XM_067123630.1	M3
XM_067123639.1	M1
XM_067123645.1	M12
XM_067123647.1	M10
XM_067123648.1	M1
XM_067123649.1	M1
XM_067123650.1	M1
XM_067123653.1	M3
XM_067123654.1	M7
XM_067123655.1	M7
XM_067123656.1	M2
XM_067123665.1	M2
XM_067123666.1	M1
XM_067123667.1	M1
XM_067123668.1	M1
XM_067123669.1	M1
XM_067123679.1	M1
XM_067123688.1	M3
XM_067123689.1	M10
XM_067123690.1	M10
XM_067123691.1	M10
XM_067123692.1	M17
XM_067123721.1	M5
XM_067123722.1	M2
XM_067123727.1	M4
XM_067123728.1	M7
XM_067123729.1	M17
XM_067123733.1	M10
XM_067123736.1	M3
XM_067123750.1	M1
XM_067123751.1	M1
XM_067123759.1	M1
XM_067123762.1	M13
XM_067123763.1	M1
XM_067123764.1	M13
XM_067123765.1	M1
XM_067123766.1	M1
XM_067123768.1	M7
XM_067123769.1	M2
XM_067123770.1	M2
XM_067123771.1	M1
XM_067123776.1	M3
XM_067123779.1	M1
XM_067123783.1	M1
XM_067123785.1	M4
XM_067123786.1	M2
XM_067123792.1	M1
XM_067123800.1	M3
XM_067123801.1	M2
XM_067123802.1	M3
XM_067123807.1	M1
XM_067123808.1	M2
XM_067123810.1	M2
XM_067123811.1	M2
XM_067123812.1	M2
XM_067123813.1	M2
XM_067123814.1	M1
XM_067123816.1	M2
XM_067123817.1	M3
XM_067123818.1	M2
XM_067123819.1	M4
XM_067123820.1	M1
XM_067123822.1	M4
XM_067123823.1	M1
XM_067123832.1	M1
XM_067123833.1	M8
XM_067123834.1	M1
XM_067123835.1	M6
XM_067123837.1	M1
XM_067123841.1	M1
XM_067123843.1	M1
XM_067123859.1	M2
XM_067123862.1	M1
XM_067123865.1	M1
XM_067123866.1	M5
XM_067123867.1	M1
XM_067123868.1	M1
XM_067123870.1	M2
XM_067123872.1	M1
XM_067123874.1	M2
XM_067123876.1	M2
XM_067123877.1	M7
XM_067123878.1	M2
XM_067123879.1	M2
XM_067123884.1	M2
XM_067123899.1	M1
XM_067123901.1	M1
XM_067123902.1	M1
XM_067123903.1	M11
XM_067123905.1	M10
XM_067123908.1	M1
XM_067123909.1	M1
XM_067123910.1	M2
XM_067123911.1	M1
XM_067123913.1	M1
XM_067123914.1	M7
XM_067123916.1	M1
XM_067123920.1	M6
XM_067123921.1	M1
XM_067123923.1	M1
XM_067123933.1	M1
XM_067123936.1	M9
XM_067123937.1	M5
XM_067123938.1	M2
XM_067123941.1	M1
XM_067123943.1	M1
XM_067123945.1	M2
XM_067123947.1	M1
XM_067123952.1	M1
XM_067123959.1	M4
XM_067123960.1	M1
XM_067123967.1	M18
XM_067123971.1	M1
XM_067123994.1	M7
XM_067123998.1	M1
XM_067124006.1	M2
XM_067124012.1	M7
XM_067124013.1	M2
XM_067124019.1	M1
XM_067124046.1	M7
XM_067124047.1	M7
XM_067124068.1	M1
XM_067124071.1	M1
XM_067124072.1	M1
XM_067124073.1	M1
XM_067124092.1	M1
XM_067124093.1	M1
XM_067124094.1	M4
XM_067124098.1	M2
XM_067124099.1	M3
XM_067124101.1	M1
XM_067124103.1	M1
XM_067124107.1	M1
XM_067124110.1	M1
XM_067124111.1	M3
XM_067124113.1	M2
XM_067124114.1	M1
XM_067124116.1	M6
XM_067124117.1	M8
XM_067124119.1	M14
XM_067124120.1	M1
XM_067124121.1	M2
XM_067124122.1	M1
XM_067124160.1	M10
XM_067124166.1	M1
XM_067124176.1	M1
XM_067124177.1	M1
XM_067124180.1	M1
XM_067124181.1	M1
XM_067124186.1	M13
XM_067124187.1	M1
XM_067124188.1	M1
XM_067124191.1	M1
XM_067124192.1	M1
XM_067124193.1	M1
XM_067124195.1	M1
XM_067124201.1	M2
XM_067124204.1	M12
XM_067124206.1	M1
XM_067124217.1	M1
XM_067124218.1	M1
XM_067124219.1	M4
XM_067124220.1	M3
XM_067124222.1	M4
XM_067124223.1	M6
XM_067124224.1	M1
XM_067124225.1	M4
XM_067124226.1	M7
XM_067124227.1	M5
XM_067124229.1	M1
XM_067124230.1	M1
XM_067124256.1	M7
XM_067124266.1	M1
XM_067124267.1	M8
XM_067124269.1	M1
XM_067124270.1	M7
XM_067124271.1	M7
XM_067124272.1	M1
XM_067124273.1	M1
XM_067124274.1	M1
XM_067124281.1	M6
XM_067124290.1	M8
XM_067124299.1	M1
XM_067124303.1	M7
XM_067124305.1	M1
XM_067124306.1	M1
XM_067124309.1	M2
XM_067124313.1	M1
XM_067124315.1	M3
XM_067124316.1	M1
XM_067124317.1	M1
XM_067124320.1	M1
XM_067124323.1	M1
XM_067124324.1	M1
XM_067124326.1	M7
XM_067124327.1	M2
XM_067124331.1	M6
XM_067124333.1	M3
XM_067124341.1	M6
XM_067124350.1	M3
XM_067124351.1	M6
XM_067124364.1	M1
XM_067124400.1	M1
XM_067124402.1	M7
XM_067124413.1	M4
XM_067124414.1	M7
XM_067124419.1	M1
XM_067124422.1	M1
XM_067124427.1	M5
XM_067124428.1	M5
XM_067124431.1	M2
XM_067124439.1	M1
XM_067124447.1	M3
XM_067124448.1	M3
XM_067124450.1	M14
XM_067124451.1	M5
XM_067124452.1	M6
XM_067124463.1	M4
XM_067124465.1	M4
XM_067124468.1	M1
XM_067124469.1	M1
XM_067124471.1	M1
XM_067124473.1	M1
XM_067124474.1	M3
XM_067124475.1	M5
XM_067124480.1	M2
XM_067124483.1	M2
XM_067124497.1	M2
XM_067124505.1	M2
XM_067124506.1	M2
XM_067124517.1	M2
XM_067124522.1	M1
XM_067124570.1	M3
XM_067124573.1	M2
XM_067124574.1	M2
XM_067124575.1	M2
XM_067124580.1	M2
XM_067124581.1	M7
XM_067124583.1	M1
XM_067124590.1	M1
XM_067124604.1	M2
XM_067124605.1	M3
XM_067124608.1	M1
XM_067124610.1	M1
XM_067124619.1	M1
XM_067124620.1	M3
XM_067124622.1	M1
XM_067124623.1	M1
XM_067124631.1	M4
XM_067124634.1	M1
XM_067124641.1	M1
XM_067124645.1	M1
XM_067124646.1	M6
XM_067124659.1	M1
XM_067124660.1	M1
XM_067124663.1	M1
XM_067124674.1	M4
XM_067124681.1	M4
XM_067124682.1	M4
XM_067124689.1	M2
XM_067124690.1	M2
XM_067124691.1	M5
XM_067124693.1	M5
XM_067124694.1	M1
XM_067124695.1	M1
XM_067124697.1	M1
XM_067124698.1	M11
XM_067124701.1	M1
XM_067124702.1	M8
XM_067124706.1	M1
XM_067124707.1	M2
XM_067124708.1	M1
XM_067124710.1	M1
XM_067124714.1	M1
XM_067124715.1	M2
XM_067124717.1	M7
XM_067124718.1	M7
XM_067124719.1	M7
XM_067124720.1	M1
XM_067124725.1	M7
XM_067124726.1	M7
XM_067124728.1	M7
XM_067124729.1	M7
XM_067124730.1	M2
XM_067124736.1	M1
XM_067124755.1	M1
XM_067124762.1	M3
XM_067124763.1	M1
XM_067124784.1	M1
XM_067124785.1	M2
XM_067124786.1	M2
XM_067124787.1	M1
XM_067124788.1	M2
XM_067124789.1	M2
XM_067124790.1	M10
XM_067124791.1	M1
XM_067124792.1	M3
XM_067124804.1	M3
XM_067124815.1	M9
XM_067124816.1	M1
XM_067124817.1	M1
XM_067124818.1	M4
XM_067124821.1	M3
XM_067124827.1	M1
XM_067124829.1	M6
XM_067124830.1	M4
XM_067124831.1	M6
XM_067124835.1	M1
XM_067124836.1	M2
XM_067124837.1	M1
XM_067124839.1	M1
XM_067124840.1	M1
XM_067124850.1	M2
XM_067124851.1	M7
XM_067124852.1	M7
XM_067124857.1	M1
XM_067124862.1	M12
XM_067124863.1	M2
XM_067124865.1	M3
XM_067124867.1	M1
XM_067124869.1	M1
XM_067124871.1	M1
XM_067124874.1	M3
XM_067124875.1	M1
XM_067124876.1	M10
XM_067124879.1	M4
XM_067124882.1	M1
XM_067124883.1	M1
XM_067124884.1	M1
XM_067124885.1	M1
XM_067124889.1	M1
XM_067124890.1	M2
XM_067124891.1	M1
XM_067124892.1	M7
XM_067124893.1	M2
XM_067124894.1	M1
XM_067124895.1	M0
XM_067124898.1	M1
XM_067124900.1	M1
XM_067124903.1	M1
XM_067124912.1	M1
XM_067124914.1	M6
XM_067124917.1	M6
XM_067124918.1	M15
XM_067124955.1	M1
XM_067124973.1	M1
XM_067124976.1	M4
XM_067124988.1	M1
XM_067124990.1	M2
XM_067124991.1	M8
XM_067124992.1	M5
XM_067124996.1	M1
XM_067125001.1	M7
XM_067125018.1	M7
XM_067125053.1	M2
XM_067125073.1	M1
XM_067125080.1	M1
XM_067125093.1	M3
XM_067125111.1	M2
XM_067125112.1	M13
XM_067125113.1	M13
XM_067125115.1	M2
XM_067125126.1	M2
XM_067125130.1	M2
XM_067125138.1	M7
XM_067125152.1	M2
XM_067125155.1	M1
XM_067125156.1	M1
XM_067125160.1	M2
XM_067125165.1	M2
XM_067125168.1	M2
XM_067125174.1	M1
XM_067125179.1	M1
XM_067125188.1	M1
XM_067125196.1	M2
XM_067125197.1	M3
XM_067125199.1	M2
XM_067125205.1	M2
XM_067125206.1	M2
XM_067125207.1	M2
XM_067125208.1	M1
XM_067125212.1	M3
XM_067125214.1	M7
XM_067125216.1	M6
XM_067125221.1	M1
XM_067125223.1	M1
XM_067125226.1	M1
XM_067125227.1	M1
XM_067125228.1	M1
XM_067125229.1	M6
XM_067125231.1	M6
XM_067125235.1	M1
XM_067125241.1	M4
XM_067125242.1	M2
XM_067125245.1	M7
XM_067125247.1	M4
XM_067125248.1	M1
XM_067125259.1	M3
XM_067125260.1	M8
XM_067125261.1	M1
XM_067125265.1	M1
XM_067125266.1	M1
XM_067125267.1	M1
XM_067125268.1	M3
XM_067125279.1	M1
XM_067125280.1	M1
XM_067125281.1	M2
XM_067125289.1	M1
XM_067125290.1	M1
XM_067125291.1	M7
XM_067125292.1	M2
XM_067125295.1	M6
XM_067125296.1	M1
XM_067125297.1	M1
XM_067125299.1	M1
XM_067125300.1	M6
XM_067125302.1	M1
XM_067125303.1	M1
XM_067125304.1	M1
XM_067125308.1	M1
XM_067125309.1	M1
XM_067125310.1	M9
XM_067125321.1	M2
XM_067125322.1	M2
XM_067125323.1	M1
XM_067125324.1	M1
XM_067125325.1	M1
XM_067125343.1	M1
XM_067125348.1	M6
XM_067125349.1	M1
XM_067125357.1	M8
XM_067125358.1	M1
XM_067125359.1	M5
XM_067125360.1	M5
XM_067125361.1	M2
XM_067125362.1	M4
XM_067125363.1	M0
XM_067125364.1	M2
XM_067125365.1	M7
XM_067125373.1	M2
XM_067125375.1	M1
XM_067125380.1	M4
XM_067125381.1	M1
XM_067125389.1	M1
XM_067125392.1	M12
XM_067125395.1	M12
XM_067125404.1	M7
XM_067125406.1	M7
XM_067125407.1	M7
XM_067125408.1	M1
XM_067125409.1	M1
XM_067125410.1	M1
XM_067125412.1	M1
XM_067125419.1	M4
XM_067125420.1	M4
XM_067125430.1	M1
XM_067125437.1	M1
XM_067125439.1	M2
XM_067125440.1	M2
XM_067125449.1	M1
XM_067125450.1	M1
XM_067125451.1	M1
XM_067125460.1	M1
XM_067125462.1	M18
XM_067125463.1	M6
XM_067125473.1	M5
XM_067125488.1	M1
XM_067125503.1	M1
XM_067125506.1	M1
XM_067125507.1	M1
XM_067125509.1	M5
XM_067125512.1	M5
XM_067125522.1	M1
XM_067125523.1	M1
XM_067125526.1	M6
XM_067125528.1	M1
XM_067125529.1	M1
XM_067125530.1	M1
XM_067125534.1	M1
XM_067125536.1	M13
XM_067125538.1	M1
XM_067125539.1	M1
XM_067125540.1	M2
XM_067125541.1	M2
XM_067125542.1	M2
XM_067125543.1	M2
XM_067125544.1	M2
XM_067125546.1	M7
XM_067125547.1	M7
XM_067125551.1	M3
XM_067125558.1	M4
XM_067125561.1	M1
XM_067125562.1	M1
XM_067125565.1	M2
XM_067125566.1	M0
XM_067125569.1	M7
XM_067125575.1	M2
XM_067125578.1	M2
XM_067125585.1	M2
XM_067125588.1	M2
XM_067125597.1	M3
XM_067125599.1	M2
XM_067125601.1	M2
XM_067125606.1	M1
XM_067125610.1	M2
XM_067125611.1	M7
XM_067125612.1	M1
XM_067125616.1	M11
XM_067125618.1	M4
XM_067125619.1	M4
XM_067125620.1	M1
XM_067125623.1	M1
XM_067125627.1	M4
XM_067125628.1	M10
XM_067125632.1	M4
XM_067125634.1	M2
XM_067125635.1	M2
XM_067125636.1	M2
XM_067125641.1	M1
XM_067125642.1	M3
XM_067125643.1	M9
XM_067125648.1	M1
XM_067125649.1	M1
XM_067125657.1	M1
XM_067125689.1	M4
XM_067125719.1	M6
XM_067125737.1	M3
XM_067125739.1	M6
XM_067125749.1	M1
XM_067125750.1	M2
XM_067125753.1	M5
XM_067125755.1	M5
XM_067125756.1	M3
XM_067125778.1	M2
XM_067125779.1	M1
XM_067125781.1	M1
XM_067125783.1	M1
XM_067125788.1	M4
XM_067125789.1	M7
XM_067125790.1	M3
XM_067125791.1	M2
XM_067125792.1	M2
XM_067125794.1	M1
XM_067125800.1	M1
XM_067125801.1	M1
XM_067125810.1	M1
XM_067125812.1	M1
XM_067125813.1	M0
XM_067125815.1	M1
XM_067125817.1	M1
XM_067125818.1	M8
XM_067125822.1	M2
XM_067125824.1	M1
XM_067125825.1	M2
XM_067125826.1	M2
XM_067125827.1	M1
XM_067125832.1	M1
XM_067125839.1	M8
XM_067125843.1	M2
XM_067125848.1	M1
XM_067125849.1	M1
XM_067125856.1	M1
XM_067125858.1	M1
XM_067125861.1	M2
XM_067125863.1	M2
XM_067125864.1	M2
XM_067125866.1	M2
XM_067125868.1	M2
XM_067125869.1	M2
XM_067125871.1	M2
XM_067125872.1	M1
XM_067125875.1	M1
XM_067125881.1	M2
XM_067125883.1	M6
XM_067125889.1	M1
XM_067125891.1	M8
XM_067125902.1	M3
XM_067125903.1	M1
XM_067125919.1	M3
XM_067125920.1	M7
XM_067125921.1	M7
XM_067125926.1	M2
XM_067125927.1	M2
XM_067125928.1	M3
XM_067125964.1	M1
XM_067125976.1	M7
XM_067125977.1	M0
XM_067125991.1	M1
XM_067125992.1	M3
XM_067125997.1	M7
XM_067125999.1	M2
XM_067126005.1	M6
XM_067126006.1	M2
XM_067126011.1	M3
XM_067126012.1	M1
XM_067126013.1	M1
XM_067126014.1	M4
XM_067126016.1	M1
XM_067126017.1	M1
XM_067126019.1	M1
XM_067126020.1	M2
XM_067126021.1	M1
XM_067126023.1	M1
XM_067126027.1	M1
XM_067126028.1	M1
XM_067126029.1	M1
XM_067126032.1	M1
XM_067126034.1	M1
XM_067126038.1	M3
XM_067126039.1	M4
XM_067126042.1	M5
XM_067126044.1	M3
XM_067126048.1	M3
XM_067126049.1	M1
XM_067126050.1	M6
XM_067126056.1	M7
XM_067126079.1	M3
XM_067126103.1	M1
XM_067126109.1	M1
XM_067126110.1	M2
XM_067126123.1	M7
XM_067126130.1	M3
XM_067126133.1	M1
XM_067126138.1	M1
XM_067126161.1	M3
XM_067126162.1	M1
XM_067126166.1	M1
XM_067126170.1	M2
XM_067126173.1	M3
XM_067126178.1	M2
XM_067126179.1	M5
XM_067126182.1	M3
XM_067126183.1	M2
XM_067126185.1	M2
XM_067126186.1	M2
XM_067126191.1	M6
XM_067126192.1	M4
XM_067126197.1	M3
XM_067126198.1	M3
XM_067126202.1	M1
XM_067126209.1	M2
XM_067126210.1	M2
XM_067126213.1	M2
XM_067126215.1	M2
XM_067126217.1	M1
XM_067126220.1	M3
XM_067126222.1	M3
XM_067126224.1	M2
XM_067126225.1	M2
XM_067126229.1	M1
XM_067126232.1	M1
XM_067126235.1	M3
XM_067126236.1	M1
XM_067126241.1	M1
XM_067126242.1	M1
XM_067126259.1	M2
XM_067126260.1	M2
XM_067126261.1	M2
XM_067126262.1	M2
XM_067126263.1	M2
XM_067126266.1	M1
XM_067126270.1	M2
XM_067126273.1	M7
XM_067126274.1	M2
XM_067126275.1	M1
XM_067126277.1	M0
XM_067126278.1	M2
XM_067126280.1	M1
XM_067126282.1	M1
XM_067126283.1	M1
XM_067126284.1	M1
XM_067126286.1	M1
XM_067126287.1	M1
XM_067126288.1	M1
XM_067126289.1	M1
XM_067126295.1	M6
XM_067126305.1	M1
XM_067126306.1	M10
XM_067126307.1	M4
XM_067126312.1	M1
XM_067126315.1	M1
XM_067126316.1	M2
XM_067126318.1	M2
XM_067126329.1	M1
XM_067126334.1	M1
XM_067126343.1	M1
XM_067126344.1	M1
XM_067126345.1	M1
XM_067126347.1	M1
XM_067126352.1	M2
XM_067126354.1	M1
XM_067126355.1	M1
XM_067126356.1	M1
XM_067126362.1	M3
XM_067126364.1	M2
XM_067126365.1	M3
XM_067126366.1	M1
XM_067126367.1	M1
XM_067126375.1	M1
XM_067126376.1	M1
XM_067126377.1	M1
XM_067126378.1	M1
XM_067126380.1	M1
XM_067126384.1	M1
XM_067126385.1	M1
XM_067126390.1	M1
XM_067126391.1	M1
XM_067126392.1	M1
XM_067126394.1	M1
XM_067126397.1	M1
XM_067126400.1	M1
XM_067126403.1	M3
XM_067126406.1	M1
XM_067126409.1	M6
XM_067126417.1	M3
XM_067126419.1	M2
XM_067126420.1	M0
XM_067126422.1	M7
XM_067126429.1	M10
XM_067126431.1	M1
XM_067126434.1	M1
XM_067126438.1	M1
XM_067126449.1	M1
XM_067126451.1	M1
XM_067126458.1	M1
XM_067126461.1	M4
XM_067126462.1	M1
XM_067126463.1	M1
XM_067126466.1	M1
XM_067126478.1	M1
XM_067126481.1	M2
XM_067126484.1	M1
XM_067126486.1	M1
XM_067126495.1	M1
XM_067126496.1	M1
XM_067126500.1	M1
XM_067126503.1	M1
XM_067126508.1	M1
XM_067126510.1	M3
XM_067126512.1	M1
XM_067126516.1	M4
XM_067126518.1	M6
XM_067126520.1	M2
XM_067126523.1	M4
XM_067126524.1	M2
XM_067126525.1	M7
XM_067126526.1	M7
XM_067126527.1	M2
XM_067126528.1	M1
XM_067126529.1	M1
XM_067126530.1	M1
XM_067126531.1	M1
XM_067126533.1	M2
XM_067126536.1	M2
XM_067126570.1	M7
XM_067126572.1	M1
XM_067126583.1	M7
XM_067126589.1	M7
XM_067126606.1	M1
XM_067126608.1	M1
XM_067126630.1	M5
XM_067126636.1	M1
XM_067126649.1	M4
XM_067126652.1	M2
XM_067126653.1	M2
XM_067126663.1	M9
XM_067126664.1	M7
XM_067126691.1	M5
XM_067126692.1	M3
XM_067126713.1	M1
XM_067126735.1	M2
XM_067126736.1	M3
XM_067126745.1	M1
XM_067126750.1	M1
XM_067126751.1	M3
XM_067126752.1	M1
XM_067126768.1	M7
XM_067126769.1	M2
XM_067126771.1	M1
XM_067126773.1	M7
XM_067126774.1	M2
XM_067126782.1	M1
XM_067126786.1	M1
XM_067126787.1	M1
XM_067126791.1	M1
XM_067126812.1	M1
XM_067126813.1	M1
XM_067126814.1	M1
XM_067126818.1	M3
XM_067126820.1	M1
XM_067126821.1	M1
XM_067126824.1	M1
XM_067126825.1	M1
XM_067126827.1	M1
XM_067126828.1	M1
XM_067126830.1	M1
XM_067126831.1	M4
XM_067126832.1	M2
XM_067126833.1	M2
XM_067126868.1	M6
XM_067126875.1	M9
XM_067126876.1	M5
XM_067126889.1	M1
XM_067126895.1	M1
XM_067126898.1	M3
XM_067126899.1	M2
XM_067126900.1	M2
XM_067126903.1	M1
XM_067126905.1	M1
XM_067126909.1	M1
XM_067126910.1	M1
XM_067126916.1	M2
XM_067126925.1	M2
XM_067126927.1	M4
XM_067126928.1	M1
XM_067126929.1	M2
XM_067126930.1	M1
XM_067126931.1	M1
XM_067126933.1	M1
XM_067126934.1	M1
XM_067126936.1	M1
XM_067126938.1	M1
XM_067126941.1	M4
XM_067126942.1	M3
XM_067126944.1	M1
XM_067126946.1	M8
XM_067126947.1	M2
XM_067126948.1	M2
XM_067126949.1	M1
XM_067126950.1	M1
XM_067126951.1	M1
XM_067126953.1	M1
XM_067126954.1	M1
XM_067126960.1	M2
XM_067126961.1	M2
XM_067126962.1	M2
XM_067126963.1	M1
XM_067126964.1	M1
XM_067126966.1	M1
XM_067126967.1	M2
XM_067126975.1	M2
XM_067126978.1	M7
XM_067126983.1	M2
XM_067126986.1	M1
XM_067126988.1	M1
XM_067126989.1	M1
XM_067126990.1	M6
XM_067126991.1	M3
XM_067126992.1	M1
XM_067126993.1	M1
XM_067126994.1	M1
XM_067126995.1	M4
XM_067127003.1	M1
XM_067127011.1	M1
XM_067127012.1	M1
XM_067127013.1	M1
XM_067127014.1	M1
XM_067127015.1	M7
XM_067127016.1	M5
XM_067127017.1	M2
XM_067127018.1	M3
XM_067127019.1	M4
XM_067127020.1	M2
XM_067127021.1	M1
XM_067127022.1	M1
XM_067127023.1	M1
XM_067127025.1	M5
XM_067127031.1	M1
XM_067127033.1	M1
XM_067127034.1	M6
XM_067127035.1	M1
XM_067127036.1	M1
XM_067127037.1	M3
XM_067127046.1	M5
XM_067127051.1	M1
XM_067127052.1	M6
XM_067127053.1	M1
XM_067127055.1	M1
XM_067127056.1	M5
XM_067127057.1	M2
XM_067127058.1	M2
XM_067127061.1	M5
XM_067127068.1	M6
XM_067127077.1	M3
XM_067127085.1	M2
XM_067127088.1	M2
XM_067127093.1	M2
XM_067127094.1	M2
XM_067127095.1	M2
XM_067127098.1	M1
XM_067127102.1	M6
XM_067127103.1	M3
XM_067127105.1	M4
XM_067127106.1	M1
XM_067127107.1	M1
XM_067127111.1	M6
XM_067127113.1	M2
XM_067127123.1	M1
XM_067127128.1	M2
XM_067127129.1	M1
XM_067127130.1	M1
XM_067127136.1	M1
XM_067127137.1	M1
XM_067127138.1	M1
XM_067127139.1	M1
XM_067127140.1	M1
XM_067127148.1	M2
XM_067127150.1	M1
XM_067127153.1	M5
XM_067127154.1	M9
XM_067127155.1	M2
XM_067127156.1	M2
XM_067127159.1	M1
XM_067127161.1	M8
XM_067127171.1	M3
XM_067127177.1	M2
XM_067127180.1	M1
XM_067127181.1	M9
XM_067127198.1	M1
XM_067127204.1	M8
XM_067127206.1	M1
XM_067127207.1	M1
XM_067127208.1	M1
XM_067127209.1	M3
XM_067127210.1	M1
XM_067127212.1	M1
XM_067127217.1	M1
XM_067127235.1	M1
XM_067127240.1	M1
XM_067127244.1	M1
XM_067127245.1	M1
XM_067127246.1	M1
XM_067127250.1	M1
XM_067127252.1	M1
XM_067127253.1	M1
XM_067127258.1	M2
XM_067127260.1	M1
XM_067127261.1	M1
XM_067127262.1	M8
XM_067127264.1	M7
XM_067127270.1	M1
XM_067127274.1	M1
XM_067127276.1	M1
XM_067127278.1	M7
XM_067127282.1	M5
XM_067127283.1	M1
XM_067127284.1	M1
XM_067127286.1	M1
XM_067127289.1	M2
XM_067127290.1	M2
XM_067127297.1	M6
XM_067127298.1	M1
XM_067127300.1	M2
XM_067127301.1	M1
XM_067127321.1	M2
XM_067127326.1	M17
XM_067127330.1	M1
XM_067127331.1	M5
XM_067127332.1	M1
XM_067127335.1	M1
XM_067127342.1	M1
XM_067127352.1	M6
XM_067127359.1	M2
XM_067127371.1	M1
XM_067127374.1	M2
XM_067127375.1	M1
XM_067127377.1	M1
XM_067127381.1	M7
XM_067127382.1	M2
XM_067127383.1	M7
XM_067127384.1	M7
XM_067127385.1	M1
XM_067127386.1	M2
XM_067127397.1	M4
XM_067127400.1	M1
XM_067127401.1	M5
XM_067127412.1	M5
XM_067127418.1	M9
XM_067127419.1	M5
XM_067127420.1	M1
XM_067127423.1	M5
XM_067127424.1	M1
XM_067127430.1	M1
XM_067127433.1	M1
XM_067127434.1	M1
XM_067127437.1	M1
XM_067127440.1	M1
XM_067127443.1	M1
XM_067127448.1	M1
XM_067127452.1	M1
XM_067127453.1	M1
XM_067127454.1	M1
XM_067127455.1	M1
XM_067127456.1	M1
XM_067127457.1	M3
XM_067127459.1	M1
XM_067127464.1	M3
XM_067127467.1	M7
XM_067127471.1	M6
XM_067127473.1	M1
XM_067127475.1	M1
XM_067127479.1	M4
XM_067127480.1	M1
XM_067127485.1	M6
XM_067127486.1	M1
XM_067127487.1	M1
XM_067127488.1	M1
XM_067127489.1	M1
XM_067127491.1	M1
XM_067127492.1	M1
XM_067127498.1	M1
XM_067127499.1	M1
XM_067127500.1	M1
XM_067127503.1	M2
XM_067127505.1	M2
XM_067127507.1	M2
XM_067127518.1	M1
XM_067127529.1	M1
XM_067127539.1	M1
XM_067127540.1	M3
XM_067127544.1	M0
XM_067127548.1	M1
XM_067127550.1	M1
XM_067127552.1	M2
XM_067127553.1	M1
XM_067127555.1	M3
XM_067127563.1	M4
XM_067127564.1	M1
XM_067127567.1	M1
XM_067127569.1	M2
XM_067127572.1	M1
XM_067127583.1	M1
XM_067127586.1	M8
XM_067127588.1	M1
XM_067127590.1	M6
XM_067127591.1	M1
XM_067127592.1	M1
XM_067127602.1	M1
XM_067127603.1	M1
XM_067127606.1	M1
XM_067127703.1	M1
XM_067127721.1	M1
XM_067127739.1	M1
XM_067127747.1	M2
XM_067127752.1	M1
XM_067127770.1	M2
XM_067127772.1	M2
XM_067127773.1	M2
XM_067127774.1	M1
XM_067127775.1	M1
XM_067127776.1	M1
XM_067127780.1	M4
XM_067127783.1	M1
XM_067127785.1	M13
XM_067127786.1	M7
XM_067127795.1	M5
XM_067127796.1	M1
XM_067127801.1	M1
XM_067127813.1	M3
XM_067127816.1	M6
XM_067127817.1	M3
XM_067127827.1	M3
XM_067127844.1	M1
XM_067127855.1	M9
XM_067127856.1	M6
XM_067127857.1	M6
XM_067127858.1	M1
XM_067127864.1	M13
XM_067127865.1	M12
XM_067127866.1	M10
XM_067127867.1	M1
XM_067127868.1	M10
XM_067127869.1	M4
XM_067127870.1	M1
XM_067127875.1	M2
XM_067127880.1	M6
XM_067127881.1	M4
XM_067127885.1	M1
XM_067127888.1	M1
XM_067127889.1	M1
XM_067127890.1	M2
XM_067127891.1	M1
XM_067127893.1	M1
XM_067127894.1	M6
XM_067127897.1	M2
XM_067127898.1	M2
XM_067127902.1	M1
XM_067127903.1	M1
XM_067127908.1	M3
XM_067127911.1	M3
XM_067127916.1	M1
XM_067127921.1	M2
XM_067127923.1	M4
XM_067127925.1	M4
XM_067127929.1	M2
XM_067127930.1	M2
XM_067127937.1	M6
XM_067127946.1	M1
XM_067127948.1	M8
XM_067127952.1	M9
XM_067127973.1	M1
XM_067127974.1	M1
XM_067128005.1	M1
XM_067128013.1	M1
XM_067128018.1	M1
XM_067128020.1	M1
XM_067128021.1	M1
XM_067128022.1	M4
XM_067128023.1	M8
XM_067128026.1	M1
XM_067128027.1	M2
XM_067128034.1	M9
XM_067128035.1	M4
XM_067128036.1	M1
XM_067128037.1	M1
XM_067128039.1	M6
XM_067128042.1	M2
XM_067128043.1	M4
XM_067128044.1	M4
XM_067128045.1	M2
XM_067128046.1	M1
XM_067128064.1	M1
XM_067128067.1	M1
XM_067128068.1	M1
XM_067128070.1	M2
XM_067128079.1	M1
XM_067128080.1	M10
XM_067128093.1	M2
XM_067128095.1	M1
XM_067128096.1	M13
XM_067128098.1	M1
XM_067128099.1	M13
XM_067128102.1	M1
XM_067128105.1	M1
XM_067128124.1	M1
XM_067128126.1	M3
XM_067128127.1	M1
XM_067128130.1	M4
XM_067128134.1	M2
XM_067128136.1	M1
XM_067128138.1	M2
XM_067128140.1	M1
XM_067128141.1	M1
XM_067128142.1	M1
XM_067128143.1	M1
XM_067128144.1	M1
XM_067128145.1	M1
XM_067128146.1	M1
XM_067128147.1	M6
XM_067128148.1	M1
XM_067128149.1	M6
XM_067128151.1	M8
XM_067128152.1	M1
XM_067128154.1	M3
XM_067128172.1	M1
XM_067128173.1	M1
XM_067128177.1	M1
XM_067128187.1	M2
XM_067128188.1	M4
XM_067128189.1	M4
XM_067128196.1	M2
XM_067128198.1	M1
XM_067128203.1	M2
XM_067128209.1	M1
XM_067128210.1	M1
XM_067128215.1	M1
XM_067128226.1	M1
XM_067128231.1	M1
XM_067128232.1	M1
XM_067128233.1	M1
XM_067128237.1	M8
XM_067128238.1	M1
XM_067128240.1	M4
XM_067128245.1	M4
XM_067128248.1	M3
XM_067128249.1	M4
XM_067128250.1	M13
XM_067128251.1	M7
XM_067128253.1	M1
XM_067128262.1	M1
XM_067128265.1	M1
XM_067128266.1	M1
XM_067128267.1	M4
XM_067128272.1	M1
XM_067128277.1	M4
XM_067128278.1	M1
XM_067128280.1	M1
XM_067128285.1	M1
XM_067128286.1	M1
XM_067128290.1	M1
XM_067128291.1	M1
XM_067128293.1	M1
XM_067128294.1	M1
XM_067128295.1	M1
XM_067128301.1	M1
XM_067128305.1	M1
XM_067128306.1	M1
XM_067128314.1	M1
XM_067128318.1	M2
XM_067128319.1	M2
XM_067128322.1	M1
XM_067128337.1	M1
XM_067128338.1	M1
XM_067128339.1	M1
XM_067128340.1	M1
XM_067128341.1	M1
XM_067128343.1	M1
XM_067128354.1	M1
XM_067128355.1	M3
XM_067128356.1	M1
XM_067128357.1	M2
XM_067128360.1	M1
XM_067128366.1	M5
XM_067128377.1	M3
XM_067128378.1	M1
XM_067128382.1	M1
XM_067128387.1	M6
XM_067128392.1	M6
XM_067128393.1	M1
XM_067128394.1	M2
XM_067128399.1	M1
XM_067128406.1	M2
XM_067128410.1	M2
XM_067128411.1	M2
XM_067128417.1	M6
XM_067128418.1	M1
XM_067128419.1	M1
XM_067128420.1	M1
XM_067128421.1	M3
XM_067128427.1	M3
XM_067128434.1	M4
XM_067128451.1	M4
XM_067128455.1	M10
XM_067128457.1	M1
XM_067128466.1	M1
XM_067128471.1	M1
XM_067128490.1	M1
XM_067128491.1	M1
XM_067128492.1	M1
XM_067128495.1	M16
XM_067128500.1	M3
XM_067128501.1	M5
XM_067128503.1	M8
XM_067128504.1	M5
XM_067128507.1	M6
XM_067128508.1	M1
XM_067128509.1	M13
XM_067128510.1	M1
XM_067128511.1	M1
XM_067128515.1	M11
XM_067128516.1	M2
XM_067128517.1	M2
XM_067128518.1	M2
XM_067128519.1	M2
XM_067128528.1	M3
XM_067128530.1	M1
XM_067128531.1	M6
XM_067128537.1	M1
XM_067128538.1	M1
XM_067128539.1	M1
XM_067128540.1	M1
XM_067128546.1	M1
XM_067128557.1	M1
XM_067128558.1	M2
XM_067128560.1	M2
XM_067128561.1	M1
XM_067128564.1	M1
XM_067128565.1	M1
XM_067128568.1	M1
XM_067128569.1	M4
XM_067128570.1	M1
XM_067128578.1	M1
XM_067128583.1	M3
XM_067128584.1	M2
XM_067128585.1	M1
XM_067128621.1	M6
XM_067128627.1	M2
XM_067128628.1	M2
XM_067128646.1	M7
XM_067128648.1	M1
XM_067128655.1	M2
XM_067128678.1	M1
XM_067128684.1	M1
XM_067128687.1	M1
XM_067128692.1	M1
XM_067128693.1	M1
XM_067128695.1	M1
XM_067128703.1	M8
XM_067128706.1	M3
XM_067128707.1	M1
XM_067128710.1	M1
XM_067128712.1	M7
XM_067128713.1	M4
XM_067128714.1	M4
XM_067128716.1	M3
XM_067128717.1	M1
XM_067128718.1	M1
XM_067128729.1	M1
XM_067128730.1	M3
XM_067128740.1	M2
XM_067128742.1	M1
XM_067128744.1	M1
XM_067128748.1	M1
XM_067128750.1	M1
XM_067128752.1	M1
XM_067128764.1	M9
XM_067128765.1	M5
XM_067128768.1	M1
XM_067128769.1	M5
XM_067128780.1	M3
XM_067128785.1	M1
XM_067128788.1	M1
XM_067128790.1	M1
XM_067128814.1	M2
XM_067128815.1	M3
XM_067128817.1	M2
XM_067128819.1	M1
XM_067128829.1	M1
XM_067128830.1	M2
XM_067128831.1	M1
XM_067128832.1	M1
XM_067128833.1	M1
XM_067128834.1	M1
XM_067128838.1	M2
XM_067128847.1	M2
XM_067128858.1	M1
XM_067128859.1	M3
XM_067128860.1	M1
XM_067128868.1	M18
XM_067128884.1	M10
XM_067128885.1	M6
XM_067128891.1	M1
XM_067128895.1	M1
XM_067128896.1	M2
XM_067128897.1	M2
XM_067128899.1	M2
XM_067128903.1	M2
XM_067128906.1	M1
XM_067128907.1	M2
XM_067128928.1	M2
XM_067128929.1	M2
XM_067128930.1	M1
XM_067128931.1	M1
XM_067128934.1	M16
XM_067128944.1	M8
XM_067128948.1	M3
XM_067128955.1	M8
XM_067128969.1	M3
XM_067128973.1	M1
XM_067128979.1	M6
XM_067128980.1	M1
XM_067128981.1	M1
XM_067128990.1	M1
XM_067128998.1	M1
XM_067129007.1	M3
XM_067129027.1	M6
XM_067129028.1	M4
XM_067129029.1	M4
XM_067129033.1	M7
XM_067129035.1	M2
XM_067129036.1	M2
XM_067129038.1	M8
XM_067129044.1	M2
XM_067129051.1	M6
XM_067129056.1	M5
XM_067129058.1	M2
XM_067129061.1	M1
XM_067129063.1	M4
XM_067129064.1	M4
XM_067129065.1	M4
XM_067129066.1	M10
XM_067129067.1	M10
XM_067129069.1	M10
XM_067129076.1	M1
XM_067129077.1	M4
XM_067129083.1	M1
XM_067129084.1	M3
XM_067129086.1	M1
XM_067129093.1	M5
XM_067129096.1	M3
XM_067129097.1	M1
XM_067129099.1	M3
XM_067129104.1	M5
XM_067129112.1	M6
XM_067129113.1	M8
XM_067129114.1	M8
XM_067129115.1	M1
XM_067129135.1	M3
XM_067129151.1	M4
XM_067129161.1	M1
XM_067129167.1	M1
XM_067129169.1	M5
XM_067129171.1	M1
XM_067129172.1	M1
XM_067129173.1	M1
XM_067129174.1	M1
XM_067129178.1	M2
XM_067129181.1	M1
XM_067129183.1	M1
XM_067129187.1	M1
XM_067129188.1	M1
XM_067129189.1	M1
XM_067129190.1	M3
XM_067129191.1	M1
XM_067129196.1	M2
XM_067129197.1	M2
XM_067129198.1	M5
XM_067129199.1	M1
XM_067129200.1	M1
XM_067129201.1	M1
XM_067129202.1	M1
XM_067129204.1	M1
XM_067129211.1	M1
XM_067129217.1	M1
XM_067129218.1	M7
XM_067129219.1	M3
XM_067129220.1	M1
XM_067129226.1	M1
XM_067129227.1	M1
XM_067129228.1	M8
XM_067129229.1	M8
XM_067129236.1	M9
XM_067129240.1	M1
XM_067129241.1	M1
XM_067129244.1	M5
XM_067129247.1	M1
XM_067129248.1	M1
XM_067129250.1	M1
XM_067129253.1	M2
XM_067129255.1	M1
XM_067129264.1	M6
XM_067129265.1	M3
XM_067129268.1	M1
XM_067129272.1	M1
XM_067129273.1	M1
XM_067129274.1	M1
XM_067129278.1	M1
XM_067129279.1	M1
XM_067129284.1	M1
XM_067129285.1	M1
XM_067129296.1	M1
XM_067129298.1	M1
XM_067129301.1	M5
XM_067129302.1	M2
XM_067129303.1	M2
XM_067129304.1	M2
XM_067129306.1	M1
XM_067129308.1	M3
XM_067129309.1	M2
XM_067129317.1	M1
XM_067129320.1	M2
XM_067129321.1	M1
XM_067129327.1	M2
XM_067129328.1	M12
XM_067129329.1	M1
XM_067129330.1	M1
XM_067129331.1	M1
XM_067129332.1	M1
XM_067129333.1	M2
XM_067129334.1	M13
XM_067129335.1	M1
XM_067129341.1	M7
XM_067129342.1	M1
XM_067129344.1	M1
XM_067129345.1	M1
XM_067129350.1	M5
XM_067129352.1	M11
XM_067129353.1	M4
XM_067129355.1	M1
XM_067129366.1	M3
XM_067129369.1	M18
XM_067129371.1	M2
XM_067129373.1	M2
XM_067129375.1	M2
XM_067129378.1	M6
XM_067129396.1	M6
XM_067129410.1	M3
XM_067129411.1	M3
XM_067129412.1	M3
XM_067129413.1	M3
XM_067129418.1	M1
XM_067129419.1	M1
XM_067129421.1	M1
XM_067129423.1	M4
XM_067129426.1	M4
XM_067129427.1	M4
XM_067129433.1	M1
XM_067129436.1	M2
XM_067129441.1	M1
XM_067129444.1	M1
XM_067129445.1	M1
XM_067129447.1	M1
XM_067129448.1	M1
XM_067129449.1	M2
XM_067129453.1	M1
XM_067129459.1	M1
XM_067129460.1	M1
XM_067129468.1	M1
XM_067129473.1	M9
XM_067129478.1	M1
XM_067129481.1	M4
XM_067129484.1	M1
XM_067129485.1	M1
XM_067129553.1	M1
XM_067129554.1	M1
XM_067129555.1	M3
XM_067129557.1	M1
XM_067129558.1	M8
XM_067129559.1	M2
XM_067129564.1	M4
XM_067129572.1	M1
XM_067129573.1	M1
XM_067129574.1	M1
XM_067129576.1	M1
XM_067129578.1	M4
XM_067129581.1	M1
XM_067129582.1	M1
XM_067129586.1	M1
XM_067129587.1	M0
XM_067129588.1	M6
XM_067129589.1	M4
XM_067129590.1	M4
XM_067129591.1	M4
XM_067129593.1	M1
XM_067129596.1	M1
XM_067129604.1	M5
XM_067129605.1	M1
XM_067129606.1	M1
XM_067129607.1	M1
XM_067129610.1	M5
XM_067129612.1	M2
XM_067129613.1	M4
XM_067129614.1	M1
XM_067129615.1	M1
XM_067129621.1	M5
XM_067129648.1	M1
XM_067129649.1	M1
XM_067129650.1	M1
XM_067129653.1	M2
XM_067129654.1	M2
XM_067129655.1	M2
XM_067129666.1	M1
XM_067129669.1	M5
XM_067129678.1	M1
XM_067129679.1	M1
XM_067129680.1	M1
XM_067129688.1	M5
XM_067129692.1	M1
XM_067129693.1	M8
XM_067129694.1	M1
XM_067129700.1	M1
XM_067129703.1	M9
XM_067129708.1	M5
XM_067129726.1	M1
XM_067129728.1	M1
XM_067129732.1	M1
XM_067129735.1	M1
XM_067129739.1	M1
XM_067129753.1	M1
XM_067129756.1	M1
XM_067129758.1	M1
XM_067129763.1	M1
XM_067129764.1	M1
XM_067129765.1	M1
XM_067129766.1	M1
XM_067129767.1	M1
XM_067129768.1	M1
XM_067129770.1	M6
XM_067129772.1	M1
XM_067129776.1	M1
XM_067129778.1	M1
XM_067129779.1	M6
XM_067129781.1	M2
XM_067129782.1	M3
XM_067129783.1	M1
XM_067129784.1	M1
XM_067129785.1	M10
XM_067129819.1	M2
XM_067129830.1	M1
XM_067129840.1	M1
XM_067129846.1	M7
XM_067129848.1	M1
XM_067129853.1	M5
XM_067129858.1	M1
XM_067129862.1	M1
XM_067129872.1	M1
XM_067129883.1	M1
XM_067129884.1	M1
XM_067129886.1	M1
XM_067129887.1	M1
XM_067129889.1	M2
XM_067129890.1	M1
XM_067129891.1	M1
XM_067129892.1	M1
XM_067129894.1	M1
XM_067129897.1	M4
XM_067129899.1	M3
XM_067129902.1	M1
XM_067129903.1	M3
XM_067129905.1	M8
XM_067129906.1	M4
XM_067129907.1	M5
XM_067129915.1	M1
XM_067129924.1	M1
XM_067129937.1	M5
XM_067129940.1	M1
XM_067129941.1	M1
XM_067129946.1	M1
XM_067129949.1	M8
XM_067129952.1	M5
XM_067129953.1	M9
XM_067129954.1	M1
XM_067129956.1	M1
XM_067129957.1	M1
XM_067129958.1	M1
XM_067129960.1	M1
XM_067129970.1	M1
XM_067129972.1	M2
XM_067129973.1	M1
XM_067129977.1	M3
XM_067129983.1	M1
XM_067129989.1	M1
XM_067129991.1	M4
XM_067129992.1	M1
XM_067129994.1	M1
XM_067129996.1	M1
XM_067129998.1	M2
XM_067130000.1	M3
XM_067130001.1	M3
XM_067130002.1	M1
XM_067130006.1	M1
XM_067130010.1	M1
XM_067130011.1	M1
XM_067130014.1	M1
XM_067130028.1	M2
XM_067130034.1	M1
XM_067130038.1	M3
XM_067130079.1	M8
XM_067130081.1	M1
XM_067130082.1	M4
XM_067130085.1	M3
XM_067130087.1	M7
XM_067130088.1	M1
XM_067130094.1	M1
XM_067130097.1	M5
XM_067130098.1	M1
XM_067130100.1	M1
XM_067130101.1	M2
XM_067130102.1	M2
XM_067130105.1	M6
XM_067130111.1	M1
XM_067130113.1	M1
XM_067130146.1	M1
XM_067130147.1	M1
XM_067130150.1	M7
XM_067130152.1	M2
XM_067130154.1	M1
XM_067130155.1	M1
XM_067130156.1	M1
XM_067130158.1	M1
XM_067130159.1	M1
XM_067130163.1	M2
XM_067130165.1	M1
XM_067130167.1	M1
XM_067130177.1	M1
XM_067130178.1	M1
XM_067130185.1	M1
XM_067130186.1	M1
XM_067130187.1	M2
XM_067130188.1	M2
XM_067130189.1	M1
XM_067130190.1	M4
XM_067130192.1	M4
XM_067130193.1	M1
XM_067130196.1	M0
XM_067130206.1	M3
XM_067130208.1	M1
XM_067130209.1	M6
XM_067130211.1	M1
XM_067130221.1	M2
XM_067130229.1	M2
XM_067130233.1	M1
XM_067130234.1	M1
XM_067130242.1	M1
XM_067130244.1	M1
XM_067130245.1	M1
XM_067130246.1	M1
XM_067130248.1	M1
XM_067130249.1	M6
XM_067130252.1	M1
XM_067130259.1	M1
XM_067130261.1	M1
XM_067130263.1	M2
XM_067130266.1	M1
XM_067130269.1	M1
XM_067130270.1	M7
XM_067130271.1	M1
XM_067130272.1	M1
XM_067130273.1	M1
XM_067130274.1	M1
XM_067130275.1	M1
XM_067130281.1	M1
XM_067130284.1	M3
XM_067130285.1	M1
XM_067130289.1	M1
XM_067130295.1	M1
XM_067130296.1	M5
XM_067130297.1	M1
XM_067130298.1	M8
XM_067130305.1	M1
XM_067130308.1	M1
XM_067130310.1	M13
XM_067130311.1	M13
XM_067130312.1	M1
XM_067130313.1	M1
XM_067130332.1	M2
XM_067130333.1	M1
XM_067130334.1	M5
XM_067130335.1	M1
XM_067130336.1	M1
XM_067130337.1	M1
XM_067130342.1	M18
XM_067130347.1	M1
XM_067130348.1	M1
XM_067130349.1	M1
XM_067130350.1	M1
XM_067130351.1	M1
XM_067130355.1	M1
XM_067130356.1	M1
XM_067130357.1	M1
XM_067130358.1	M2
XM_067130360.1	M1
XM_067130366.1	M1
XM_067130368.1	M1
XM_067130369.1	M1
XM_067130372.1	M2
XM_067130373.1	M8
XM_067130376.1	M7
XM_067130378.1	M1
XM_067130382.1	M10
XM_067130383.1	M2
XM_067130384.1	M12
XM_067130392.1	M5
XM_067130393.1	M1
XM_067130394.1	M1
XM_067130397.1	M2
XM_067130398.1	M2
XM_067130405.1	M1
XM_067130420.1	M4
XM_067130435.1	M1
XM_067130440.1	M1
XM_067130446.1	M2
XM_067130465.1	M1
XM_067130467.1	M1
XM_067130468.1	M1
XM_067130471.1	M1
XM_067130475.1	M1
XM_067130476.1	M1
XM_067130478.1	M2
XM_067130480.1	M2
XM_067130481.1	M1
XM_067130482.1	M4
XM_067130484.1	M1
XM_067130487.1	M2
XM_067130488.1	M2
XM_067130496.1	M1
XM_067130501.1	M2
XM_067130502.1	M2
XM_067130503.1	M1
XM_067130505.1	M1
XM_067130506.1	M1
XM_067130507.1	M3
XM_067130508.1	M1
XM_067130514.1	M2
XM_067130515.1	M2
XM_067130520.1	M1
XM_067130539.1	M1
XM_067130542.1	M1
XM_067130543.1	M8
XM_067130544.1	M1
XM_067130545.1	M1
XM_067130546.1	M1
XM_067130547.1	M9
XM_067130548.1	M1
XM_067130551.1	M1
XM_067130554.1	M5
XM_067130555.1	M3
XM_067130559.1	M1
XM_067130561.1	M7
XM_067130564.1	M1
XM_067130565.1	M0
XM_067130568.1	M1
XM_067130571.1	M1
XM_067130576.1	M3
XM_067130577.1	M3
XM_067130579.1	M8
XM_067130581.1	M1
XM_067130584.1	M1
XM_067130590.1	M5
XM_067130593.1	M1
XM_067130594.1	M4
XM_067130595.1	M4
XM_067130598.1	M1
XM_067130600.1	M2
XM_067130604.1	M2
XM_067130615.1	M1
XM_067130628.1	M5
XM_067130633.1	M3
XM_067130634.1	M2
XM_067130639.1	M1
XM_067130645.1	M4
XM_067130648.1	M4
XM_067130652.1	M1
XM_067130720.1	M1
XM_067130721.1	M2
XM_067130768.1	M2
XM_067130769.1	M2
XM_067130773.1	M1
XM_067130774.1	M1
XM_067130779.1	M1
XM_067130792.1	M1
XM_067130793.1	M3
XM_067130794.1	M2
XM_067130795.1	M2
XM_067130797.1	M2
XM_067130800.1	M2
XM_067130801.1	M2
XM_067130815.1	M1
XM_067130818.1	M1
XM_067130819.1	M1
XM_067130820.1	M3
XM_067130822.1	M4
XM_067130824.1	M1
XM_067130830.1	M10
XM_067130831.1	M0
XM_067130835.1	M1
XM_067130838.1	M1
XM_067130842.1	M2
XM_067130843.1	M1
XM_067130845.1	M2
XM_067130846.1	M1
XM_067130847.1	M1
XM_067130848.1	M1
XM_067130849.1	M3
XM_067130855.1	M1
XM_067130858.1	M2
XM_067130859.1	M1
XM_067130863.1	M3
XM_067130864.1	M8
XM_067130865.1	M12
XM_067130866.1	M1
XM_067130867.1	M2
XM_067130868.1	M1
XM_067130870.1	M2
XM_067130871.1	M2
XM_067130872.1	M3
XM_067130876.1	M8
XM_067130879.1	M1
XM_067130880.1	M1
XM_067130883.1	M4
XM_067130887.1	M7
XM_067130888.1	M7
XM_067130905.1	M5
XM_067130908.1	M1
XM_067130913.1	M6
XM_067130915.1	M1
XM_067130923.1	M8
XM_067130933.1	M1
XM_067130934.1	M1
XM_067130939.1	M1
XM_067130940.1	M1
XM_067130941.1	M1
XM_067130942.1	M1
XM_067130943.1	M1
XM_067130949.1	M3
XM_067130954.1	M5
XM_067130956.1	M1
XM_067130957.1	M1
XM_067130958.1	M2
XM_067130959.1	M3
XM_067130961.1	M1
XM_067130964.1	M2
XM_067130966.1	M1
XM_067130984.1	M4
XM_067130998.1	M3
XM_067131000.1	M2
XM_067131011.1	M2
XM_067131012.1	M1
XM_067131019.1	M3
XM_067131020.1	M1
XM_067131021.1	M2
XM_067131022.1	M1
XM_067131023.1	M1
XM_067131039.1	M1
XM_067131040.1	M1
XM_067131041.1	M9
XM_067131042.1	M1
XM_067131043.1	M5
XM_067131045.1	M1
XM_067131053.1	M9
XM_067131054.1	M5
XM_067131058.1	M11
XM_067131060.1	M2
XM_067131070.1	M2
XM_067131090.1	M6
XM_067131108.1	M1
XM_067131116.1	M1
XM_067131118.1	M1
XM_067131120.1	M2
XM_067131126.1	M6
XM_067131136.1	M3
XM_067131139.1	M3
XM_067131144.1	M2
XM_067131145.1	M2
XM_067131149.1	M3
XM_067131150.1	M4
XM_067131151.1	M2
XM_067131153.1	M2
XM_067131155.1	M1
XM_067131156.1	M1
XM_067131173.1	M2
XM_067131174.1	M2
XM_067131176.1	M1
XM_067131177.1	M1
XM_067131178.1	M1
XM_067131180.1	M3
XM_067131183.1	M1
XM_067131187.1	M1
XM_067131188.1	M3
XM_067131193.1	M2
XM_067131194.1	M5
XM_067131196.1	M5
XM_067131203.1	M2
XM_067131205.1	M5
XM_067131206.1	M1
XM_067131207.1	M1
XM_067131208.1	M2
XM_067131210.1	M5
XM_067131211.1	M2
XM_067131221.1	M1
XM_067131223.1	M1
XM_067131225.1	M14
XM_067131230.1	M3
XM_067131235.1	M1
XM_067131236.1	M1
XM_067131237.1	M8
XM_067131238.1	M1
XM_067131239.1	M1
XM_067131245.1	M6
XM_067131246.1	M4
XM_067131247.1	M4
XM_067131248.1	M1
XM_067131262.1	M1
XM_067131263.1	M1
XM_067131264.1	M1
XM_067131270.1	M1
XM_067131272.1	M1
XM_067131274.1	M6
XM_067131275.1	M2
XM_067131277.1	M7
XM_067131278.1	M7
XM_067131279.1	M1
XM_067131280.1	M2
XM_067131281.1	M1
XM_067131282.1	M1
XM_067131323.1	M1
XM_067131337.1	M3
XM_067131347.1	M7
XM_067131352.1	M4
XM_067131361.1	M2
XM_067131374.1	M2
XM_067131385.1	M1
XM_067131387.1	M4
XM_067131391.1	M5
XM_067131402.1	M8
XM_067131412.1	M1
XM_067131413.1	M5
XM_067131414.1	M7
XM_067131417.1	M7
XM_067131422.1	M2
XM_067131425.1	M1
XM_067131426.1	M2
XM_067131429.1	M2
XM_067131430.1	M1
XM_067131433.1	M1
XM_067131434.1	M1
XM_067131435.1	M5
XM_067131436.1	M1
XM_067131457.1	M7
XM_067131458.1	M8
XM_067131460.1	M5
XM_067131463.1	M1
XM_067131464.1	M1
XM_067131468.1	M1
XM_067131471.1	M1
XM_067131472.1	M1
XM_067131474.1	M2
XM_067131475.1	M2
XM_067131477.1	M2
XM_067131482.1	M2
XM_067131483.1	M2
XM_067131484.1	M3
XM_067131486.1	M10
XM_067131487.1	M1
XM_067131503.1	M1
XM_067131520.1	M1
XM_067131537.1	M1
XM_067131542.1	M3
XM_067131543.1	M2
XM_067131544.1	M1
XM_067131545.1	M1
XM_067131551.1	M1
XM_067131558.1	M8
XM_067131560.1	M1
XM_067131578.1	M0
XM_067131579.1	M1
XM_067131584.1	M2
XM_067131596.1	M6
XM_067131605.1	M1
XM_067131606.1	M2
XM_067131618.1	M1
XM_067131619.1	M1
XM_067131622.1	M1
XM_067131636.1	M1
XM_067131638.1	M1
XM_067131641.1	M1
XM_067131642.1	M7
XM_067131644.1	M1
XM_067131646.1	M9
XM_067131647.1	M10
XM_067131648.1	M1
XM_067131649.1	M17
XM_067131651.1	M1
XM_067131653.1	M1
XM_067131654.1	M1
XM_067131655.1	M5
XM_067131656.1	M5
XM_067131657.1	M1
XM_067131666.1	M2
XM_067131667.1	M1
XM_067131668.1	M8
XM_067131671.1	M8
XM_067131681.1	M1
XM_067131687.1	M2
XM_067131688.1	M6
XM_067131691.1	M8
XM_067131700.1	M1
XM_067131703.1	M1
XM_067131708.1	M1
XM_067131710.1	M9
XM_067131711.1	M1
XM_067131713.1	M1
XM_067131714.1	M1
XM_067131715.1	M17
XM_067131720.1	M1
XM_067131721.1	M1
XM_067131723.1	M1
XM_067131732.1	M2
XM_067131734.1	M1
XM_067131735.1	M2
XM_067131737.1	M6
XM_067131738.1	M1
XM_067131741.1	M1
XM_067131742.1	M5
XM_067131744.1	M1
XM_067131748.1	M1
XM_067131749.1	M17
XM_067131753.1	M1
XM_067131758.1	M1
XM_067131759.1	M1
XM_067131761.1	M1
XM_067131795.1	M4
XM_067131796.1	M1
XM_067131797.1	M3
XM_067131805.1	M4
XM_067131809.1	M3
XM_067131816.1	M8
XM_067131818.1	M1
XM_067131819.1	M1
XM_067131820.1	M1
XM_067131823.1	M2
XM_067131836.1	M1
XM_067131837.1	M1
XM_067131840.1	M8
XM_067131841.1	M1
XM_067131842.1	M1
XM_067131843.1	M2
XM_067131845.1	M8
XM_067131846.1	M1
XM_067131848.1	M1
XM_067131851.1	M5
XM_067131858.1	M1
XM_067131861.1	M2
XM_067131863.1	M1
XM_067131865.1	M1
XM_067131866.1	M2
XM_067131870.1	M2
XM_067131882.1	M2
XM_067131885.1	M7
XM_067131895.1	M1
XM_067131896.1	M1
XM_067131901.1	M12
XM_067131902.1	M3
XM_067131903.1	M8
XM_067131904.1	M8
XM_067131905.1	M2
XM_067131906.1	M2
XM_067131908.1	M2
XM_067131910.1	M2
XM_067131912.1	M1
XM_067131927.1	M6
XM_067131935.1	M14
XM_067131936.1	M1
XM_067131937.1	M1
XM_067131947.1	M1
XM_067131948.1	M7
XM_067131949.1	M1
XM_067131953.1	M1
XM_067131955.1	M5
XM_067131960.1	M1
XM_067131961.1	M1
XM_067131962.1	M6
XM_067131964.1	M1
XM_067131965.1	M1
XM_067131969.1	M1
XM_067131970.1	M2
XM_067131981.1	M1
XM_067131983.1	M1
XM_067131986.1	M1
XM_067131993.1	M1
XM_067131996.1	M1
XM_067131997.1	M1
XM_067132003.1	M1
XM_067132004.1	M1
XM_067132007.1	M1
XM_067132008.1	M1
XM_067132009.1	M1
XM_067132018.1	M8
XM_067132040.1	M4
XM_067132041.1	M1
XM_067132042.1	M6
XM_067132043.1	M4
XM_067132074.1	M1
XM_067132086.1	M2
XM_067132088.1	M5
XM_067132090.1	M2
XM_067132091.1	M2
XM_067132092.1	M2
XM_067132094.1	M0
XM_067132131.1	M2
XM_067132134.1	M2
XM_067132140.1	M2
XM_067132162.1	M2
XM_067132192.1	M3
XM_067132194.1	M1
XM_067132201.1	M2
XM_067132204.1	M4
XM_067132205.1	M6
XM_067132219.1	M7
XM_067132222.1	M6
XM_067132223.1	M1
XM_067132225.1	M1
XM_067132226.1	M1
XM_067132233.1	M17
XM_067132258.1	M7
XM_067132262.1	M1
XM_067132264.1	M1
XM_067132269.1	M5
XM_067132273.1	M1
XM_067132281.1	M1
XM_067132282.1	M1
XM_067132284.1	M1
XM_067132286.1	M1
XM_067132291.1	M1
XM_067132295.1	M10
XM_067132300.1	M2
XM_067132302.1	M2
XM_067132327.1	M1
XM_067132329.1	M1
XM_067132330.1	M1
XM_067132331.1	M1
XM_067132332.1	M1
XM_067132333.1	M2
XM_067132336.1	M1
XM_067132359.1	M5
XM_067132362.1	M2
XM_067132368.1	M1
XM_067132369.1	M1
XM_067132373.1	M1
XM_067132374.1	M0
XM_067132375.1	M2
XM_067132377.1	M1
XM_067132385.1	M4
XM_067132386.1	M3
XM_067132387.1	M1
XM_067132389.1	M7
XM_067132393.1	M4
XM_067132394.1	M1
XM_067132402.1	M1
XM_067132403.1	M1
XM_067132409.1	M1
XM_067132410.1	M2
XM_067132412.1	M1
XM_067132414.1	M2
XM_067132417.1	M2
XM_067132418.1	M5
XM_067132419.1	M5
XM_067132423.1	M5
XM_067132424.1	M5
XM_067132426.1	M5
XM_067132436.1	M1
XM_067132437.1	M1
XM_067132440.1	M4
XM_067132443.1	M4
XM_067132444.1	M1
XM_067132445.1	M1
XM_067132446.1	M13
XM_067132447.1	M1
XM_067132451.1	M3
XM_067132464.1	M1
XM_067132470.1	M7
XM_067132476.1	M3
XM_067132477.1	M1
XM_067132479.1	M5
XM_067132488.1	M2
XM_067132489.1	M14
XM_067132491.1	M1
XM_067132492.1	M8
XM_067132497.1	M1
XM_067132500.1	M1
XM_067132504.1	M1
XM_067132507.1	M1
XM_067132509.1	M1
XM_067132510.1	M4
XM_067132511.1	M7
XM_067132512.1	M1
XM_067132516.1	M1
XM_067132517.1	M1
XM_067132521.1	M1
XM_067132522.1	M1
XM_067132523.1	M6
XM_067132525.1	M2
XM_067132526.1	M2
XM_067132534.1	M3
XM_067132535.1	M1
XM_067132537.1	M3
XM_067132538.1	M10
XM_067132539.1	M1
XM_067132543.1	M5
XM_067132546.1	M1
XM_067132547.1	M1
XM_067132548.1	M1
XM_067132549.1	M1
XM_067132552.1	M1
XM_067132555.1	M2
XM_067132560.1	M1
XM_067132564.1	M6
XM_067132567.1	M1
XM_067132569.1	M2
XM_067132570.1	M3
XM_067132571.1	M1
XM_067132572.1	M1
XM_067132573.1	M6
XM_067132574.1	M1
XM_067132581.1	M3
XM_067132582.1	M1
XM_067132584.1	M1
XM_067132585.1	M1
XM_067132586.1	M2
XM_067132587.1	M1
XM_067132588.1	M6
XM_067132597.1	M1
XM_067132600.1	M1
XM_067132601.1	M1
XM_067132602.1	M1
XM_067132604.1	M3
XM_067132605.1	M4
XM_067132606.1	M6
XM_067132607.1	M4
XM_067132608.1	M7
XM_067132609.1	M1
XM_067132610.1	M6
XM_067132615.1	M2
XM_067132617.1	M1
XM_067132618.1	M1
XM_067132626.1	M4
XM_067132629.1	M4
XM_067132630.1	M1
XM_067132632.1	M1
XM_067132634.1	M1
XM_067132635.1	M10
XM_067132636.1	M1
XM_067132637.1	M1
XM_067132638.1	M1
XM_067132639.1	M2
XM_067132644.1	M1
XM_067132648.1	M1
XM_067132650.1	M1
XM_067132651.1	M1
XM_067132652.1	M1
XM_067132653.1	M2
XM_067132654.1	M1
XM_067132655.1	M4
XM_067132688.1	M1
XM_067132689.1	M1
XM_067132691.1	M4
XM_067132693.1	M2
XM_067132699.1	M1
XM_067132701.1	M1
XM_067132702.1	M1
XM_067132704.1	M2
XM_067132705.1	M2
XM_067132707.1	M2
XM_067132711.1	M3
XM_067132712.1	M6
XM_067132716.1	M2
XM_067132717.1	M2
XM_067132723.1	M6
XM_067132732.1	M4
XM_067132737.1	M2
XM_067132738.1	M5
XM_067132739.1	M2
XM_067132742.1	M2
XM_067132745.1	M6
XM_067132746.1	M1
XM_067132749.1	M1
XM_067132750.1	M1
XM_067132756.1	M1
XM_067132757.1	M1
XM_067132768.1	M3
XM_067132771.1	M2
XM_067132785.1	M6
XM_067132786.1	M2
XM_067132787.1	M1
XM_067132788.1	M2
XM_067132790.1	M3
XM_067132792.1	M1
XM_067132793.1	M2
XM_067132797.1	M11
XM_067132808.1	M1
XM_067132818.1	M4
XM_067132820.1	M1
XM_067132821.1	M1
XM_067132830.1	M1
XM_067132831.1	M7
XM_067132832.1	M2
XM_067132834.1	M1
XM_067132838.1	M1
XM_067132839.1	M3
XM_067132842.1	M3
XM_067132848.1	M1
XM_067132849.1	M1
XM_067132850.1	M6
XM_067132851.1	M1
XM_067132853.1	M4
XM_067132854.1	M6
XM_067132855.1	M10
XM_067132856.1	M4
XM_067132857.1	M6
XM_067132858.1	M1
XM_067132860.1	M1
XM_067132863.1	M2
XM_067132867.1	M2
XM_067132868.1	M6
XM_067132872.1	M4
XM_067132873.1	M2
XM_067132874.1	M1
XM_067132877.1	M4
XM_067132878.1	M1
XM_067132881.1	M6
XM_067132882.1	M7
XM_067132885.1	M1
XM_067132886.1	M1
XM_067132915.1	M1
XM_067132921.1	M1
XM_067132925.1	M1
XM_067132928.1	M1
XM_067132960.1	M1
XM_067132972.1	M1
XM_067132974.1	M7
XM_067132983.1	M5
XM_067132984.1	M1
XM_067132985.1	M1
XM_067132986.1	M1
XM_067132987.1	M1
XM_067132988.1	M1
XM_067132989.1	M1
XM_067132990.1	M1
XM_067132992.1	M3
XM_067132994.1	M5
XM_067133000.1	M8
XM_067133002.1	M8
XM_067133003.1	M3
XM_067133004.1	M1
XM_067133006.1	M6
XM_067133007.1	M1
XM_067133010.1	M7
XM_067133022.1	M1
XM_067133028.1	M1
XM_067133029.1	M9
XM_067133032.1	M3
XM_067133033.1	M3
XM_067133039.1	M1
XM_067133040.1	M1
XM_067133046.1	M1
XM_067133049.1	M5
XM_067133052.1	M1
XM_067133053.1	M1
XM_067133054.1	M1
XM_067133056.1	M1
XM_067133057.1	M2
XM_067133058.1	M1
XM_067133059.1	M1
XM_067133061.1	M12
XM_067133094.1	M4
XM_067133098.1	M1
XM_067133118.1	M1
XM_067133125.1	M7
XM_067133130.1	M9
XM_067133134.1	M12
XM_067133139.1	M1
XM_067133145.1	M1
XM_067133146.1	M1
XM_067133151.1	M1
XM_067133152.1	M1
XM_067133153.1	M1
XM_067133160.1	M2
XM_067133161.1	M1
XM_067133163.1	M5
XM_067133169.1	M1
XM_067133171.1	M1
XM_067133172.1	M1
XM_067133176.1	M1
XM_067133178.1	M6
XM_067133181.1	M2
XM_067133182.1	M1
XM_067133183.1	M1
XM_067133187.1	M4
XM_067133188.1	M3
XM_067133189.1	M1
XM_067133191.1	M3
XM_067133192.1	M3
XM_067133193.1	M1
XM_067133196.1	M6
XM_067133197.1	M7
XM_067133199.1	M4
XM_067133208.1	M1
XM_067133211.1	M1
XM_067133217.1	M3
XM_067133221.1	M4
XM_067133222.1	M1
XM_067133223.1	M6
XM_067133225.1	M1
XM_067133226.1	M9
XM_067133229.1	M1
XM_067133231.1	M7
XM_067133232.1	M1
XM_067133233.1	M1
XM_067133234.1	M2
XM_067133236.1	M5
XM_067133239.1	M1
XM_067133240.1	M1
XM_067133245.1	M1
XM_067133247.1	M2
XM_067133248.1	M1
XM_067133249.1	M3
XM_067133250.1	M1
XM_067133254.1	M3
XM_067133255.1	M4
XM_067133256.1	M1
XM_067133257.1	M1
XM_067133259.1	M1
XM_067133269.1	M6
XM_067133270.1	M4
XM_067133271.1	M4
XM_067133278.1	M2
XM_067133279.1	M2
XM_067133283.1	M1
XM_067133289.1	M1
XM_067133292.1	M1
XM_067133294.1	M1
XM_067133296.1	M1
XM_067133298.1	M1
XM_067133299.1	M1
XM_067133307.1	M2
XM_067133314.1	M1
XM_067133318.1	M3
XM_067133328.1	M9
XM_067133331.1	M1
XM_067133333.1	M1
XM_067133337.1	M1
XM_067133341.1	M1
XM_067133342.1	M6
XM_067133344.1	M1
XM_067133345.1	M5
XM_067133346.1	M1
XM_067133347.1	M11
XM_067133348.1	M1
XM_067133356.1	M7
XM_067133361.1	M1
XM_067133362.1	M1
XM_067133365.1	M1
XM_067133372.1	M1
XM_067133375.1	M1
XM_067133380.1	M5
XM_067133386.1	M1
XM_067133389.1	M1
XM_067133391.1	M1
XM_067133392.1	M3
XM_067133393.1	M1
XM_067133395.1	M1
XM_067133397.1	M2
XM_067133398.1	M2
XM_067133399.1	M2
XM_067133410.1	M6
XM_067133412.1	M1
XM_067133414.1	M6
XM_067133419.1	M1
XM_067133424.1	M2
XM_067133438.1	M1
XM_067133453.1	M1
XM_067133454.1	M8
XM_067133455.1	M5
XM_067133456.1	M3
XM_067133459.1	M1
XM_067133460.1	M1
XM_067133462.1	M1
XM_067133463.1	M1
XM_067133464.1	M5
XM_067133465.1	M1
XM_067133470.1	M2
XM_067133475.1	M1
XM_067133476.1	M1
XM_067133477.1	M2
XM_067133479.1	M6
XM_067133483.1	M1
XM_067133487.1	M2
XM_067133488.1	M1
XM_067133489.1	M1
XM_067133490.1	M1
XM_067133491.1	M1
XM_067133494.1	M1
XM_067133497.1	M1
XM_067133501.1	M1
XM_067133505.1	M1
XM_067133517.1	M2
XM_067133531.1	M7
XM_067133533.1	M5
XM_067133559.1	M2
XM_067133563.1	M4
XM_067133567.1	M1
XM_067133569.1	M2
XM_067133570.1	M4
XM_067133579.1	M1
XM_067133584.1	M6
XM_067133585.1	M2
XM_067133589.1	M2
XM_067133604.1	M4
XM_067133605.1	M8
XM_067133608.1	M1
XM_067133609.1	M1
XM_067133610.1	M2
XM_067133612.1	M1
XM_067133613.1	M1
XM_067133616.1	M14
XM_067133622.1	M1
XM_067133637.1	M2
XM_067133661.1	M2
XM_067133667.1	M10
XM_067133668.1	M2
XM_067133677.1	M9
XM_067133678.1	M9
XM_067133680.1	M5
XM_067133681.1	M1
XM_067133688.1	M1
XM_067133691.1	M2
XM_067133692.1	M8
XM_067133698.1	M1
XM_067133701.1	M7
XM_067133702.1	M2
XM_067133703.1	M7
XM_067133706.1	M7
XM_067133707.1	M6
XM_067133708.1	M2
XM_067133709.1	M2
XM_067133710.1	M2
XM_067133712.1	M1
XM_067133713.1	M4
XM_067133716.1	M1
XM_067133721.1	M1
XM_067133722.1	M1
XM_067133734.1	M1
XM_067133735.1	M1
XM_067133736.1	M0
XM_067133737.1	M4
XM_067133739.1	M1
XM_067133740.1	M2
XM_067133743.1	M1
XM_067133745.1	M1
XM_067133749.1	M1
XM_067133751.1	M1
XM_067133752.1	M1
XM_067133753.1	M1
XM_067133754.1	M1
XM_067133759.1	M1
XM_067133760.1	M1
XM_067133767.1	M1
XM_067133769.1	M3
XM_067133770.1	M1
XM_067133771.1	M1
XM_067133773.1	M4
XM_067133778.1	M2
XM_067133779.1	M2
XM_067133780.1	M4
XM_067133784.1	M1
XM_067133785.1	M1
XM_067133786.1	M2
XM_067133787.1	M2
XM_067133788.1	M4
XM_067133790.1	M5
XM_067133791.1	M2
XM_067133793.1	M1
XM_067133794.1	M2
XM_067133795.1	M1
XM_067133827.1	M1
XM_067133833.1	M1
XM_067133835.1	M1
XM_067133837.1	M1
XM_067133840.1	M2
XM_067133843.1	M6
XM_067133845.1	M1
XM_067133848.1	M10
XM_067133849.1	M4
XM_067133852.1	M2
XM_067133858.1	M1
XM_067133861.1	M13
XM_067133862.1	M2
XM_067133865.1	M1
XM_067133866.1	M1
XM_067133867.1	M1
XM_067133869.1	M2
XM_067133870.1	M2
XM_067133874.1	M4
XM_067133875.1	M1
XM_067133876.1	M4
XM_067133877.1	M9
XM_067133878.1	M1
XM_067133884.1	M1
XM_067133891.1	M3
XM_067133893.1	M2
XM_067133894.1	M2
XM_067133895.1	M5
XM_067133897.1	M1
XM_067133900.1	M2
XM_067133901.1	M1
XM_067133907.1	M6
XM_067133923.1	M2
XM_067133924.1	M1
XM_067133927.1	M2
XM_067133932.1	M1
XM_067133934.1	M1
XM_067133938.1	M1
XM_067133939.1	M6
XM_067133947.1	M4
XM_067133958.1	M1
XM_067133960.1	M1
XM_067133961.1	M1
XM_067133962.1	M1
XM_067133963.1	M1
XM_067133964.1	M1
XM_067133965.1	M1
XM_067133971.1	M1
XM_067133978.1	M4
XM_067133982.1	M3
XM_067133984.1	M2
XM_067133985.1	M6
XM_067133987.1	M1
XM_067133988.1	M1
XM_067133990.1	M11
XM_067133991.1	M7
XM_067133992.1	M1
XM_067133996.1	M2
XM_067133997.1	M3
XM_067134022.1	M1
XM_067134025.1	M4
XM_067134026.1	M9
XM_067134031.1	M11
XM_067134032.1	M5
XM_067134033.1	M5
XM_067134041.1	M1
XM_067134042.1	M1
XM_067134044.1	M1
XM_067134045.1	M1
XM_067134046.1	M1
XM_067134047.1	M1
XM_067134048.1	M1
XM_067134049.1	M2
XM_067134054.1	M1
XM_067134060.1	M9
XM_067134061.1	M1
XM_067134062.1	M1
XM_067134063.1	M2
XM_067134064.1	M4
XM_067134066.1	M6
XM_067134067.1	M1
XM_067134068.1	M1
XM_067134069.1	M2
XM_067134071.1	M1
XM_067134072.1	M3
XM_067134073.1	M6
XM_067134075.1	M1
XM_067134076.1	M1
XM_067134077.1	M3
XM_067134078.1	M3
XM_067134079.1	M1
XM_067134082.1	M7
XM_067134083.1	M7
XM_067134084.1	M7
XM_067134091.1	M9
XM_067134094.1	M2
XM_067134095.1	M2
XM_067134096.1	M2
XM_067134097.1	M2
XM_067134098.1	M7
XM_067134099.1	M7
XM_067134106.1	M1
XM_067134107.1	M3
XM_067134109.1	M1
XM_067134112.1	M1
XM_067134113.1	M1
XM_067134119.1	M4
XM_067134130.1	M1
XM_067134132.1	M1
XM_067134138.1	M1
XM_067134139.1	M6
XM_067134141.1	M1
XM_067134143.1	M1
XM_067134144.1	M1
XM_067134147.1	M1
XM_067134148.1	M1
XM_067134150.1	M1
XM_067134151.1	M1
XM_067134152.1	M1
XM_067134160.1	M1
XM_067134162.1	M2
XM_067134163.1	M1
XM_067134166.1	M1
XM_067134168.1	M1
XM_067134171.1	M1
XM_067134172.1	M0
XM_067134173.1	M1
XM_067134174.1	M1
XM_067134176.1	M1
XM_067134180.1	M5
XM_067134182.1	M6
XM_067134184.1	M1
XM_067134187.1	M1
XM_067134191.1	M1
XM_067134193.1	M1
XM_067134194.1	M1
XM_067134196.1	M4
XM_067134206.1	M1
XM_067134209.1	M1
XM_067134211.1	M2
XM_067134213.1	M3
XM_067134216.1	M6
XM_067134217.1	M3
XM_067134218.1	M1
XM_067134219.1	M1
XM_067134220.1	M1
XM_067134221.1	M5
XM_067134222.1	M2
XM_067134224.1	M9
XM_067134225.1	M1
XM_067134233.1	M1
XM_067134234.1	M1
XM_067134239.1	M9
XM_067134241.1	M10
XM_067134249.1	M1
XM_067134252.1	M5
XM_067134253.1	M1
XM_067134263.1	M1
XM_067134264.1	M1
XM_067134266.1	M1
XM_067134267.1	M9
XM_067134270.1	M2
XM_067134271.1	M8
XM_067134273.1	M4
XM_067134274.1	M5
XM_067134275.1	M1
XM_067134277.1	M2
XM_067134278.1	M1
XM_067134280.1	M6
XM_067134281.1	M0
XM_067134282.1	M1
XM_067134284.1	M1
XM_067134290.1	M2
XM_067134291.1	M6
XM_067134293.1	M2
XM_067134295.1	M2
XM_067134296.1	M3
XM_067134299.1	M10
XM_067134307.1	M1
XM_067134308.1	M10
XM_067134317.1	M1
XM_067134320.1	M1
XM_067134321.1	M4
XM_067134322.1	M13
XM_067134325.1	M13
XM_067134329.1	M4
XM_067134331.1	M7
XM_067134333.1	M10
XM_067134348.1	M2
XM_067134349.1	M2
XM_067134357.1	M1
XM_067134363.1	M12
XM_067134365.1	M7
XM_067134372.1	M15
XM_067134377.1	M1
XM_067134380.1	M1
XM_067134385.1	M1
XM_067134388.1	M1
XM_067134389.1	M1
XM_067134391.1	M7
XM_067134392.1	M2
XM_067134410.1	M1
XM_067134414.1	M1
XM_067134415.1	M1
XM_067134422.1	M7
XM_067134433.1	M1
XM_067134436.1	M1
XM_067134437.1	M1
XM_067134438.1	M6
XM_067134439.1	M4
XM_067134445.1	M16
XM_067134446.1	M1
XM_067134447.1	M1
XM_067134451.1	M2
XM_067134452.1	M2
XM_067134453.1	M1
XM_067134471.1	M4
XM_067134475.1	M1
XM_067134476.1	M6
XM_067134477.1	M1
XM_067134480.1	M1
XM_067134485.1	M1
XM_067134487.1	M1
XM_067134491.1	M1
XM_067134493.1	M2
XM_067134497.1	M1
XM_067134498.1	M1
XM_067134504.1	M1
XM_067134507.1	M1
XM_067134508.1	M1
XM_067134510.1	M1
XM_067134511.1	M5
XM_067134517.1	M2
XM_067134518.1	M6
XM_067134519.1	M2
XM_067134521.1	M1
XM_067134526.1	M10
XM_067134527.1	M6
XM_067134528.1	M11
XM_067134529.1	M11
XM_067134533.1	M1
XM_067134534.1	M13
XM_067134535.1	M1
XM_067134539.1	M1
XM_067134540.1	M3
XM_067134541.1	M1
XM_067134548.1	M3
XM_067134549.1	M3
XM_067134552.1	M7
XM_067134554.1	M13
XM_067134562.1	M6
XM_067134573.1	M7
XM_067134577.1	M1
XM_067134578.1	M1
XM_067134581.1	M1
XM_067134584.1	M4
XM_067134585.1	M6
XM_067134586.1	M4
XM_067134587.1	M4
XM_067134588.1	M8
XM_067134589.1	M3
XM_067134591.1	M4
XM_067134594.1	M4
XM_067134595.1	M6
XM_067134597.1	M1
XM_067134598.1	M1
XM_067134599.1	M3
XM_067134600.1	M3
XM_067134612.1	M2
XM_067134613.1	M3
XM_067134615.1	M6
XM_067134616.1	M2
XM_067134618.1	M1
XM_067134619.1	M6
XM_067134623.1	M1
XM_067134632.1	M1
XM_067134638.1	M6
XM_067134640.1	M1
XM_067134641.1	M1
XM_067134642.1	M1
XM_067134649.1	M1
XM_067134650.1	M1
XM_067134654.1	M3
XM_067134656.1	M1
XM_067134657.1	M1
XM_067134663.1	M7
XM_067134664.1	M1
XM_067134667.1	M1
XM_067134668.1	M6
XM_067134669.1	M1
XM_067134673.1	M1
XM_067134675.1	M1
XM_067134676.1	M1
XM_067134677.1	M6
XM_067134678.1	M1
XM_067134681.1	M6
XM_067134686.1	M2
XM_067134688.1	M1
XM_067134689.1	M5
XM_067134690.1	M1
XM_067134691.1	M1
XM_067134692.1	M6
XM_067134706.1	M2
XM_067134723.1	M3
XM_067134728.1	M2
XM_067134730.1	M1
XM_067134731.1	M1
XM_067134732.1	M3
XM_067134733.1	M1
XM_067134734.1	M1
XM_067134735.1	M2
XM_067134736.1	M1
XM_067134741.1	M1
XM_067134742.1	M1
XM_067134751.1	M2
XM_067134755.1	M7
XM_067134757.1	M7
