ko	ko_name	jumper_idx	laggard_idx	log2_ratio_idx	source
ko:K00002		1.8868994942611148e-05	1.2849424024568099e-05	0.5206929187072333	KEGG_GENOME
ko:K00003		2.9891996081171906e-05	0.00037635998626049194	-3.6106364548629415	KEGG_GENOME
ko:K00004		1.0087118202017749e-05	7.502917380893222e-05	-2.777668689253393	KEGG_GENOME
ko:K00005		9.258069679895961e-05	9.513346298606116e-05	-0.03882773347128349	KEGG_GENOME
ko:K00007		3.764600684028231e-05	1.1214313342726948e-05	1.661746591825236	KEGG_GENOME
ko:K00008		1.5226069941163709e-05	0.0002890691429379538	-4.160011314992685	KEGG_GENOME
ko:K00009		6.86523526495059e-05	6.914135438990973e-05	-0.010093204884374797	KEGG_GENOME
ko:K00010		9.77456451644852e-05	0.00024009442492819348	-1.2878092608077498	KEGG_GENOME
ko:K00012		0.000160060469290979	0.0004958600085108838	-1.6252369841061458	KEGG_GENOME
ko:K00013		0.0001576628514291203	0.0004720248042882706	-1.5759514551164573	KEGG_GENOME
ko:K00014		0.000132203221686555	0.0003336848644781039	-1.3291743329919938	KEGG_GENOME
ko:K00015		1.8202248622368288e-05	0.00016310128021974833	-3.0952393254616832	KEGG_GENOME
ko:K00016		5.024610874191108e-05	0.0004857364099516518	-3.2476263322879957	KEGG_GENOME
ko:K00018		6.356804978050547e-05	0.00023304321887504035	-1.857882607717761	KEGG_GENOME
ko:K00019		4.9703927246000713e-05	0.00020851838980541853	-2.046907477563176	KEGG_GENOME
ko:K00020		8.379930834809454e-05	0.00023384028879021857	-1.4695555330861259	KEGG_GENOME
ko:K00021		3.5139601486669508e-06	7.367899095148313e-07	1.3779704325539355	KEGG_GENOME
ko:K00023		2.2750655504860347e-05	0.0001324710635300437	-2.4904877634547553	KEGG_GENOME
ko:K00024		0.00014513473511327998	0.0003975198954500557	-1.4473526136666854	KEGG_GENOME
ko:K00027		0.00013174466391414877	0.00040741765098061065	-1.6213913493424326	KEGG_GENOME
ko:K00029		0.00013078847027046806	0.0002809750891764304	-1.0973435553843713	KEGG_GENOME
ko:K00030		2.207061366116633e-05	2.7178591256525324e-05	-0.2885431090792652	KEGG_GENOME
ko:K00031		0.0001726574688232387	0.0005562165802218137	-1.6819937257612265	KEGG_GENOME
ko:K00032		3.2297237940211355e-06	6.236290277127599e-05	-3.9050030676114367	KEGG_GENOME
ko:K00033		0.00012254912737186212	0.000291817432261835	-1.2449166230134985	KEGG_GENOME
ko:K00034		3.2410102400843586e-05	0.00013868259471848705	-2.0637959539654966	KEGG_GENOME
ko:K00035		3.343557958122036e-06	2.74661991118838e-05	-2.7123006798612335	KEGG_GENOME
ko:K00036		0.00012461765073493926	0.00045174366100625397	-1.8496552478935595	KEGG_GENOME
ko:K00038		5.010304526309109e-06	1.0229139493537687e-05	-0.9017373805435842	KEGG_GENOME
ko:K00039		1.0331880058778034e-05	6.964979015208627e-06	0.5086447709418673	KEGG_GENOME
ko:K00040		7.932949266693549e-05	0.0002160253514991442	-1.4338619087283009	KEGG_GENOME
ko:K00041		0.0001036391530287126	3.995824307771205e-05	1.353197031795035	KEGG_GENOME
ko:K00042		7.030756434543683e-05	0.0001674651060680211	-1.2403227672493915	KEGG_GENOME
ko:K00043		1.3527882318246136e-06	2.49794820794911e-05	-3.4649292914653653	KEGG_GENOME
ko:K00045		2.6654300956872e-05	9.331682008525856e-05	-1.770011204131121	KEGG_GENOME
ko:K00046		5.5689171274117523e-05	3.617836072859034e-05	0.6086100186577994	KEGG_GENOME
ko:K00048		4.160847868204877e-05	1.9641343836064046e-05	1.0456036424337483	KEGG_GENOME
ko:K00052		0.00014835328066322868	0.00030715732940697876	-1.0449381775400717	KEGG_GENOME
ko:K00053		0.00015965070261326228	0.00046589580708060853	-1.5391733421176617	KEGG_GENOME
ko:K00054		2.514149811364297e-05	3.368495274729239e-05	-0.407968097855747	KEGG_GENOME
ko:K00055		2.0239737637011213e-05	5.32447328321818e-05	-1.352717113135315	KEGG_GENOME
ko:K00057		0.00015416259936539353	0.00046099133829849166	-1.574084953379439	KEGG_GENOME
ko:K00058		0.00026770984847381506	0.0006043542200791819	-1.171730376981534	KEGG_GENOME
ko:K00059		0.0005756513621896785	0.0015353006580968197	-1.4136893347725303	KEGG_GENOME
ko:K00060		8.000003978447912e-05	0.0002434330564798932	-1.5934448828981678	KEGG_GENOME
ko:K00064		1.9506572008219236e-05	6.50834717897137e-05	-1.6882031396901176	KEGG_GENOME
ko:K00065		0.00012384340567792216	6.0794693556355475e-05	1.0145647578216068	KEGG_GENOME
ko:K00066		7.528140427116063e-06	9.28277106306481e-05	-3.4597109650877798	KEGG_GENOME
ko:K00067		9.732688017245054e-05	0.0003338424683065691	-1.7678247442650108	KEGG_GENOME
ko:K00068		5.288141531729876e-05	1.8574011084036214e-05	1.460848325265237	KEGG_GENOME
ko:K00073		3.318998581962146e-06	4.467101270972616e-06	-0.3400792569714633	KEGG_GENOME
ko:K00074		0.00013557621331127488	0.00031769634181253765	-1.2224762194335492	KEGG_GENOME
ko:K00075		0.00015763474214526633	0.0004697652095220997	-1.5692989401078485	KEGG_GENOME
ko:K00076		9.9636626888109e-06	9.914445149770198e-06	0.006491056704313927	KEGG_GENOME
ko:K00077		0.00018697086913703926	0.0005033042444493979	-1.4237852707440248	KEGG_GENOME
ko:K00082		3.207677897816213e-06	0.0	2.073024269029167	KEGG_GENOME
ko:K00086		2.6977757919752214e-06	3.304077255767468e-06	-0.21904622153280814	KEGG_GENOME
ko:K00087		5.846653959938726e-07	1.5761951442518165e-05	-3.402939967920901	KEGG_GENOME
ko:K00088		0.00015401553334948762	0.0006225324620706284	-2.008051882792936	KEGG_GENOME
ko:K00090		5.770286965964848e-05	0.00010610455577496396	-0.8675169119623565	KEGG_GENOME
ko:K00091		0.0	6.709882698644732e-06	-2.94670891054616	KEGG_GENOME
ko:K00094		2.414785044285822e-05	7.904896193243039e-06	1.4977643897266202	KEGG_GENOME
ko:K00096		0.0	0.0002854895667001594	-8.16233879003433	KEGG_GENOME
ko:K00097		0.0001167540543540169	0.0003109409558267772	-1.4054962479737607	KEGG_GENOME
ko:K00098		1.458441817055794e-05	2.0278414006632817e-05	-0.4492863287914742	KEGG_GENOME
ko:K00099		0.00013150356361034938	0.00044066538117752024	-1.7369225941262225	KEGG_GENOME
ko:K00100		1.9063886897771811e-06	0.0	1.5392276566236323	KEGG_GENOME
ko:K00102		1.6533131248756376e-05	8.468368416474049e-05	-2.2889368427960637	KEGG_GENOME
ko:K00104		1.7241979492339575e-05	0.00011170489814727419	-2.627216021991899	KEGG_GENOME
ko:K00108		7.167404117270909e-05	0.0001273357473619795	-0.820411045452524	KEGG_GENOME
ko:K00111		0.00019796730199359136	0.0005298316225657502	-1.4157229573527834	KEGG_GENOME
ko:K00112		5.399082437282209e-05	0.00018071708594028554	-1.7244312558255805	KEGG_GENOME
ko:K00113		5.399082437282209e-05	0.00018117197214595232	-1.7280381926121746	KEGG_GENOME
ko:K00114		1.0124701030920454e-05	6.836192583805374e-05	-2.640377390518283	KEGG_GENOME
ko:K00116		0.00014352244700987197	0.00026508069458659235	-0.8805702524446432	KEGG_GENOME
ko:K00117		0.00013945171233503025	0.00014881648404517652	-0.09312215636422501	KEGG_GENOME
ko:K00121		0.00011901859180655658	0.00029719026480729417	-1.3129752501314103	KEGG_GENOME
ko:K00122		6.616329630835272e-07	1.9228112340203825e-06	-0.8147549161374936	KEGG_GENOME
ko:K00123		0.00011774428506380865	0.00020189327710944688	-0.7728629810803297	KEGG_GENOME
ko:K00124		7.595588737200429e-05	0.00014693070686322532	-0.9428179456946025	KEGG_GENOME
ko:K00126		4.3984065108786444e-06	1.4826185183446265e-05	-1.5517080196753885	KEGG_GENOME
ko:K00127		7.187020867038127e-05	0.00014290390123713667	-0.9817046769945458	KEGG_GENOME
ko:K00128		9.732122405192056e-05	0.000326939045744258	-1.7378529032489223	KEGG_GENOME
ko:K00130		7.101240820962556e-05	0.00019723823015389065	-1.4609177935559534	KEGG_GENOME
ko:K00131		8.973874183896634e-06	9.294873670696138e-05	-3.2356478531452812	KEGG_GENOME
ko:K00132		2.0960321572888976e-05	8.816643773912564e-06	1.1615974114767018	KEGG_GENOME
ko:K00133		0.00019452621578085422	0.0004956880706680464	-1.3449780426047457	KEGG_GENOME
ko:K00134		0.00031559196838195567	0.0007388898108527039	-1.2246857750931648	KEGG_GENOME
ko:K00135		0.0002501006725799404	0.0006467990270247354	-1.3672804083365482	KEGG_GENOME
ko:K00137		5.8922410783196496e-05	8.083340796370259e-05	-0.4495942673103316	KEGG_GENOME
ko:K00138		0.00010097586576909792	0.0002903058530414136	-1.5143069334350032	KEGG_GENOME
ko:K00140		8.283149639872943e-05	0.0004901951363400368	-2.550731988667873	KEGG_GENOME
ko:K00141		2.151195081208429e-05	3.462280640271281e-05	-0.6621100965255394	KEGG_GENOME
ko:K00145		0.00013511268287175069	0.00039213898086683875	-1.5302379159554993	KEGG_GENOME
ko:K00146		5.423004712968968e-05	0.0001132617251643545	-1.0488169539009713	KEGG_GENOME
ko:K00147		0.00012809608568937114	0.00035128824842958593	-1.4483110929804375	KEGG_GENOME
ko:K00148		1.0557120718224858e-05	9.074736634710293e-05	-2.98888472832397	KEGG_GENOME
ko:K00150		2.982274866298321e-06	2.996435971149821e-05	-2.9589439060387814	KEGG_GENOME
ko:K00151		3.363364669295142e-05	5.595726950195448e-05	-0.7177056842710459	KEGG_GENOME
ko:K00152		0.0	5.978740793486521e-07	-0.6761537209960984	KEGG_GENOME
ko:K00153		1.380102237973789e-06	4.6661529803094495e-06	-1.2513460072825953	KEGG_GENOME
ko:K00154		3.5869587313502294e-05	0.00017194205795619558	-2.2297855887881033	KEGG_GENOME
ko:K00156		7.69620794660868e-05	0.0002907690082256961	-1.9039821710575004	KEGG_GENOME
ko:K00161		5.352062154942246e-05	7.2986762937948e-05	-0.44046517015844	KEGG_GENOME
ko:K00162		5.2508942729120895e-05	7.2986762937948e-05	-0.46748715615639685	KEGG_GENOME
ko:K00163		0.0001097149232963414	0.0004460755911851613	-2.0136690852562915	KEGG_GENOME
ko:K00164		0.0001591325642255416	0.00032503298269462885	-1.0257511990160475	KEGG_GENOME
ko:K00166		3.088261277215861e-05	0.0003590944772540059	-3.497533705392007	KEGG_GENOME
ko:K00167		3.18500338983142e-05	0.0003519421688464674	-3.4254650464297765	KEGG_GENOME
ko:K00174		1.4731521309847498e-05	0.00018885007827325518	-3.593130495963814	KEGG_GENOME
ko:K00175		1.4731521309847498e-05	0.00018327836474847778	-3.550156603105534	KEGG_GENOME
ko:K00179		4.757658966273345e-06	9.598685310470527e-06	-0.8803310762837326	KEGG_GENOME
ko:K00180		4.757658966273345e-06	4.026971785693116e-06	0.19579274689654227	KEGG_GENOME
ko:K00196		5.846653959938726e-07	6.848564540872233e-07	-0.08844743660151445	KEGG_GENOME
ko:K00198		5.846653959938726e-07	6.848564540872233e-07	-0.08844743660151445	KEGG_GENOME
ko:K00200		8.254668392192318e-06	1.700655549241922e-05	-0.9602690294732951	KEGG_GENOME
ko:K00201		6.2389051234306e-06	1.700655549241922e-05	-1.3146788189550802	KEGG_GENOME
ko:K00202		6.2389051234306e-06	1.700655549241922e-05	-1.3146788189550802	KEGG_GENOME
ko:K00206		1.5085868765010438e-06	1.2841539883886769e-05	-2.464057646048423	KEGG_GENOME
ko:K00207		0.0	9.410241353870245e-07	-0.9568180571482727	KEGG_GENOME
ko:K00208		0.00011571399865005723	0.000322391739636252	-1.4703052207298493	KEGG_GENOME
ko:K00209		6.88221361763598e-05	0.00011748166029008819	-0.7629073611725735	KEGG_GENOME
ko:K00211		1.3839564913910492e-05	1.048026879793413e-06	2.857142238174719	KEGG_GENOME
ko:K00215		0.00015819400999653687	0.0004691960799761386	-1.5624764587733269	KEGG_GENOME
ko:K00216		5.863421785167429e-05	5.231894277338314e-05	0.16149220588962507	KEGG_GENOME
ko:K00217		1.2088098058651451e-06	2.5840698814522795e-05	-3.6030811305876544	KEGG_GENOME
ko:K00219		9.737367725453317e-05	0.00025569919236845983	-1.3837345196928401	KEGG_GENOME
ko:K00220		9.378254544895853e-06	1.7719006035258825e-05	-0.8509400049148076	KEGG_GENOME
ko:K00221		1.380102237973789e-06	9.54743480434631e-06	-2.147796718662936	KEGG_GENOME
ko:K00226		5.896560798597256e-06	0.00015685515391686904	-4.516580461755875	KEGG_GENOME
ko:K00227		6.663741410139145e-06	1.8668150628935755e-05	-1.3597405216120144	KEGG_GENOME
ko:K00228		0.0001434094950824691	0.0002800494528774966	-0.9606584022801568	KEGG_GENOME
ko:K00230		7.773062451682495e-05	6.711397180320986e-05	0.20897416237553332	KEGG_GENOME
ko:K00231		8.007206320592487e-06	0.000348983798671344	-5.280064620203553	KEGG_GENOME
ko:K00232		1.289926074082834e-05	4.6661529803094495e-06	1.294566693813706	KEGG_GENOME
ko:K00233		7.86485041054519e-07	0.0	0.8371238337178565	KEGG_GENOME
ko:K00239		0.0001573723823690307	0.0006216277477137831	-1.9750490984347484	KEGG_GENOME
ko:K00240		0.00015885385793078875	0.0006243171584846681	-1.9678345421395902	KEGG_GENOME
ko:K00241		0.00016530355702538475	0.0006135574360709947	-1.8857288236810015	KEGG_GENOME
ko:K00242		0.00011526409116557676	0.00024941140310982823	-1.1068946795629968	KEGG_GENOME
ko:K00243		6.83265917083257e-05	0.0001567551700560856	-1.1862065465254925	KEGG_GENOME
ko:K00244		6.350647151408633e-05	4.255227185636578e-05	0.5666959266049263	KEGG_GENOME
ko:K00245		6.350647151408633e-05	4.255227185636578e-05	0.5666959266049263	KEGG_GENOME
ko:K00246		6.350647151408633e-05	4.255227185636578e-05	0.5666959266049263	KEGG_GENOME
ko:K00247		6.350647151408633e-05	4.255227185636578e-05	0.5666959266049263	KEGG_GENOME
ko:K00248		9.745456891604627e-06	9.785407368316505e-05	-3.201573592519951	KEGG_GENOME
ko:K00249		6.855255829860536e-05	0.0004057052979851614	-2.5478082979209122	KEGG_GENOME
ko:K00252		4.80809614865165e-05	0.00017421614519186877	-1.8359003008703647	KEGG_GENOME
ko:K00253		3.182078237876106e-05	0.0001644558060184839	-2.3337643830225736	KEGG_GENOME
ko:K00254		0.0001548125747338019	0.00029503279592597566	-0.9259453436603078	KEGG_GENOME
ko:K00255		1.3148844735005316e-05	0.0001159817540680667	-3.0475273609379845	KEGG_GENOME
ko:K00257		0.0	4.478625312831978e-06	-2.4538139400550274	KEGG_GENOME
ko:K00259		9.158603292154823e-05	0.00041845839567629595	-2.1796612458167766	KEGG_GENOME
ko:K00260		6.9871848681794706e-06	3.100245791558832e-05	-2.00242370283985	KEGG_GENOME
ko:K00261		6.279383237046889e-05	6.951616670744035e-05	-0.14453710116698654	KEGG_GENOME
ko:K00262		0.00011645687290798394	0.00035118851276757276	-1.584216719836935	KEGG_GENOME
ko:K00263		5.4933270236266155e-05	0.00015031723309549534	-1.4357977138198117	KEGG_GENOME
ko:K00265		0.000127581680486248	0.0003789067113924	-1.5629600875890264	KEGG_GENOME
ko:K00266		0.00012797624730091734	0.0003788452528593765	-1.5583063926373442	KEGG_GENOME
ko:K00270		1.045438958910067e-06	2.3036773272077454e-05	-3.554760850476138	KEGG_GENOME
ko:K00273		1.4055034138314337e-05	0.0	3.912174074362836	KEGG_GENOME
ko:K00274		1.3501776282167625e-05	0.0002521657665099525	-4.125780806494218	KEGG_GENOME
ko:K00275		0.00017044628058223284	0.0003091893662244834	-0.8553926231206517	KEGG_GENOME
ko:K00276		2.756061314456646e-05	1.3430043269993652e-05	0.9849513258379834	KEGG_GENOME
ko:K00278		0.0001196843196135295	0.0002782551004979695	-1.2103453908529418	KEGG_GENOME
ko:K00281		0.000146959572569655	0.000476061844034389	-1.6889732646185895	KEGG_GENOME
ko:K00282		6.134293699707353e-06	4.216444664652212e-05	-2.5970009797324844	KEGG_GENOME
ko:K00283		6.134293699707353e-06	4.216444664652212e-05	-2.5970009797324844	KEGG_GENOME
ko:K00284		2.015763268761717e-06	2.622079773216045e-06	-0.2642951363189757	KEGG_GENOME
ko:K00285		0.0001163434856884097	0.00038283350002953575	-1.709742878832776	KEGG_GENOME
ko:K00286		0.00018097133407879467	0.0004968649590742324	-1.4520432778961778	KEGG_GENOME
ko:K00287		0.00015378347300077456	0.00046823857864590414	-1.600070194018791	KEGG_GENOME
ko:K00290		4.953358162501788e-06	7.914873947717509e-07	1.7325457990423514	KEGG_GENOME
ko:K00294		3.2645607341337524e-05	6.112525375855769e-05	-0.8847616758990269	KEGG_GENOME
ko:K00297		0.00012020559478800176	0.00022225128354168478	-0.8812121754668715	KEGG_GENOME
ko:K00298		9.67808537361711e-06	0.0	3.416581083709453	KEGG_GENOME
ko:K00299		7.785515793856737e-05	0.0001848063006466498	-1.2365223936769008	KEGG_GENOME
ko:K00300		5.077162695667744e-06	1.655166928675243e-05	-1.5301384266258327	KEGG_GENOME
ko:K00301		3.0613994269060274e-06	4.765470928355518e-05	-3.582530625803236	KEGG_GENOME
ko:K00302		1.3059429090945143e-05	9.087312552951149e-05	-2.7081048977887114	KEGG_GENOME
ko:K00303		1.3059429090945143e-05	9.64448390542889e-05	-2.7930477661173687	KEGG_GENOME
ko:K00304		1.3059429090945143e-05	9.023377817529067e-05	-2.6980300509404684	KEGG_GENOME
ko:K00305		1.3059429090945143e-05	9.087312552951149e-05	-2.7081048977887114	KEGG_GENOME
ko:K00311		3.464842644965609e-05	0.00021724017925126382	-2.614006432968169	KEGG_GENOME
ko:K00313		1.9959524555760146e-05	0.00015188183901478227	-2.8667391413268826	KEGG_GENOME
ko:K00315		2.423378328490826e-05	6.7380351591133295e-06	1.7053173358256386	KEGG_GENOME
ko:K00316		7.948197497254611e-06	6.311470035403992e-05	-2.840986175100899	KEGG_GENOME
ko:K00317		2.7969345448494337e-06	1.2463736004385411e-06	0.7572372424413761	KEGG_GENOME
ko:K00318		3.470272512054916e-05	0.0002572643775924549	-2.8547425645243036	KEGG_GENOME
ko:K00322		9.957564064444317e-05	0.00021598523554557613	-1.1093159522203155	KEGG_GENOME
ko:K00324		0.00012088437729177804	0.0004985090346291584	-2.0349975540430205	KEGG_GENOME
ko:K00325		9.811850897563121e-05	0.00034968470149141303	-1.8229481043346247	KEGG_GENOME
ko:K00330		0.00014990254644495264	0.00045852763651565146	-1.6065344782378317	KEGG_GENOME
ko:K00331		0.00014382805685886596	0.0005910559601007406	-2.0313924273006867	KEGG_GENOME
ko:K00332		6.953536422107393e-05	0.0003775275493898781	-2.42397963787706	KEGG_GENOME
ko:K00333		6.953536422107393e-05	0.0003775275493898781	-2.42397963787706	KEGG_GENOME
ko:K00334		0.00012982640725313162	0.00041650822075329824	-1.6741508269949705	KEGG_GENOME
ko:K00335		0.0001292671394018611	0.0004187891586472253	-1.6881917064006255	KEGG_GENOME
ko:K00336		0.0001292671394018611	0.00041650822075329824	-1.6803314025006653	KEGG_GENOME
ko:K00337		0.00014583851317551195	0.000422640580469397	-1.52861037999089	KEGG_GENOME
ko:K00338		0.0001312775957185071	0.000564948415084924	-2.0971018322549475	KEGG_GENOME
ko:K00339		0.00014298058199497038	0.0004219614958103349	-1.5546520788750062	KEGG_GENOME
ko:K00340		0.0001389452247754782	0.00042159255358960356	-1.594405086114279	KEGG_GENOME
ko:K00341		0.0001498738703950042	0.00042546854089657636	-1.4990963534198518	KEGG_GENOME
ko:K00342		0.00015462405811152255	0.00044015958141796404	-1.503235513227041	KEGG_GENOME
ko:K00343		0.00014267581113156305	0.000422640580469397	-1.5600235974677426	KEGG_GENOME
ko:K00344		0.00019328676106712198	0.0005256072476354354	-1.438539779865383	KEGG_GENOME
ko:K00346		7.779299941741236e-05	0.0001423433269718115	-0.8633353844531325	KEGG_GENOME
ko:K00347		7.850500670836702e-05	0.00014791504049658892	-0.9053718543056009	KEGG_GENOME
ko:K00348		8.504621705634496e-05	0.00014351423025929814	-0.7480278893355752	KEGG_GENOME
ko:K00349		7.682557829125677e-05	0.00014791504049658892	-0.9361731772827576	KEGG_GENOME
ko:K00350		7.779299941741236e-05	0.0001581068519002164	-1.0138566060934378	KEGG_GENOME
ko:K00351		7.697360131448284e-05	0.00014791504049658892	-0.9334318002570037	KEGG_GENOME
ko:K00354		2.5925165293794503e-06	8.73860458984531e-05	-4.620751919857096	KEGG_GENOME
ko:K00355		6.847342915190698e-05	0.0002577101712805651	-1.8968035607421756	KEGG_GENOME
ko:K00359		4.02431322925023e-06	2.4084800151870866e-05	-2.3198151306894648	KEGG_GENOME
ko:K00360		0.0	2.3951263968077757e-06	-1.7634652854135529	KEGG_GENOME
ko:K00361		5.510706655496787e-05	2.4901692526553343e-05	1.1151361135627995	KEGG_GENOME
ko:K00362		8.339696456630325e-05	0.0001428150217058306	-0.768951358624884	KEGG_GENOME
ko:K00363		8.221699014814864e-05	0.0001354450843906751	-0.713370406598563	KEGG_GENOME
ko:K00364		7.833043802312301e-05	7.097871872066e-05	0.14030409349784576	KEGG_GENOME
ko:K00365		5.718218152164403e-06	1.6061474743456797e-05	-1.34459180609267	KEGG_GENOME
ko:K00366		2.6568187252583753e-06	1.8153089703919903e-06	0.3772958498281768	KEGG_GENOME
ko:K00367		1.5023452092008464e-05	7.367899095148313e-07	3.205689841042039	KEGG_GENOME
ko:K00368		1.0546932320541468e-05	0.0002416692528533884	-4.393409798821966	KEGG_GENOME
ko:K00370		8.413053406523115e-05	0.0003386635929673675	-1.9963580041257392	KEGG_GENOME
ko:K00371		8.46853449412997e-05	0.0003399064326572044	-1.992255440880459	KEGG_GENOME
ko:K00372		6.120384856792421e-05	0.00012141081126939233	-0.9766552337147824	KEGG_GENOME
ko:K00373		8.46853449412997e-05	0.00033912929058164444	-1.9889628690905605	KEGG_GENOME
ko:K00374		8.46853449412997e-05	0.0003399064326572044	-1.992255440880459	KEGG_GENOME
ko:K00375		0.0002291877156397696	0.0006420368083372542	-1.4820904781815802	KEGG_GENOME
ko:K00376		1.9746655323977013e-05	7.723140600543234e-05	-1.9148691230325166	KEGG_GENOME
ko:K00380		0.0001395593731592278	0.00023346436725738318	-0.7381890230871597	KEGG_GENOME
ko:K00381		0.00011180071879776149	0.00028992268243663397	-1.366859522741459	KEGG_GENOME
ko:K00382		0.00026202125903096874	0.0008239209654115953	-1.6490764913633296	KEGG_GENOME
ko:K00383		0.00011169015278405626	0.0002684140096618984	-1.257463419767935	KEGG_GENOME
ko:K00384		0.00021696620618105684	0.0005678553560558603	-1.3839573876611608	KEGG_GENOME
ko:K00385		0.0	4.0473048996673115e-06	-2.3355132401833156	KEGG_GENOME
ko:K00387		3.1627020439489074e-06	9.410241353870245e-07	1.1007022404360074	KEGG_GENOME
ko:K00389		7.551230797312047e-05	5.430902539418073e-05	0.4681769218248574	KEGG_GENOME
ko:K00390		0.0001296382870922746	0.0002666529138344949	-1.0347855790490592	KEGG_GENOME
ko:K00392		2.060119115425106e-05	1.8981783740666817e-05	0.11242549322880747	KEGG_GENOME
ko:K00404		7.340203272532936e-05	0.00036109629204630775	-2.2829594607320955	KEGG_GENOME
ko:K00405		6.710152547806164e-05	0.0002831598820752593	-2.060943867927237	KEGG_GENOME
ko:K00406		8.569082350843149e-05	0.00029020116493936866	-1.7480649340823466	KEGG_GENOME
ko:K00407		6.451476455064111e-05	0.00026871752453149904	-2.0415572844644654	KEGG_GENOME
ko:K00411		4.927378055381551e-05	0.0002134352690313656	-2.0926641232659624	KEGG_GENOME
ko:K00412		4.7920992321990904e-05	0.0002088045796419752	-2.1005205964420464	KEGG_GENOME
ko:K00413		4.736172447072036e-05	0.00020786355550658818	-2.110623185366944	KEGG_GENOME
ko:K00424		7.865190132325109e-05	0.0001514377229340033	-0.936439257915024	KEGG_GENOME
ko:K00425		0.00019978143894934847	0.0005370325300368333	-1.4220674954720687	KEGG_GENOME
ko:K00426		0.00019244735610960006	0.0005371296041055363	-1.4760126646446146	KEGG_GENOME
ko:K00427		4.0293311785685284e-05	1.8828207036149e-05	1.0583539015711128	KEGG_GENOME
ko:K00428		0.00019877430735131555	0.00018335883594630355	0.11585448885266748	KEGG_GENOME
ko:K00432		0.0002138079790892914	0.0005060469766337615	-1.2390718319656846	KEGG_GENOME
ko:K00433		7.354608871765858e-05	0.00019310204963018026	-1.3806107880222465	KEGG_GENOME
ko:K00435		5.486940623789883e-06	4.614993426826111e-05	-2.8616456209148646	KEGG_GENOME
ko:K00436		2.015763268761717e-06	1.0155264441603846e-05	-1.887129624298357	KEGG_GENOME
ko:K00441		2.197121399622033e-06	1.5052961927445706e-05	-2.327994081537131	KEGG_GENOME
ko:K00446		2.4217101812817084e-06	2.7136050668878008e-05	-3.0396303642579694	KEGG_GENOME
ko:K00448		3.9755582711945876e-05	0.00010886269392090465	-1.430631974644024	KEGG_GENOME
ko:K00449		5.572440869073255e-05	0.0001358140937845892	-1.2701752857723625	KEGG_GENOME
ko:K00450		1.929570396395082e-05	4.207581166115321e-05	-1.0857035995497089	KEGG_GENOME
ko:K00451		6.546632337807584e-05	0.00016791034439137966	-1.3455622265077924	KEGG_GENOME
ko:K00452		2.9815616390498255e-05	5.389061904653547e-05	-0.8328979609039144	KEGG_GENOME
ko:K00453		4.44587079721718e-05	0.0001707753570364464	-1.9178944961364623	KEGG_GENOME
ko:K00455		3.1427236128387286e-05	6.040735289436271e-05	-0.9212053499612288	KEGG_GENOME
ko:K00457		6.832574889095236e-05	0.0002580448730872485	-1.9017388294606492	KEGG_GENOME
ko:K00459		5.727428704317248e-05	0.00031456480131848014	-2.4370049395318203	KEGG_GENOME
ko:K00463		1.2088098058651451e-06	0.0	1.1432691978021177	KEGG_GENOME
ko:K00464		7.482879172453427e-07	6.81307975050502e-06	-2.159948545288404	KEGG_GENOME
ko:K00466		7.482879172453427e-07	9.406131008849605e-06	-2.573419075349448	KEGG_GENOME
ko:K00467		8.72655175543315e-07	2.850012602474566e-06	-1.0397778972747795	KEGG_GENOME
ko:K00468		0.0	2.9139275213270962e-05	-4.913572818432509	KEGG_GENOME
ko:K00469		1.5680638043147934e-05	1.048026879793413e-06	3.025867918126306	KEGG_GENOME
ko:K00471		0.0	3.503588568679348e-05	-5.171362399099465	KEGG_GENOME
ko:K00472		4.230216988528908e-06	3.333018223415486e-05	-2.7145348089321546	KEGG_GENOME
ko:K00474		9.209697443019601e-07	0.0	0.9418347964166282	KEGG_GENOME
ko:K00476		1.6967564663775912e-06	4.478625312831978e-06	-1.0225886967956204	KEGG_GENOME
ko:K00479		5.519546557832302e-06	9.96749363606043e-05	-3.948789123290885	KEGG_GENOME
ko:K00480		0.0	5.978740793486521e-07	-0.6761537209960984	KEGG_GENOME
ko:K00481		3.933842797423608e-05	0.00010850348902534748	-1.4407500710380128	KEGG_GENOME
ko:K00483		3.19660422247126e-05	5.4265126642418445e-05	-0.7453887062290094	KEGG_GENOME
ko:K00484		3.299574560607244e-05	4.343691076626233e-05	-0.3864043129693663	KEGG_GENOME
ko:K00486		2.8320825735929428e-05	4.9408761055175564e-05	-0.7817487629120189	KEGG_GENOME
ko:K00491		1.045438958910067e-06	2.996435971149821e-05	-3.920126224668333	KEGG_GENOME
ko:K00496		2.2371449506693135e-05	7.043295834501168e-05	-1.6118426573306928	KEGG_GENOME
ko:K00500		6.168261997818072e-05	0.0001746708969568397	-1.48673781550376	KEGG_GENOME
ko:K00505		3.090553435709707e-06	8.924608361963844e-06	-1.2787141254357168	KEGG_GENOME
ko:K00507		6.11985633119736e-05	0.0002523872000752968	-2.026390486289913	KEGG_GENOME
ko:K00511		2.015763268761717e-06	8.738974691055397e-07	0.6864811668063855	KEGG_GENOME
ko:K00518		2.199500340903301e-06	7.367899095148313e-07	0.8814233708659222	KEGG_GENOME
ko:K00520		1.1196179388602269e-05	4.080695998205971e-05	-1.7773138651425446	KEGG_GENOME
ko:K00523		9.945834378948966e-06	0.0001264694127410203	-3.5416972653547614	KEGG_GENOME
ko:K00525		0.00023546332415503115	0.0007246179747378808	-1.6175937576366337	KEGG_GENOME
ko:K00526		0.00021392753493956892	0.0005107202043798638	-1.2515048746557675	KEGG_GENOME
ko:K00528		0.00011724306679974953	0.0003864969588557418	-1.7124293945060542	KEGG_GENOME
ko:K00529		4.630675444846758e-05	5.3520091170855285e-05	-0.20474178871566687	KEGG_GENOME
ko:K00531		0.0	1.4452213684169085e-06	-1.2899650797625928	KEGG_GENOME
ko:K00537		0.0001806024553829782	0.0002813868766008113	-0.6368893346939541	KEGG_GENOME
ko:K00539		0.0	4.548862056667904e-07	-0.540906316748434	KEGG_GENOME
ko:K00547		5.534618643584636e-05	4.737087253596283e-05	0.22017940869939684	KEGG_GENOME
ko:K00548		0.00015173465476133965	0.0002293064587424727	-0.5925274309455993	KEGG_GENOME
ko:K00549		0.00017686884797425158	0.0002581692130264837	-0.5430804906889793	KEGG_GENOME
ko:K00554		0.00015642593233940118	0.0004707782483447864	-1.5834356920859556	KEGG_GENOME
ko:K00556		9.402397838805385e-05	6.999630677367206e-05	0.4205476320124924	KEGG_GENOME
ko:K00557		8.981567570592737e-05	0.00013228186972199369	-0.5534672966523146	KEGG_GENOME
ko:K00558		0.00020690990644248934	0.00037469162525696867	-0.8535904554218928	KEGG_GENOME
ko:K00560		0.00015206433978887427	0.0004682096381938091	-1.616094438888854	KEGG_GENOME
ko:K00561		3.28649092775097e-06	0.0	2.099797089975285	KEGG_GENOME
ko:K00563		9.575284583489422e-05	0.0003530213293678759	-1.8714602819720467	KEGG_GENOME
ko:K00564		0.00010563254887637047	0.0005499783130265623	-2.3693476558266213	KEGG_GENOME
ko:K00566		0.00015866471433601716	0.00047273231130286024	-1.5690265609596252	KEGG_GENOME
ko:K00567		0.0001516657785761237	0.00048398135988609177	-1.6675525936618887	KEGG_GENOME
ko:K00568		0.00010598735156705491	0.0002479318639210983	-1.2183106647632616	KEGG_GENOME
ko:K00569		1.4103998176775222e-05	8.873267660359827e-05	-2.57070294978685	KEGG_GENOME
ko:K00570		1.1081877278283063e-05	2.4483497298101315e-05	-1.0767186458372278	KEGG_GENOME
ko:K00571		1.0861078073736873e-05	6.654602275131675e-05	-2.5096356783307567	KEGG_GENOME
ko:K00573		0.0001483973272164979	0.0002968357752880786	-0.9953627193339979	KEGG_GENOME
ko:K00574		0.0001515875825905014	0.00027149512182789886	-0.8365928411673778	KEGG_GENOME
ko:K00575		0.00011100894435746227	0.00043933588478492735	-1.974990478435738	KEGG_GENOME
ko:K00594		4.882832083387759e-06	2.2710265835016734e-06	0.8467673730813285	KEGG_GENOME
ko:K00595		7.961178531705752e-06	0.0002504562950328696	-4.810475379336112	KEGG_GENOME
ko:K00596		0.0	4.026971785693116e-06	-2.3296895918073295	KEGG_GENOME
ko:K00598		3.558781261745368e-05	8.898745656760049e-05	-1.2983607493849951	KEGG_GENOME
ko:K00600		0.00017158906543561695	0.0006128807984331181	-1.8306174805840978	KEGG_GENOME
ko:K00602		0.00015666732101911074	0.0004707782483447864	-1.5812252333372527	KEGG_GENOME
ko:K00603		3.8127773795543623e-06	0.0	2.266869691359937	KEGG_GENOME
ko:K00604		0.00017061097760384566	0.0005046594352874028	-1.5590242060322175	KEGG_GENOME
ko:K00605		0.00015555952281041008	0.0005403691291713243	-1.789901358416556	KEGG_GENOME
ko:K00606		0.00018617098394250133	0.00040636986920970954	-1.1219824770372275	KEGG_GENOME
ko:K00609		0.00015497792342000796	0.0004792928790910253	-1.6225725696450208	KEGG_GENOME
ko:K00610		7.242883795236974e-05	4.3236349156857456e-05	0.7311144444903661	KEGG_GENOME
ko:K00611		0.00013387536976088363	0.0005284090332847468	-1.9727558968222005	KEGG_GENOME
ko:K00612		3.7202424219133536e-05	0.00011702316002171092	-1.6273338958594048	KEGG_GENOME
ko:K00613		3.786090004272006e-06	0.0001459263382550905	-4.940101701149378	KEGG_GENOME
ko:K00615		0.00046595317409892887	0.0006987077960195568	-0.5834746817593014	KEGG_GENOME
ko:K00616		0.00022966524364149648	0.00044293951036344134	-0.9445624765517323	KEGG_GENOME
ko:K00619		6.716995648508877e-06	3.527402400134312e-05	-2.232825599926947	KEGG_GENOME
ko:K00620		2.6073506999211273e-05	0.00032394127288966427	-3.585225315317096	KEGG_GENOME
ko:K00625		1.2283625393904243e-05	8.228630491469892e-05	-2.648430343562483	KEGG_GENOME
ko:K00626		0.00028255536561848366	0.0008730226446635203	-1.6240402021819569	KEGG_GENOME
ko:K00627		0.00018617637921915348	0.000530032626470977	-1.504402117401405	KEGG_GENOME
ko:K00631		9.072271602483238e-05	0.00020271378119989151	-1.151192600983647	KEGG_GENOME
ko:K00632		0.00022427785718625472	0.0004983718270110551	-1.1484089148171104	KEGG_GENOME
ko:K00633		4.883039958818131e-06	1.2111125408967499e-06	1.4117893782528586	KEGG_GENOME
ko:K00634		1.045438958910067e-06	3.056883001115227e-05	-3.9480184038701602	KEGG_GENOME
ko:K00635		3.6070219519710827e-06	0.00012335979779624288	-4.754541893559903	KEGG_GENOME
ko:K00638		1.8213542101669476e-05	0.00011237165244920485	-2.560864536733026	KEGG_GENOME
ko:K00639		0.00016049958909785067	0.00034991787679743494	-1.1196029504903706	KEGG_GENOME
ko:K00640		0.00024114995987229804	0.0006355613678214705	-1.3943988402605696	KEGG_GENOME
ko:K00641		4.536389201301121e-05	0.00023336712236948895	-2.3376966154812697	KEGG_GENOME
ko:K00643		1.297513848125245e-05	2.916638520111121e-05	-1.110079251592183	KEGG_GENOME
ko:K00645		0.00015934034250739853	0.00047341260513262065	-1.565004881638552	KEGG_GENOME
ko:K00646		0.0	2.7760042195264137e-05	-4.845993887314561	KEGG_GENOME
ko:K00647		0.00023699087312613502	0.000425217994570141	-0.8406852560935014	KEGG_GENOME
ko:K00648		0.0002912359355275507	0.0005375919253815447	-0.8820590073105896	KEGG_GENOME
ko:K00651		9.34657653066825e-05	4.5040875374316005e-05	1.0368763231205949	KEGG_GENOME
ko:K00652		0.00013943551272875099	0.0004599084659654008	-1.7145724630386996	KEGG_GENOME
ko:K00654		1.4089988403827619e-05	4.776315836902992e-06	1.385370164149755	KEGG_GENOME
ko:K00655		0.0002042119669860962	0.0008244586886023581	-2.008081150456454	KEGG_GENOME
ko:K00656		9.79776522646691e-05	8.474205478728426e-05	0.2070998306954319	KEGG_GENOME
ko:K00657		9.60266679419385e-05	0.0001353704767601193	-0.49107811087406306	KEGG_GENOME
ko:K00658		0.00019969234870669583	0.00037017516765747524	-0.8871145788451512	KEGG_GENOME
ko:K00661		5.584832743881608e-05	0.00012455126052858683	-1.1430867046204247	KEGG_GENOME
ko:K00662		1.175218331887452e-05	4.0156171115125656e-05	-1.690364496091551	KEGG_GENOME
ko:K00663		2.9158505421451453e-06	4.445983049131866e-06	-0.4758667898692316	KEGG_GENOME
ko:K00666		4.308462284630075e-05	0.00023692579676100388	-2.4321642800698116	KEGG_GENOME
ko:K00672		6.2389051234306e-06	1.8754737796529726e-05	-1.448355284779591	KEGG_GENOME
ko:K00673		0.00011584351220943294	0.00026419490904898944	-1.182475450247095	KEGG_GENOME
ko:K00674		0.0001633786639979304	0.00045523961788072084	-1.4727686770909063	KEGG_GENOME
ko:K00675		5.2322604573844436e-05	7.692248176544692e-05	-0.547292375342467	KEGG_GENOME
ko:K00677		0.00015409487454733764	0.00030257679006119966	-0.9689104837197409	KEGG_GENOME
ko:K00680		2.813833885296959e-06	5.675932626679722e-07	1.2826907297061783	KEGG_GENOME
ko:K00681		0.0001794173765831455	0.00037682050346929033	-1.0663626997397884	KEGG_GENOME
ko:K00684		0.00014643374039786114	0.0004247524138898313	-1.5299479847780935	KEGG_GENOME
ko:K00688		0.0001803180149170665	0.00036118001179680134	-0.9981846564920424	KEGG_GENOME
ko:K00690		1.2018754004604846e-05	4.108390914251931e-06	1.3496505429418828	KEGG_GENOME
ko:K00691		1.6605133912259412e-05	3.1012386591291627e-05	-0.8626340358620401	KEGG_GENOME
ko:K00692		5.09133701306792e-06	1.9979764856359437e-05	-1.7841676769343866	KEGG_GENOME
ko:K00693		1.7217736182263243e-05	0.0	4.187271789398472	KEGG_GENOME
ko:K00694		8.885302332563865e-05	6.488904816016978e-05	0.4475283619730841	KEGG_GENOME
ko:K00696		5.241216805592806e-06	1.2849424024568099e-05	-1.149926744538588	KEGG_GENOME
ko:K00697		5.90577941717458e-05	0.00020486365113304715	-1.7772657260797267	KEGG_GENOME
ko:K00700		0.00012014671126989742	0.00031124340821983755	-1.3659158744245208	KEGG_GENOME
ko:K00702		7.377155604867742e-07	0.0	0.7971919526595865	KEGG_GENOME
ko:K00703		0.00013798355346110306	0.00020354950133598713	-0.5575358475741183	KEGG_GENOME
ko:K00705		9.674359334892226e-05	0.0002792829046254361	-1.51980970385905	KEGG_GENOME
ko:K00713		2.4806324620525248e-06	1.952213712739561e-06	0.2375523176436473	KEGG_GENOME
ko:K00721		6.697912451811472e-05	0.0002591775213424526	-1.9363326352670298	KEGG_GENOME
ko:K00728		5.438984788020225e-06	0.00014697398759583639	-4.522366534361411	KEGG_GENOME
ko:K00729		0.0	8.742848350049659e-07	-0.9063402159763106	KEGG_GENOME
ko:K00737		1.8442422793924645e-06	4.116042167938958e-06	-0.8469837929672163	KEGG_GENOME
ko:K00748		0.00014805201507950435	0.00029383990103745174	-0.9841158996018671	KEGG_GENOME
ko:K00754		4.311602443441217e-05	0.00024178362012244086	-2.460296398800543	KEGG_GENOME
ko:K00756		6.013227075593275e-06	4.456196604017682e-05	-2.6996796562564738	KEGG_GENOME
ko:K00757		0.00011874564199332177	8.801600827100506e-05	0.42783643883221506	KEGG_GENOME
ko:K00758		7.136158898202741e-05	0.00027842009518661497	-1.9491397860190236	KEGG_GENOME
ko:K00759		0.00011184089930971457	0.0004050553076692116	-1.847386177342474	KEGG_GENOME
ko:K00760		0.00014278439718180662	0.0005013365215124037	-1.8047470378098804	KEGG_GENOME
ko:K00761		0.0001482390181434852	0.00046852226981048534	-1.6535688139801452	KEGG_GENOME
ko:K00762		0.00015819400999653687	0.0004731733747415942	-1.5746286039575659	KEGG_GENOME
ko:K00763		9.99407292325457e-05	0.00045292007739196436	-2.1689298873595684	KEGG_GENOME
ko:K00764		0.00015498187512351865	0.0004707782483447864	-1.596730504006567	KEGG_GENOME
ko:K00765		0.00015572835345548913	0.0004707782483447864	-1.5898427047927985	KEGG_GENOME
ko:K00766		0.00010217183304056603	0.00030268308020913267	-1.5575173764702437	KEGG_GENOME
ko:K00767		0.00014667602233027193	0.00032426205774730257	-1.1391669404222577	KEGG_GENOME
ko:K00768		0.00011268402345870151	0.00046037315126985643	-2.020904531705894	KEGG_GENOME
ko:K00769		7.529735971587813e-05	4.7599922131655535e-05	0.6506791308962845	KEGG_GENOME
ko:K00772		8.342121251366755e-06	6.85160399059272e-06	0.25076276020839233	KEGG_GENOME
ko:K00773		0.00015528721878113694	0.0004683831219479787	-1.5865661673475517	KEGG_GENOME
ko:K00782		4.654253830348947e-05	0.0002485471203683025	-2.3920214198949106	KEGG_GENOME
ko:K00783		0.00013078772962631137	0.00030826563028488424	-1.2306304594078528	KEGG_GENOME
ko:K00784		0.00010438604361744214	0.00013234469338119405	-0.33947659014688325	KEGG_GENOME
ko:K00785		7.253217638932594e-06	2.2588164633118788e-06	1.3406085833063135	KEGG_GENOME
ko:K00788		0.0001635445237291393	0.0006450506405417762	-1.973169242333355	KEGG_GENOME
ko:K00789		0.0001719926069938358	0.0006278041940280158	-1.8619004559711276	KEGG_GENOME
ko:K00790		0.00015617804952854092	0.0004930467177004981	-1.6522477171907255	KEGG_GENOME
ko:K00791		0.00016325528978914083	0.00047151503825430124	-1.5244204124196081	KEGG_GENOME
ko:K00793		0.00017712424787320554	0.00048397687706280563	-1.4450320410808721	KEGG_GENOME
ko:K00794		0.00016338981721360931	0.0004986785398477811	-1.6038793216239837	KEGG_GENOME
ko:K00795		0.00010231168885373679	0.00016035293645805742	-0.6432163413165431	KEGG_GENOME
ko:K00796		0.00015155325443151732	0.0004743503339248127	-1.639678216527681	KEGG_GENOME
ko:K00797		0.0001264793634490932	0.00024017204606504474	-0.9197989756975345	KEGG_GENOME
ko:K00798		6.806662037822046e-05	0.00038567245762656744	-2.4850514706438096	KEGG_GENOME
ko:K00799		0.000534588416412694	0.0014372854121320843	-1.4251533275369397	KEGG_GENOME
ko:K00800		0.00015302770047036042	0.00034861685369214383	-1.1825849035932232	KEGG_GENOME
ko:K00801		1.045438958910067e-06	2.906179951663496e-05	-3.8774489830959644	KEGG_GENOME
ko:K00803		4.259695984771985e-06	7.797958747685053e-05	-3.908428514438473	KEGG_GENOME
ko:K00805		1.045438958910067e-06	2.996435971149821e-05	-3.920126224668333	KEGG_GENOME
ko:K00806		0.00015763474214526633	0.00033027780880960677	-1.062332799151199	KEGG_GENOME
ko:K00808		2.8543397688261076e-06	1.2943591722033523e-05	-1.8550465728858927	KEGG_GENOME
ko:K00809		3.1055452213230315e-05	5.438650173073567e-05	-0.7889646579791697	KEGG_GENOME
ko:K00812		0.0001718325361077872	0.00025110102349611195	-0.5446271417496804	KEGG_GENOME
ko:K00813		0.0001013219550613856	0.00012191340942121096	-0.26452658214759905	KEGG_GENOME
ko:K00817		0.00023130036297589233	0.0007937021761958456	-1.7744228866797584	KEGG_GENOME
ko:K00819		4.624054428966588e-05	0.00013213318054883426	-1.4947726842249223	KEGG_GENOME
ko:K00820		0.0001730242072832721	0.0005755763902336004	-1.7282237590832294	KEGG_GENOME
ko:K00821		0.00016442079889762926	0.00034884186297635646	-1.0805622955095857	KEGG_GENOME
ko:K00822		2.5406477481503165e-05	0.00018026028708980761	-2.7790991052162024	KEGG_GENOME
ko:K00823		6.761208451325863e-05	4.3237189694938915e-05	0.6332029610605518	KEGG_GENOME
ko:K00824		4.92155030656481e-05	4.232565809698523e-05	0.21291117371282228	KEGG_GENOME
ko:K00826		0.0002382231641126226	0.000563072226083928	-1.2375228096795647	KEGG_GENOME
ko:K00827		0.0	9.410241353870245e-07	-0.9568180571482727	KEGG_GENOME
ko:K00830		1.6791054778175528e-05	1.528252059672154e-05	0.127827994568841	KEGG_GENOME
ko:K00831		0.0001633449243665522	0.0004801728930228414	-1.5498284694011333	KEGG_GENOME
ko:K00832		0.00010817955519888426	0.0002850386729687574	-1.389507490663089	KEGG_GENOME
ko:K00833		0.00013302934067945703	0.00043045537900340824	-1.6866625049597133	KEGG_GENOME
ko:K00835		7.387215346155485e-05	0.00010654752357914301	-0.5224731504897161	KEGG_GENOME
ko:K00836		6.676336763108802e-05	0.0001984279155828068	-1.5572898908131725	KEGG_GENOME
ko:K00839		4.571049967235919e-05	2.3771677840138125e-05	0.9150552892458566	KEGG_GENOME
ko:K00840		6.87169502551169e-05	0.0001366651580189767	-0.9815821050347536	KEGG_GENOME
ko:K00845		0.00010015585660776406	0.0002114087876062049	-1.0702636035546953	KEGG_GENOME
ko:K00846		1.3071622031434636e-06	0.0	1.2061194350761926	KEGG_GENOME
ko:K00847		0.00021067813094219652	0.0002806031579437295	-0.41179128448553254	KEGG_GENOME
ko:K00848		6.382780083570569e-05	4.398445582582593e-05	0.5271860621234332	KEGG_GENOME
ko:K00849		0.00011198306802328644	0.00035911368280200785	-1.672345834605948	KEGG_GENOME
ko:K00850		0.00014990263891313056	0.00025336108811998577	-0.7532599503527707	KEGG_GENOME
ko:K00851		0.00010890924593262433	0.0003115709928845395	-1.507871144301363	KEGG_GENOME
ko:K00852		0.00013261945825812882	0.00034594496192724266	-1.3765767023583104	KEGG_GENOME
ko:K00853		6.692295888612955e-05	0.00016640729626207266	-1.3013911949178831	KEGG_GENOME
ko:K00854		0.00012474626381553467	0.00014524912397127716	-0.21791244783255373	KEGG_GENOME
ko:K00856		4.5302939283491864e-06	4.27658060535521e-05	-2.984376076359822	KEGG_GENOME
ko:K00857		0.00013753109262255953	0.00030438299424039565	-1.140409907074184	KEGG_GENOME
ko:K00858		0.00015868018110417638	0.0004998687105871792	-1.6492472267879361	KEGG_GENOME
ko:K00859		0.00015763474214526633	0.0004707782483447864	-1.5724001374824361	KEGG_GENOME
ko:K00860		0.0001059331868034452	0.00016068755732968364	-0.596498996290725	KEGG_GENOME
ko:K00862		4.517407077145827e-06	4.363572974798077e-06	0.04079604670207273	KEGG_GENOME
ko:K00864		0.000170683418139199	0.0004775888176047501	-1.4790359832968696	KEGG_GENOME
ko:K00865		0.00013537186492254235	0.0003258687920046718	-1.261165610946941	KEGG_GENOME
ko:K00867		7.086002459800471e-05	0.0001937824223327201	-1.438602156485788	KEGG_GENOME
ko:K00868		0.00010765474313242444	0.0004672569920847403	-2.107549382953361	KEGG_GENOME
ko:K00869		2.497268419701268e-05	3.09867646363716e-05	-0.3004799558166773	KEGG_GENOME
ko:K00872		0.00010765679461239842	0.00019771884676611368	-0.8709503131548347	KEGG_GENOME
ko:K00873		0.00023270209206734243	0.0005794715399831687	-1.3125546857605495	KEGG_GENOME
ko:K00874		0.0001741640538333118	0.0004299909682019404	-1.2989508930002398	KEGG_GENOME
ko:K00875		2.2699920010170898e-05	1.585970546875917e-05	0.49130285659137807	KEGG_GENOME
ko:K00876		0.00013827333046314582	0.00016208333632991028	-0.22769035482566377	KEGG_GENOME
ko:K00878		6.607776995420524e-05	0.00021692292969404582	-1.6999113723353294	KEGG_GENOME
ko:K00879		2.714575845769482e-05	9.360847846191803e-06	1.4417754596489096	KEGG_GENOME
ko:K00880		1.6165749504661336e-05	1.2779658460393517e-05	0.3169927206122454	KEGG_GENOME
ko:K00881		1.2967580440387105e-05	2.382015828383365e-06	2.046126811985891	KEGG_GENOME
ko:K00882		7.553764556243034e-05	0.00015837313424793065	-1.058167025833021	KEGG_GENOME
ko:K00883		9.714260301147287e-05	0.00011353785881350064	-0.22287309762561588	KEGG_GENOME
ko:K00885		2.332973413722172e-05	4.15448224994713e-06	2.2388211291178752	KEGG_GENOME
ko:K00886		1.5028224245869094e-05	0.00016357990867211725	-3.360101723016906	KEGG_GENOME
ko:K00887		2.765568998348919e-06	3.077172221160922e-05	-3.0768035089096015	KEGG_GENOME
ko:K00891		0.00021871850907628147	0.00047532595399323724	-1.116292752804458	KEGG_GENOME
ko:K00892		7.212061798127849e-05	3.219548825265553e-05	1.139291091673726	KEGG_GENOME
ko:K00895		0.0	0.0001479870264185232	-7.21904289806916	KEGG_GENOME
ko:K00899		7.141705599114627e-05	4.681035763990452e-05	0.5990063297212023	KEGG_GENOME
ko:K00901		0.00013436380770844787	0.00021684308960805593	-0.6864472926341373	KEGG_GENOME
ko:K00903		1.5939506830915908e-05	0.0001420540680933465	-3.078096746388924	KEGG_GENOME
ko:K00906		7.637722869265705e-05	0.00013142423172692304	-0.7751861747979097	KEGG_GENOME
ko:K00912		0.00014805201507950435	0.00029324202695810305	-0.9811874435602748	KEGG_GENOME
ko:K00917		0.0	6.9275864394207585e-06	-2.9868817030189656	KEGG_GENOME
ko:K00919		0.0001339692201513971	0.00044066538117752024	-1.7103233178913497	KEGG_GENOME
ko:K00925		0.00011716964718724142	0.00027482157581869244	-1.2228757989752999	KEGG_GENOME
ko:K00926		3.946193636455879e-05	0.0002689771331794382	-2.7381999485559163	KEGG_GENOME
ko:K00927		0.00015763474214526633	0.00048191852842256776	-1.6060710511139624	KEGG_GENOME
ko:K00928		0.0001877902917888799	0.0004960268511270553	-1.3965392147859363	KEGG_GENOME
ko:K00929		1.045438958910067e-06	3.056883001115227e-05	-3.9480184038701602	KEGG_GENOME
ko:K00930		0.00013295830938048374	0.00043316152399750613	-1.696447804208655	KEGG_GENOME
ko:K00931		0.00015354259173545802	0.00034629589996233257	-1.1681608811457591	KEGG_GENOME
ko:K00932		2.9960870246730754e-05	1.2337947933375774e-05	1.2149093008194658	KEGG_GENOME
ko:K00936		2.227577101869326e-06	0.0001537870673463414	-5.583689567594721	KEGG_GENOME
ko:K00937		0.0001532574260277869	0.0004776597180900079	-1.6336604571664868	KEGG_GENOME
ko:K00939		0.00016764468549684898	0.000484874045969793	-1.5265955143901233	KEGG_GENOME
ko:K00940		0.0001525206755576729	0.00047634996186956386	-1.6366143789326482	KEGG_GENOME
ko:K00941		0.00010983234901274405	0.00044832933138850444	-2.01939421426772	KEGG_GENOME
ko:K00942		0.00015961914866779794	0.0004938150216168639	-1.6232454002870549	KEGG_GENOME
ko:K00943		0.00011773659062719552	0.000440037507585419	-1.8931367599009752	KEGG_GENOME
ko:K00945		0.00015496000988060018	0.00046850722176128474	-1.5899711977261095	KEGG_GENOME
ko:K00946		0.00014917028848280672	0.00044002240123851635	-1.5542525369774984	KEGG_GENOME
ko:K00947		0.0	1.3697129081744467e-06	-1.244712286532225	KEGG_GENOME
ko:K00948		0.0001695464580273441	0.0005106950979133929	-1.585119619429541	KEGG_GENOME
ko:K00949		4.538373091019021e-05	6.086871427353602e-05	-0.4155911839455535	KEGG_GENOME
ko:K00950		0.00015411478639842347	0.0005969857154768143	-1.9467748035296437	KEGG_GENOME
ko:K00951		9.692301939549681e-05	0.0002353658497216748	-1.2713016607008913	KEGG_GENOME
ko:K00954		0.00015763474214526633	0.0004707782483447864	-1.5724001374824361	KEGG_GENOME
ko:K00955		1.3734806040364888e-05	0.0001167229192889933	-2.998095248759997	KEGG_GENOME
ko:K00956		0.00011279519854759542	0.00014968460408671189	-0.40509233370372394	KEGG_GENOME
ko:K00957		0.00012781835225630873	0.00027450085591863073	-1.0967186576084516	KEGG_GENOME
ko:K00958		6.701799628142899e-06	7.914873947717509e-07	2.1040376976026702	KEGG_GENOME
ko:K00962		0.00015497792342000796	0.00047634996186956386	-1.6137054946459226	KEGG_GENOME
ko:K00963		0.00018829866910802356	0.000499824740555636	-1.4036415646297469	KEGG_GENOME
ko:K00965		8.694583410705669e-05	8.444656398822281e-05	0.04159276168052299	KEGG_GENOME
ko:K00966		1.7157090434009272e-06	3.2690238659133154e-06	-0.6525773080839404	KEGG_GENOME
ko:K00968		0.0	4.453473706899962e-06	-2.4471754781992945	KEGG_GENOME
ko:K00969		0.00015829637510834986	0.00047915101602584876	-1.5917747926480443	KEGG_GENOME
ko:K00970		0.00010351134356439828	0.0002471403765263265	-1.2474969649889267	KEGG_GENOME
ko:K00971		0.00010990830232444702	0.00023223326511373021	-1.072406202783491	KEGG_GENOME
ko:K00972		5.718218152164403e-06	0.00015784646507959255	-4.563410531754832	KEGG_GENOME
ko:K00973		0.00017669232630292223	0.0004241157704631235	-1.2584743999472732	KEGG_GENOME
ko:K00974		0.00016011737748184037	0.00045960159561948333	-1.5154073031280417	KEGG_GENOME
ko:K00975		0.00010034316965469704	0.00030829196942867485	-1.6097205181849865	KEGG_GENOME
ko:K00978		2.2205793378346515e-05	5.603391385569779e-05	-1.2973350162365065	KEGG_GENOME
ko:K00979		0.00014866998850907623	0.00029240906628845914	-0.9711284863055424	KEGG_GENOME
ko:K00980		1.8872344096885522e-05	2.655417345601767e-05	-0.4715087915427947	KEGG_GENOME
ko:K00981		0.00017377866190226114	0.0005691820520162099	-1.7058935652148228	KEGG_GENOME
ko:K00982		0.00010684940403937483	0.00040965299458622863	-1.9289016142231272	KEGG_GENOME
ko:K00984		2.3153677066215835e-06	1.506632287126193e-05	-2.2767989812584415	KEGG_GENOME
ko:K00986		0.00010023336920110534	0.0002283819457388119	-1.1800669248171474	KEGG_GENOME
ko:K00988		0.0	6.025026244557509e-06	-2.8125036150591503	KEGG_GENOME
ko:K00989		0.00011356149160322372	0.0004396173542977268	-1.9434041367264248	KEGG_GENOME
ko:K00990		0.00010739214109423384	0.0002633259510830894	-1.286057914573398	KEGG_GENOME
ko:K00991		0.0001223765538931079	0.0004340307816192205	-1.8180492306952234	KEGG_GENOME
ko:K00992		3.790170888626425e-05	0.00021433038888798132	-2.468646499934143	KEGG_GENOME
ko:K00995		0.00011539052794221958	0.00044643043404823187	-1.94268973723964	KEGG_GENOME
ko:K00996		8.988002933155774e-06	2.953018436460894e-06	1.3372415611887345	KEGG_GENOME
ko:K00997		9.577895495357374e-05	0.00027204371612336094	-1.496366688970123	KEGG_GENOME
ko:K00998		8.28034359565567e-05	6.160453189612516e-05	0.4207422993304552	KEGG_GENOME
ko:K01000		0.0001545733427183603	0.0004608113314054982	-1.5697086951110357	KEGG_GENOME
ko:K01002		4.7701597717069744e-05	1.8935840597136915e-05	1.2886046644773	KEGG_GENOME
ko:K01003		3.918258317142125e-06	8.349463694909617e-05	-4.102640358059752	KEGG_GENOME
ko:K01004		8.742349807793468e-06	6.883544690070064e-05	-2.841617811388439	KEGG_GENOME
ko:K01005		1.0085411133014764e-05	0.0003162765739907212	-4.83900682165338	KEGG_GENOME
ko:K01006		1.666982895395696e-05	0.00017210310065579064	-3.2922715871546258	KEGG_GENOME
ko:K01007		0.0001091795606534583	0.00024195706218459683	-1.1408447535740307	KEGG_GENOME
ko:K01008		7.674221643898485e-05	0.00015867152016679534	-1.0383368644236213	KEGG_GENOME
ko:K01009		7.377155604867742e-07	1.1430795113903823e-05	-2.838654721015508	KEGG_GENOME
ko:K01011		0.00012716004417899688	0.00031336767920896625	-1.294506348579616	KEGG_GENOME
ko:K01012		0.00013898428807055082	0.00043330539160588285	-1.6334449557724586	KEGG_GENOME
ko:K01017		0.0	9.410241353870245e-07	-0.9568180571482727	KEGG_GENOME
ko:K01021		0.0	1.013038822686802e-06	-1.0093749957851508	KEGG_GENOME
ko:K01023		2.9239455817136534e-06	1.3711426711266121e-06	0.7267225619590751	KEGG_GENOME
ko:K01025		4.441501664879816e-06	1.2849424024568099e-05	-1.34774923303662	KEGG_GENOME
ko:K01026		4.623650478393195e-06	4.208822959685758e-05	-2.9377149866107373	KEGG_GENOME
ko:K01027		7.1980592634411296e-06	0.0	3.035282419194891	KEGG_GENOME
ko:K01028		8.711667563879704e-05	0.0002739949388271353	-1.6419180937567726	KEGG_GENOME
ko:K01029		8.753988737059237e-05	0.0002717548632021822	-1.6232054766079207	KEGG_GENOME
ko:K01031		2.8927856316092094e-05	2.9292161840654695e-05	-0.0174555970429191	KEGG_GENOME
ko:K01032		2.7676392102962733e-05	2.804932215081777e-05	-0.01864097561606116	KEGG_GENOME
ko:K01034		2.1791184223411298e-05	1.842118310077995e-05	0.23084479895641705	KEGG_GENOME
ko:K01035		2.1791184223411298e-05	1.7660818186450262e-05	0.2884636458094125	KEGG_GENOME
ko:K01039		7.045547821273378e-06	8.278890705849072e-05	-3.380496693467516	KEGG_GENOME
ko:K01040		7.045547821273378e-06	8.278890705849072e-05	-3.380496693467516	KEGG_GENOME
ko:K01041		1.0970145297007334e-05	0.00014369148631249311	-3.595467466446862	KEGG_GENOME
ko:K01042		0.0001178119236830679	0.00015499453132358882	-0.3928158247754297	KEGG_GENOME
ko:K01045		1.2840787417566017e-05	0.0	3.790854116698904	KEGG_GENOME
ko:K01046		1.5662927322177597e-05	0.00016345180607506626	-3.3029510735730034	KEGG_GENOME
ko:K01048		9.214600048069886e-05	8.217304407742471e-05	0.16337778915205028	KEGG_GENOME
ko:K01051		6.737454268190195e-05	3.1220628631790526e-05	1.0854746369504944	KEGG_GENOME
ko:K01053		7.674780518152917e-05	0.00014670195612136278	-0.9258150791708499	KEGG_GENOME
ko:K01054		8.343094754195741e-07	4.548862056667904e-07	0.3343307469321713	KEGG_GENOME
ko:K01055		6.0224235099169805e-05	0.00025140545786902515	-2.0435683568555993	KEGG_GENOME
ko:K01056		0.00015763474214526633	0.0004707782483447864	-1.5724001374824361	KEGG_GENOME
ko:K01057		5.0288600348062804e-05	0.0002769005860235484	-2.437858770618161	KEGG_GENOME
ko:K01058		8.619483429494566e-05	0.00010593619379882007	-0.29443565992325504	KEGG_GENOME
ko:K01060		2.7490374746842874e-05	7.78107497625916e-06	1.6980051282812396	KEGG_GENOME
ko:K01061		6.215111310731547e-05	7.219460855941181e-05	-0.21292922165810974	KEGG_GENOME
ko:K01066		8.330372666442915e-06	3.3533504108849036e-06	1.0998085546825658	KEGG_GENOME
ko:K01069		0.00023182609826353378	0.0005668057833146582	-1.2861447596574984	KEGG_GENOME
ko:K01070		0.00010085931814224823	0.00024836741332859286	-1.2916949851103572	KEGG_GENOME
ko:K01073		6.484749455178547e-05	7.171503061883135e-05	-0.14312506035565756	KEGG_GENOME
ko:K01075		1.4178216570806002e-05	0.00010491291313109527	-2.8028043063224275	KEGG_GENOME
ko:K01077		0.0001397326546334363	0.00023815981683524042	-0.7650178906848066	KEGG_GENOME
ko:K01079		0.0001059735553451227	0.00038172871197742213	-1.8390679389957665	KEGG_GENOME
ko:K01081		4.654526796688658e-05	0.0003729666180826539	-2.975535828129716	KEGG_GENOME
ko:K01082		0.00012886424211404834	0.00016170787845878537	-0.32527986729021824	KEGG_GENOME
ko:K01083		1.761082805382423e-05	7.005902312636203e-05	-1.9328756087340366	KEGG_GENOME
ko:K01085		4.5864618644438954e-05	1.9779468883411635e-05	1.173340363110152	KEGG_GENOME
ko:K01086		0.0	1.1140280077781437e-05	-3.601729800020115	KEGG_GENOME
ko:K01087		4.86156729333931e-05	0.00020067881554176187	-2.0231917244375337	KEGG_GENOME
ko:K01089		0.00013213758626640863	9.963231937322593e-05	0.4038241983275831	KEGG_GENOME
ko:K01091		0.00016159167841820526	0.0005971236496493768	-1.8791903415789584	KEGG_GENOME
ko:K01092		0.00019401641136737087	0.00041627862153087995	-1.097415471465038	KEGG_GENOME
ko:K01093		2.4265360037189334e-05	6.017328452128092e-06	1.8481669431445722	KEGG_GENOME
ko:K01094		1.045438958910067e-06	2.996435971149821e-05	-3.920126224668333	KEGG_GENOME
ko:K01095		9.574750506990127e-05	0.00018701758213804576	-0.9585712167868641	KEGG_GENOME
ko:K01096		6.665153355438944e-05	4.185603996911385e-05	0.6586240915301163	KEGG_GENOME
ko:K01104		6.232550114196153e-05	8.061367136835491e-05	-0.3660242538171549	KEGG_GENOME
ko:K01113		8.023040076463394e-05	0.0002153312047962422	-1.413150115230708	KEGG_GENOME
ko:K01114		2.110219767673339e-05	0.00012230775539653297	-2.4800018077415578	KEGG_GENOME
ko:K01115		0.0	5.570140038890719e-06	-2.7159241211199094	KEGG_GENOME
ko:K01118		0.00015454514844456395	0.00044405178480379925	-1.516639816264502	KEGG_GENOME
ko:K01119		7.434771940594585e-05	0.00026456205680727333	-1.817413280156194	KEGG_GENOME
ko:K01120		4.595496334578201e-06	2.012244379958977e-06	0.8934272885861962	KEGG_GENOME
ko:K01126		0.00025436031521681264	0.0007898830326201634	-1.630930006040098	KEGG_GENOME
ko:K01128		0.0	3.572085580026326e-06	-2.1928524080852125	KEGG_GENOME
ko:K01129		0.00016561560331989508	0.00044185151860435965	-1.4102995526757574	KEGG_GENOME
ko:K01130		5.307712008012039e-05	0.00019700320857152928	-1.8724335819430504	KEGG_GENOME
ko:K01132		0.0	9.410241353870245e-07	-0.9568180571482727	KEGG_GENOME
ko:K01133		3.446050663282921e-05	9.217364590099436e-05	-1.3937087988035994	KEGG_GENOME
ko:K01136		5.081767915377504e-05	7.070081046978555e-05	-0.46854502597928444	KEGG_GENOME
ko:K01137		2.675382604657016e-06	0.0	1.8778944412714094	KEGG_GENOME
ko:K01138		9.451014378743811e-06	2.2925334198557954e-06	1.6663729882322502	KEGG_GENOME
ko:K01139		0.00014643426276598665	0.00045971824319355277	-1.6438128895233577	KEGG_GENOME
ko:K01141		9.540566944337927e-05	0.00016335640381462662	-0.7696377728521268	KEGG_GENOME
ko:K01142		0.0001912564197044473	0.0007212357815601805	-1.90943812461435	KEGG_GENOME
ko:K01146		8.352133323618469e-05	6.987476121975244e-05	0.25404355490835534	KEGG_GENOME
ko:K01147		7.303697992218003e-05	7.876998726668905e-05	-0.10760000088001498	KEGG_GENOME
ko:K01150		9.32971560860767e-05	0.000155549962866111	-0.7313369999294828	KEGG_GENOME
ko:K01151		7.40437235539365e-05	0.00021819774992338012	-1.5464296699857532	KEGG_GENOME
ko:K01153		0.00011071533974320851	0.00014327394858074937	-0.36898351988043326	KEGG_GENOME
ko:K01154		0.00010955614490568355	0.00021429973288666102	-0.9615673146954237	KEGG_GENOME
ko:K01155		9.105187098980679e-06	6.331117442228554e-05	-2.6699734019079644	KEGG_GENOME
ko:K01156		5.09510793017664e-05	0.00025662456396236596	-2.3100445309146878	KEGG_GENOME
ko:K01159		0.00015338162528854004	0.00043907405924095835	-1.5112452813398272	KEGG_GENOME
ko:K01160		4.396550421669348e-05	3.75310662136286e-05	0.2227965381941759	KEGG_GENOME
ko:K01166		1.2567671404387748e-05	6.35346279265175e-05	-2.249900353383043	KEGG_GENOME
ko:K01167		1.6279535659846694e-05	0.00015931065098819392	-3.213733926211752	KEGG_GENOME
ko:K01169		3.7786873819415284e-05	1.4863318252025629e-05	1.2898739186732715	KEGG_GENOME
ko:K01173		5.6622574632933e-05	0.00021750548537996956	-1.9229634696428617	KEGG_GENOME
ko:K01174		4.464454996741625e-06	3.268360779372976e-05	-2.6238971518301164	KEGG_GENOME
ko:K01175		0.00012960472979763277	7.84248618611359e-05	0.7175445635883979	KEGG_GENOME
ko:K01176		0.00011784038083117959	0.00019092379324176837	-0.6915084434041806	KEGG_GENOME
ko:K01178		7.991824453641496e-06	2.5331237925272405e-05	-1.5500895738339349	KEGG_GENOME
ko:K01179		6.72552965522033e-05	0.00015240894146070617	-1.1683696655840408	KEGG_GENOME
ko:K01181		4.7863907031351725e-05	2.8953160728735197e-05	0.7060609747155476	KEGG_GENOME
ko:K01182		5.10609660607787e-06	6.141017789153082e-05	-3.3534590038234273	KEGG_GENOME
ko:K01183		9.440098878363795e-05	0.00013770049534748857	-0.5398968157991624	KEGG_GENOME
ko:K01184		1.7120725042574436e-05	1.8073036867690342e-05	-0.0738938909448717	KEGG_GENOME
ko:K01185		9.317116979202558e-05	9.538489273691044e-05	-0.03352158684981114	KEGG_GENOME
ko:K01186		1.8652390431432122e-05	0.0004378521206942477	-4.480958167551238	KEGG_GENOME
ko:K01187		0.0001738127211310118	0.0005055762732730474	-1.5349693328621965	KEGG_GENOME
ko:K01190		9.298050963866632e-05	0.0001911461557592563	-1.0317706165581197	KEGG_GENOME
ko:K01191		4.528251397146164e-06	0.00029149070812903256	-5.725423759781239	KEGG_GENOME
ko:K01192		2.9892200534094363e-05	0.00016176671704145148	-2.397491176988826	KEGG_GENOME
ko:K01193		9.213204032104908e-05	0.00010794696743714152	-0.2262765489802222	KEGG_GENOME
ko:K01194		0.00010754273010762526	9.159785372578964e-05	0.22921244189951093	KEGG_GENOME
ko:K01195		1.7201300394388519e-06	0.00014587992019555326	-5.754817746696143	KEGG_GENOME
ko:K01197		0.0	1.0191811403627447e-05	-3.4843716514462058	KEGG_GENOME
ko:K01198		6.384408263247285e-05	2.9746599852514668e-05	1.076548049674075	KEGG_GENOME
ko:K01200		3.664986430982859e-05	0.00014104012067899766	-1.9155819206591624	KEGG_GENOME
ko:K01201		9.476992256241704e-06	1.048026879793413e-06	2.354918050653913	KEGG_GENOME
ko:K01205		9.987774963444743e-07	3.3190534632950863e-06	-1.1115972946266166	KEGG_GENOME
ko:K01206		8.688365182238311e-05	0.000361215937623636	-2.0431833024424315	KEGG_GENOME
ko:K01207		0.00014673748527263658	0.0005871676903254367	-1.9931916091763466	KEGG_GENOME
ko:K01208		6.791913098333051e-06	0.00022571209923414248	-4.862739989639493	KEGG_GENOME
ko:K01209		1.8387047724333974e-05	0.00015652336680247792	-3.0224008214226346	KEGG_GENOME
ko:K01210		0.0	1.6978952767740252e-06	-1.431834348800998	KEGG_GENOME
ko:K01212		0.0	7.603649143296851e-07	-0.8158745229101975	KEGG_GENOME
ko:K01214		4.757967139996043e-05	0.00014804751917446747	-1.617347726033575	KEGG_GENOME
ko:K01215		0.0	1.0191811403627447e-05	-3.4843716514462058	KEGG_GENOME
ko:K01216		7.377155604867742e-07	0.0	0.7971919526595865	KEGG_GENOME
ko:K01218		2.473189700827592e-05	1.048026879793413e-06	3.6512512638795305	KEGG_GENOME
ko:K01219		5.313637450516751e-06	0.0	2.658471418813895	KEGG_GENOME
ko:K01220		0.0	3.5559854346836596e-06	-2.187763134810897	KEGG_GENOME
ko:K01222		5.475496191814732e-05	0.00017192648237717467	-1.632986715044079	KEGG_GENOME
ko:K01223		0.0003663903448346174	0.0003517195939540031	0.05879199108770718	KEGG_GENOME
ko:K01224		7.614963298857806e-05	4.495295077092581e-05	0.7475017896333426	KEGG_GENOME
ko:K01226		4.928116116599689e-05	7.015260083344891e-05	-0.500898525430225	KEGG_GENOME
ko:K01232		6.194906738078478e-05	3.102162000753757e-05	0.9751387067513689	KEGG_GENOME
ko:K01233		0.0	8.210382850152301e-06	-3.2032611264074284	KEGG_GENOME
ko:K01235		5.89451090368932e-06	1.0939470814038844e-06	1.7192232279557769	KEGG_GENOME
ko:K01236		2.5597196375942948e-05	0.00011216573585978253	-2.08909112376001	KEGG_GENOME
ko:K01239		0.0	0.00014457886119902862	-7.185657073763435	KEGG_GENOME
ko:K01241		9.682982290334681e-05	0.00018170617353980634	-0.9011791473699646	KEGG_GENOME
ko:K01243		0.00010060168505156229	0.0003013649395345361	-1.5733665335694564	KEGG_GENOME
ko:K01246		0.00014638666475272013	0.0003108672753381208	-1.0813261784713917	KEGG_GENOME
ko:K01247		8.901186833900077e-05	0.00021752868513136428	-1.2796355244475746	KEGG_GENOME
ko:K01250		3.421190139685434e-05	2.2642743006590445e-05	0.5746657077469847	KEGG_GENOME
ko:K01251		8.491527813832274e-05	0.0002815476079554698	-1.7175073646014085	KEGG_GENOME
ko:K01252		5.8955144393867096e-05	5.3079307687712824e-05	0.148806865369725	KEGG_GENOME
ko:K01254		2.3391681349357736e-05	5.299511836457313e-05	-1.1464397724520983	KEGG_GENOME
ko:K01255		0.00019622743915896084	0.0004714466150922413	-1.2602910389336397	KEGG_GENOME
ko:K01256		0.00015560840567671719	0.0006045855586597336	-1.9511691531356767	KEGG_GENOME
ko:K01258		0.00013515457036603664	0.0001794535338034901	-0.4063819848305834	KEGG_GENOME
ko:K01259		4.470272285130668e-05	0.0003014100738247674	-2.726154174096089	KEGG_GENOME
ko:K01262		0.00018433954352260894	0.0005499523712213846	-1.571756882406221	KEGG_GENOME
ko:K01265		0.00023847677356047975	0.0007838461546777831	-1.7125241468008132	KEGG_GENOME
ko:K01269		1.045438958910067e-06	2.996435971149821e-05	-3.920126224668333	KEGG_GENOME
ko:K01270		0.00011215772868834427	0.00017851269665607823	-0.6657507630129008	KEGG_GENOME
ko:K01271		8.238345724011831e-05	4.8072131641578494e-05	0.7648572484089663	KEGG_GENOME
ko:K01273		0.0001254417632733418	0.00016861639547859585	-0.42380257121977744	KEGG_GENOME
ko:K01278		9.394556648671028e-05	0.00011951303912533079	-0.3440167099303107	KEGG_GENOME
ko:K01281		4.029817380600155e-06	1.2849424024568099e-05	-1.4612480524954812	KEGG_GENOME
ko:K01283		1.3533158167057502e-05	3.50807968936105e-05	-1.3118829570637776	KEGG_GENOME
ko:K01284		0.00014426411019701808	0.00016551643518390805	-0.19698627212850925	KEGG_GENOME
ko:K01286		2.570250931801045e-05	2.2813840616553108e-05	0.16517501042934843	KEGG_GENOME
ko:K01295		4.1772580432727936e-05	0.00011979381114745313	-1.497788388800855	KEGG_GENOME
ko:K01297		9.36629005912998e-05	0.00016107981327802116	-0.7758333833427726	KEGG_GENOME
ko:K01299		5.9705841867339904e-05	6.744065949298265e-05	-0.17301830454641848	KEGG_GENOME
ko:K01301		6.85002753342636e-06	1.048026879793413e-06	1.9384630637252587	KEGG_GENOME
ko:K01304		7.162584991036552e-05	6.432668302581646e-05	0.15281075338470124	KEGG_GENOME
ko:K01305		2.3807075687990747e-05	3.782009364765145e-05	-0.6460519211151909	KEGG_GENOME
ko:K01318		1.4947906545688276e-06	2.7760042195264137e-05	-3.5270751275784002	KEGG_GENOME
ko:K01322		4.429705817377774e-05	0.00017293591021880935	-1.9410665550091193	KEGG_GENOME
ko:K01337		6.166456807084812e-06	4.6685121528834025e-05	-2.7342072815876572	KEGG_GENOME
ko:K01338		0.00016322539887639147	0.00043669952352578346	-1.414263543857465	KEGG_GENOME
ko:K01342		0.0	1.9957846672601307e-05	-4.389418588749912	KEGG_GENOME
ko:K01354		0.0001446709312960259	0.00022044970700042	-0.6042660727602222	KEGG_GENOME
ko:K01355		7.376718777673134e-06	3.830285236624561e-06	0.7942768551297409	KEGG_GENOME
ko:K01356		0.00012352118496748718	0.0004113926096844525	-1.7276272680551397	KEGG_GENOME
ko:K01358		0.00017985572425553836	0.0006943246969685792	-1.9428475715810263	KEGG_GENOME
ko:K01372		2.5419759217631778e-05	4.45869918407396e-05	-0.7870048945741523	KEGG_GENOME
ko:K01381		0.0	7.152308407538533e-06	-3.0272086307002612	KEGG_GENOME
ko:K01387		2.004221946476308e-05	4.764589413407038e-05	-1.2090311587325073	KEGG_GENOME
ko:K01399		3.2297237940211355e-06	2.7676673196102213e-05	-2.7612423036995177	KEGG_GENOME
ko:K01400		1.045438958910067e-06	2.996435971149821e-05	-3.920126224668333	KEGG_GENOME
ko:K01406		3.952927177193e-05	0.00012638060254203056	-1.6521094429478251	KEGG_GENOME
ko:K01407		8.714150615421493e-05	3.162878516289893e-05	1.4336762755585697	KEGG_GENOME
ko:K01408		1.5669600676881396e-05	1.0928601313142279e-05	0.48279465483438605	KEGG_GENOME
ko:K01414		9.692301939549681e-05	0.0002523081727565738	-1.371173676602879	KEGG_GENOME
ko:K01417		4.0391209093648395e-06	2.3951263968077757e-06	0.569706787533986	KEGG_GENOME
ko:K01419		0.00012562547520695452	0.00023626190238833217	-0.9059127794793784	KEGG_GENOME
ko:K01420		0.00015677542989265978	0.00032600732223364554	-1.051450386082896	KEGG_GENOME
ko:K01421		1.045438958910067e-06	0.0003191220821095554	-7.290067903406024	KEGG_GENOME
ko:K01423		9.358912259594232e-05	0.00017201320202451715	-0.8711359354612255	KEGG_GENOME
ko:K01424		0.00016806741472106585	0.0004922998055391206	-1.5448660905081952	KEGG_GENOME
ko:K01425		9.252978204186777e-05	0.00016304906074465124	-0.8106296031200375	KEGG_GENOME
ko:K01426		0.00011095628537910545	0.0005132739238355639	-2.1996014786204587	KEGG_GENOME
ko:K01428		6.373801501819354e-05	0.00011818300441188625	-0.880493485283112	KEGG_GENOME
ko:K01429		6.039266176981419e-05	0.00011459449135798266	-0.9129345215226427	KEGG_GENOME
ko:K01430		6.039266176981419e-05	0.00011285466196565285	-0.8910552397059077	KEGG_GENOME
ko:K01431		2.6568187252583753e-06	0.0	1.8705891115978557	KEGG_GENOME
ko:K01433		0.00012650078230991174	0.00043269526960220957	-1.766175608441016	KEGG_GENOME
ko:K01434		9.483074399166225e-05	0.00019223815610436136	-1.0118195173059332	KEGG_GENOME
ko:K01436		1.045438958910067e-06	2.996435971149821e-05	-3.920126224668333	KEGG_GENOME
ko:K01437		7.377155604867742e-07	0.0	0.7971919526595865	KEGG_GENOME
ko:K01438		0.0001901662904611279	0.0003079244831872467	-0.6924260670119099	KEGG_GENOME
ko:K01439		0.00017292233065509415	0.0004799633470725675	-1.4674837757463886	KEGG_GENOME
ko:K01443		0.00012996690743476461	0.00032513319176874776	-1.3162589576015495	KEGG_GENOME
ko:K01444		3.291841694983129e-05	2.641752119515851e-05	0.3069706939405059	KEGG_GENOME
ko:K01448		0.00030388936883125504	0.00041672545144102536	-0.4542692016367973	KEGG_GENOME
ko:K01451		5.622822679217135e-05	0.00011800072804744772	-1.0561715889730217	KEGG_GENOME
ko:K01455		6.5947263160805705e-06	1.6757176186660627e-05	-1.2253322953547874	KEGG_GENOME
ko:K01457		5.229306493988766e-05	5.226744508404826e-05	0.0006937211481378591	KEGG_GENOME
ko:K01458		3.5253234004087716e-05	0.00011660616999324011	-1.697782147565337	KEGG_GENOME
ko:K01459		2.5766953366967797e-06	1.5207298286593701e-06	0.5047857359400405	KEGG_GENOME
ko:K01460		4.128521786013252e-05	1.5289622620238534e-05	1.3762002301366238	KEGG_GENOME
ko:K01462		0.0001988457314459609	0.0005696205666828491	-1.5136449882131189	KEGG_GENOME
ko:K01463		4.8677769097141206e-05	7.192168715449108e-05	-0.5537475534833782	KEGG_GENOME
ko:K01464		2.4319075295523867e-05	0.0001243106595315244	-2.30721252184236	KEGG_GENOME
ko:K01465		0.0003071803481949154	0.000783283607818625	-1.3476005790759595	KEGG_GENOME
ko:K01466		8.827160451966204e-06	2.088771153770327e-05	-1.155274605284309	KEGG_GENOME
ko:K01467		2.710358740265346e-05	0.00010048800133531279	-1.8524829650834018	KEGG_GENOME
ko:K01468		0.00011941185710507933	0.0003946610884593674	-1.7162877264636343	KEGG_GENOME
ko:K01469		3.58656009385286e-06	3.272803811634428e-05	-2.8784639550881654	KEGG_GENOME
ko:K01470		4.5865356986370974e-05	8.956385906609794e-05	-0.9504135627781714	KEGG_GENOME
ko:K01473		1.6257330669058213e-05	1.1388243493452248e-05	0.4782376835914233	KEGG_GENOME
ko:K01474		1.4307350037626294e-05	1.0248500833698233e-05	0.4444918132239079	KEGG_GENOME
ko:K01475		4.757658966273345e-06	7.599057365719443e-06	-0.5786961806064889	KEGG_GENOME
ko:K01476		3.2521641262117574e-05	0.000144828118481857	-2.1211042339359216	KEGG_GENOME
ko:K01477		6.7207694004081725e-06	8.349447200242845e-05	-3.4520404279285155	KEGG_GENOME
ko:K01478		3.936362259945077e-05	0.00024233150369788533	-2.59179554956252	KEGG_GENOME
ko:K01479		8.882634260428357e-05	0.0001817403020735589	-1.0245843462026263	KEGG_GENOME
ko:K01480		0.00013073920199906344	0.00013303927743393848	-0.024971098294565786	KEGG_GENOME
ko:K01482		6.202997758183732e-06	3.2382607662611584e-05	-2.2124272939835796	KEGG_GENOME
ko:K01483		1.591941153332497e-05	0.00010416952089308905	-2.635965362045194	KEGG_GENOME
ko:K01484		9.487187449625435e-05	0.00015845253970759953	-0.7339475311221239	KEGG_GENOME
ko:K01485		0.00010905947793491194	0.00015763019184269496	-0.5273839927257149	KEGG_GENOME
ko:K01486		7.965314561184928e-05	0.0001187258935820772	-0.5699324960764962	KEGG_GENOME
ko:K01487		8.282866340845899e-05	0.00024500751933666416	-1.5531868809650067	KEGG_GENOME
ko:K01488		8.434722712328857e-05	0.00021781355599459715	-1.358285932229543	KEGG_GENOME
ko:K01489		0.00012336367631712554	0.00031246518949292135	-1.33374006976894	KEGG_GENOME
ko:K01491		0.00016294755214392033	0.0004944338088484171	-1.5954579613433746	KEGG_GENOME
ko:K01493		4.635049987264159e-05	0.0002094003003509188	-2.1516852028920583	KEGG_GENOME
ko:K01494		0.0001184366487180058	0.0002876423459636328	-1.2730373789089935	KEGG_GENOME
ko:K01495		0.00016796921550638196	0.000536373099148403	-1.6691636760626967	KEGG_GENOME
ko:K01496		2.995854022062724e-05	0.0003125051824459041	-3.340079940714225	KEGG_GENOME
ko:K01497		9.908846704722502e-05	0.0002342931271333585	-1.2331834348559993	KEGG_GENOME
ko:K01498		3.207677897816213e-06	0.0	2.073024269029167	KEGG_GENOME
ko:K01499		6.2389051234306e-06	1.700655549241922e-05	-1.3146788189550802	KEGG_GENOME
ko:K01500		3.9221519585388975e-06	1.013038822686802e-06	1.289914202125993	KEGG_GENOME
ko:K01501		9.293888262063339e-06	6.370710002064005e-05	-2.6521359937780473	KEGG_GENOME
ko:K01505		1.3808886767400858e-05	4.2730987818053096e-05	-1.5621927445411643	KEGG_GENOME
ko:K01506		1.5085868765010438e-06	3.060972528885896e-05	-3.655421690255438	KEGG_GENOME
ko:K01507		0.00018026838884631493	0.0004742002295089609	-1.390408175578035	KEGG_GENOME
ko:K01512		8.42435102204661e-05	0.00016401442959196753	-0.9529302778034774	KEGG_GENOME
ko:K01515		0.00014503338145293012	0.00023407817850016078	-0.6868424354575247	KEGG_GENOME
ko:K01518		3.0613994269060274e-06	1.3790448159955124e-05	-1.864616943429873	KEGG_GENOME
ko:K01519		0.0001593340159913536	0.00048044983686265473	-1.5863049529844464	KEGG_GENOME
ko:K01520		0.00011927241208076646	0.0004242272312894291	-1.8219282320552848	KEGG_GENOME
ko:K01521		5.194615608660619e-05	4.6157096521933464e-05	0.1670510539073341	KEGG_GENOME
ko:K01523		1.9386870893352744e-05	0.0003028154529256105	-3.897482987869646	KEGG_GENOME
ko:K01524		0.000253170294487133	0.0005995154185851932	-1.2404058596002303	KEGG_GENOME
ko:K01525		9.931129919038351e-05	0.00023697676262371026	-1.2463365855533532	KEGG_GENOME
ko:K01529		9.892181264900875e-05	4.5893961777798105e-05	1.0913974801468969	KEGG_GENOME
ko:K01531		7.965668453742026e-05	0.00013972128025322792	-0.8029745044732445	KEGG_GENOME
ko:K01533		6.717759974487775e-05	0.000216337659212786	-1.6725684652828623	KEGG_GENOME
ko:K01534		0.00013641798724266978	0.00026911810289319575	-0.9750194730607705	KEGG_GENOME
ko:K01537		3.2373399685428976e-05	3.701395809904773e-05	-0.18783059104672825	KEGG_GENOME
ko:K01545		2.8133042378749154e-05	6.01865276093769e-05	-1.0705576565129515	KEGG_GENOME
ko:K01546		8.672002512758013e-05	0.00035151017733932885	-2.006686779847761	KEGG_GENOME
ko:K01547		8.554005070942552e-05	0.00035283272840211805	-2.0316276276623455	KEGG_GENOME
ko:K01548		8.554005070942552e-05	0.0003506914174076053	-2.0228702569702968	KEGG_GENOME
ko:K01551		9.90524606407755e-06	4.8479627247614764e-05	-2.181812308815539	KEGG_GENOME
ko:K01552		3.1375484878385154e-06	0.00031985887201907025	-6.277018846357972	KEGG_GENOME
ko:K01554		1.380102237973789e-06	0.00014697398759583639	-5.958176229758542	KEGG_GENOME
ko:K01555		5.346343586038705e-05	0.00011442566291526881	-1.0836041144329827	KEGG_GENOME
ko:K01556		7.31170489443138e-05	0.00016241910903274382	-1.1406993464742916	KEGG_GENOME
ko:K01559		1.6817843393151108e-06	3.572085580026326e-06	-0.7696591831882481	KEGG_GENOME
ko:K01560		4.13875591312294e-05	0.0002339678546362876	-2.47075060185048	KEGG_GENOME
ko:K01561		1.511576033803669e-05	7.012468343905347e-05	-2.1418780702638798	KEGG_GENOME
ko:K01563		1.2763901250129188e-05	3.708802810166755e-05	-1.4684481519105244	KEGG_GENOME
ko:K01565		4.9422955155162736e-05	5.1541149781436304e-05	-0.05936709876685748	KEGG_GENOME
ko:K01569		5.245794163984213e-06	2.9365517368617444e-06	0.6659525855345824	KEGG_GENOME
ko:K01571		6.184856288428039e-05	2.2381579498800452e-05	1.4265073641657022	KEGG_GENOME
ko:K01573		6.225636295200155e-05	1.574054721674253e-05	1.917863920049834	KEGG_GENOME
ko:K01574		3.0305917856362475e-06	1.3646586170003712e-06	0.7693597574541143	KEGG_GENOME
ko:K01575		5.4608683967137975e-05	5.968242187891417e-05	-0.12596847094201574	KEGG_GENOME
ko:K01576		2.4053098278562373e-05	5.6729649353287814e-05	-1.204323432166847	KEGG_GENOME
ko:K01577		7.058577724822759e-07	8.247016392253194e-06	-2.438490580524336	KEGG_GENOME
ko:K01578		4.967154384434005e-06	1.4297285988486872e-05	-1.3581607073460147	KEGG_GENOME
ko:K01579		0.0001235630407318803	0.00024106086374020634	-0.9584937762349256	KEGG_GENOME
ko:K01580		2.853851633688655e-06	1.2240932820572513e-05	-1.7806318265804926	KEGG_GENOME
ko:K01581		0.00010695477199431504	0.00021563173805101037	-1.0048176061051675	KEGG_GENOME
ko:K01582		7.001188252636692e-05	3.587927389532757e-05	0.9452502019055602	KEGG_GENOME
ko:K01584		1.4701431063783581e-05	0.00010346024811399745	-2.733986074819606	KEGG_GENOME
ko:K01585		0.00015609538935670945	0.00021048535772838083	-0.4289169421153388	KEGG_GENOME
ko:K01586		0.00016307345134864982	0.0004945748546862115	-1.5947611715378862	KEGG_GENOME
ko:K01588		0.0001544270642474501	0.00048097005974841384	-1.632705788583485	KEGG_GENOME
ko:K01589		0.00015155325443151732	0.00047004145843527155	-1.6265410859962361	KEGG_GENOME
ko:K01590		3.863378788380651e-06	6.8234691847763845e-06	-0.6858495265934286	KEGG_GENOME
ko:K01591		0.00015763474214526633	0.0004695302587669036	-1.56857873628698	KEGG_GENOME
ko:K01593		1.6962700651176978e-05	7.27758599324222e-06	1.117722273784929	KEGG_GENOME
ko:K01595		0.0001061207174966477	0.00019686620358907482	-0.8852876858131558	KEGG_GENOME
ko:K01596		2.899865802293997e-06	0.00011689632302732018	-4.917950433286877	KEGG_GENOME
ko:K01597		2.3665521993869215e-05	3.011286716726606e-05	-0.3350155314911466	KEGG_GENOME
ko:K01598		1.0116788203015611e-06	1.7481823041105056e-06	-0.4500777239274715	KEGG_GENOME
ko:K01599		0.00015302655887636344	0.00047179128716747323	-1.6180243120647217	KEGG_GENOME
ko:K01601		7.887230509624024e-06	1.1140280077781437e-05	-0.44999589193488804	KEGG_GENOME
ko:K01602		6.5800683064805615e-06	1.1140280077781437e-05	-0.6795189509671843	KEGG_GENOME
ko:K01604		1.9063886897771811e-06	0.0	1.5392276566236323	KEGG_GENOME
ko:K01607		0.0002027328222170273	0.00044947913481540463	-1.1447818618985655	KEGG_GENOME
ko:K01608		7.65164247363963e-06	9.403936372550372e-05	-3.45747922480805	KEGG_GENOME
ko:K01609		6.793042037203111e-05	0.0004271417215710946	-2.6348757114593173	KEGG_GENOME
ko:K01610		0.0001505701263790788	0.00021138318869537093	-0.4866841389313562	KEGG_GENOME
ko:K01611		0.0001023562574943823	0.00017549950545755458	-0.7720384047012352	KEGG_GENOME
ko:K01612		3.404396267798017e-05	1.3643922982430324e-05	1.2588638291450838	KEGG_GENOME
ko:K01613		0.0001470803963964486	0.0003135217569199951	-1.0867791561468383	KEGG_GENOME
ko:K01615		1.9063886897771811e-06	0.0	1.5392276566236323	KEGG_GENOME
ko:K01616		1.380102237973789e-06	0.00014697398759583639	-5.958176229758542	KEGG_GENOME
ko:K01617		2.4217101812817084e-06	2.2115827626842023e-05	-2.7560915430860047	KEGG_GENOME
ko:K01619		0.0001409329289745537	0.0004702235894754074	-1.7312024234394026	KEGG_GENOME
ko:K01620		0.00013300504742724746	0.00024237403460156985	-0.8608879139951728	KEGG_GENOME
ko:K01621		1.4396530176607719e-05	3.4396636791869046e-05	-1.201007033237908	KEGG_GENOME
ko:K01623		1.4809583044404288e-05	0.00015683889461028935	-3.3195815333636807	KEGG_GENOME
ko:K01624		0.00022839573327435223	0.0004992861926808611	-1.1249150784732658	KEGG_GENOME
ko:K01625		0.00017147954435311861	0.0005407663518498545	-1.6512455211079364	KEGG_GENOME
ko:K01626		0.00027063639388017743	0.000739418268717555	-1.4466637069922295	KEGG_GENOME
ko:K01627		0.00014654342820300328	0.0002949722538070436	-1.0043222729269128	KEGG_GENOME
ko:K01628		3.956577849081885e-05	8.991742422054472e-05	-1.1642936365967524	KEGG_GENOME
ko:K01629		5.810958268354127e-05	2.7048696247364164e-05	1.0754583217346612	KEGG_GENOME
ko:K01630		5.6231825224264144e-05	2.673376430771249e-05	1.0451741708528068	KEGG_GENOME
ko:K01631		7.355477904777819e-05	8.655495869379645e-05	-0.23188805441696736	KEGG_GENOME
ko:K01633		0.00014277035170931823	0.00045749971504780275	-1.6731546430108748	KEGG_GENOME
ko:K01634		9.209697443019601e-07	6.873751709639754e-06	-2.0352164229486003	KEGG_GENOME
ko:K01635		3.3731017365675035e-06	7.009858530560603e-06	-0.8731198501946555	KEGG_GENOME
ko:K01637		8.765532096084169e-05	0.00024801474614004885	-1.48995205099875	KEGG_GENOME
ko:K01638		9.012466688315382e-05	0.0002598555455675719	-1.517337563542276	KEGG_GENOME
ko:K01639		2.4177209001117258e-05	7.420468667291379e-06	1.5801459248389418	KEGG_GENOME
ko:K01640		6.66354823201874e-05	0.0002689261106433875	-1.9967123351870633	KEGG_GENOME
ko:K01641		1.3071622031434636e-06	0.0	1.2061194350761926	KEGG_GENOME
ko:K01643		5.353425290803586e-05	2.8881230973703407e-05	0.8679230878893183	KEGG_GENOME
ko:K01644		6.858122123138668e-05	0.0002509282793798862	-1.8562431708768115	KEGG_GENOME
ko:K01646		5.353425290803586e-05	3.22528319784405e-05	0.713685456841503	KEGG_GENOME
ko:K01647		0.00018468355612488033	0.0006671311331255229	-1.847285228264838	KEGG_GENOME
ko:K01649		0.00018531693806197506	0.0005035390913706087	-1.4372072172004502	KEGG_GENOME
ko:K01652		0.0004416566998313717	0.0007857767706133279	-0.8297661054662467	KEGG_GENOME
ko:K01653		0.00020743046998116364	0.0004666282122018082	-1.1657957735048423	KEGG_GENOME
ko:K01654		2.3357137287070225e-05	3.384506888769519e-05	-0.5166099248782836	KEGG_GENOME
ko:K01657		0.0001558098973544008	0.0003536107977476948	-1.1772198455911032	KEGG_GENOME
ko:K01658		0.00011654288558246276	0.0003083227137731633	-1.3959255545092897	KEGG_GENOME
ko:K01659		5.672642400443949e-05	0.00020000017686102917	-1.7998930086616287	KEGG_GENOME
ko:K01661		0.00010492868300017952	0.0002488119989361947	-1.2377494837715515	KEGG_GENOME
ko:K01662		0.0001559297781288467	0.00047326763101633216	-1.5955822710445249	KEGG_GENOME
ko:K01664		8.057014693153588e-05	6.256723513212701e-05	0.3597579112732875	KEGG_GENOME
ko:K01665		0.0001438834777680352	0.00025193060162698053	-0.8038485145682376	KEGG_GENOME
ko:K01666		2.193267611881296e-05	3.3649530872264005e-05	-0.5954311001022881	KEGG_GENOME
ko:K01667		1.5491354182713893e-05	0.00015922480884868518	-3.280315773462158	KEGG_GENOME
ko:K01668		8.275540842538355e-06	4.090140320399735e-06	0.8657259777522339	KEGG_GENOME
ko:K01669		0.00018902771192527102	0.00029868612289168055	-0.6572424572053396	KEGG_GENOME
ko:K01671		1.748695255965481e-05	8.340832925592237e-06	0.9848843200599614	KEGG_GENOME
ko:K01673		0.0002434242887594866	0.0005912455197516681	-1.2768077249728258	KEGG_GENOME
ko:K01674		2.7768960936493052e-05	9.976010317903798e-05	-1.8083394839506262	KEGG_GENOME
ko:K01675		3.7489436528618e-05	1.4177032034986238e-05	1.3425728606145295	KEGG_GENOME
ko:K01676		0.00013702858009512493	0.0002613950713953796	-0.9267736005641549	KEGG_GENOME
ko:K01677		5.846653959938726e-07	0.0	0.6641782457265831	KEGG_GENOME
ko:K01678		2.0932522724949163e-06	7.914873947717509e-07	0.787966605772879	KEGG_GENOME
ko:K01679		0.00015475417634866126	0.0005385440207513187	-1.7924698244913637	KEGG_GENOME
ko:K01682		0.00010291030437665141	0.0002193364863375127	-1.0843696883183964	KEGG_GENOME
ko:K01684		0.00010678845792492488	8.409840087991876e-05	0.3409987744263287	KEGG_GENOME
ko:K01685		8.283320841483572e-05	4.2785377194878004e-05	0.9370727045616106	KEGG_GENOME
ko:K01686		0.000135631343722365	0.00022141705744987665	-0.7029789534063139	KEGG_GENOME
ko:K01687		0.00016471787658109676	0.00031680021775680066	-0.9393908735846604	KEGG_GENOME
ko:K01689		0.0001731894735178514	0.0004870980643643221	-1.4865135877393874	KEGG_GENOME
ko:K01690		7.922581458722476e-05	0.00017847525904293206	-1.1616465415339547	KEGG_GENOME
ko:K01692		4.643001049033668e-05	0.00016827934303974949	-1.8355338409674429	KEGG_GENOME
ko:K01693		2.3590767189080503e-05	0.0003767176424963378	-3.9411195206638854	KEGG_GENOME
ko:K01695		0.00015669577458164472	0.0004725646906495172	-1.5864175125181625	KEGG_GENOME
ko:K01696		0.000169107272242013	0.00048722031295071836	-1.5210875024474668	KEGG_GENOME
ko:K01697		8.892707862137987e-05	0.0001934872063204438	-1.1128477484810224	KEGG_GENOME
ko:K01698		0.00015977389319660548	0.0004876134606570061	-1.6036604508240657	KEGG_GENOME
ko:K01699		2.714290350686447e-05	9.160787489220264e-06	1.4697589599688814	KEGG_GENOME
ko:K01703		0.00014421670366993893	0.0004489972420855619	-1.6317087495180866	KEGG_GENOME
ko:K01704		0.00015611353435424462	0.0004580457097942074	-1.5468303529547596	KEGG_GENOME
ko:K01706		5.5589584912721264e-05	8.877133163785869e-05	-0.6657182404417247	KEGG_GENOME
ko:K01707		6.492372467242901e-06	5.351167596754421e-05	-2.863070749825662	KEGG_GENOME
ko:K01708		6.230850519870196e-05	7.245551409634463e-05	-0.2144714619167322	KEGG_GENOME
ko:K01709		1.756887787909245e-05	5.436566012893167e-05	-1.5761048042036672	KEGG_GENOME
ko:K01710		0.00018598439396156307	0.00028770224438607906	-0.6266644578695916	KEGG_GENOME
ko:K01711		9.755356577482204e-05	0.00018218087876782348	-0.8942889407943906	KEGG_GENOME
ko:K01712		0.00012100326643685392	0.0004059308008763999	-1.7378637090464948	KEGG_GENOME
ko:K01713		3.6286199878730555e-05	8.184801641870309e-05	-1.1518253877231635	KEGG_GENOME
ko:K01714		0.00036299586245839985	0.0008973192688205205	-1.3033062284024035	KEGG_GENOME
ko:K01715		4.53364983414237e-05	5.350679306419679e-05	-0.23428701750428352	KEGG_GENOME
ko:K01716		9.953577960697516e-05	0.00014746592493977668	-0.5624228173043776	KEGG_GENOME
ko:K01719		0.0001496635325250947	0.00047878119061822797	-1.671046338285431	KEGG_GENOME
ko:K01720		3.690342897455916e-05	0.00010928909914296767	-1.5408899291603677	KEGG_GENOME
ko:K01721		2.1584885782079635e-05	1.1439492840279704e-05	0.8604299498865584	KEGG_GENOME
ko:K01724		6.176385012240098e-05	0.00026788739500263695	-2.098996366268606	KEGG_GENOME
ko:K01725		1.2715931977622498e-05	6.425898755626575e-05	-2.2503239507373602	KEGG_GENOME
ko:K01727		0.0	0.00014230783461552694	-7.1629736734291924	KEGG_GENOME
ko:K01728		4.6182650369555546e-05	3.887775947457268e-05	0.24267210627880473	KEGG_GENOME
ko:K01729		2.552376962437576e-05	6.68472103722176e-05	-1.3550036691047667	KEGG_GENOME
ko:K01730		5.2634636541886486e-05	3.511076393494668e-05	0.5707360338084674	KEGG_GENOME
ko:K01731		1.4399639239759032e-05	1.0280495989872242e-05	0.449066051264151	KEGG_GENOME
ko:K01732		4.136137849050099e-06	4.6273609543130765e-06	-0.13177458122548058	KEGG_GENOME
ko:K01733		0.00013760461749631628	0.00044240033378963164	-1.6776345358112639	KEGG_GENOME
ko:K01734		0.0001025709292540663	0.00012095066323132042	-0.235678486456322	KEGG_GENOME
ko:K01735		0.00017929241057864926	0.00048729770682415257	-1.437422335009774	KEGG_GENOME
ko:K01736		0.00015763474214526633	0.0004756651054154766	-1.5872672496301332	KEGG_GENOME
ko:K01737		0.00017956307595160076	0.00037684166367580034	-1.0652788923121412	KEGG_GENOME
ko:K01738		0.0001288926356757058	0.0005161583655213098	-1.9932864950329898	KEGG_GENOME
ko:K01739		9.677614519698602e-05	8.392149094468269e-05	0.2033528280427724	KEGG_GENOME
ko:K01740		7.535413070375017e-05	0.00018479448325773071	-1.2829295518129276	KEGG_GENOME
ko:K01744		7.82585169531512e-05	0.00028202861775048003	-1.83631005737093	KEGG_GENOME
ko:K01745		0.00018750239445449693	0.0005947677577725904	-1.6601671993310574	KEGG_GENOME
ko:K01749		0.00015572835345548913	0.0004707782483447864	-1.5898427047927985	KEGG_GENOME
ko:K01750		1.9114636382551297e-05	3.064160995856808e-05	-0.6535773492968042	KEGG_GENOME
ko:K01751		7.581735423650094e-06	6.156521643720365e-05	-2.8660194754420303	KEGG_GENOME
ko:K01752		0.00020661836242697655	0.000616718335682268	-1.5730151088571382	KEGG_GENOME
ko:K01753		4.350762987236491e-05	6.428824438858738e-05	-0.5527705714801721	KEGG_GENOME
ko:K01754		0.00020645902033803303	0.0004974568828283869	-1.2646423279230723	KEGG_GENOME
ko:K01755		0.00013284689086956003	0.0004923833771430134	-1.8821254828125047	KEGG_GENOME
ko:K01756		0.00015864388902748586	0.00047236089113826134	-1.5680831868213978	KEGG_GENOME
ko:K01758		6.186851026922192e-05	0.00012853425599004264	-1.0429241938141218	KEGG_GENOME
ko:K01759		0.00021841708477637106	0.00041747528621432573	-0.9314665597502502	KEGG_GENOME
ko:K01760		0.00010741093697437214	0.0001733397318783197	-0.6853910864368667	KEGG_GENOME
ko:K01761		6.675776387472791e-05	7.331533319616212e-05	-0.13327364319715254	KEGG_GENOME
ko:K01766		7.049531412143169e-05	0.00011728779283163699	-0.7263806024974672	KEGG_GENOME
ko:K01768		6.914481464680868e-05	0.00024132873005674235	-1.788557094477509	KEGG_GENOME
ko:K01770		0.00012503337261836626	0.00042948872845221717	-1.7721696655295558	KEGG_GENOME
ko:K01771		3.769151825840694e-06	4.173753806176567e-06	-0.11747869317632556	KEGG_GENOME
ko:K01772		0.0001511153210455439	0.0004707782483447864	-1.632943435145973	KEGG_GENOME
ko:K01774		1.2006763339340984e-05	5.305564123624464e-06	1.0445646487738365	KEGG_GENOME
ko:K01775		0.00016414021108547	0.000518486081559466	-1.6533936415227701	KEGG_GENOME
ko:K01776		0.00015251575047973563	0.0004503460081673012	-1.5558471663627609	KEGG_GENOME
ko:K01777		1.1310811668706346e-05	2.725912789168464e-06	1.724260072574271	KEGG_GENOME
ko:K01778		0.00017540821416172473	0.00046968397818923624	-1.4158410061482125	KEGG_GENOME
ko:K01779		6.20141646081555e-05	7.026098811193224e-05	-0.17743632759739497	KEGG_GENOME
ko:K01780		1.9063886897771811e-06	0.0	1.5392276566236323	KEGG_GENOME
ko:K01781		0.0	4.548862056667904e-07	-0.540906316748434	KEGG_GENOME
ko:K01782		9.112173436432372e-05	0.00011712905470158828	-0.3587503717982143	KEGG_GENOME
ko:K01783		0.00015878570432782446	0.0004973352745468322	-1.6409783591521536	KEGG_GENOME
ko:K01784		0.00020373587204629412	0.0006110091776231089	-1.5797893865396389	KEGG_GENOME
ko:K01785		0.00015237804740950647	0.00037745171058552597	-1.3030172194433876	KEGG_GENOME
ko:K01787		3.7002268134345405e-06	8.742848350049659e-07	1.326390160967558	KEGG_GENOME
ko:K01788		4.585513767810617e-05	0.00016489158808695217	-1.8239615794317163	KEGG_GENOME
ko:K01790		0.00011306263330934211	0.0002499544066850672	-1.1375990346039226	KEGG_GENOME
ko:K01791		9.247287071936256e-05	0.0003069794773099303	-1.7202146104404736	KEGG_GENOME
ko:K01792		9.604431128767325e-05	0.00030550156483717965	-1.6591788894619381	KEGG_GENOME
ko:K01795		5.548043653120374e-06	6.429052635982397e-05	-3.3177378274301903	KEGG_GENOME
ko:K01796		1.5676483817972397e-05	9.867143248596351e-05	-2.579364929813496	KEGG_GENOME
ko:K01798		3.989815151807078e-05	3.1160894047059475e-05	0.3467281260250865	KEGG_GENOME
ko:K01799		2.2423280093631508e-05	4.9712589477573214e-05	-1.114400824247322	KEGG_GENOME
ko:K01800		4.639791816469025e-05	0.0002485671816999703	-2.396532632181302	KEGG_GENOME
ko:K01802		1.1534359974667687e-05	0.0002830968668170531	-4.502422683998614	KEGG_GENOME
ko:K01803		0.00016020164822915816	0.0004830187353374045	-1.586196397260346	KEGG_GENOME
ko:K01804		7.451856731399474e-05	2.741851510984084e-05	1.4100002205678386	KEGG_GENOME
ko:K01805		9.875611936878761e-05	7.745621964357236e-05	0.34651752184467133	KEGG_GENOME
ko:K01807		0.00011069553455034277	0.0002797826839038184	-1.329882456404412	KEGG_GENOME
ko:K01808		9.471813683249208e-05	0.0003948981900446746	-2.0482652517209403	KEGG_GENOME
ko:K01809		0.00010032123401383151	0.00038386318476151346	-1.9254091192682654	KEGG_GENOME
ko:K01810		0.00015763474214526633	0.00048131610242168314	-1.6042702099732589	KEGG_GENOME
ko:K01811		4.276152183600109e-05	2.2426970672405357e-05	0.9014924974545798	KEGG_GENOME
ko:K01812		0.00010027087545241416	0.00020341924477568744	-1.0133116949421763	KEGG_GENOME
ko:K01813		6.267956898694835e-05	4.1563892501708973e-05	0.5812004786036826	KEGG_GENOME
ko:K01814		0.00016346204923348856	0.0003408108162413692	-1.055443339884817	KEGG_GENOME
ko:K01815		6.322584106827979e-05	3.406466146100848e-05	0.8731360787533065	KEGG_GENOME
ko:K01816		0.00010096331850341009	0.00018965309610980633	-0.9028997266278133	KEGG_GENOME
ko:K01817		6.957214074500927e-05	0.0002825399794220802	-2.0063814922839946	KEGG_GENOME
ko:K01818		2.714575845769482e-05	0.00015166868246171871	-2.4394147158129798	KEGG_GENOME
ko:K01819		0.0	1.3855172878841517e-05	-3.892893489693544	KEGG_GENOME
ko:K01820		2.2044225972222343e-05	6.891139043321413e-06	1.5460998444774063	KEGG_GENOME
ko:K01821		0.00010464742595174725	0.0001831069754444899	-0.8012866714117178	KEGG_GENOME
ko:K01822		1.380102237973789e-06	8.420152641365285e-06	-1.9847268907876752	KEGG_GENOME
ko:K01823		9.558116649957206e-05	0.00024605866027731254	-1.3550398347374817	KEGG_GENOME
ko:K01825		7.893331874449752e-05	0.00018590033053979106	-1.225400225821099	KEGG_GENOME
ko:K01826		7.037285825021024e-05	0.00012223315407463038	-0.7879429902321691	KEGG_GENOME
ko:K01834		8.350217388468106e-05	0.000503963214344223	-2.5791179325250346	KEGG_GENOME
ko:K01835		0.00014076433589888126	0.000348678757607419	-1.3025355225346862	KEGG_GENOME
ko:K01838		3.6850104917278676e-05	8.342021728891052e-05	-1.1572912434034777	KEGG_GENOME
ko:K01839		0.00010400847769799971	0.00010873848759064287	-0.06356379156021376	KEGG_GENOME
ko:K01840		0.00012597809127214425	0.00030133560891373797	-1.2515713120779994	KEGG_GENOME
ko:K01841		1.4874001108125925e-05	1.131481421309814e-05	0.3662709484597771	KEGG_GENOME
ko:K01843		1.7801686656246166e-06	6.989745455678279e-06	-1.5229771310694251	KEGG_GENOME
ko:K01845		0.00017132386549491033	0.0006072260436224582	-1.8194850751570812	KEGG_GENOME
ko:K01846		7.253217638932594e-06	3.3533504108849036e-06	0.9228305344804191	KEGG_GENOME
ko:K01847		6.65334841472098e-05	0.00038512224540175654	-2.5153827784877283	KEGG_GENOME
ko:K01848		9.987774963444743e-07	6.618166918684132e-06	-1.930326018182655	KEGG_GENOME
ko:K01849		9.987774963444743e-07	6.618166918684132e-06	-1.930326018182655	KEGG_GENOME
ko:K01851		3.2297237940211355e-06	3.150743213596812e-05	-2.942134235685555	KEGG_GENOME
ko:K01854		2.7020437303409103e-05	2.3644325024633007e-05	0.18522400344386344	KEGG_GENOME
ko:K01856		3.182837270958208e-05	9.206518049717158e-05	-1.5032982595021265	KEGG_GENOME
ko:K01857		4.946647881121461e-05	0.00012401444035319587	-1.3086974151167436	KEGG_GENOME
ko:K01858		5.94499806947825e-06	6.132359716098718e-06	-0.03840517304283351	KEGG_GENOME
ko:K01865		8.770905280114744e-06	9.410241353870245e-07	2.331674177781054	KEGG_GENOME
ko:K01866		0.0001702398746617461	0.0005342429571605762	-1.6441752227771154	KEGG_GENOME
ko:K01867		0.00020202198669604855	0.0005382544772732722	-1.4093302741269893	KEGG_GENOME
ko:K01868		0.00016563624770144425	0.0004735780694062224	-1.5099431757045414	KEGG_GENOME
ko:K01869		0.00015704196407900322	0.0004691936753007368	-1.5729474523032587	KEGG_GENOME
ko:K01870		0.00015666732101911074	0.0004707782483447864	-1.5812252333372527	KEGG_GENOME
ko:K01872		0.0001614560675293003	0.0005136744139735936	-1.6636104360656534	KEGG_GENOME
ko:K01873		0.00015666732101911074	0.0004707782483447864	-1.5812252333372527	KEGG_GENOME
ko:K01874		0.00015910374919975227	0.00047823821072315314	-1.5817358496887979	KEGG_GENOME
ko:K01875		0.00015763474214526633	0.00047013890099056557	-1.5704436911512882	KEGG_GENOME
ko:K01876		0.00016600475566911282	0.000470091962127747	-1.4961195308147275	KEGG_GENOME
ko:K01878		0.00011063827023705733	0.0002826764497626022	-1.345414709937064	KEGG_GENOME
ko:K01879		0.00011063827023705733	0.0002771047362378248	-1.316796638521322	KEGG_GENOME
ko:K01880		4.699647190820897e-05	0.00019367351210696152	-2.020056333561894	KEGG_GENOME
ko:K01881		0.00015763474214526633	0.00047525687365761844	-1.586031148497913	KEGG_GENOME
ko:K01883		0.00016392053865804332	0.0004747200247192035	-1.528341676227771	KEGG_GENOME
ko:K01884		1.3527882318246136e-06	0.0	1.2343714732840911	KEGG_GENOME
ko:K01885		0.00016586389647058863	0.0005968710793387861	-1.8411625859183411	KEGG_GENOME
ko:K01886		0.00014044404471764735	0.0004222818764881781	-1.5813872830371098	KEGG_GENOME
ko:K01887		0.00015870366409472341	0.0005003388833532361	-1.6503887194717213	KEGG_GENOME
ko:K01889		0.00015763474214526633	0.0004715386132591161	-1.5747234570647644	KEGG_GENOME
ko:K01890		0.00015763474214526633	0.0004707782483447864	-1.5724001374824361	KEGG_GENOME
ko:K01892		0.00015894482414688165	0.00047293277572086614	-1.5671081294859728	KEGG_GENOME
ko:K01893		0.00013472099049742368	0.00012459852093871167	0.11182438904602368	KEGG_GENOME
ko:K01894		9.989300273843884e-05	0.00024601874639395736	-1.2917944106487238	KEGG_GENOME
ko:K01895		0.00017448468605373406	0.00045083620970802116	-1.3644547545428016	KEGG_GENOME
ko:K01897		0.0002455399384322908	0.0010381067396646438	-2.075450577954965	KEGG_GENOME
ko:K01902		0.0001582268156261361	0.000414209690734765	-1.382756792917267	KEGG_GENOME
ko:K01903		0.0001582268156261361	0.000414209690734765	-1.382756792917267	KEGG_GENOME
ko:K01906		0.0	0.00014324885875091395	-7.172416094566383	KEGG_GENOME
ko:K01907		1.1593470707398309e-05	7.24032668906082e-05	-2.5431683346549976	KEGG_GENOME
ko:K01908		4.1707643310521924e-05	5.8598737173571315e-05	-0.4807874725139242	KEGG_GENOME
ko:K01910		5.162786421825869e-05	2.8881230973703407e-05	0.8165872655684695	KEGG_GENOME
ko:K01911		0.00010492868300017952	0.0002488119989361947	-1.2377494837715515	KEGG_GENOME
ko:K01912		7.148464839321582e-05	0.00014273077310454619	-0.9876215967925627	KEGG_GENOME
ko:K01914		7.435360290517035e-05	6.832310734378145e-05	0.12034017008713029	KEGG_GENOME
ko:K01915		0.00023467074517680543	0.0011608194574372003	-2.301541309667082	KEGG_GENOME
ko:K01916		0.00011988955017194564	0.0001939603934100374	-0.6894915255849202	KEGG_GENOME
ko:K01918		0.0001528396643410143	0.0003187867885346193	-1.0556828174628399	KEGG_GENOME
ko:K01919		0.00011378373770152688	0.0002762292023963631	-1.2721609754021974	KEGG_GENOME
ko:K01920		0.00012519106098948248	0.00027466996156638154	-1.1273323547653022	KEGG_GENOME
ko:K01921		0.00021406958637765585	0.0006866863895741268	-1.6769472691686629	KEGG_GENOME
ko:K01923		0.00015416693399579112	0.0004707782483447864	-1.6042877510700482	KEGG_GENOME
ko:K01924		0.00014377567458207898	0.0004620526976312258	-1.6773571694063463	KEGG_GENOME
ko:K01925		0.0001417325553007943	0.00044966704548648497	-1.6587475275618577	KEGG_GENOME
ko:K01926		6.013227075593275e-06	4.7898116572371616e-05	-2.8016285516731307	KEGG_GENOME
ko:K01928		0.0001577127599780208	0.0005023660267569113	-1.6651897285110266	KEGG_GENOME
ko:K01929		0.0001545733427183603	0.00044808730947318233	-1.529401076659153	KEGG_GENOME
ko:K01932		8.770905280114744e-06	0.0	3.2884922349293264	KEGG_GENOME
ko:K01933		0.0001544270642474501	0.0004707782483447864	-1.6018711640533971	KEGG_GENOME
ko:K01934		0.00014912560407989812	0.00045899317303147455	-1.6154423985312276	KEGG_GENOME
ko:K01935		0.00019822174121129522	0.0004640525683975536	-1.223018705793895	KEGG_GENOME
ko:K01937		0.00018681680826760762	0.0004870028850608352	-1.3775634972828474	KEGG_GENOME
ko:K01938		2.443386371052118e-05	0.00021693848064532363	-3.099098404070478	KEGG_GENOME
ko:K01939		0.00016158613284569378	0.0004819201019084545	-1.5705803044387383	KEGG_GENOME
ko:K01940		0.00013527638235454056	0.0004478617953512031	-1.7197357524913368	KEGG_GENOME
ko:K01941		6.857736258525605e-05	4.278206393763442e-05	0.6682780264287456	KEGG_GENOME
ko:K01945		0.00015479817868544387	0.00047157485035923365	-1.6008644854650962	KEGG_GENOME
ko:K01950		3.741405557844053e-05	0.00030792836850182867	-3.007566167815028	KEGG_GENOME
ko:K01951		0.00023983799550085283	0.0005679787225274488	-1.2403116876517815	KEGG_GENOME
ko:K01952		0.00013685612693145702	0.00026607659096828957	-0.9540901420705296	KEGG_GENOME
ko:K01953		0.00019279342075971434	0.0003355770140270425	-0.7964170611170199	KEGG_GENOME
ko:K01955		0.0001839000658337951	0.0005944160177541893	-1.6871522947562523	KEGG_GENOME
ko:K01956		0.00015677379241439918	0.000523704998724469	-1.7336489530342902	KEGG_GENOME
ko:K01957		1.2514642131293613e-06	0.0	1.1708635463223867	KEGG_GENOME
ko:K01958		1.814253903607669e-05	4.7061992416064545e-05	-1.3281142575133165	KEGG_GENOME
ko:K01959		5.08000074490498e-06	8.577440124558237e-05	-3.8351260997722445	KEGG_GENOME
ko:K01960		7.736819470163354e-06	8.577440124558237e-05	-3.3120894199806523	KEGG_GENOME
ko:K01961		0.00017418169134328997	0.00038109052344742077	-1.1250624733150294	KEGG_GENOME
ko:K01962		0.000154356614437489	0.0003593580066166872	-1.2138472335185657	KEGG_GENOME
ko:K01963		0.00015144107886549228	0.00032937597427372736	-1.1158570507288736	KEGG_GENOME
ko:K01965		7.555745295057052e-06	1.1176652725303098e-05	-0.5091521620458473	KEGG_GENOME
ko:K01966		1.4449033695090848e-05	1.4619806001904286e-05	-0.015859931930073	KEGG_GENOME
ko:K01968		3.318630636147944e-05	0.00015451408679515024	-2.1855548074429754	KEGG_GENOME
ko:K01969		6.315708846068068e-05	0.00019574772768758282	-1.6166663967575838	KEGG_GENOME
ko:K01971		1.4136581911679536e-05	0.00013696451064665812	-3.188185839494594	KEGG_GENOME
ko:K01972		0.00021686573565047937	0.0005395603741690768	-1.3110164412109644	KEGG_GENOME
ko:K01974		1.7077791769803624e-05	7.938024072960928e-05	-2.1526224370223184	KEGG_GENOME
ko:K01975		8.317188613525576e-05	0.00020750520728808538	-1.3086730636115016	KEGG_GENOME
ko:K01977		0.000914630091481376	0.002183005715799392	-1.254139850112583	KEGG_GENOME
ko:K01978		0.00011245507017573274	0.00017695987174672586	-0.6494308810739183	KEGG_GENOME
ko:K01980		0.0008590121159168011	0.002183459587272369	-1.344847526152797	KEGG_GENOME
ko:K01983		9.053944680206241e-05	0.00016191965116943503	-0.8316951519972385	KEGG_GENOME
ko:K01985		0.0009977255560124482	0.0022514891891685174	-1.1733599884695824	KEGG_GENOME
ko:K01989		1.7160676529254565e-05	0.00020247711237593823	-3.4859766729708865	KEGG_GENOME
ko:K01990		0.0004260035723388737	0.0026014423010198118	-2.6075461330721597	KEGG_GENOME
ko:K01991		0.00017625061225523151	0.00025908324591353754	-0.5531828557019339	KEGG_GENOME
ko:K01992		0.0004188698390180764	0.0019063113312421944	-2.183526292325678	KEGG_GENOME
ko:K01993		0.00011891936140496404	0.00024384862660396458	-1.0298254979828902	KEGG_GENOME
ko:K01995		0.0002013377523245755	0.0004939191582732966	-1.2904273657747585	KEGG_GENOME
ko:K01996		0.0001894409216402698	0.0004911152728045125	-1.3696527752667624	KEGG_GENOME
ko:K01997		0.00020189702017584603	0.0005050594383510781	-1.3185591668926324	KEGG_GENOME
ko:K01998		0.00019574536908125933	0.0004944116701857113	-1.3322981753732173	KEGG_GENOME
ko:K01999		0.00027927962277258465	0.0007233011315954953	-1.3697227696379952	KEGG_GENOME
ko:K02000		0.00010063355242114844	0.00037211401937749754	-1.8762398093671016	KEGG_GENOME
ko:K02001		0.00010022626343477486	0.000380441755805557	-1.9138791319355468	KEGG_GENOME
ko:K02002		0.00012623899909827496	0.0008827866051501475	-2.796157137135928	KEGG_GENOME
ko:K02003		0.0004948891846213678	0.0018823515700705166	-1.925212671152265	KEGG_GENOME
ko:K02004		0.0007365745671252423	0.0016175125636820511	-1.1338077494289094	KEGG_GENOME
ko:K02005		0.0002098036765598884	0.0002993260532793825	-0.5106296053111599	KEGG_GENOME
ko:K02006		3.0463464212059017e-05	0.0001890011729261732	-2.5942588954948356	KEGG_GENOME
ko:K02007		3.0463464212059017e-05	0.0001890011729261732	-2.5942588954948356	KEGG_GENOME
ko:K02008		3.0463464212059017e-05	0.0001890011729261732	-2.5942588954948356	KEGG_GENOME
ko:K02009		3.1643438630213634e-05	0.00018849114918312434	-2.5372655214668782	KEGG_GENOME
ko:K02010		0.00020899302469681708	0.0003919080671557873	-0.9038503824680154	KEGG_GENOME
ko:K02011		0.00021785374127047765	0.00042768453350174626	-0.9699493203027306	KEGG_GENOME
ko:K02012		0.00022147223071137338	0.00046015290079196356	-1.0516199047234056	KEGG_GENOME
ko:K02013		0.00023944817257361435	0.00127939369032671	-2.4127896057688787	KEGG_GENOME
ko:K02014		0.001314215161092921	0.0033356658633811732	-1.343108386178101	KEGG_GENOME
ko:K02015		0.0002767661122311132	0.0011346669067383572	-2.0315972468902896	KEGG_GENOME
ko:K02016		0.0002979938215921987	0.0011921388731377153	-1.9965743945648595	KEGG_GENOME
ko:K02017		0.00011270408157440918	0.0004108825228860986	-1.856948867857724	KEGG_GENOME
ko:K02018		0.00011557271413277517	0.00041042746729916154	-1.8194079725703647	KEGG_GENOME
ko:K02019		0.00012248609431183202	0.0002604304173093433	-1.0820784177932021	KEGG_GENOME
ko:K02020		0.00018367233530653602	0.00046288088170306075	-1.3287866277440417	KEGG_GENOME
ko:K02021		5.592678512705447e-07	0.00014418988288630099	-6.540928341112388	KEGG_GENOME
ko:K02022		0.0	1.013038822686802e-06	-1.0093749957851508	KEGG_GENOME
ko:K02024		0.0001492936951704234	0.00015492082315917528	-0.05302912282774742	KEGG_GENOME
ko:K02025		9.087239919405732e-05	0.0005702146037032003	-2.636329454430167	KEGG_GENOME
ko:K02026		9.545695682749622e-05	0.0005702146037032003	-2.566075664290072	KEGG_GENOME
ko:K02027		0.0001101570680425266	0.0005988304182229483	-2.4319549984975755	KEGG_GENOME
ko:K02028		0.00040682418487049036	0.0006872829848033068	-0.7550545123304632	KEGG_GENOME
ko:K02029		0.0006985136353734315	0.0012161409556557278	-0.7990721698105505	KEGG_GENOME
ko:K02030		0.0008447929898978103	0.0022165666419401123	-1.3906009526241472	KEGG_GENOME
ko:K02031		0.00045558165443029765	0.0008060236760419297	-0.8217381062976179	KEGG_GENOME
ko:K02032		0.00044297783471872025	0.0007745106589356249	-0.8046589575506986	KEGG_GENOME
ko:K02033		0.00045525476554971687	0.000836398116660782	-0.8760740455981461	KEGG_GENOME
ko:K02034		0.00045743448155058315	0.00083642351180864	-0.8692418625345897	KEGG_GENOME
ko:K02035		0.0004864120561379656	0.0008441709931498323	-0.7941013172691154	KEGG_GENOME
ko:K02036		0.00016663692942033584	0.0005197460879838657	-1.6352400951046575	KEGG_GENOME
ko:K02037		0.00016566950829418025	0.0005181657164942578	-1.639204925442408	KEGG_GENOME
ko:K02038		0.00016663692942033584	0.0005188050638484787	-1.6326306871554237	KEGG_GENOME
ko:K02039		0.00014254311519294413	0.0004202815098899624	-1.5533004614496662	KEGG_GENOME
ko:K02040		0.0001825233900254489	0.0006309323236095921	-1.7838061161379475	KEGG_GENOME
ko:K02041		6.833064184250181e-05	0.00021787209612147935	-1.6585230161319948	KEGG_GENOME
ko:K02042		0.00011138426863538083	0.00033215882519927565	-1.567770006714518	KEGG_GENOME
ko:K02043		5.645400293319593e-05	0.00010125731385015059	-0.8317247172677735	KEGG_GENOME
ko:K02044		6.888990969377235e-05	0.00022325949067189766	-1.6820129536840105	KEGG_GENOME
ko:K02045		7.774321210673321e-05	0.00023682219324960228	-1.5946558822653822	KEGG_GENOME
ko:K02046		7.960184682801235e-05	0.00024121666763750693	-1.5874133438361075	KEGG_GENOME
ko:K02047		7.960184682801235e-05	0.00024121666763750693	-1.5874133438361075	KEGG_GENOME
ko:K02048		6.112766243563667e-05	0.0001931580872644702	-1.643924122301572	KEGG_GENOME
ko:K02049		0.00016240825371075218	0.0003408433023230997	-1.0648543036299185	KEGG_GENOME
ko:K02050		0.0001550280300408063	0.0003463742894190833	-1.1546857494005878	KEGG_GENOME
ko:K02051		0.00018942439407543452	0.0003851764810811626	-1.0200419988524958	KEGG_GENOME
ko:K02052		0.00011930737190095632	0.0004597417171827918	-1.9372331834004328	KEGG_GENOME
ko:K02053		0.0001497131561942484	0.0005330103075669778	-1.8250622298294954	KEGG_GENOME
ko:K02054		0.00013807879531041274	0.0004583629897706406	-1.723732149768444	KEGG_GENOME
ko:K02055		0.00012489557035779463	0.0006428223452858256	-2.35443512697359	KEGG_GENOME
ko:K02056		7.172171057010296e-05	8.271715861835101e-05	-0.20313721178523997	KEGG_GENOME
ko:K02057		8.995793909677748e-05	7.946127029616835e-05	0.1769050514215254	KEGG_GENOME
ko:K02058		7.246768972762833e-05	6.518118908913828e-05	0.15068869516228905	KEGG_GENOME
ko:K02062		7.205107599887013e-05	4.402783655162921e-05	0.6980883609171313	KEGG_GENOME
ko:K02063		7.205107599887013e-05	4.402783655162921e-05	0.6980883609171313	KEGG_GENOME
ko:K02064		7.205107599887013e-05	4.402783655162921e-05	0.6980883609171313	KEGG_GENOME
ko:K02065		0.00017771736076562734	0.0003424424946194147	-0.942388771171956	KEGG_GENOME
ko:K02066		0.00018044474862932981	0.0003719507191187893	-1.0394547055827084	KEGG_GENOME
ko:K02067		0.00017943306980902827	0.0003729637579414761	-1.0514346803006929	KEGG_GENOME
ko:K02068		4.954380810806961e-05	7.209903881875442e-05	-0.5323180713175255	KEGG_GENOME
ko:K02069		5.25612169796859e-05	0.0002169338442420429	-2.0246296125076015	KEGG_GENOME
ko:K02071		0.0002254932999984649	0.0006237260435661734	-1.4637553003144368	KEGG_GENOME
ko:K02072		0.0002273095360137181	0.0006327485405079645	-1.4729194004757584	KEGG_GENOME
ko:K02073		0.0003166481641299397	0.0007724148185816693	-1.2838127256315974	KEGG_GENOME
ko:K02074		6.855974422053975e-05	0.00020175751230106827	-1.5434308354408541	KEGG_GENOME
ko:K02075		7.087763465547843e-05	0.00021123078660323805	-1.5620191129042553	KEGG_GENOME
ko:K02076		1.045438958910067e-06	2.996435971149821e-05	-3.920126224668333	KEGG_GENOME
ko:K02077		7.018910013235744e-05	0.00020391079164036388	-1.5252676959221807	KEGG_GENOME
ko:K02078		0.0003559668594377549	0.0008800882720741446	-1.303496421553491	KEGG_GENOME
ko:K02079		1.2983864999965264e-05	1.7706153845301898e-05	-0.4197497956382343	KEGG_GENOME
ko:K02080		5.467497479381631e-06	0.0	2.693207586639536	KEGG_GENOME
ko:K02081		1.835192127444413e-05	0.00017296836610201767	-3.168276283955994	KEGG_GENOME
ko:K02082		1.682423546947946e-05	2.3910879590157115e-05	-0.4829357664521291	KEGG_GENOME
ko:K02083		5.176535676848799e-05	4.4081713611864804e-05	0.2270486800499745	KEGG_GENOME
ko:K02086		2.090877917820134e-06	5.3001132983575665e-05	-4.126901098919368	KEGG_GENOME
ko:K02099		7.082634601876436e-05	3.0091800224499265e-05	1.2079789724062149	KEGG_GENOME
ko:K02100		5.500534027665463e-05	1.6680767252386183e-05	1.6633835175440237	KEGG_GENOME
ko:K02103		8.77961757907043e-06	2.5698848049136198e-05	-1.448927540178932	KEGG_GENOME
ko:K02106		3.8047216449702166e-05	0.0001002722312590252	-1.3749470308143448	KEGG_GENOME
ko:K02107		2.7790438653204963e-06	8.742848350049659e-07	1.0116810488277188	KEGG_GENOME
ko:K02108		0.0001702191366427174	0.0004788393445411096	-1.4867075002118535	KEGG_GENOME
ko:K02109		0.00017874230306393	0.0004844442837416352	-1.433375728822921	KEGG_GENOME
ko:K02110		0.00016937166177882188	0.0004788393445411096	-1.4938660671148352	KEGG_GENOME
ko:K02111		0.0001702191366427174	0.0004788393445411096	-1.4867075002118535	KEGG_GENOME
ko:K02112		0.0001702191366427174	0.0004788393445411096	-1.4867075002118535	KEGG_GENOME
ko:K02113		0.00015572835345548913	0.0004707782483447864	-1.5898427047927985	KEGG_GENOME
ko:K02114		0.00017358768814330374	0.0004788393445411096	-1.4585996323497687	KEGG_GENOME
ko:K02115		0.0001702191366427174	0.0004788393445411096	-1.4867075002118535	KEGG_GENOME
ko:K02116		0.00011870782463354872	0.0002765065187287601	-1.213004204990063	KEGG_GENOME
ko:K02117		1.9063886897771811e-06	3.572085580026326e-06	-0.6536247514615803	KEGG_GENOME
ko:K02118		1.9063886897771811e-06	3.572085580026326e-06	-0.6536247514615803	KEGG_GENOME
ko:K02119		1.9063886897771811e-06	0.0	1.5392276566236323	KEGG_GENOME
ko:K02120		1.9063886897771811e-06	3.572085580026326e-06	-0.6536247514615803	KEGG_GENOME
ko:K02121		1.9063886897771811e-06	3.572085580026326e-06	-0.6536247514615803	KEGG_GENOME
ko:K02122		1.9063886897771811e-06	0.0	1.5392276566236323	KEGG_GENOME
ko:K02123		1.9063886897771811e-06	3.572085580026326e-06	-0.6536247514615803	KEGG_GENOME
ko:K02124		1.9063886897771811e-06	3.572085580026326e-06	-0.6536247514615803	KEGG_GENOME
ko:K02160		0.0001923814654049734	0.0003893215570625547	-1.0132136168378183	KEGG_GENOME
ko:K02164		7.236424362557334e-06	5.1863043236259965e-05	-2.6821694123957314	KEGG_GENOME
ko:K02167		7.456524382844444e-05	0.00010332265211997004	-0.4652577260274148	KEGG_GENOME
ko:K02168		9.673093029632191e-05	0.0002986340548535106	-1.61631447258097	KEGG_GENOME
ko:K02169		0.00010064605178548638	0.0002488131478255915	-1.2972952309108847	KEGG_GENOME
ko:K02170		9.708455302010884e-05	0.00015528899054351072	-0.6721182995862541	KEGG_GENOME
ko:K02171		0.0001150773818247653	0.00031329965778748795	-1.4370538170395977	KEGG_GENOME
ko:K02172		9.357694635973359e-05	0.00010483710796513608	-0.1622850782958209	KEGG_GENOME
ko:K02173		1.2006763339340984e-05	5.305564123624464e-06	1.0445646487738365	KEGG_GENOME
ko:K02182		1.1959025337370823e-05	1.5022093506674425e-05	-0.30610545238122927	KEGG_GENOME
ko:K02188		3.626376215091045e-05	0.00010763104047074415	-1.543591159588105	KEGG_GENOME
ko:K02189		3.6963690351071635e-05	0.00013997724049312748	-1.8927701263897452	KEGG_GENOME
ko:K02190		3.101827508812759e-05	1.2885411396634838e-05	1.205325666104024	KEGG_GENOME
ko:K02191		3.101827508812759e-05	1.2885411396634838e-05	1.205325666104024	KEGG_GENOME
ko:K02192		9.081276492812573e-05	0.00023055330022402225	-1.3345776655436228	KEGG_GENOME
ko:K02193		8.024692850997083e-05	0.00023415528643761603	-1.5332285862698078	KEGG_GENOME
ko:K02194		9.778672023731585e-05	0.00023520331331740944	-1.2576401816811742	KEGG_GENOME
ko:K02195		9.778672023731585e-05	0.00023584266067163027	-1.2615399456351988	KEGG_GENOME
ko:K02196		7.475903794268535e-05	0.00018253887845833054	-1.2765957815751114	KEGG_GENOME
ko:K02197		8.375217548118569e-05	0.00023584266067163027	-1.4826066600911643	KEGG_GENOME
ko:K02198		0.00010081291628576887	0.00023967651992537977	-1.2411748037506667	KEGG_GENOME
ko:K02199		8.730076126567443e-05	0.0002493528870331512	-1.5034653115480576	KEGG_GENOME
ko:K02200		9.467934137672824e-05	0.0003757350441723467	-1.9772708764142632	KEGG_GENOME
ko:K02203		4.9482305078929745e-06	7.187988837224614e-05	-3.6149882880074116	KEGG_GENOME
ko:K02204		1.3487788209155146e-05	0.0001965018693763714	-3.7689570420983958	KEGG_GENOME
ko:K02205		4.275162752931202e-06	6.016281302860836e-05	-3.535367250693684	KEGG_GENOME
ko:K02217		0.0001164567771709075	0.00023077750154772017	-0.9806105737046686	KEGG_GENOME
ko:K02221		0.0001052752517981986	0.0004177693615299105	-1.9783502169077742	KEGG_GENOME
ko:K02224		4.152720320720898e-05	0.00028004300905077803	-2.7243330436448527	KEGG_GENOME
ko:K02225		1.4316873048933023e-05	0.0001273088722836871	-3.0664272279828904	KEGG_GENOME
ko:K02226		9.410573181553132e-05	0.00017217285222936223	-0.8646085840562121	KEGG_GENOME
ko:K02227		6.803744633415151e-05	0.00033149823810331224	-2.267895689903856	KEGG_GENOME
ko:K02228		2.7156914689228992e-06	0.00018765255549173316	-5.665957119793689	KEGG_GENOME
ko:K02229		5.945415262944035e-06	7.224425199674855e-05	-3.3985826853998415	KEGG_GENOME
ko:K02230		1.467913705621009e-05	0.0005711884534984665	-5.189572320907895	KEGG_GENOME
ko:K02231		9.264923639804014e-05	0.00017814045157209577	-0.935752011896766	KEGG_GENOME
ko:K02232		7.277482160333703e-05	0.00029076642801892133	-1.9836134575500273	KEGG_GENOME
ko:K02233		9.264923639804014e-05	0.0003204482861876227	-1.779247522870963	KEGG_GENOME
ko:K02234		5.945415262944035e-06	7.719102167756564e-05	-3.4928700989556076	KEGG_GENOME
ko:K02236		1.045438958910067e-06	2.996435971149821e-05	-3.920126224668333	KEGG_GENOME
ko:K02237		0.00010431634870906388	0.00042533216519432995	-2.0172484959497083	KEGG_GENOME
ko:K02238		0.0001455755970451177	0.00045354509618976305	-1.63277850047778	KEGG_GENOME
ko:K02240		1.045438958910067e-06	2.996435971149821e-05	-3.920126224668333	KEGG_GENOME
ko:K02242		1.045438958910067e-06	2.996435971149821e-05	-3.920126224668333	KEGG_GENOME
ko:K02245		1.045438958910067e-06	2.996435971149821e-05	-3.920126224668333	KEGG_GENOME
ko:K02250		2.090877917820134e-06	5.992871942299642e-05	-4.301033841170187	KEGG_GENOME
ko:K02255		3.8858538156998124e-05	1.4802804540284196e-05	1.334708181454839	KEGG_GENOME
ko:K02257		0.00016092690711615358	0.0004648467377799128	-1.5245126547548704	KEGG_GENOME
ko:K02258		3.575947640360607e-05	0.00012242215258275686	-1.747413239334265	KEGG_GENOME
ko:K02259		8.380138727072512e-05	0.00048453710007687767	-2.5174217655156808	KEGG_GENOME
ko:K02274		9.459599417146696e-05	0.0003968940421626607	-2.0573622268199525	KEGG_GENOME
ko:K02275		9.363989575422038e-05	0.00042821879204437606	-2.1811928518449055	KEGG_GENOME
ko:K02276		0.0001401047979645341	0.000456510300114402	-1.6970371792345158	KEGG_GENOME
ko:K02277		2.640882939558339e-05	8.29556926707054e-05	-1.614987437981744	KEGG_GENOME
ko:K02278		3.5476995633307614e-05	0.00015002982470910551	-2.049774660443706	KEGG_GENOME
ko:K02279		3.577788800698062e-05	0.00017391064038283172	-2.2497075161741606	KEGG_GENOME
ko:K02280		3.844490162952907e-05	0.00018981628214300467	-2.274273535382857	KEGG_GENOME
ko:K02281		1.6917120389410644e-05	3.836115040737281e-05	-1.135433598491446	KEGG_GENOME
ko:K02282		3.706623567532901e-05	0.00017093256402399352	-2.1752590014324356	KEGG_GENOME
ko:K02283		4.06458382542061e-05	0.0004755350120908624	-3.5163379793361833	KEGG_GENOME
ko:K02291		4.548711762687879e-05	0.00010118116376370088	-1.1362263907967995	KEGG_GENOME
ko:K02297		8.281104913126045e-05	0.00019389560150368312	-1.2174891739553124	KEGG_GENOME
ko:K02298		8.364535860668003e-05	0.0001813281219273925	-1.1070342294375408	KEGG_GENOME
ko:K02299		8.364535860668003e-05	0.00019344071529801634	-1.1998274790382513	KEGG_GENOME
ko:K02300		8.364535860668003e-05	0.00019344071529801634	-1.1998274790382513	KEGG_GENOME
ko:K02302		0.00014894406240962993	0.0002564898193257942	-0.7800909974276284	KEGG_GENOME
ko:K02303		8.067694593058043e-05	0.00035873694228738155	-2.138941494052617	KEGG_GENOME
ko:K02305		9.94072215444004e-06	7.795382862979052e-05	-2.8513012590113886	KEGG_GENOME
ko:K02313		0.00016536872356619247	0.0004898889643888785	-1.5610124940414554	KEGG_GENOME
ko:K02314		0.00021132598780093678	0.0005280690922987415	-1.3171751775588683	KEGG_GENOME
ko:K02315		4.830027284273798e-05	5.0782812865772566e-05	-0.07087770427311518	KEGG_GENOME
ko:K02316		0.00015669476236676604	0.0004707782483447864	-1.580974160057596	KEGG_GENOME
ko:K02317		4.582185470294228e-05	2.6427861801038863e-05	0.7715399253610227	KEGG_GENOME
ko:K02334		2.1433286751656795e-06	0.0	1.6522931322194003	KEGG_GENOME
ko:K02335		0.00015220817890816514	0.00046850722176128474	-1.615654032420719	KEGG_GENOME
ko:K02336		8.850851350278391e-05	0.00016027850792642355	-0.8494573825190336	KEGG_GENOME
ko:K02337		0.00017035558330057225	0.0004636259399372479	-1.4390765015215417	KEGG_GENOME
ko:K02338		0.00016171145674833128	0.0004707782483447864	-1.5357930668547746	KEGG_GENOME
ko:K02339		0.00010293168712008448	0.00018382920210404107	-0.8305571373728802	KEGG_GENOME
ko:K02340		0.00015763474214526633	0.0004707782483447864	-1.5724001374824361	KEGG_GENOME
ko:K02341		0.00015763474214526633	0.0004707782483447864	-1.5724001374824361	KEGG_GENOME
ko:K02342		0.00030239069682437434	0.0008076272850875684	-1.4142980370883698	KEGG_GENOME
ko:K02343		0.00015491726129381714	0.00045999265497937846	-1.5639631094882243	KEGG_GENOME
ko:K02344		6.731477136477635e-05	3.3044537753230004e-05	1.004774214219877	KEGG_GENOME
ko:K02345		0.00010691875204273735	5.173791681826331e-05	1.0330330803170649	KEGG_GENOME
ko:K02346		0.00014767918279973252	0.00039193030117348933	-1.4020707631068838	KEGG_GENOME
ko:K02347		2.767200033900583e-05	4.655101705535726e-05	-0.7298336392491576	KEGG_GENOME
ko:K02348		0.00012638444440942267	0.00035613020208886796	-1.4872610329353335	KEGG_GENOME
ko:K02351		5.03168029305566e-06	2.0468969375735825e-05	-1.8316210696162167	KEGG_GENOME
ko:K02352		0.0	1.038098204090107e-06	-1.0272235682556432	KEGG_GENOME
ko:K02355		0.00022224614795665553	0.0006046554839652381	-1.4398620940483249	KEGG_GENOME
ko:K02356		0.0002435847216013997	0.0005100372009556005	-1.063094029685885	KEGG_GENOME
ko:K02357		0.00015763474214526633	0.0004707782483447864	-1.5724001374824361	KEGG_GENOME
ko:K02358		0.0002628977459886147	0.0007128664448721431	-1.435675161693475	KEGG_GENOME
ko:K02361		9.995942815685603e-05	8.243180994064921e-05	0.275106195721727	KEGG_GENOME
ko:K02362		8.430670266304811e-05	0.0001684551689339784	-0.9901726387747111	KEGG_GENOME
ko:K02363		7.08519750781728e-05	6.975174717079392e-05	0.022262039402111026	KEGG_GENOME
ko:K02364		5.1007434667772277e-05	4.1071939137556886e-05	0.3058595620491423	KEGG_GENOME
ko:K02371		2.7919310709893837e-05	5.931526742023993e-05	-1.06049006721554	KEGG_GENOME
ko:K02372		0.00018714576860751742	0.00038814113426617527	-1.0484426452269198	KEGG_GENOME
ko:K02377		5.145664392001556e-05	5.5731218952573065e-05	-0.11301735316908756	KEGG_GENOME
ko:K02379		0.00010144618076918524	0.00023572323737928807	-1.2083351306292704	KEGG_GENOME
ko:K02380		6.895014913899173e-05	0.00011783761352551199	-0.7645925002072607	KEGG_GENOME
ko:K02381		1.1701091011248863e-05	8.515027312326641e-06	0.4166727256187935	KEGG_GENOME
ko:K02385		3.702257684168442e-06	3.0905383846885236e-05	-2.7623743847858697	KEGG_GENOME
ko:K02386		0.00010525359063167329	0.00022492669837990476	-1.0883431729267665	KEGG_GENOME
ko:K02387		0.0001095491621513941	0.00028374950577056266	-1.3650052468464045	KEGG_GENOME
ko:K02388		0.00010696363000208824	0.00028374950577056266	-1.3991479482226028	KEGG_GENOME
ko:K02389		0.00010917294741473858	0.0002829723636950027	-1.3659805142693304	KEGG_GENOME
ko:K02390		0.00010696363000208824	0.0002868031226348686	-1.4145368555796334	KEGG_GENOME
ko:K02391		0.000106419420607728	0.00028374950577056266	-1.4064384927946763	KEGG_GENOME
ko:K02392		0.00010696363000208824	0.0002935943386132216	-1.4481843158706398	KEGG_GENOME
ko:K02393		0.00010747530470659448	0.0002582637713718964	-1.2570539843463102	KEGG_GENOME
ko:K02394		0.00010591819104317817	0.0002537851460590644	-1.2527738372768356	KEGG_GENOME
ko:K02395		0.00010117069034081845	0.0002498913499753879	-1.2960813411965315	KEGG_GENOME
ko:K02396		0.00010354368907813706	0.00025521232149973856	-1.2932338836462918	KEGG_GENOME
ko:K02397		0.00010212393056661156	0.00025521232149973856	-1.3129606998019734	KEGG_GENOME
ko:K02398		9.567549425411812e-05	0.00023934195306203992	-1.3138663608897148	KEGG_GENOME
ko:K02399		9.060110831467196e-05	0.0001938666459374414	-1.089050215728682	KEGG_GENOME
ko:K02400		0.00011185345645293638	0.0003034478508595445	-1.4317445230104198	KEGG_GENOME
ko:K02401		0.00011174921324150913	0.00029727826325541844	-1.4035414800151618	KEGG_GENOME
ko:K02402		5.825293297798694e-05	7.521366846463498e-05	-0.3631631914759175	KEGG_GENOME
ko:K02403		5.887595670131701e-05	7.348610754690348e-05	-0.3149945701666585	KEGG_GENOME
ko:K02404		3.09355577482225e-05	0.0001614493037227453	-2.3467540078875757	KEGG_GENOME
ko:K02405		9.949239343412224e-05	0.0002851438682289529	-1.5096543880449431	KEGG_GENOME
ko:K02406		0.00023058661226213283	0.00037762778249120937	-0.709228419948658	KEGG_GENOME
ko:K02407		9.321068590460327e-05	0.0002742601873720772	-1.546833346083929	KEGG_GENOME
ko:K02408		0.0001108749115218473	0.0002843831940319702	-1.3510138368615212	KEGG_GENOME
ko:K02409		0.0001112496415235668	0.000297776574644451	-1.4123562014928681	KEGG_GENOME
ko:K02410		0.00011031712058347652	0.0002697742526424404	-1.2824150662037115	KEGG_GENOME
ko:K02411		0.00010085792664791288	0.00026717019703260405	-1.3965906568153201	KEGG_GENOME
ko:K02412		0.00010717618329408727	0.0002843831940319702	-1.3995174763746636	KEGG_GENOME
ko:K02413		8.668547312508462e-05	0.00020392990784688758	-1.2247207933568545	KEGG_GENOME
ko:K02414		9.600281141081306e-05	0.0001756889573687284	-0.8651134114397736	KEGG_GENOME
ko:K02415		0.00012991233923286986	0.00035022424471325666	-1.4237913504233142	KEGG_GENOME
ko:K02416		0.00010876735167708633	0.0002558863619271912	-1.2266812852536486	KEGG_GENOME
ko:K02417		0.00011346728968362944	0.0003028616919054272	-1.4084794136981338	KEGG_GENOME
ko:K02418		8.874568478241424e-05	0.00020113005259810664	-1.1713693598644717	KEGG_GENOME
ko:K02419		0.00011303756090985751	0.00030280433158131573	-1.4136333519797875	KEGG_GENOME
ko:K02420		0.00010868781381460311	0.0002899549075567476	-1.4073923273882256	KEGG_GENOME
ko:K02421		0.00011118320925231302	0.00029663870460041935	-1.4077053848259213	KEGG_GENOME
ko:K02422		9.78882075597636e-05	0.0002706178288639139	-1.4577077858436103	KEGG_GENOME
ko:K02423		6.111751925085614e-05	0.00018287900048889337	-1.5656846092668613	KEGG_GENOME
ko:K02424		6.786753748303123e-05	0.00023621370358590737	-1.7842913590748488	KEGG_GENOME
ko:K02425		4.620190085251872e-05	2.4712442567842864e-05	0.8763782927607286	KEGG_GENOME
ko:K02426		0.0002054565946597886	0.00022262207846021357	-0.11522413214542791	KEGG_GENOME
ko:K02427		0.00010768644258837009	0.0002471403765263265	-1.190984512972987	KEGG_GENOME
ko:K02429		0.0001736023745834902	0.00025992623731545397	-0.5795688412923765	KEGG_GENOME
ko:K02430		3.862946699959242e-05	1.2226396949242276e-05	1.583153458418232	KEGG_GENOME
ko:K02431		4.140507141202884e-05	1.6291234449530313e-05	1.2941959444376545	KEGG_GENOME
ko:K02433		6.841340329036808e-05	0.0004993017820470159	-2.849512421010788	KEGG_GENOME
ko:K02434		3.7800363897465415e-05	0.0003918564596264269	-3.3398601942159223	KEGG_GENOME
ko:K02435		3.7800363897465415e-05	0.0003874619852385223	-3.323631335669896	KEGG_GENOME
ko:K02436		2.469205983721847e-05	7.904896193243039e-06	1.5286518629654169	KEGG_GENOME
ko:K02437		0.00016553200995345446	0.0007535501287059529	-2.1798172380964425	KEGG_GENOME
ko:K02438		6.20139901380399e-05	0.00018498866045767745	-1.5614705931247235	KEGG_GENOME
ko:K02439		8.953848569353477e-05	0.00012992671515642354	-0.5321564223731744	KEGG_GENOME
ko:K02440		9.665047774644366e-05	0.0003273471863391643	-1.7495230851012071	KEGG_GENOME
ko:K02441		9.259988512044081e-05	0.00013287096255843654	-0.5162644008640839	KEGG_GENOME
ko:K02442		5.430372221072239e-06	5.649917944033384e-05	-3.1605672125263986	KEGG_GENOME
ko:K02443		4.886682366244865e-06	4.910978372564202e-05	-3.089565621205719	KEGG_GENOME
ko:K02444		0.00011393433448994439	0.00018843425255826132	-0.7208873747058575	KEGG_GENOME
ko:K02445		6.60869348846438e-05	0.00011212977723867813	-0.7538749801011315	KEGG_GENOME
ko:K02446		8.242599031133258e-05	0.00011313678568378781	-0.4521950273840055	KEGG_GENOME
ko:K02448		1.1247884357583504e-05	8.245838110203562e-05	-2.7685243696170407	KEGG_GENOME
ko:K02450		3.541653031218008e-05	5.150667198387847e-05	-0.5279072845999356	KEGG_GENOME
ko:K02451		6.55445671389522e-05	6.655650684799598e-05	-0.021773846673832926	KEGG_GENOME
ko:K02452		8.120643483708475e-05	0.00017613153438377733	-1.1074978425096969	KEGG_GENOME
ko:K02453		9.053796776838757e-05	0.00033448058693238167	-1.8737871170347997	KEGG_GENOME
ko:K02454		9.824587604240876e-05	0.00048444952312442146	-2.2902422321072637	KEGG_GENOME
ko:K02455		9.283185518199685e-05	0.0003541351841432245	-1.9202186041858964	KEGG_GENOME
ko:K02456		0.00010047904213229418	0.0006178812294584981	-2.6084807590823105	KEGG_GENOME
ko:K02457		8.320455414846916e-05	0.0002118018750082519	-1.33754069481914	KEGG_GENOME
ko:K02458		8.707845177666445e-05	0.00024941332963921754	-1.5074503448978962	KEGG_GENOME
ko:K02459		8.667387107501679e-05	0.00022898984059533344	-1.3913512800381977	KEGG_GENOME
ko:K02460		8.118634954638631e-05	0.00020202239487953472	-1.3046681766355643	KEGG_GENOME
ko:K02461		8.078732855573732e-05	0.0001995343638637401	-1.293900233714105	KEGG_GENOME
ko:K02462		7.82738048686772e-05	0.00017882942782754363	-1.1817129995744824	KEGG_GENOME
ko:K02463		4.262974947697767e-05	7.495713946179268e-05	-0.7998733850106139	KEGG_GENOME
ko:K02464		5.005241840728417e-05	2.092781950437158e-05	1.2192169467255765	KEGG_GENOME
ko:K02465		3.598229964479055e-05	1.7407933631956584e-05	1.0065072504554082	KEGG_GENOME
ko:K02466		3.4577048642359845e-05	1.3804672209790962e-05	1.2648942860621037	KEGG_GENOME
ko:K02467		3.7588424795054126e-05	1.3852003917064232e-05	1.3775105525168203	KEGG_GENOME
ko:K02468		3.4577048642359845e-05	1.3804672209790962e-05	1.2648942860621037	KEGG_GENOME
ko:K02469		0.00016207624381014616	0.0006323498422693013	-1.9574559863475451	KEGG_GENOME
ko:K02470		0.0001647330625354045	0.0006342367785610937	-1.9384330048045884	KEGG_GENOME
ko:K02471		4.061415370766939e-05	7.580274650718631e-05	-0.8840836055526625	KEGG_GENOME
ko:K02472		6.987457649783168e-05	7.222316674924586e-05	-0.047031959106462656	KEGG_GENOME
ko:K02473		2.7611779456254898e-05	6.104762323907514e-05	-1.1167667221808586	KEGG_GENOME
ko:K02474		5.0786612698102145e-05	0.00010372117216509844	-1.0159020491928	KEGG_GENOME
ko:K02475		7.217102471832596e-06	1.0191811403627447e-05	-0.44574189336097	KEGG_GENOME
ko:K02476		2.206797945523487e-06	1.0928601313142279e-05	-1.8952195297202998	KEGG_GENOME
ko:K02477		0.0003741920580018043	0.0002634710479229718	0.5045194926627773	KEGG_GENOME
ko:K02478		4.802540456873173e-05	4.491180156394602e-06	3.158341386340928	KEGG_GENOME
ko:K02480		1.3082992730282916e-05	5.622988374019962e-05	-2.0228147272085866	KEGG_GENOME
ko:K02481		2.8779071912582534e-05	5.8237259728805213e-05	-0.992206112247265	KEGG_GENOME
ko:K02482		7.723199433981877e-05	0.00018249384629414795	-1.2299010325673287	KEGG_GENOME
ko:K02483		0.0001701032975617286	0.0010774515085332631	-2.6560218393288646	KEGG_GENOME
ko:K02484		5.591599684704976e-05	0.00026277866138658636	-2.2124217617459503	KEGG_GENOME
ko:K02485		6.267653478796888e-05	2.9747107323608505e-05	1.0503111394014388	KEGG_GENOME
ko:K02488		5.512626013772334e-06	7.604567145276771e-06	-0.40186323640324584	KEGG_GENOME
ko:K02490		4.106838385816094e-06	4.281378373606631e-05	-3.100882501989693	KEGG_GENOME
ko:K02492		0.00014694502703661153	0.0004585634974153932	-1.6352030077872117	KEGG_GENOME
ko:K02493		0.00015819400999653687	0.0005008093171235522	-1.6563532050789054	KEGG_GENOME
ko:K02494		9.561585719235335e-05	0.00023596372380102346	-1.2943343197145938	KEGG_GENOME
ko:K02495		0.00014244657016183277	0.00034537476657310834	-1.271820360082241	KEGG_GENOME
ko:K02496		7.595159718871816e-05	0.00015916605324777384	-1.0575452287145728	KEGG_GENOME
ko:K02498		9.972682541103691e-05	0.0001737450030339822	-0.7948032504218548	KEGG_GENOME
ko:K02499		2.9518276486872484e-06	2.996435971149821e-05	-2.9700166809118036	KEGG_GENOME
ko:K02500		0.00016362815975289315	0.0005046659824198868	-1.618973596771334	KEGG_GENOME
ko:K02501		0.00016266073862673756	0.0004924532366130515	-1.5922051022247938	KEGG_GENOME
ko:K02502		2.0933948463822124e-05	0.00022148273493622646	-3.3424559358357957	KEGG_GENOME
ko:K02503		0.00017986274541074437	0.0005542499360276796	-1.6182420531543182	KEGG_GENOME
ko:K02504		6.188962539671356e-05	3.035553413097562e-05	1.0041019465557683	KEGG_GENOME
ko:K02505		6.319028344061147e-05	3.106958928265353e-05	1.0011490542064463	KEGG_GENOME
ko:K02506		3.668785354898647e-05	1.2680871128627338e-05	1.4619395343023982	KEGG_GENOME
ko:K02507		6.437025785876609e-05	3.217274175081156e-05	0.9786361311944995	KEGG_GENOME
ko:K02508		3.163354267045352e-05	5.193029771626136e-05	-0.6977381549867872	KEGG_GENOME
ko:K02509		3.363364669295142e-05	5.9529355081980805e-05	-0.8054606780067535	KEGG_GENOME
ko:K02510		4.7585262359391054e-05	0.00011123588867604379	-1.207943403022709	KEGG_GENOME
ko:K02511		2.9807982768274307e-05	1.4134246238871396e-05	1.0254873977812895	KEGG_GENOME
ko:K02517		0.00018594380716990786	0.0005044516728915755	-1.4349684798826425	KEGG_GENOME
ko:K02518		0.0001601492728048538	0.0005165794551832811	-1.683382673910589	KEGG_GENOME
ko:K02519		0.00015666732101911074	0.0004707782483447864	-1.5812252333372527	KEGG_GENOME
ko:K02520		0.00015265982615483346	0.0004770436747129729	-1.6374024042292696	KEGG_GENOME
ko:K02521		8.465280625023707e-05	4.7630823544762106e-05	0.816629490941909	KEGG_GENOME
ko:K02523		0.00015009513436078906	0.00029383990103745174	-0.9644745764142304	KEGG_GENOME
ko:K02525		5.0606386736906865e-05	8.18386960052581e-05	-0.6827552210449903	KEGG_GENOME
ko:K02526		6.456705131036684e-05	6.780907032456713e-05	-0.06962773643821513	KEGG_GENOME
ko:K02527		0.000153345114318994	0.00029463138843222346	-0.9376396384117412	KEGG_GENOME
ko:K02528		0.00015763474214526633	0.0004707782483447864	-1.5724001374824361	KEGG_GENOME
ko:K02529		0.0006752535316516796	0.0009726478777095441	-0.5258358889551193	KEGG_GENOME
ko:K02530		0.0	6.9275864394207585e-06	-2.9868817030189656	KEGG_GENOME
ko:K02532		0.00016306515050509612	7.662479482653525e-05	1.0796793696784412	KEGG_GENOME
ko:K02533		7.041977851127411e-05	8.451545388036782e-05	-0.25986149962556243	KEGG_GENOME
ko:K02535		0.00010740464394406837	0.0002687056067208364	-1.3149589514657927	KEGG_GENOME
ko:K02536		0.00019634652313051609	0.00035244093472307843	-0.8407380372970977	KEGG_GENOME
ko:K02538		0.0	3.5559854346836596e-06	-2.187763134810897	KEGG_GENOME
ko:K02548		0.00011683538795977092	0.00025649112942234276	-1.1277498623028113	KEGG_GENOME
ko:K02549		0.0001201927352822654	0.00026082500645622576	-1.1112996719860448	KEGG_GENOME
ko:K02551		0.00010492868300017952	0.0002488119989361947	-1.2377494837715515	KEGG_GENOME
ko:K02552		6.421420707995744e-05	0.0003610069663844556	-2.472759261917147	KEGG_GENOME
ko:K02553		0.00011049035573329393	0.00017998118037803267	-0.6989207662403709	KEGG_GENOME
ko:K02554		3.311790445740777e-05	2.726312916956571e-05	0.27160783478899186	KEGG_GENOME
ko:K02556		0.00012157388697837552	0.00039881214222642813	-1.7056706257346912	KEGG_GENOME
ko:K02557		0.0001243054137945776	0.0003978711180910411	-1.6704739155720818	KEGG_GENOME
ko:K02558		0.0001358527529598735	0.000267124617848083	-0.9702792298098647	KEGG_GENOME
ko:K02560		6.892065450876038e-05	5.278464128225613e-05	0.37852443333693625	KEGG_GENOME
ko:K02562		6.439923579277961e-05	4.027756909964694e-05	0.6639157668477327	KEGG_GENOME
ko:K02563		0.00015595344495633408	0.00045523961788072084	-1.5394550346601656	KEGG_GENOME
ko:K02564		0.0001280203708134515	0.00024091325747630006	-0.9068909665563533	KEGG_GENOME
ko:K02565		6.818742654031966e-05	4.3236349156857456e-05	0.6452775558135544	KEGG_GENOME
ko:K02566		5.019187543641993e-05	0.00017581100636940156	-1.78822131818181	KEGG_GENOME
ko:K02567		2.7841138559168157e-05	0.00010365677095301227	-1.859465628329665	KEGG_GENOME
ko:K02568		2.866053666209767e-05	0.00010365677095301227	-1.8190490457903192	KEGG_GENOME
ko:K02569		2.866053666209767e-05	0.00011029780323507019	-1.9078085109453873	KEGG_GENOME
ko:K02570		2.7841138559168157e-05	0.00010365677095301227	-1.859465628329665	KEGG_GENOME
ko:K02571		1.3111500691702997e-05	8.59668570193728e-05	-2.62359427616679	KEGG_GENOME
ko:K02572		1.7098480161151912e-05	5.2551864231463526e-05	-1.5650682479511484	KEGG_GENOME
ko:K02573		1.6156772698290297e-05	1.6888782094577216e-05	-0.06027697112078075	KEGG_GENOME
ko:K02574		1.6156772698290297e-05	1.6888782094577216e-05	-0.06027697112078075	KEGG_GENOME
ko:K02575		0.000117586542984326	0.0006256848581167987	-2.401799830933046	KEGG_GENOME
ko:K02584		4.3890159273353216e-05	4.2582025103927665e-05	0.0426659800506807	KEGG_GENOME
ko:K02585		3.761267326991827e-05	2.475359763693319e-05	0.5843004568033635	KEGG_GENOME
ko:K02586		3.761267326991827e-05	2.61988190053501e-05	0.5055304299413043	KEGG_GENOME
ko:K02587		3.761267326991827e-05	2.475359763693319e-05	0.5843004568033635	KEGG_GENOME
ko:K02588		3.761267326991827e-05	2.61988190053501e-05	0.5055304299413043	KEGG_GENOME
ko:K02591		3.761267326991827e-05	2.61988190053501e-05	0.5055304299413043	KEGG_GENOME
ko:K02592		3.761267326991827e-05	2.5438454091020414e-05	0.5464366177309008	KEGG_GENOME
ko:K02593		3.761267326991827e-05	2.475359763693319e-05	0.5843004568033635	KEGG_GENOME
ko:K02594		3.705340541864772e-05	2.475359763693319e-05	0.5632515840290109	KEGG_GENOME
ko:K02595		3.587741597349316e-05	2.475359763693319e-05	0.5179635856596603	KEGG_GENOME
ko:K02596		3.761267326991827e-05	2.5438454091020414e-05	0.5464366177309008	KEGG_GENOME
ko:K02597		3.962843653867999e-05	2.475359763693319e-05	0.6577158649321619	KEGG_GENOME
ko:K02598		2.1446809439679283e-05	5.5217999943441386e-05	-1.324521731417241	KEGG_GENOME
ko:K02600		0.00015763474214526633	0.00047634996186956386	-1.5893385778798381	KEGG_GENOME
ko:K02601		0.00015819400999653687	0.00047634996186956386	-1.5842612915557182	KEGG_GENOME
ko:K02609		3.842712315457107e-05	0.00010322766276710394	-1.4024778785251966	KEGG_GENOME
ko:K02610		3.601136275570028e-05	0.00010322766276710394	-1.4936980683635932	KEGG_GENOME
ko:K02611		3.601136275570028e-05	9.765594924232655e-05	-1.414437795760025	KEGG_GENOME
ko:K02612		3.601136275570028e-05	9.765594924232655e-05	-1.414437795760025	KEGG_GENOME
ko:K02613		7.573673049040433e-05	0.00010578007001730857	-0.47665319742628337	KEGG_GENOME
ko:K02614		3.687231248656739e-05	6.904903593135836e-05	-0.887221680323642	KEGG_GENOME
ko:K02615		2.7556344012536853e-05	1.244120147214296e-05	1.0871491846144818	KEGG_GENOME
ko:K02616		3.347560327146546e-05	0.0001231917826266331	-1.848922016118994	KEGG_GENOME
ko:K02617		2.8568022832838415e-05	5.911532291766956e-05	-1.0236949933652197	KEGG_GENOME
ko:K02618		3.22330333269918e-05	6.302400968680084e-05	-0.9459950523749938	KEGG_GENOME
ko:K02619		0.00011614904467055254	0.0003745898309862347	-1.6808128135332858	KEGG_GENOME
ko:K02621		0.00014807917389279309	0.00031383734380966165	-1.078527943765022	KEGG_GENOME
ko:K02622		0.0001454223551675347	0.00031383734380966165	-1.1044708381890802	KEGG_GENOME
ko:K02623		1.0030697476141859e-05	8.541725544886003e-05	-2.969795396584123	KEGG_GENOME
ko:K02624		7.541769083928186e-05	0.00015370441226079422	-1.017535775227839	KEGG_GENOME
ko:K02625		3.9355815665034115e-06	7.503691009565074e-05	-3.945407911930769	KEGG_GENOME
ko:K02636		2.3250648394444418e-05	5.308104478475524e-06	1.9427448612529943	KEGG_GENOME
ko:K02639		4.990747460811651e-06	9.929887061870133e-06	-0.8674705704971787	KEGG_GENOME
ko:K02647		6.583442958447858e-05	0.00011150440352570669	-0.7513180710108204	KEGG_GENOME
ko:K02650		4.399602014429764e-05	0.0002346242057911493	-2.388618448379353	KEGG_GENOME
ko:K02651		5.4130838910504945e-05	0.00019023949958935036	-1.79444907595216	KEGG_GENOME
ko:K02652		7.886752095584703e-05	0.0003159408459185999	-1.9885327607588408	KEGG_GENOME
ko:K02653		7.088700013581709e-05	0.0002917918346145832	-2.0260725142467666	KEGG_GENOME
ko:K02654		5.192843590386416e-05	0.00022349959208375181	-2.084597897170633	KEGG_GENOME
ko:K02655		4.283368881167056e-05	0.00022800675579010202	-2.38527816034901	KEGG_GENOME
ko:K02656		5.6155704474300205e-05	0.00021732958211423148	-1.933538218387976	KEGG_GENOME
ko:K02657		7.462761167480443e-06	0.00012794827519352694	-3.929520213524499	KEGG_GENOME
ko:K02658		1.155413278513732e-05	0.00014959881646130902	-3.584476153459808	KEGG_GENOME
ko:K02659		7.462761167480443e-06	0.000130538431954627	-3.9582121150800385	KEGG_GENOME
ko:K02660		1.052416059438647e-05	0.00014503928288975995	-3.6636229142329233	KEGG_GENOME
ko:K02661		4.9482305078929745e-06	5.4912171374134046e-05	-3.2326299123558653	KEGG_GENOME
ko:K02662		3.4947857017755674e-05	0.0002333293315229668	-2.7045598767948205	KEGG_GENOME
ko:K02663		3.22910382924973e-05	0.00023238830738757976	-2.8095265131427047	KEGG_GENOME
ko:K02664		3.390241805884561e-05	0.0001866387510316091	-2.4265589073341784	KEGG_GENOME
ko:K02665		3.124559933358723e-05	0.00018524284069055527	-2.5300107788079877	KEGG_GENOME
ko:K02666		5.281591739157238e-05	0.0002319601410742356	-2.1139782804731375	KEGG_GENOME
ko:K02667		7.462761167480443e-06	0.00010843302313041536	-3.692775897372406	KEGG_GENOME
ko:K02668		7.462761167480443e-06	0.00010843302313041536	-3.692775897372406	KEGG_GENOME
ko:K02669		0.0001144172550384178	0.0003406064032254458	-1.5654760927413576	KEGG_GENOME
ko:K02670		3.332916882178703e-05	0.00020072964389804236	-2.554916269329579	KEGG_GENOME
ko:K02671		4.3074429532168956e-05	0.00025234368703702995	-2.5230820778395424	KEGG_GENOME
ko:K02672		3.468889135772324e-05	0.00026677998163792603	-2.907501122282225	KEGG_GENOME
ko:K02673		2.6645494596842076e-05	0.00019436160024970535	-2.8210306350815992	KEGG_GENOME
ko:K02674		2.929971988343224e-05	0.0001593018810708287	-2.403414993608765	KEGG_GENOME
ko:K02675		3.2297237940211355e-06	3.431770547816013e-05	-3.0617562551355544	KEGG_GENOME
ko:K02676		2.6754008257107588e-05	0.00011468959310928	-2.0594910453857516	KEGG_GENOME
ko:K02679		6.437025785876609e-05	3.1763791255802545e-05	0.9965320802068568	KEGG_GENOME
ko:K02680		6.437025785876609e-05	3.230774784371518e-05	0.9727765808314479	KEGG_GENOME
ko:K02681		6.216058005925162e-05	3.150661600465295e-05	0.9582910440201675	KEGG_GENOME
ko:K02682		6.319028344061147e-05	3.106958928265353e-05	1.0011490542064463	KEGG_GENOME
ko:K02686		8.499502754414587e-05	6.529168444447462e-05	0.37542533023385094	KEGG_GENOME
ko:K02687		0.00014675965537771146	0.00030826563028488424	-1.0655941042358743	KEGG_GENOME
ko:K02688		1.3134147939746714e-05	4.172102284104779e-05	-1.595761274286834	KEGG_GENOME
ko:K02691		0.0	8.738974691055397e-07	-0.9060420176397526	KEGG_GENOME
ko:K02742		7.28389128259025e-05	0.00012901075040243983	-0.8161777059712668	KEGG_GENOME
ko:K02744		1.462118708492895e-05	1.9432254277325137e-05	-0.3873442935602383	KEGG_GENOME
ko:K02745		1.462118708492895e-05	1.8827783977671076e-05	-0.34401935504653913	KEGG_GENOME
ko:K02746		1.462118708492895e-05	1.8827783977671076e-05	-0.34401935504653913	KEGG_GENOME
ko:K02747		1.462118708492895e-05	1.8827783977671076e-05	-0.34401935504653913	KEGG_GENOME
ko:K02750		7.194043827003172e-05	3.053322526529602e-05	1.2098461297117773	KEGG_GENOME
ko:K02753		4.5066558015457475e-05	1.7225040994589646e-05	1.337797747509546	KEGG_GENOME
ko:K02757		0.00012146173286096028	0.00022991905356695884	-0.9150562147072702	KEGG_GENOME
ko:K02759		0.00017038985873972666	0.00020952064497966366	-0.29667997330616114	KEGG_GENOME
ko:K02760		0.00020222723913484295	0.00022212314593042442	-0.1347463972769056	KEGG_GENOME
ko:K02761		0.0002497127188693331	0.00024323824803290802	0.037746041203718064	KEGG_GENOME
ko:K02768		2.621242266283424e-05	0.00015001998552750014	-2.4724021766555553	KEGG_GENOME
ko:K02769		2.5450336020160564e-05	1.7903962315600674e-05	0.48459739172153304	KEGG_GENOME
ko:K02770		0.0001225242799427121	0.0003082465634729914	-1.323962917287045	KEGG_GENOME
ko:K02773		2.8082713291100928e-05	0.00030218577597341677	-3.38196829290158	KEGG_GENOME
ko:K02774		2.8082713291100928e-05	0.0004411220095842066	-3.926210778044378	KEGG_GENOME
ko:K02775		3.203500916713324e-05	0.00015881709261077762	-2.274354064139275	KEGG_GENOME
ko:K02777		8.93025045360399e-05	0.00037608212551149846	-2.062040858852983	KEGG_GENOME
ko:K02778		4.2503249658079206e-05	1.9998268400250112e-05	1.050852810663797	KEGG_GENOME
ko:K02779		7.142247463409432e-05	0.00018264323094387242	-1.3423963407479584	KEGG_GENOME
ko:K02781		5.384888289423801e-05	0.0003031896803150902	-2.4714370675179804	KEGG_GENOME
ko:K02782		3.513631649363039e-05	0.00015541873736074833	-2.113891983419859	KEGG_GENOME
ko:K02783		3.513631649363039e-05	0.00015611250682531788	-2.1202766702297855	KEGG_GENOME
ko:K02784		0.00011435689480365607	0.0005823168273795638	-2.3381754577560168	KEGG_GENOME
ko:K02786		0.0	1.0483571874104418e-05	-3.5214995455729707	KEGG_GENOME
ko:K02788		0.0	6.9275864394207585e-06	-2.9868817030189656	KEGG_GENOME
ko:K02791		8.24801087280252e-05	5.065990417812538e-05	0.6923875120645283	KEGG_GENOME
ko:K02793		1.345453182363853e-05	5.5225117737256706e-05	-1.9596928957867747	KEGG_GENOME
ko:K02794		5.92984115354868e-05	3.1511145829268004e-05	0.8911855935949207	KEGG_GENOME
ko:K02795		6.042728632584092e-05	3.62019700071641e-05	0.7235006303749002	KEGG_GENOME
ko:K02796		5.988307693148067e-05	3.1511145829268004e-05	0.9051068685856829	KEGG_GENOME
ko:K02798		3.1220559304498416e-05	3.666766170463083e-05	-0.2253449404282172	KEGG_GENOME
ko:K02800		7.935845794494898e-05	0.0002160406979773832	-1.4334438077194658	KEGG_GENOME
ko:K02803		1.380102237973789e-06	0.00028461566923105387	-6.9069077731150035	KEGG_GENOME
ko:K02804		7.380434583110091e-05	0.000270389824354793	-1.8591726361088508	KEGG_GENOME
ko:K02805		9.351655637239327e-05	7.593335827422796e-05	0.2969577810897513	KEGG_GENOME
ko:K02806		0.00010179439949602617	0.00020453869591997864	-0.999648364778	KEGG_GENOME
ko:K02810		7.310643703662847e-05	0.0002429476672878904	-1.7189009192526796	KEGG_GENOME
ko:K02812		1.8304366674938916e-05	4.769338874245253e-06	1.7424493133329768	KEGG_GENOME
ko:K02813		1.8304366674938916e-05	4.769338874245253e-06	1.7424493133329768	KEGG_GENOME
ko:K02814		1.8304366674938916e-05	4.769338874245253e-06	1.7424493133329768	KEGG_GENOME
ko:K02815		1.8304366674938916e-05	4.769338874245253e-06	1.7424493133329768	KEGG_GENOME
ko:K02819		6.288296850576052e-05	8.260483678467608e-05	-0.38815505557534785	KEGG_GENOME
ko:K02821		0.00013782532475743874	0.00020299720892883805	-0.5552786426451706	KEGG_GENOME
ko:K02822		0.00013891374354615924	6.473993799886451e-05	1.0896956826458744	KEGG_GENOME
ko:K02823		2.9518276486872484e-06	0.0001764822423283255	-5.489010847370212	KEGG_GENOME
ko:K02824		8.183101719164972e-05	0.0001582902536598508	-0.9434149861345658	KEGG_GENOME
ko:K02825		9.491391956218821e-05	0.000369282010469973	-1.9488123528054753	KEGG_GENOME
ko:K02834		0.00015763474214526633	0.000473467454784284	-1.5806003654499452	KEGG_GENOME
ko:K02835		0.00015763474214526633	0.0004707782483447864	-1.5724001374824361	KEGG_GENOME
ko:K02836		0.00015468315279408622	0.0004728122132075349	-1.6057025545962704	KEGG_GENOME
ko:K02837		0.00014565215562254932	0.0003137303410652552	-1.1017179887501927	KEGG_GENOME
ko:K02838		0.00015763474214526633	0.00047634996186956386	-1.5893385778798381	KEGG_GENOME
ko:K02839		1.7977806886208745e-05	3.291639114723976e-05	-0.8376693877567967	KEGG_GENOME
ko:K02840		1.4911038222125121e-05	1.1608454166869898e-05	0.3356365691265959	KEGG_GENOME
ko:K02841		8.143343050158667e-05	0.00017444391306042914	-1.0897084554374585	KEGG_GENOME
ko:K02843		8.202816917563167e-05	0.00016482025005954394	-0.99794740890425	KEGG_GENOME
ko:K02844		7.063424096422695e-05	0.00011902919955434584	-0.7446641519544339	KEGG_GENOME
ko:K02846		4.7144446005115945e-05	1.904489679181757e-05	1.264134387535544	KEGG_GENOME
ko:K02847		3.210239608002468e-05	6.270352631356186e-05	-0.9444375865023414	KEGG_GENOME
ko:K02848		3.2988894876372436e-05	0.0001052861156847545	-1.6448177881541168	KEGG_GENOME
ko:K02849		6.540023004951694e-05	3.230774784371518e-05	0.9953304327334612	KEGG_GENOME
ko:K02850		1.3802116838256295e-05	7.1456999611072905e-06	0.861692929038943	KEGG_GENOME
ko:K02851		0.00012669437864742592	0.0002446801588305279	-0.9440863338959112	KEGG_GENOME
ko:K02852		6.437025785876609e-05	3.230774784371518e-05	0.9727765808314479	KEGG_GENOME
ko:K02853		6.437025785876609e-05	3.230774784371518e-05	0.9727765808314479	KEGG_GENOME
ko:K02854		5.73718671230545e-05	2.4866249123965874e-05	1.17420235264866	KEGG_GENOME
ko:K02855		6.199508090642108e-05	2.8259808788260914e-05	1.1063188358088887	KEGG_GENOME
ko:K02856		5.608636456704256e-05	3.3981674276043764e-05	0.706546849572373	KEGG_GENOME
ko:K02858		7.915305812779387e-05	8.157238289548325e-05	-0.04290177404983556	KEGG_GENOME
ko:K02859		1.045438958910067e-06	2.996435971149821e-05	-3.920126224668333	KEGG_GENOME
ko:K02860		0.00015191652399310193	0.00045523961788072084	-1.5770474183271002	KEGG_GENOME
ko:K02862		1.045438958910067e-06	2.996435971149821e-05	-3.920126224668333	KEGG_GENOME
ko:K02863		0.00015763474214526633	0.00047634996186956386	-1.5893385778798381	KEGG_GENOME
ko:K02864		0.00015763474214526633	0.0004772242467045688	-1.591978512562923	KEGG_GENOME
ko:K02867		0.00015763474214526633	0.00047634996186956386	-1.5893385778798381	KEGG_GENOME
ko:K02871		0.00015763474214526633	0.00047634996186956386	-1.5893385778798381	KEGG_GENOME
ko:K02874		0.00015763474214526633	0.00047634996186956386	-1.5893385778798381	KEGG_GENOME
ko:K02876		0.00015763474214526633	0.0004743503339248127	-1.5832824077105272	KEGG_GENOME
ko:K02878		0.00015763474214526633	0.00047634996186956386	-1.5893385778798381	KEGG_GENOME
ko:K02879		0.00015763474214526633	0.00047634996186956386	-1.5893385778798381	KEGG_GENOME
ko:K02881		0.00015706565366566588	0.00047634996186956386	-1.5945234278003881	KEGG_GENOME
ko:K02884		0.00015763474214526633	0.00047634996186956386	-1.5893385778798381	KEGG_GENOME
ko:K02886		0.00015763474214526633	0.00047634996186956386	-1.5893385778798381	KEGG_GENOME
ko:K02887		0.00015763474214526633	0.00047634996186956386	-1.5893385778798381	KEGG_GENOME
ko:K02888		0.00014931260255687662	0.00047405742844970806	-1.6601359543949454	KEGG_GENOME
ko:K02890		0.00015763474214526633	0.00047634996186956386	-1.5893385778798381	KEGG_GENOME
ko:K02892		0.00015763474214526633	0.00047634996186956386	-1.5893385778798381	KEGG_GENOME
ko:K02895		0.00015763474214526633	0.00047634996186956386	-1.5893385778798381	KEGG_GENOME
ko:K02897		0.00015763474214526633	0.0004707782483447864	-1.5724001374824361	KEGG_GENOME
ko:K02899		0.00015763474214526633	0.00047634996186956386	-1.5893385778798381	KEGG_GENOME
ko:K02902		0.00015038152450633373	0.000475915848491592	-1.6555455849737044	KEGG_GENOME
ko:K02904		0.00015763474214526633	0.00046919765346202535	-1.5675585729907113	KEGG_GENOME
ko:K02906		0.00015763474214526633	0.00047571061451534303	-1.5874049828477301	KEGG_GENOME
ko:K02907		0.00015134743551350148	0.0004608113314054982	-1.5999383576360604	KEGG_GENOME
ko:K02909		0.0002306145003313022	0.0007258966532273133	-1.6500246863441097	KEGG_GENOME
ko:K02911		0.00014525242563362612	0.00046015997754534656	-1.6568067596291156	KEGG_GENOME
ko:K02913		0.00015677379241439918	0.0006493589461061038	-2.0433786090126262	KEGG_GENOME
ko:K02914		0.00013675432079350477	0.0004240254980059868	-1.6254518225980858	KEGG_GENOME
ko:K02916		0.00014772470578107536	0.0004751790585820772	-1.6788598508767227	KEGG_GENOME
ko:K02919		0.0001940170973858819	0.0004695008469883911	-1.2705967077267497	KEGG_GENOME
ko:K02921		0.0	8.742848350049659e-07	-0.9063402159763106	KEGG_GENOME
ko:K02926		0.00015763474214526633	0.00047634996186956386	-1.5893385778798381	KEGG_GENOME
ko:K02931		0.00015763474214526633	0.00047571061451534303	-1.5874049828477301	KEGG_GENOME
ko:K02933		0.00015666732101911074	0.00047634996186956386	-1.598163673734655	KEGG_GENOME
ko:K02935		0.00015706565366566588	0.00047949488592217103	-1.603997159687566	KEGG_GENOME
ko:K02939		0.00015763474214526633	0.0004707782483447864	-1.5724001374824361	KEGG_GENOME
ko:K02945		0.00016335296029743073	0.0004918885923336295	-1.5844641486928441	KEGG_GENOME
ko:K02946		0.00015763474214526633	0.00047634996186956386	-1.5893385778798381	KEGG_GENOME
ko:K02948		0.00014981243602673328	0.0004751790585820772	-1.658748776651512	KEGG_GENOME
ko:K02950		0.00015038152450633373	0.00047393739248968107	-1.6495482050202115	KEGG_GENOME
ko:K02952		0.00014786306188464186	0.00047387013721610603	-1.673547218031906	KEGG_GENOME
ko:K02954		0.00015400425423875986	0.0006048673483251356	-1.9666941451151598	KEGG_GENOME
ko:K02956		0.00014786306188464186	0.00047387013721610603	-1.673547218031906	KEGG_GENOME
ko:K02959		0.00015656582019580922	0.0004474682895419305	-1.5090513645591956	KEGG_GENOME
ko:K02961		0.00015763474214526633	0.0004707782483447864	-1.5724001374824361	KEGG_GENOME
ko:K02963		0.00015763474214526633	0.0004772238593386694	-1.5919773439666163	KEGG_GENOME
ko:K02965		0.00015763474214526633	0.00047634996186956386	-1.5893385778798381	KEGG_GENOME
ko:K02967		0.00015763474214526633	0.00047634996186956386	-1.5893385778798381	KEGG_GENOME
ko:K02968		0.00013989483839535685	0.0004715806229953186	-1.7459417160880022	KEGG_GENOME
ko:K02970		0.0001540057435396808	0.00032767257329775464	-1.0843293993241367	KEGG_GENOME
ko:K02972		2.577093805617768e-05	1.1767970186437975e-05	1.0681385040896116	KEGG_GENOME
ko:K02982		0.00015763474214526633	0.00047634996186956386	-1.5893385778798381	KEGG_GENOME
ko:K02986		0.00015782906344687358	0.00047809814417367434	-1.5928462958876268	KEGG_GENOME
ko:K02988		0.00015763474214526633	0.00047634996186956386	-1.5893385778798381	KEGG_GENOME
ko:K02990		0.00015763474214526633	0.00047634996186956386	-1.5893385778798381	KEGG_GENOME
ko:K02992		0.00015763474214526633	0.00047634996186956386	-1.5893385778798381	KEGG_GENOME
ko:K02994		0.00015763474214526633	0.0004707782483447864	-1.5724001374824361	KEGG_GENOME
ko:K02996		0.00015763474214526633	0.00047634996186956386	-1.5893385778798381	KEGG_GENOME
ko:K03040		0.00016335296029743073	0.0004912492449794086	-1.582591551068626	KEGG_GENOME
ko:K03043		0.00015763474214526633	0.00046919765346202535	-1.5675585729907113	KEGG_GENOME
ko:K03046		0.00015763474214526633	0.00047634996186956386	-1.5893385778798381	KEGG_GENOME
ko:K03048		1.8929138228056038e-06	3.083864454650318e-05	-3.460183665441669	KEGG_GENOME
ko:K03060		0.00011452891272937931	0.0004396173542977268	-1.931272367132054	KEGG_GENOME
ko:K03070		0.00017292999264731748	0.0005522152147692572	-1.6693341009186917	KEGG_GENOME
ko:K03071		0.00010865486054206421	0.0002471403765263265	-1.1781867425012449	KEGG_GENOME
ko:K03072		0.0001248140951590528	0.00042911783691147287	-1.7734384020752998	KEGG_GENOME
ko:K03073		0.00015676208696972302	0.00046990396350978143	-1.577682323806741	KEGG_GENOME
ko:K03074		0.000123319304504484	0.00043500732514680353	-1.8103020353968922	KEGG_GENOME
ko:K03075		0.00015763474214526633	0.0004527520940407479	-1.5161955348836507	KEGG_GENOME
ko:K03076		0.00015763474214526633	0.00047570644259133506	-1.5873923570738733	KEGG_GENOME
ko:K03077		0.00011618446946239334	0.0003295362641798764	-1.496027181984319	KEGG_GENOME
ko:K03078		4.5800893410444544e-05	0.0001606271757775258	-1.788061815643951	KEGG_GENOME
ko:K03079		4.790679997924571e-05	0.0001615681999129128	-1.7329381024560155	KEGG_GENOME
ko:K03086		0.00017379298833592914	0.0005687889825555421	-1.7047804123876062	KEGG_GENOME
ko:K03087		8.986130173460853e-05	0.00016659220393392242	-0.8832171596201868	KEGG_GENOME
ko:K03088		0.0004254869342871382	0.001145346625038223	-1.4264698936532558	KEGG_GENOME
ko:K03089		0.00011382578330740726	0.0002515039495011246	-1.1368593285005477	KEGG_GENOME
ko:K03090		4.331929886661037e-06	2.996435971149821e-05	-2.537878899326803	KEGG_GENOME
ko:K03092		0.00017432746048617187	0.0002612504322189633	-0.5808931760859861	KEGG_GENOME
ko:K03093		3.8127773795543623e-06	0.0	2.266869691359937	KEGG_GENOME
ko:K03095		1.045438958910067e-06	2.3036773272077454e-05	-3.554760850476138	KEGG_GENOME
ko:K03098		0.00011433141346501524	0.0001565456517782407	-0.4499844154034804	KEGG_GENOME
ko:K03100		0.00017225669186838485	0.0005479942940580067	-1.6638800786289913	KEGG_GENOME
ko:K03101		0.00017260853101867905	0.00048607284588294197	-1.4882997130567377	KEGG_GENOME
ko:K03106		0.00015763474214526633	0.0004707782483447864	-1.5724001374824361	KEGG_GENOME
ko:K03110		0.00014908696251390917	0.00046974538032234635	-1.6491482760201228	KEGG_GENOME
ko:K03111		0.0002546484508962322	0.0007305416415037092	-1.516778705120265	KEGG_GENOME
ko:K03112		9.063053592485855e-05	0.00013123274055013552	-0.5291790668984904	KEGG_GENOME
ko:K03113		0.00013287341895988974	0.000202677213736613	-0.6054150518071796	KEGG_GENOME
ko:K03116		0.0001862267767191833	0.0005458523451392674	-1.5463645650444835	KEGG_GENOME
ko:K03117		0.00010656558471644722	0.00039684849146726943	-1.8870025628953204	KEGG_GENOME
ko:K03118		0.0001547540823230186	0.0004726756861490356	-1.6046296431850617	KEGG_GENOME
ko:K03119		4.684583178711957e-05	7.621276010717972e-05	-0.6904460395130628	KEGG_GENOME
ko:K03147		0.00013187025128024308	0.00029439551315969435	-1.152629781352612	KEGG_GENOME
ko:K03148		6.360376778156933e-05	4.170295723289545e-05	0.5972823256226547	KEGG_GENOME
ko:K03149		0.00013303037865574821	0.00046401049562189736	-1.7947032474610929	KEGG_GENOME
ko:K03150		8.78212812564922e-05	7.255261430967636e-05	0.27212876181339674	KEGG_GENOME
ko:K03151		9.326914196617394e-05	0.00019152756856706475	-1.0302075422732493	KEGG_GENOME
ko:K03152		5.860801880555762e-05	5.524936610359552e-05	0.08366958506568767	KEGG_GENOME
ko:K03153		5.557362213235808e-05	0.000295677064594958	-2.3906919520141865	KEGG_GENOME
ko:K03154		0.0001280040749795462	0.000318941439879573	-1.3103912290108395	KEGG_GENOME
ko:K03166		0.0	9.410241353870245e-07	-0.9568180571482727	KEGG_GENOME
ko:K03167		0.0	9.410241353870245e-07	-0.9568180571482727	KEGG_GENOME
ko:K03168		0.00017198016019541993	0.000526164902673061	-1.6076477437642012	KEGG_GENOME
ko:K03169		0.00012160515402054366	0.00021178791741383694	-0.7953966059589826	KEGG_GENOME
ko:K03177		0.00015497792342000796	0.0004707782483447864	-1.5967670542485204	KEGG_GENOME
ko:K03179		0.00011169833619704514	0.0002637270338701856	-1.2320393133953855	KEGG_GENOME
ko:K03181		9.692301939549681e-05	0.00022961400933122763	-1.235760208001491	KEGG_GENOME
ko:K03182		9.969288773945041e-05	0.00019635239386411602	-0.9708122342979986	KEGG_GENOME
ko:K03183		0.00015517749428293128	0.00047634996186956386	-1.6118607729646988	KEGG_GENOME
ko:K03184		8.660601845440351e-05	4.982196037378013e-05	0.785577959018366	KEGG_GENOME
ko:K03185		0.0001082045714752411	0.0002515039495011246	-1.2092727027232923	KEGG_GENOME
ko:K03186		0.00014137853433924188	0.00021145409053097987	-0.5774194659850067	KEGG_GENOME
ko:K03187		6.108119629293517e-05	0.00011782137449862034	-0.9365661191474861	KEGG_GENOME
ko:K03188		6.373801501819354e-05	0.00012009240108212201	-0.9034232985927141	KEGG_GENOME
ko:K03189		6.373801501819354e-05	0.00012009240108212201	-0.9034232985927141	KEGG_GENOME
ko:K03190		6.373801501819354e-05	0.00011835257168979223	-0.882544616742303	KEGG_GENOME
ko:K03192		2.4884763650174218e-05	0.00010190062330954076	-1.9910766708861316	KEGG_GENOME
ko:K03194		2.5282066980602684e-05	2.3406160987003336e-05	0.10683336084512178	KEGG_GENOME
ko:K03195		2.9551427472901534e-05	2.5675363242665717e-05	0.19573187294407068	KEGG_GENOME
ko:K03196		2.9551427472901534e-05	2.5675363242665717e-05	0.19573187294407068	KEGG_GENOME
ko:K03197		2.6509085789063065e-05	2.0390565157485582e-05	0.36293359501403816	KEGG_GENOME
ko:K03198		4.936330149520693e-06	6.027458599902653e-06	-0.24343171963844465	KEGG_GENOME
ko:K03199		2.788445411315795e-05	2.699791430545503e-05	0.044973871339363654	KEGG_GENOME
ko:K03200		2.5767829776993287e-05	2.122862868478703e-05	0.26808122684263946	KEGG_GENOME
ko:K03201		2.89144263039088e-05	3.7873080620099993e-05	-0.3779300477479897	KEGG_GENOME
ko:K03203		2.6675644307292806e-05	2.4437204681604067e-05	0.12167676407704008	KEGG_GENOME
ko:K03204		2.9064428531312566e-05	2.5675363242665717e-05	0.17254961926250265	KEGG_GENOME
ko:K03205		3.313155045145254e-06	1.216025380377994e-05	-1.6093718298939703	KEGG_GENOME
ko:K03207		2.3874208539685515e-05	2.298786955450591e-05	0.05234558938189042	KEGG_GENOME
ko:K03208		2.3954585466102005e-05	2.3922336429076792e-05	0.001865613614686265	KEGG_GENOME
ko:K03210		0.00015625463990729253	0.0004707782483447864	-1.5850063182290846	KEGG_GENOME
ko:K03212		6.575413266459226e-05	3.409445193620274e-05	0.927614181363242	KEGG_GENOME
ko:K03214		6.717250616858234e-05	3.7880320237951035e-05	0.8101499188465426	KEGG_GENOME
ko:K03215		0.00015049734740269207	0.0003184574416885117	-1.0763312137932044	KEGG_GENOME
ko:K03216		0.0001411714800592302	0.00032547393161894806	-1.1993357137697038	KEGG_GENOME
ko:K03217		0.00015763474214526633	0.0004707782483447864	-1.5724001374824361	KEGG_GENOME
ko:K03218		0.00015334576159453976	0.00045523961788072084	-1.5636258630759157	KEGG_GENOME
ko:K03219		2.238015305242946e-05	8.691137089022975e-05	-1.9107654085796983	KEGG_GENOME
ko:K03220		2.238015305242946e-05	9.248394328446562e-05	-1.9994342161649021	KEGG_GENOME
ko:K03221		8.905287949841e-06	3.1014236441941396e-05	-1.6924427808260825	KEGG_GENOME
ko:K03222		2.168795669057064e-05	0.00010832836214900101	-2.2686691271372035	KEGG_GENOME
ko:K03223		2.1751037675165558e-05	8.056831995373685e-05	-1.8420765893363784	KEGG_GENOME
ko:K03224		2.29394209037e-05	0.0001077489301314419	-2.183541048922536	KEGG_GENOME
ko:K03225		2.91584985181093e-05	0.00011917868416912678	-1.9945445220981812	KEGG_GENOME
ko:K03226		2.29394209037e-05	0.0001077489301314419	-2.183541048922536	KEGG_GENOME
ko:K03227		2.29394209037e-05	0.0001077489301314419	-2.183541048922536	KEGG_GENOME
ko:K03228		2.29394209037e-05	0.0001077489301314419	-2.183541048922536	KEGG_GENOME
ko:K03229		2.29394209037e-05	0.00010698856521711222	-2.1734183962653084	KEGG_GENOME
ko:K03230		3.0409962731238662e-05	0.00011410508553942395	-1.8736574393038663	KEGG_GENOME
ko:K03269		0.00013590020116926565	0.000267124617848083	-0.9697791197943042	KEGG_GENOME
ko:K03270		0.000142539389065732	0.0002624948355229601	-0.8763280000182418	KEGG_GENOME
ko:K03271		0.00010905591551098266	0.00018303560778947162	-0.7417482382293731	KEGG_GENOME
ko:K03272		9.57444495151629e-05	0.00013597093705240744	-0.5016190123247019	KEGG_GENOME
ko:K03273		0.00010502876117205191	0.00017756106793437608	-0.751961899995356	KEGG_GENOME
ko:K03274		8.429618360467616e-05	9.398594241545702e-05	-0.15523282277947528	KEGG_GENOME
ko:K03275		1.6696452262657843e-05	1.6336694897006352e-05	0.029631275220893143	KEGG_GENOME
ko:K03276		7.797427033292843e-06	3.3533504108849036e-06	1.01495549263143	KEGG_GENOME
ko:K03278		1.8575877015433314e-06	1.2381585610616468e-06	0.3524855296900704	KEGG_GENOME
ko:K03279		1.0913824519139733e-05	7.304087599015797e-06	0.5207430468973844	KEGG_GENOME
ko:K03280		1.250067166842525e-06	2.221990147695685e-06	-0.5179840145013884	KEGG_GENOME
ko:K03281		0.0002513539855256082	0.00048693487826400873	-0.9512397409331045	KEGG_GENOME
ko:K03282		0.00014225261858562382	0.0004049257577955275	-1.5026543773989354	KEGG_GENOME
ko:K03284		0.00014398206162284224	0.0005577239567498483	-1.946261271792887	KEGG_GENOME
ko:K03285		0.0	3.321867666326562e-05	-5.09671206253876	KEGG_GENOME
ko:K03286		0.00014985267004470802	0.0004186352919280977	-1.4759957837754187	KEGG_GENOME
ko:K03288		4.584129537692002e-05	2.820662545687883e-05	0.6814852951977632	KEGG_GENOME
ko:K03289		3.2389782945939484e-05	1.3055401902617058e-05	1.2482820080471702	KEGG_GENOME
ko:K03290		1.4614961156829326e-05	0.00029035469489461683	-4.221775672802046	KEGG_GENOME
ko:K03291		0.00010347715034461867	6.521070788561508e-05	0.658050992485357	KEGG_GENOME
ko:K03292		0.00024636144186041155	0.00026219361432252826	-0.08950385261077247	KEGG_GENOME
ko:K03293		7.361473587743892e-05	0.0006121086179540552	-3.038610197845648	KEGG_GENOME
ko:K03294		0.00012715006688448138	0.00028753871833174104	-1.170930692108343	KEGG_GENOME
ko:K03296		3.949741798425149e-06	3.0419245917165e-05	-2.6662233808272804	KEGG_GENOME
ko:K03297		9.787507025665036e-05	0.00019328846248221389	-0.9745215114490312	KEGG_GENOME
ko:K03298		1.4803575297545544e-05	5.4957917272556274e-05	-1.8240912858481226	KEGG_GENOME
ko:K03299		0.00010879499027411018	0.0004190805652728429	-1.9358538135586894	KEGG_GENOME
ko:K03300		2.8697675174226505e-05	0.00019074112369018304	-2.690737890373218	KEGG_GENOME
ko:K03301		6.297103194427142e-06	7.462839050728455e-05	-3.3735321550223074	KEGG_GENOME
ko:K03303		3.765436092915774e-05	0.0003716271507150039	-3.269029705916924	KEGG_GENOME
ko:K03304		3.776208036919757e-05	2.1526914381177522e-05	0.7829962882936276	KEGG_GENOME
ko:K03305		0.00027234117174961133	0.0004843687400906864	-0.8283784147192572	KEGG_GENOME
ko:K03306		7.652542818324681e-05	0.00045691511633724427	-2.5623386967537733	KEGG_GENOME
ko:K03307		0.00025393601833638164	0.0004788442897582503	-0.9124311076838324	KEGG_GENOME
ko:K03308		7.701248932627114e-05	0.0003229275414019207	-2.053894121799413	KEGG_GENOME
ko:K03310		0.00016231981899976746	0.0006248446147697526	-1.9381046342713644	KEGG_GENOME
ko:K03311		9.535272393869902e-05	0.00037024940425644105	-1.9459913529183341	KEGG_GENOME
ko:K03312		5.8728579321640644e-05	0.00017612049738174477	-1.568237866573452	KEGG_GENOME
ko:K03313		0.00013101606754529934	0.0003837770847868026	-1.543309353401183	KEGG_GENOME
ko:K03314		6.603274256680463e-05	7.514673808671687e-05	-0.1839162757716493	KEGG_GENOME
ko:K03315		3.81735025472489e-05	0.0001394113581275745	-1.8417096103957142	KEGG_GENOME
ko:K03316		6.541903637254322e-05	0.0001248664743502817	-0.9222253625798874	KEGG_GENOME
ko:K03317		9.87409089865406e-05	0.00011580426875143619	-0.2278357440493574	KEGG_GENOME
ko:K03318		7.786163272082665e-06	3.3533504108849036e-06	1.0131071585449087	KEGG_GENOME
ko:K03319		5.615544714006945e-05	0.00010706549243003897	-0.9189430092897696	KEGG_GENOME
ko:K03320		0.00015674126401777488	0.0003797027347814989	-1.2711048250600474	KEGG_GENOME
ko:K03321		0.00021955841983072738	0.000495567148565941	-1.1708279837262747	KEGG_GENOME
ko:K03322		0.00012408769452942946	0.00035689463113468717	-1.5165950299723407	KEGG_GENOME
ko:K03324		0.0001009423134495186	0.0002211049458133414	-1.1234885202150695	KEGG_GENOME
ko:K03325		5.5635490227312376e-05	0.0001433601129633597	-1.3498938811340961	KEGG_GENOME
ko:K03326		6.428151633322809e-05	4.730662318065499e-05	0.4344535617031806	KEGG_GENOME
ko:K03328		1.6047068101806118e-06	3.106276519539378e-05	-3.6217059587171154	KEGG_GENOME
ko:K03329		8.482056869100662e-06	3.3533504108849036e-06	1.1230738951829433	KEGG_GENOME
ko:K03332		1.7539791727345033e-05	5.941520602410558e-06	1.4173013992422852	KEGG_GENOME
ko:K03333		5.059789571351004e-06	3.261634415596667e-05	-2.471823235649986	KEGG_GENOME
ko:K03335		0.00013199227256858933	0.0002032550864277894	-0.6190295840038961	KEGG_GENOME
ko:K03336		4.4774050061547974e-05	0.00018354878209888846	-2.011400365248609	KEGG_GENOME
ko:K03337		4.499428926970062e-05	0.0001843402694936602	-2.01064972465208	KEGG_GENOME
ko:K03338		4.442828528050451e-05	0.00017944581702136048	-1.9899029439021891	KEGG_GENOME
ko:K03339		0.0	6.9275864394207585e-06	-2.9868817030189656	KEGG_GENOME
ko:K03340		4.821924261773917e-06	7.76413605075119e-06	-0.5901158089298142	KEGG_GENOME
ko:K03342		3.395907513109333e-06	4.0666278807439755e-05	-3.244647321087952	KEGG_GENOME
ko:K03343		0.0	3.371601004737099e-06	-2.1281617324931017	KEGG_GENOME
ko:K03346		1.045438958910067e-06	2.996435971149821e-05	-3.920126224668333	KEGG_GENOME
ko:K03365		7.399969857722581e-06	2.4108152176597983e-05	-1.5796998019335753	KEGG_GENOME
ko:K03366		7.55740057800855e-05	0.00015304785332621106	-1.0084519429772678	KEGG_GENOME
ko:K03367		4.066199714574499e-06	1.7396568249900059e-06	0.8869087610530776	KEGG_GENOME
ko:K03379		0.0	4.478625312831978e-06	-2.4538139400550274	KEGG_GENOME
ko:K03380		3.458567507932961e-06	4.363572974798077e-06	-0.26661411902711984	KEGG_GENOME
ko:K03381		2.905960765254973e-05	8.688876727624761e-05	-1.5478526130038213	KEGG_GENOME
ko:K03382		1.5085868765010438e-06	7.914873947717509e-07	0.4857170093541498	KEGG_GENOME
ko:K03385		1.753733709177909e-05	1.6888782094577216e-05	0.051378845108198325	KEGG_GENOME
ko:K03386		0.0001569299317103233	0.00022814138545849724	-0.5369534245382559	KEGG_GENOME
ko:K03387		8.965178324747642e-05	0.00040644886436316287	-2.16821170443658	KEGG_GENOME
ko:K03392		5.828357466929123e-06	2.7140464955134172e-05	-2.043035674869699	KEGG_GENOME
ko:K03394		4.0159428037987975e-05	0.00026138246844605316	-2.672376487504643	KEGG_GENOME
ko:K03395		1.2210161105649309e-05	2.1824471233982884e-06	2.0534396122525074	KEGG_GENOME
ko:K03396		2.5092484827024617e-06	1.7895501945302737e-06	0.33112959449468443	KEGG_GENOME
ko:K03397		8.0226173628694e-06	1.270049316014941e-06	1.9908223643941534	KEGG_GENOME
ko:K03399		3.101827508812759e-05	1.389845021932164e-05	1.103733322923457	KEGG_GENOME
ko:K03402		9.051837622468827e-05	0.0003798382141583366	-2.057044888883568	KEGG_GENOME
ko:K03403		1.5085868765010438e-06	7.604567145276771e-06	-1.7782277171098981	KEGG_GENOME
ko:K03404		2.3560617403965807e-06	0.0002965026864308302	-6.469989628878951	KEGG_GENOME
ko:K03405		2.7996320550031615e-05	0.0003830711274823351	-3.7274317653790066	KEGG_GENOME
ko:K03406		0.0009767914635857237	0.003720658666795474	-1.9283470288416338	KEGG_GENOME
ko:K03407		0.00010570629928385948	0.0003127708204780289	-1.5560658467371913	KEGG_GENOME
ko:K03408		0.0001366498609347789	0.000511766953960208	-1.897300135889588	KEGG_GENOME
ko:K03409		2.0460770010336587e-05	1.71812990271423e-05	0.2392465591218325	KEGG_GENOME
ko:K03410		4.084854066930526e-06	6.32878864560733e-05	-3.66026864605009	KEGG_GENOME
ko:K03411		2.3058512964253287e-05	0.0001342170893765211	-2.4906581191216093	KEGG_GENOME
ko:K03412		0.00011404555346030827	0.000343557630189705	-1.5825400819971382	KEGG_GENOME
ko:K03413		0.00018190003038753936	0.00043727607292479175	-1.2607846042945798	KEGG_GENOME
ko:K03414		7.913554936928767e-05	0.000170224361238683	-1.0953736866628612	KEGG_GENOME
ko:K03415		9.043373791994556e-05	0.0003028181260539337	-1.732409439566401	KEGG_GENOME
ko:K03416		0.0	0.00014230783461552694	-7.1629736734291924	KEGG_GENOME
ko:K03417		5.1818257733887025e-05	0.0001526486689672162	-1.5405266505783572	KEGG_GENOME
ko:K03424		0.0003581768424190921	0.0008759348709753684	-1.2877753625105441	KEGG_GENOME
ko:K03425		6.263469670492396e-05	3.132391625708114e-05	0.9772116061772501	KEGG_GENOME
ko:K03426		9.784460376596705e-05	0.00038977126088553856	-1.9830902567718136	KEGG_GENOME
ko:K03427		0.00012570609668391568	0.00015868339505973507	-0.33372835560735015	KEGG_GENOME
ko:K03428		1.5085868765010438e-06	7.604567145276771e-06	-1.7782277171098981	KEGG_GENOME
ko:K03430		1.9670594820349053e-05	9.674329009513894e-05	-2.241417762759084	KEGG_GENOME
ko:K03431		0.00011280485751608563	0.000423983333067353	-1.9008441256618422	KEGG_GENOME
ko:K03432		0.0	0.0001447029610123347	-7.186886386287681	KEGG_GENOME
ko:K03433		0.0	0.0001447029610123347	-7.186886386287681	KEGG_GENOME
ko:K03435		8.10530574906406e-05	0.00012976382687576043	-0.6723345060279245	KEGG_GENOME
ko:K03436		1.166756522388989e-05	0.00020199962206713483	-4.002265879218263	KEGG_GENOME
ko:K03437		9.799472034943181e-05	0.000386389515622971	-1.968361419510861	KEGG_GENOME
ko:K03438		0.00015763474214526633	0.000472526430648897	-1.5777361881166352	KEGG_GENOME
ko:K03439		0.00016010278946003767	0.0005423487692454602	-1.7538970702935406	KEGG_GENOME
ko:K03442		0.0002441925217068128	0.0003332521243458767	-0.44702175145999035	KEGG_GENOME
ko:K03445		3.421132947659262e-05	1.3055401902617058e-05	1.3249149931834059	KEGG_GENOME
ko:K03446		0.00021381718416652983	0.0005485812322098591	-1.355223332606441	KEGG_GENOME
ko:K03449		5.1021993782537705e-05	0.00029115948523041713	-2.489562530645048	KEGG_GENOME
ko:K03451		3.415962964784101e-05	4.22179559724037e-05	-0.2977109663947061	KEGG_GENOME
ko:K03453		0.00012742047055362297	0.00022960933260923925	-0.8445757090034655	KEGG_GENOME
ko:K03455		3.283914740058998e-05	8.662108274764891e-05	-1.3725848231105944	KEGG_GENOME
ko:K03457		9.223131848049864e-05	0.0006828564899763803	-2.8748070266703314	KEGG_GENOME
ko:K03462		6.414823240833104e-06	1.3693571545112635e-05	-0.986700905968959	KEGG_GENOME
ko:K03464		2.7990685703092632e-05	9.164263532313122e-05	-1.676086835788977	KEGG_GENOME
ko:K03465		7.359318570221289e-06	2.5396696988822564e-06	1.2397705995848887	KEGG_GENOME
ko:K03466		0.00016161019755696576	0.0005012991023937424	-1.627128962857909	KEGG_GENOME
ko:K03468		6.145472228676935e-05	3.0764720376835744e-05	0.9753853408720211	KEGG_GENOME
ko:K03469		0.00015058991476796105	0.00042549549331838963	-1.4923567223624514	KEGG_GENOME
ko:K03470		0.0001487088460952857	0.00045523961788072084	-1.6076322586713756	KEGG_GENOME
ko:K03471		1.045438958910067e-06	2.996435971149821e-05	-3.920126224668333	KEGG_GENOME
ko:K03472		8.850851350278391e-05	0.00012797265219834973	-0.5269683697426278	KEGG_GENOME
ko:K03473		9.114126125401826e-05	0.00019455494594018902	-1.0856547737311253	KEGG_GENOME
ko:K03474		0.00015009513436078906	0.0002928018028333616	-0.9593860457383507	KEGG_GENOME
ko:K03475		0.0001433321874021891	0.00020617603828191345	-0.5214640824510369	KEGG_GENOME
ko:K03476		3.5332873365058665e-05	1.3149158026266122e-05	1.3605592598198555	KEGG_GENOME
ko:K03477		3.5332873365058665e-05	1.3149158026266122e-05	1.3605592598198555	KEGG_GENOME
ko:K03478		4.151394619633176e-05	1.84112665626409e-05	1.131041922603735	KEGG_GENOME
ko:K03480		1.045438958910067e-06	2.996435971149821e-05	-3.920126224668333	KEGG_GENOME
ko:K03482		7.028126261708051e-05	2.9411595132926843e-05	1.228901401956147	KEGG_GENOME
ko:K03483		0.0	3.5559854346836596e-06	-2.187763134810897	KEGG_GENOME
ko:K03484		6.0393780663485166e-05	4.328490543548807e-05	0.47127747635939077	KEGG_GENOME
ko:K03485		5.94015343558194e-05	3.960530357576745e-05	0.5729170239400001	KEGG_GENOME
ko:K03486		1.045438958910067e-06	4.1595649016350154e-05	-4.380223682862619	KEGG_GENOME
ko:K03487		6.478015762267212e-05	3.0360743677462345e-05	1.0686926937558585	KEGG_GENOME
ko:K03488		7.565244308832781e-05	0.00017969802640639988	-1.237177069381911	KEGG_GENOME
ko:K03489		1.045438958910067e-06	3.689194615091897e-05	-4.211408850050444	KEGG_GENOME
ko:K03490		4.2098611592325634e-05	1.84112665626409e-05	1.15074713881237	KEGG_GENOME
ko:K03491		5.846653959938726e-07	0.0	0.6641782457265831	KEGG_GENOME
ko:K03492		2.744895077689459e-05	1.0823681624101335e-05	1.266696117895224	KEGG_GENOME
ko:K03495		0.00015528721878113694	0.0003166519523414114	-1.0232470871094903	KEGG_GENOME
ko:K03496		0.00027612780765496773	0.0010659462737543383	-1.9448641442545247	KEGG_GENOME
ko:K03497		0.00018672652009960476	0.0005644254128971956	-1.5907042522816333	KEGG_GENOME
ko:K03498		0.00014652546293548283	0.00026474749120172525	-0.8490920864814054	KEGG_GENOME
ko:K03499		0.00012507785637563986	0.0004882965607957102	-1.9563942314259883	KEGG_GENOME
ko:K03500		0.00017337435464912545	0.0005121413327535836	-1.5571683594915258	KEGG_GENOME
ko:K03501		0.0001544270642474501	0.0004690300660406759	-1.5965153038453443	KEGG_GENOME
ko:K03502		0.0001460271024487644	0.00014239582785703615	0.0360790717835102	KEGG_GENOME
ko:K03503		0.0001337855961206458	0.0001495420048163019	-0.15949975856913834	KEGG_GENOME
ko:K03516		4.65552751019529e-05	3.7891827610841865e-05	0.29013835019679923	KEGG_GENOME
ko:K03517		0.00012196182274130047	0.0002790517025124167	-1.1874827425715497	KEGG_GENOME
ko:K03518		1.1820485170693207e-05	3.882571462871373e-05	-1.6352493900920133	KEGG_GENOME
ko:K03519		9.207158813583292e-06	4.454906409210502e-05	-2.157840066347416	KEGG_GENOME
ko:K03520		1.404435564233988e-05	3.276943666010278e-05	-1.1664957959787379	KEGG_GENOME
ko:K03521		9.37170104010095e-05	0.00046316103119308345	-2.292929955469587	KEGG_GENOME
ko:K03522		9.615634472393675e-05	0.00046534347831648175	-2.263012823710586	KEGG_GENOME
ko:K03523		1.4837750497127232e-05	0.00018449364869338767	-3.5499304467960493	KEGG_GENOME
ko:K03524		0.0001544270642474501	0.00047000110626922644	-1.5994927087617503	KEGG_GENOME
ko:K03525		0.00010003534262376596	0.0002762186839365062	-1.4561644526898454	KEGG_GENOME
ko:K03526		0.00013128065885674147	0.00044485096802469306	-1.7529594131960295	KEGG_GENOME
ko:K03527		0.00013594931692539279	0.00045320314508224223	-1.7296956256710183	KEGG_GENOME
ko:K03528		9.440848873590934e-05	0.00020217865536120182	-1.090559312535285	KEGG_GENOME
ko:K03529		5.067191113489254e-05	0.0002637787721347764	-2.357335313603773	KEGG_GENOME
ko:K03530		0.00020624402692311658	0.0006140463187505796	-1.5693645412646482	KEGG_GENOME
ko:K03531		0.00015150837071821688	0.00045523961788072084	-1.5809032995359806	KEGG_GENOME
ko:K03532		7.40258825029113e-06	2.4054533499899938e-05	-1.5761659809256068	KEGG_GENOME
ko:K03533		4.651968291366741e-06	1.3111048436540567e-05	-1.319999905681531	KEGG_GENOME
ko:K03534		7.589454760882802e-05	6.790036144089575e-05	0.1583697529734768	KEGG_GENOME
ko:K03535		8.195607762805362e-05	9.90134554979131e-05	-0.2697745221151105	KEGG_GENOME
ko:K03536		0.00013289514227424955	0.00044488554690606536	-1.7355698158475994	KEGG_GENOME
ko:K03543		0.00019192120362486914	0.0004439257364932706	-1.2055528367207347	KEGG_GENOME
ko:K03544		0.0001639437718105607	0.00048548549144284304	-1.5604224763253045	KEGG_GENOME
ko:K03545		0.00015763474214526633	0.0004707782483447864	-1.5724001374824361	KEGG_GENOME
ko:K03546		0.00011169535151962734	0.0002706046747392909	-1.2690803026598458	KEGG_GENOME
ko:K03547		0.0001021621033747702	0.000270368777992164	-1.3953416490790442	KEGG_GENOME
ko:K03548		7.248189682952061e-05	0.00010132097144990313	-0.4776410934089187	KEGG_GENOME
ko:K03549		0.00013191907433941907	0.0003638370199510603	-1.4567039758359694	KEGG_GENOME
ko:K03550		0.0001544270642474501	0.000471652145813892	-1.6045410652182688	KEGG_GENOME
ko:K03551		0.00015529971942299342	0.00047195398656780434	-1.5973846428612242	KEGG_GENOME
ko:K03553		0.0001544270642474501	0.00047634996186956386	-1.6188096044507994	KEGG_GENOME
ko:K03554		0.00010383889474123589	0.0001866559127412252	-0.8399156986622589	KEGG_GENOME
ko:K03555		0.00016300912211836185	0.0002626770284368378	-0.6849958298072052	KEGG_GENOME
ko:K03556		5.5465068333221295e-05	0.0001412311340551599	-1.3328067652691438	KEGG_GENOME
ko:K03557		9.916327616715743e-05	0.00023832393853629596	-1.2566110544169242	KEGG_GENOME
ko:K03558		0.0001292301890915707	0.0002767032532001014	-1.0924801547525669	KEGG_GENOME
ko:K03559		0.00027652235840953	0.0007412835670888028	-1.4193664244117938	KEGG_GENOME
ko:K03560		0.00011851690309615236	0.00033046544200365373	-1.4716437945347305	KEGG_GENOME
ko:K03561		0.00034455120081524547	0.0007360527570907733	-1.0928683962469594	KEGG_GENOME
ko:K03562		0.00010516729921367485	0.0002807401435998705	-1.4080256726284133	KEGG_GENOME
ko:K03563		0.00012615604487544973	0.00041648967395122445	-1.715140466909596	KEGG_GENOME
ko:K03564		0.00020099527884481143	0.0005041440431042771	-1.322373260842852	KEGG_GENOME
ko:K03565		0.00014714138647512013	0.000447635050735444	-1.5985675942317181	KEGG_GENOME
ko:K03566		0.0003150748619932489	0.0009892522560809695	-1.6475297833570823	KEGG_GENOME
ko:K03567		9.15542489622965e-05	0.00012740595500773387	-0.4723409833446752	KEGG_GENOME
ko:K03568		0.00012783469671773926	0.00021314087267424017	-0.7330390058213079	KEGG_GENOME
ko:K03569		0.0001510551883931954	0.0002806427409563276	-0.8892712435915953	KEGG_GENOME
ko:K03570		0.00014735293070902695	0.00024377749667938017	-0.7224375042079617	KEGG_GENOME
ko:K03571		0.00010446329718663407	0.00022644516975708535	-1.1087777897962257	KEGG_GENOME
ko:K03572		0.0001534560981236938	0.00026049308632666434	-0.7595759717146103	KEGG_GENOME
ko:K03573		8.45902551856418e-05	4.3236349156857456e-05	0.9522142247122981	KEGG_GENOME
ko:K03574		0.0002332690330021806	0.001042521039236953	-2.1552215197090328	KEGG_GENOME
ko:K03575		0.00015476093232933354	0.00047013890099056557	-1.596819032694832	KEGG_GENOME
ko:K03576		0.00010935524506731616	0.0002347547243815857	-1.0951314809164978	KEGG_GENOME
ko:K03577		7.126011395748378e-05	0.00010046848464925378	-0.48976027163678026	KEGG_GENOME
ko:K03578		0.000104021339785635	0.00039608464027858617	-1.9187640509791775	KEGG_GENOME
ko:K03579		0.00010057377068310303	0.00030967397514286826	-1.6128734891900318	KEGG_GENOME
ko:K03580		9.310232336030441e-05	0.00019909411398276062	-1.0883764809515688	KEGG_GENOME
ko:K03581		0.00010458151310801282	0.0004086911350608503	-1.9561794291751082	KEGG_GENOME
ko:K03582		9.896582315584046e-05	0.0003750965447744675	-1.9115962042103218	KEGG_GENOME
ko:K03583		9.77143589427111e-05	0.0003750965447744675	-1.9297711935194155	KEGG_GENOME
ko:K03584		0.0001544270642474501	0.0004707782483447864	-1.6018711640533971	KEGG_GENOME
ko:K03585		0.0004473199291361318	0.0007682843224549382	-0.7789882745585361	KEGG_GENOME
ko:K03586		0.00010859515095577262	0.0002771047362378248	-1.3434443470033364	KEGG_GENOME
ko:K03587		0.00019727677093762285	0.00048635710467576196	-1.2974636071897208	KEGG_GENOME
ko:K03588		0.00015785983364611126	0.0006016157313972084	-1.9234839375914186	KEGG_GENOME
ko:K03589		0.00014554348131991292	0.0004541915910009274	-1.6351451120241889	KEGG_GENOME
ko:K03590		0.00014863003306535093	0.00031383734380966165	-1.0732068978858222	KEGG_GENOME
ko:K03591		8.082634357670202e-05	4.3236349156857456e-05	0.8873330620065544	KEGG_GENOME
ko:K03592		0.0001174410407900176	0.00020103039017798692	-0.7704032517268635	KEGG_GENOME
ko:K03593		0.00014490180916841848	0.00047897213196614535	-1.7179528701842206	KEGG_GENOME
ko:K03594		0.0001414276406562055	0.0005349331330608265	-1.9118238562153183	KEGG_GENOME
ko:K03595		0.000156023362378918	0.0004925217255184202	-1.6521343722129653	KEGG_GENOME
ko:K03596		0.00016069614157217233	0.000489199385894132	-1.6000834235189532	KEGG_GENOME
ko:K03597		9.406877962188396e-05	0.00016380885766494827	-0.7937502362655209	KEGG_GENOME
ko:K03598		9.406877962188396e-05	0.00012269338240922343	-0.3797247721574823	KEGG_GENOME
ko:K03599		9.843160627199785e-05	0.0002367552111957952	-1.2577005443804914	KEGG_GENOME
ko:K03600		9.692301939549681e-05	0.00023596372380102346	-1.2749462689245497	KEGG_GENOME
ko:K03601		0.0001155415883772194	0.0004386201183626107	-1.9154125311224595	KEGG_GENOME
ko:K03602		0.00011530019969750985	0.00043930497481669786	-1.9206495707126658	KEGG_GENOME
ko:K03603		8.45902551856418e-05	4.259282987862868e-05	0.9733556880759953	KEGG_GENOME
ko:K03604		6.657705580428957e-05	4.864406575130276e-05	0.4449122223725293	KEGG_GENOME
ko:K03605		2.244753829737817e-05	3.3898322593383226e-05	-0.5737212287021167	KEGG_GENOME
ko:K03606		4.296322087538458e-05	4.3843414085591086e-05	-0.028599033474205258	KEGG_GENOME
ko:K03607		8.781997897966293e-05	0.00011883762135785171	-0.43212475833154324	KEGG_GENOME
ko:K03608		9.925007140080722e-05	0.000238892290102821	-1.2587835274003978	KEGG_GENOME
ko:K03609		0.00010029551035971728	0.0002688566498143192	-1.413623006543854	KEGG_GENOME
ko:K03610		0.00010029551035971728	0.0002688566498143192	-1.413623006543854	KEGG_GENOME
ko:K03611		9.8026182883445e-05	0.00029204386731069513	-1.5652347110179448	KEGG_GENOME
ko:K03612		0.0001039655317194476	0.00010700248018666676	-0.041148785460106294	KEGG_GENOME
ko:K03613		0.0001031790466783931	0.00010576081409427065	-0.0353170713180134	KEGG_GENOME
ko:K03614		0.0001031790466783931	0.00010700248018666676	-0.051999302606604444	KEGG_GENOME
ko:K03615		9.536898260752272e-05	9.389359258818815e-05	0.02225819748762475	KEGG_GENOME
ko:K03616		0.0001060789124806871	0.0002439879146237358	-1.1940361903095706	KEGG_GENOME
ko:K03617		0.0001031790466783931	0.0001125741937114442	-0.12456992296878154	KEGG_GENOME
ko:K03618		3.965743900193634e-06	9.450482439063033e-06	-1.0734877808304395	KEGG_GENOME
ko:K03619		1.949980631431917e-06	9.450482439063033e-06	-1.8247921574564292	KEGG_GENOME
ko:K03620		5.571627044177665e-06	9.450482439063033e-06	-0.6692470335598799	KEGG_GENOME
ko:K03621		0.0001242923091647515	0.00020774607928565348	-0.736451240601372	KEGG_GENOME
ko:K03623		5.435082938966211e-05	2.2654425868652335e-05	1.2264947901239023	KEGG_GENOME
ko:K03624		0.00015763474214526633	0.00047770583478420707	-1.5934306244911456	KEGG_GENOME
ko:K03625		0.00015763474214526633	0.0004707782483447864	-1.5724001374824361	KEGG_GENOME
ko:K03628		0.00015986183209675274	0.0004944311308954006	-1.622862468101554	KEGG_GENOME
ko:K03629		0.00014537491733276873	0.0004208566753615504	-1.5270845745832853	KEGG_GENOME
ko:K03630		0.00020479630474896693	0.00034119738852978084	-0.7336116723562306	KEGG_GENOME
ko:K03631		0.0001503982436943885	0.0004569878001848313	-1.5969606991858183	KEGG_GENOME
ko:K03632		6.775703022244418e-05	4.4281674396316906e-05	0.6025799265804226	KEGG_GENOME
ko:K03633		6.657705580428957e-05	4.249955924734262e-05	0.6355327134167751	KEGG_GENOME
ko:K03634		9.696727708964278e-05	0.00023596372380102346	-1.2742943697942952	KEGG_GENOME
ko:K03635		0.00011574834811343141	0.0004096699777714213	-1.8145773450370533	KEGG_GENOME
ko:K03636		0.0001245232650054817	0.00047740646035440666	-1.9302820876059708	KEGG_GENOME
ko:K03637		0.00011574834811343141	0.0004096699777714213	-1.8145773450370533	KEGG_GENOME
ko:K03638		8.409742421708067e-05	0.00025651913223646877	-1.5974922512052332	KEGG_GENOME
ko:K03639		0.0001254646070607241	0.0005078281979780247	-2.008444940915737	KEGG_GENOME
ko:K03640		0.0001251100794476151	0.0002520286840334268	-1.0046173532876925	KEGG_GENOME
ko:K03641		0.00011886076190548647	0.0002668048312565113	-1.1598225377563258	KEGG_GENOME
ko:K03642		0.00015504438128367254	0.0005969589476644223	-1.9380900300593913	KEGG_GENOME
ko:K03643		0.00010293168712008448	0.0001830520600284811	-0.8244783212749793	KEGG_GENOME
ko:K03644		0.00015572835345548913	0.0004800229494181646	-1.6178395271702586	KEGG_GENOME
ko:K03645		8.45902551856418e-05	4.254257969228791e-05	0.9750196660851937	KEGG_GENOME
ko:K03646		0.00012161202115536563	0.0002175214813913985	-0.8336746774429286	KEGG_GENOME
ko:K03647		6.535694740280894e-05	4.896707551011762e-05	0.4092697379850899	KEGG_GENOME
ko:K03648		0.00015454465943064266	0.0004861990622514454	-1.647182495070943	KEGG_GENOME
ko:K03649		6.211457300165187e-05	4.495519476133533e-05	0.45774520590921675	KEGG_GENOME
ko:K03650		0.00016046427118295587	0.0003385514038182438	-1.0724150362664104	KEGG_GENOME
ko:K03651		0.0001765010618828228	0.0002919084013469309	-0.7226219184938926	KEGG_GENOME
ko:K03652		1.6598462292504407e-05	0.00026686332459822763	-3.9279757827196407	KEGG_GENOME
ko:K03654		0.00023953733301888846	0.0005339620600854926	-1.1531757507273959	KEGG_GENOME
ko:K03655		0.00019388204085769723	0.000533377767683558	-1.4552588402732405	KEGG_GENOME
ko:K03656		9.916327616715743e-05	0.00023596372380102346	-1.2423125611501535	KEGG_GENOME
ko:K03657		0.00022771170671630363	0.0009615483044123313	-2.0733287298881	KEGG_GENOME
ko:K03658		8.316884528128599e-05	4.5729586485766224e-05	0.8489500543071007	KEGG_GENOME
ko:K03660		1.9063886897771811e-06	0.0	1.5392276566236323	KEGG_GENOME
ko:K03664		0.00015763474214526633	0.0004707782483447864	-1.5724001374824361	KEGG_GENOME
ko:K03665		0.0001613855962425766	0.00047151503825430124	-1.540936575477648	KEGG_GENOME
ko:K03666		0.00010552420364946394	0.0002993481736164539	-1.495454624725457	KEGG_GENOME
ko:K03667		0.00012562547520695452	0.00022512004882466402	-0.8365212303571575	KEGG_GENOME
ko:K03668		7.985867509876371e-05	0.00010500697336408652	-0.3906847016676697	KEGG_GENOME
ko:K03669		8.397630971892754e-05	0.00013664943286937804	-0.6958660679311732	KEGG_GENOME
ko:K03670		9.148341893337751e-05	0.00014249053616583463	-0.6336889503469499	KEGG_GENOME
ko:K03671		0.00035346626923819904	0.0009419486422565306	-1.411530848437638	KEGG_GENOME
ko:K03672		8.047234581606885e-05	0.00012218615625464045	-0.5964577809615251	KEGG_GENOME
ko:K03673		0.00012356842836440008	0.00027526934998096676	-1.1491370484729182	KEGG_GENOME
ko:K03674		8.048059278938355e-05	4.190654366158929e-05	0.9252587868604883	KEGG_GENOME
ko:K03675		3.442782073769015e-05	1.45620915336694e-05	1.1868467535525555	KEGG_GENOME
ko:K03676		0.00010139141400005926	0.00022488582578159363	-1.1414990015364377	KEGG_GENOME
ko:K03683		9.761616663372554e-05	0.00020217865536120182	-1.0428527706315587	KEGG_GENOME
ko:K03684		0.00011850363053954504	0.00041352175443452454	-1.794393369322519	KEGG_GENOME
ko:K03685		0.00014863246160857867	0.0004683691864962381	-1.649299943090359	KEGG_GENOME
ko:K03686		0.00015747833477748407	0.0006186932600760098	-1.9672686511198005	KEGG_GENOME
ko:K03687		0.00016167672951850206	0.00047165253317979136	-1.5387720952068107	KEGG_GENOME
ko:K03688		0.00013482154663673737	0.0003044782687210007	-1.1693573865836615	KEGG_GENOME
ko:K03690		9.537594182502742e-05	0.00016938143005918412	-0.8220231454034793	KEGG_GENOME
ko:K03692		2.7969345448494337e-06	6.665174494424196e-06	-1.013483505965335	KEGG_GENOME
ko:K03693		1.045438958910067e-06	2.996435971149821e-05	-3.920126224668333	KEGG_GENOME
ko:K03694		0.00010447876469055386	0.00025271209005110393	-1.2662396889076242	KEGG_GENOME
ko:K03695		0.0001561525873179932	0.0004718163465488765	-1.5891138897987043	KEGG_GENOME
ko:K03696		6.25951614134343e-05	0.0002968507896126683	-2.2276008752114644	KEGG_GENOME
ko:K03698		7.809096069984537e-06	7.800988844883313e-05	-3.164967332251038	KEGG_GENOME
ko:K03699		0.00028620515474228836	0.0009488620263650395	-1.7256363250232059	KEGG_GENOME
ko:K03700		1.045438958910067e-06	2.996435971149821e-05	-3.920126224668333	KEGG_GENOME
ko:K03701		0.00021337039080034063	0.0005974809048218375	-1.481199565077682	KEGG_GENOME
ko:K03702		0.00015262648542980922	0.00047634996186956386	-1.6356203838499261	KEGG_GENOME
ko:K03703		0.00015652104254820055	0.00048537585467346505	-1.6265270455283678	KEGG_GENOME
ko:K03704		0.0005114753877275477	0.001358070230328639	-1.4070653855374484	KEGG_GENOME
ko:K03705		3.350373443654102e-05	0.00022848567968938207	-2.73357970732678	KEGG_GENOME
ko:K03706		1.045438958910067e-06	2.996435971149821e-05	-3.920126224668333	KEGG_GENOME
ko:K03707		4.9904590198918284e-05	0.00021584821256042465	-2.0908178925497825	KEGG_GENOME
ko:K03708		2.9518276486872484e-06	2.996435971149821e-05	-2.9700166809118036	KEGG_GENOME
ko:K03709		5.285059454486995e-05	3.716915394985209e-05	0.49655506472352434	KEGG_GENOME
ko:K03710		5.059154011394535e-05	0.00020436223865477498	-1.992964508267014	KEGG_GENOME
ko:K03711		0.00019535907885567718	0.0005494533163265335	-1.4871259107504329	KEGG_GENOME
ko:K03712		6.037394586234649e-05	6.612173452048869e-05	-0.12915365712897992	KEGG_GENOME
ko:K03713		1.045438958910067e-06	2.996435971149821e-05	-3.920126224668333	KEGG_GENOME
ko:K03716		3.6684975455599366e-06	0.0	2.2229583245971956	KEGG_GENOME
ko:K03717		7.741788058397879e-05	0.0001496637262965744	-0.942077560915157	KEGG_GENOME
ko:K03718		0.0001492234384091418	0.00010690523676799079	0.4773450427485508	KEGG_GENOME
ko:K03719		0.0003712517552511648	0.00114542009446102	-1.6227852459358263	KEGG_GENOME
ko:K03720		6.81829389482736e-05	3.3044537753230004e-05	1.022992957055761	KEGG_GENOME
ko:K03721		9.265920704110703e-05	0.0001985852165173976	-1.0915121339964564	KEGG_GENOME
ko:K03722		0.00019122473997858504	0.000411417240405735	-1.1013106155687797	KEGG_GENOME
ko:K03723		0.00016147153528867932	0.000472016406905848	-1.541703242534619	KEGG_GENOME
ko:K03724		3.426962947461364e-05	0.00018412626543841905	-2.3920112724391727	KEGG_GENOME
ko:K03726		0.0	2.7760042195264137e-05	-4.845993887314561	KEGG_GENOME
ko:K03727		1.380102237973789e-06	0.00014697398759583639	-5.958176229758542	KEGG_GENOME
ko:K03732		9.108556326400416e-05	0.00020217865536120182	-1.1417019495363172	KEGG_GENOME
ko:K03733		0.00016018213115984577	0.0005044478164022334	-1.648870338788768	KEGG_GENOME
ko:K03734		0.00021047275483181474	0.0003769582871307057	-0.8377552169062673	KEGG_GENOME
ko:K03735		7.146490958168512e-05	0.00011808640464841075	-0.7166542606363625	KEGG_GENOME
ko:K03736		7.146490958168512e-05	0.00011808640464841075	-0.7166542606363625	KEGG_GENOME
ko:K03737		9.924780124715208e-05	0.0002077533357995671	-1.0582286573531	KEGG_GENOME
ko:K03739		2.9843584206923115e-06	6.044702996540616e-07	1.312250349532847	KEGG_GENOME
ko:K03740		2.9843584206923115e-06	6.044702996540616e-07	1.312250349532847	KEGG_GENOME
ko:K03741		7.111456208440392e-05	0.00022674649136048594	-1.6590663109606687	KEGG_GENOME
ko:K03742		1.605883143984031e-06	0.0	1.3817723903624253	KEGG_GENOME
ko:K03743		0.00011034153277536429	0.00040382073988678123	-1.8622913552595581	KEGG_GENOME
ko:K03744		0.00010277845805276062	0.0003466825438949025	-1.7442636299727214	KEGG_GENOME
ko:K03745		0.000100966750907826	0.00025272183459472284	-1.3151488809863476	KEGG_GENOME
ko:K03746		0.00015291055393673158	0.00019710329110781628	-0.3641606846732566	KEGG_GENOME
ko:K03747		8.709248208183026e-05	7.536001242134859e-05	0.2062015656498787	KEGG_GENOME
ko:K03748		6.90349014042152e-05	4.182059656652637e-05	0.7097691631102228	KEGG_GENOME
ko:K03749		9.537594182502742e-05	0.0001630317155893883	-0.7672298285892118	KEGG_GENOME
ko:K03750		0.00013133994271122195	0.0006498758921707581	-2.2981339190149157	KEGG_GENOME
ko:K03752		0.00011122452295555012	0.00022734572615425576	-1.0248318240326832	KEGG_GENOME
ko:K03753		7.240280307458166e-05	8.209500984820402e-05	-0.17892668347639049	KEGG_GENOME
ko:K03755		0.0	2.1824471233982884e-06	-1.6701365438376141	KEGG_GENOME
ko:K03756		2.1653963744941396e-05	1.6764829823737073e-05	0.35073963089835875	KEGG_GENOME
ko:K03757		2.5094643378270782e-05	2.0557731888126838e-05	0.27554828694402184	KEGG_GENOME
ko:K03758		6.172709765033118e-05	0.00034167893028674715	-2.449696773493464	KEGG_GENOME
ko:K03759		2.272913238355865e-06	7.623345568304666e-06	-1.3976723366218244	KEGG_GENOME
ko:K03760		6.825197870384946e-05	0.00022512490009550095	-1.7071926671453266	KEGG_GENOME
ko:K03761		5.6180339056788756e-05	0.0002482491016581051	-2.1239972251634747	KEGG_GENOME
ko:K03762		0.00015623647622305638	0.0004126468305603394	-1.395463590539943	KEGG_GENOME
ko:K03763		2.9518276486872484e-06	2.996435971149821e-05	-2.9700166809118036	KEGG_GENOME
ko:K03764		8.45902551856418e-05	4.3236349156857456e-05	0.9522142247122981	KEGG_GENOME
ko:K03765		3.171713240271277e-05	1.831447162338848e-05	0.7603640932156995	KEGG_GENOME
ko:K03767		0.00013825849929659072	0.00037245733687767536	-1.4231780598727688	KEGG_GENOME
ko:K03768		0.0001287722093945929	0.000424685467912317	-1.7138063755818982	KEGG_GENOME
ko:K03769		0.00018429329066236633	0.0005002175514748835	-1.4356262920203733	KEGG_GENOME
ko:K03770		0.00014758459410644088	0.0002783012705733861	-0.9105375978501346	KEGG_GENOME
ko:K03771		0.00018551654700201155	0.0003125000859286463	-0.7491622121704337	KEGG_GENOME
ko:K03772		0.00010871806218932414	0.00021645961775721207	-0.9869464703840195	KEGG_GENOME
ko:K03773		0.00012161202586712375	0.00035727349698449476	-1.54696083876813	KEGG_GENOME
ko:K03774		9.374551369897224e-05	0.00022937811258410079	-1.2818741210323306	KEGG_GENOME
ko:K03775		0.00012644222172761472	0.00023999400110128523	-0.9191539118745296	KEGG_GENOME
ko:K03776		0.0001328745260649372	0.00029485515977920843	-1.144009588590112	KEGG_GENOME
ko:K03777		6.335049193901542e-05	4.3720611840417226e-05	0.5250112510333815	KEGG_GENOME
ko:K03778		0.00010917327578128555	0.00017110202134667472	-0.6434897234779359	KEGG_GENOME
ko:K03779		2.808381777970255e-05	9.59903313398913e-06	1.4562839965082537	KEGG_GENOME
ko:K03780		2.808381777970255e-05	9.59903313398913e-06	1.4562839965082537	KEGG_GENOME
ko:K03781		0.0001359253322716177	0.0006716282027040168	-2.296419889751138	KEGG_GENOME
ko:K03782		0.00013612745220322869	0.00015559211968086515	-0.19149419239946283	KEGG_GENOME
ko:K03783		6.62507902527701e-05	0.0002819633475332444	-2.072992065977303	KEGG_GENOME
ko:K03784		9.824868640270978e-05	8.636645479015316e-05	0.1839685586292534	KEGG_GENOME
ko:K03785		2.0625614271731472e-05	9.901775261961463e-06	0.9881780280012007	KEGG_GENOME
ko:K03786		0.00016367665661102366	0.000556955503063348	-1.7605140083580397	KEGG_GENOME
ko:K03787		0.000139930549075312	0.00024428375013324857	-0.7994672855348258	KEGG_GENOME
ko:K03788		4.0989183587836234e-05	3.0220738200352156e-05	0.4275130879638571	KEGG_GENOME
ko:K03789		0.00011558835199993038	0.0004810151915052486	-2.0476549557792305	KEGG_GENOME
ko:K03790		7.951354356048718e-05	0.0002692714253579302	-1.7471055987102362	KEGG_GENOME
ko:K03791		4.4721621468077033e-05	0.0001467773769198365	-1.6924769525527015	KEGG_GENOME
ko:K03793		6.541040498799324e-06	7.244685072512448e-05	-3.2838651290908305	KEGG_GENOME
ko:K03794		2.6568187252583753e-06	1.7481823041105056e-06	0.41211140128738705	KEGG_GENOME
ko:K03795		7.167666487979132e-06	0.0002240693934249509	-4.784302114175531	KEGG_GENOME
ko:K03796		6.266277456551918e-05	1.7822098309236145e-05	1.7580225638676017	KEGG_GENOME
ko:K03797		0.00029596239820301693	0.0006922212233486718	-1.223035557562623	KEGG_GENOME
ko:K03798		0.00015553854886418776	0.0005653938616026018	-1.855287653981555	KEGG_GENOME
ko:K03799		0.00011370477141739387	0.00028336985042701495	-1.3098431101512256	KEGG_GENOME
ko:K03800		6.822546332495355e-05	9.674593589757942e-05	-0.4977339144092928	KEGG_GENOME
ko:K03801		0.00015103684967367916	0.00042796446460872006	-1.4964371030857941	KEGG_GENOME
ko:K03802		3.2566405906709e-05	9.781654468266704e-05	-1.557734539954691	KEGG_GENOME
ko:K03803		9.479775260890862e-05	8.524814305746788e-05	0.15149841554344146	KEGG_GENOME
ko:K03804		6.657705580428957e-05	4.249955924734262e-05	0.6355327134167751	KEGG_GENOME
ko:K03805		5.0203570833019146e-05	8.464131620151024e-05	-0.7420625439838134	KEGG_GENOME
ko:K03806		9.692301939549681e-05	0.00020159301100743335	-1.0488644569045007	KEGG_GENOME
ko:K03807		8.441615217601455e-05	0.00010668204289939783	-0.3341968714588054	KEGG_GENOME
ko:K03808		0.00017861531593296696	0.0003121257306993144	-0.8018316899201015	KEGG_GENOME
ko:K03809		0.00010127736234891379	0.0003067072584439718	-1.5890716152881448	KEGG_GENOME
ko:K03810		4.770935322793776e-05	6.862326210290677e-05	-0.5153705842257635	KEGG_GENOME
ko:K03811		0.00013721630844075762	0.00043005128373322255	-1.6409316697090237	KEGG_GENOME
ko:K03812		7.56335663869767e-05	0.00011648993005424384	-0.6164887573395786	KEGG_GENOME
ko:K03813		1.0723564086997897e-05	4.153258349511986e-06	1.1858544045483312	KEGG_GENOME
ko:K03814		0.0001223581940113851	0.00028002874142595994	-1.1878641364023586	KEGG_GENOME
ko:K03816		4.963697276052192e-06	0.00011791421572439859	-4.317570356991798	KEGG_GENOME
ko:K03817		6.086652576765313e-05	0.00015852177770877063	-1.3665224682577721	KEGG_GENOME
ko:K03818		4.3982900320852355e-05	2.156767725418804e-05	0.995118744575339	KEGG_GENOME
ko:K03819		2.2926850067118642e-05	1.0020376125204606e-05	1.1184570169011585	KEGG_GENOME
ko:K03820		0.0001145162565039429	0.0004374922486160456	-1.9244554446928732	KEGG_GENOME
ko:K03821		3.717513868104896e-05	0.00023429944441749877	-2.6237926110082856	KEGG_GENOME
ko:K03823		1.4947906545688276e-06	0.0	1.3189187597361614	KEGG_GENOME
ko:K03824		7.732788925487534e-05	0.00015247760311510493	-0.9704301525202367	KEGG_GENOME
ko:K03825		5.835699463390831e-05	9.680957040490658e-05	-0.7205575887299679	KEGG_GENOME
ko:K03826		0.00012036329590710977	0.00020974839515221507	-0.7961894740721079	KEGG_GENOME
ko:K03828		9.779765301157133e-05	9.389788128860199e-05	0.05810089259091066	KEGG_GENOME
ko:K03829		7.933479830277853e-05	3.3285092474487e-05	1.2284436360848505	KEGG_GENOME
ko:K03830		3.978855754375682e-05	3.206383556763513e-05	0.3029103941596498	KEGG_GENOME
ko:K03831		7.755622347496283e-05	9.265712212944782e-05	-0.2536631330208059	KEGG_GENOME
ko:K03832		0.0003343349673141211	0.000770008613538454	-1.2011440485801717	KEGG_GENOME
ko:K03833		5.4112782275018966e-05	0.00011936454741395807	-1.1269516522024874	KEGG_GENOME
ko:K03834		6.376707277142773e-05	3.173080116419104e-05	0.9846116249479716	KEGG_GENOME
ko:K03835		6.604438159846997e-05	6.422206448656258e-05	0.039756329865733436	KEGG_GENOME
ko:K03836		3.5522967996353643e-06	1.952213712739561e-06	0.624797458377054	KEGG_GENOME
ko:K03837		8.172996394683135e-05	0.00011493849843509516	-0.4868778473892271	KEGG_GENOME
ko:K03838		2.9960870246730754e-05	1.1299849729285664e-05	1.3318053333965565	KEGG_GENOME
ko:K03839		0.00013090619734832773	0.0001233738315082276	0.08482937671259373	KEGG_GENOME
ko:K03840		8.076548670237281e-05	4.3236349156857456e-05	0.8862596842627025	KEGG_GENOME
ko:K03841		0.00014845164135190655	0.00027025023063170913	-0.8599456227213701	KEGG_GENOME
ko:K03851		4.953358162501788e-06	5.1859617826763995e-06	-0.05529422881506021	KEGG_GENOME
ko:K03852		4.988276420320453e-06	1.1210988027233909e-05	-1.0279672145740826	KEGG_GENOME
ko:K03855		1.9959524555760146e-05	9.57400439925532e-06	0.9870841592065922	KEGG_GENOME
ko:K03856		6.543304189031245e-06	5.37841287899506e-06	0.24199911754471243	KEGG_GENOME
ko:K03862		4.064033269440709e-06	5.913507539564572e-05	-3.5698479389628583	KEGG_GENOME
ko:K03863		3.2297237940211355e-06	6.663403779288055e-05	-3.999114124259712	KEGG_GENOME
ko:K03885		0.00016580870822984007	0.0004881264736077661	-1.5520129451076392	KEGG_GENOME
ko:K03886		1.045438958910067e-06	3.333596071623531e-05	-4.069237941321588	KEGG_GENOME
ko:K03887		1.045438958910067e-06	2.996435971149821e-05	-3.920126224668333	KEGG_GENOME
ko:K03888		1.045438958910067e-06	2.996435971149821e-05	-3.920126224668333	KEGG_GENOME
ko:K03889		1.380102237973789e-06	0.00014697398759583639	-5.958176229758542	KEGG_GENOME
ko:K03890		1.380102237973789e-06	0.00014697398759583639	-5.958176229758542	KEGG_GENOME
ko:K03891		1.380102237973789e-06	0.00014697398759583639	-5.958176229758542	KEGG_GENOME
ko:K03892		9.564211688498237e-05	0.00026573958536631003	-1.4647079818236333	KEGG_GENOME
ko:K03893		5.2145759119925174e-05	0.00016924717689449	-1.679604396589814	KEGG_GENOME
ko:K03894		2.146258425429184e-05	1.3349634235720175e-05	0.6465099512436968	KEGG_GENOME
ko:K03895		2.146258425429184e-05	1.3349634235720175e-05	0.6465099512436968	KEGG_GENOME
ko:K03896		2.249255644504269e-05	7.446718995665151e-05	-1.683645840978502	KEGG_GENOME
ko:K03897		2.5404086126365936e-05	1.5830796092631865e-05	0.6496577916442171	KEGG_GENOME
ko:K03918		9.987774963444743e-07	1.048026879793413e-06	-0.03511677004726826	KEGG_GENOME
ko:K03919		6.105111052425332e-05	7.11563739600392e-05	-0.21766981095090357	KEGG_GENOME
ko:K03921		6.431362908800816e-05	8.53079136107136e-05	-0.40210877439920106	KEGG_GENOME
ko:K03923		6.84368239912481e-05	8.928914360585589e-05	-0.3788515669665479	KEGG_GENOME
ko:K03924		0.0002810205082446897	0.0010797663406315005	-1.9381826663378074	KEGG_GENOME
ko:K03925		0.00012878934631210738	0.00035795617451786824	-1.467635748701953	KEGG_GENOME
ko:K03926		8.440129791681285e-05	6.683002692663086e-05	0.3323339303665397	KEGG_GENOME
ko:K03928		6.938129295985699e-06	0.0001007200553855557	-3.679661281350741	KEGG_GENOME
ko:K03929		0.00010726248931629806	6.324784135383839e-05	0.7528135784192677	KEGG_GENOME
ko:K03930		1.4175977228112927e-05	2.2710265835016734e-06	2.2139740297624337	KEGG_GENOME
ko:K03931		1.3175022811370335e-05	1.0759404666295418e-05	0.26953603296000805	KEGG_GENOME
ko:K03932		2.1525672797172725e-05	7.366493966082897e-05	-1.7288607600649515	KEGG_GENOME
ko:K03933		3.2297237940211355e-06	3.215529850893419e-05	-2.9706040823087565	KEGG_GENOME
ko:K03940		2.0104563166460354e-06	1.048026879793413e-06	0.5557475328455012	KEGG_GENOME
ko:K03969		0.00010271565625562613	0.00019784921786897153	-0.939041196965703	KEGG_GENOME
ko:K03970		8.663337446692651e-05	0.00018554418377238435	-1.0899650609151315	KEGG_GENOME
ko:K03971		4.9908934680698965e-05	1.904489679181757e-05	1.3446838868250657	KEGG_GENOME
ko:K03972		7.81690773270679e-05	0.000172575841275701	-1.1325572210499801	KEGG_GENOME
ko:K03973		8.385253962515501e-05	4.3236349156857456e-05	0.9397255157821836	KEGG_GENOME
ko:K03974		8.663337446692651e-05	4.249955924734262e-05	1.0104796301507715	KEGG_GENOME
ko:K03975		0.00012920461037247235	0.0005413751284273905	-2.0585104893285937	KEGG_GENOME
ko:K03976		9.698213863939059e-05	0.0003126463871207367	-1.678548257867042	KEGG_GENOME
ko:K03977		0.00015763474214526633	0.0004707782483447864	-1.5724001374824361	KEGG_GENOME
ko:K03978		0.00015053642175512813	0.00030826563028488424	-1.0291819239494322	KEGG_GENOME
ko:K03979		0.00015763474214526633	0.0004707782483447864	-1.5724001374824361	KEGG_GENOME
ko:K03980		0.00012175482332833864	0.0004208271846349391	-1.7808723599822966	KEGG_GENOME
ko:K03981		0.00011191146473466638	0.0003077581006338476	-1.451285006976451	KEGG_GENOME
ko:K04013		1.4158173038688596e-05	2.708059349820466e-05	-0.889477547062831	KEGG_GENOME
ko:K04014		2.62991013013443e-05	2.9011861700020963e-05	-0.13667935741426612	KEGG_GENOME
ko:K04015		1.6836205862897244e-05	2.7840958412534348e-05	-0.6933103512693242	KEGG_GENOME
ko:K04016		1.2659680706679419e-05	6.6969706909497685e-06	0.8275611023720426	KEGG_GENOME
ko:K04017		1.229553043566584e-05	4.391448614975011e-06	1.3021964714662029	KEGG_GENOME
ko:K04018		1.347907880960893e-05	1.6888782094577216e-05	-0.3050853511058313	KEGG_GENOME
ko:K04019		2.7034705988997303e-05	1.0282417621589443e-05	1.3131376950007967	KEGG_GENOME
ko:K04020		2.7034705988997303e-05	1.0282417621589443e-05	1.3131376950007967	KEGG_GENOME
ko:K04021		2.7034705988997303e-05	1.0282417621589443e-05	1.3131376950007967	KEGG_GENOME
ko:K04022		2.7034705988997303e-05	1.0282417621589443e-05	1.3131376950007967	KEGG_GENOME
ko:K04023		4.8665278151917605e-05	4.793026657995259e-05	0.02151044850993147	KEGG_GENOME
ko:K04024		2.7034705988997303e-05	1.0282417621589443e-05	1.3131376950007967	KEGG_GENOME
ko:K04025		2.7034705988997303e-05	1.0282417621589443e-05	1.3131376950007967	KEGG_GENOME
ko:K04026		2.7034705988997303e-05	1.0282417621589443e-05	1.3131376950007967	KEGG_GENOME
ko:K04027		2.7034705988997303e-05	1.0282417621589443e-05	1.3131376950007967	KEGG_GENOME
ko:K04028		2.7034705988997303e-05	1.0282417621589443e-05	1.3131376950007967	KEGG_GENOME
ko:K04029		5.417760949586178e-05	1.84051069067196e-05	1.507646573754136	KEGG_GENOME
ko:K04030		2.7034705988997303e-05	1.0282417621589443e-05	1.3131376950007967	KEGG_GENOME
ko:K04031		5.417760949586178e-05	1.84051069067196e-05	1.507646573754136	KEGG_GENOME
ko:K04032		2.7034705988997303e-05	1.0282417621589443e-05	1.3131376950007967	KEGG_GENOME
ko:K04033		2.8934163977246933e-05	6.675115123054812e-05	-1.1784524828286727	KEGG_GENOME
ko:K04034		2.0678547277715885e-06	1.8045262174585527e-06	0.12947309869085102	KEGG_GENOME
ko:K04035		1.5085868765010438e-06	7.604567145276771e-06	-1.7782277171098981	KEGG_GENOME
ko:K04036		1.5085868765010438e-06	7.914873947717509e-07	0.4857170093541498	KEGG_GENOME
ko:K04037		1.5085868765010438e-06	1.317628067005418e-05	-2.4985322655951534	KEGG_GENOME
ko:K04038		1.5085868765010438e-06	7.604567145276771e-06	-1.7782277171098981	KEGG_GENOME
ko:K04039		1.5085868765010438e-06	7.604567145276771e-06	-1.7782277171098981	KEGG_GENOME
ko:K04040		1.5085868765010438e-06	7.604567145276771e-06	-1.7782277171098981	KEGG_GENOME
ko:K04042		0.00011201837247503112	0.0004217627369523975	-1.9032909017870843	KEGG_GENOME
ko:K04043		0.00016814713699430295	0.00048703292985325243	-1.5286997383206968	KEGG_GENOME
ko:K04044		7.977646791927104e-05	0.00021658320774668778	-1.429560250733191	KEGG_GENOME
ko:K04045		2.34856458229613e-05	5.057376260392462e-05	-1.0747010538562345	KEGG_GENOME
ko:K04046		0.00010840214912459758	0.00017680425646917708	-0.7006487822740561	KEGG_GENOME
ko:K04047		0.00014657962641425592	0.0003637073019660486	-1.3052455158380614	KEGG_GENOME
ko:K04049		3.2297237940211355e-06	2.7676673196102213e-05	-2.7612423036995177	KEGG_GENOME
ko:K04050		3.2297237940211355e-06	2.7676673196102213e-05	-2.7612423036995177	KEGG_GENOME
ko:K04051		3.2297237940211355e-06	2.7676673196102213e-05	-2.7612423036995177	KEGG_GENOME
ko:K04052		3.2297237940211355e-06	2.7676673196102213e-05	-2.7612423036995177	KEGG_GENOME
ko:K04053		2.1191769823895017e-05	5.1394549987773006e-05	-1.2393920233057631	KEGG_GENOME
ko:K04054		3.78899164529168e-06	4.294166004307849e-05	-3.1977955496048116	KEGG_GENOME
ko:K04056		2.1191769823895017e-05	7.256900555245089e-05	-1.7290733612612559	KEGG_GENOME
ko:K04057		3.2297237940211355e-06	2.7676673196102213e-05	-2.7612423036995177	KEGG_GENOME
ko:K04058		2.1191769823895017e-05	5.854685839531155e-05	-1.424000666608895	KEGG_GENOME
ko:K04059		3.2297237940211355e-06	2.7676673196102213e-05	-2.7612423036995177	KEGG_GENOME
ko:K04060		3.2297237940211355e-06	4.294166004307849e-05	-3.3769540115809695	KEGG_GENOME
ko:K04061		2.4832554942432046e-05	0.00018377035878844718	-2.8384710915370124	KEGG_GENOME
ko:K04062		6.289644542686579e-05	6.936166164196554e-05	-0.13905387754180307	KEGG_GENOME
ko:K04063		0.0001260867784430222	0.000551795571952604	-2.1209321129631857	KEGG_GENOME
ko:K04064		6.590878118789191e-05	9.960139355047064e-05	-0.5883828203645242	KEGG_GENOME
ko:K04065		7.105999080218544e-05	3.230774784371518e-05	1.1133406604245812	KEGG_GENOME
ko:K04066		0.00015763474214526633	0.00046298659258302706	-1.5483743514537653	KEGG_GENOME
ko:K04067		8.45902551856418e-05	3.235076828866047e-05	1.3597265524172744	KEGG_GENOME
ko:K04068		7.751565154881648e-05	0.00024493339898409535	-1.6472154944289195	KEGG_GENOME
ko:K04069		0.00014972895754345584	0.00016785697964792038	-0.16384520459290014	KEGG_GENOME
ko:K04072		7.179184892155777e-05	7.379534815118856e-05	-0.03917163590223878	KEGG_GENOME
ko:K04073		2.193267611881296e-05	2.8836798715449868e-05	-0.37968803315825556	KEGG_GENOME
ko:K04074		4.745665772344607e-06	2.996435971149821e-05	-2.4300626356861987	KEGG_GENOME
ko:K04075		0.00015763474214526633	0.00046826127687689666	-1.5646826488614158	KEGG_GENOME
ko:K04077		0.00018598957058617597	0.0006634197621112689	-1.8291371791157947	KEGG_GENOME
ko:K04078		0.00019882890931061423	0.0005228557408984686	-1.390404264529525	KEGG_GENOME
ko:K04079		0.0001476727148522003	0.0003130870942076532	-1.079024762887143	KEGG_GENOME
ko:K04080		0.000132792058899482	0.00018136865467270524	-0.44686529321859164	KEGG_GENOME
ko:K04081		5.613783555957832e-05	2.715605862185685e-05	1.021000991637267	KEGG_GENOME
ko:K04082		7.977646791927104e-05	0.0002183313900507983	-1.4411053325994738	KEGG_GENOME
ko:K04083		0.00010617912812611176	0.0002771047362378248	-1.3756043293160034	KEGG_GENOME
ko:K04084		9.861527349130174e-05	0.0002843850710228449	-1.5184710016771188	KEGG_GENOME
ko:K04085		0.00012485025107146825	0.0004433531066911343	-1.8199984801159494	KEGG_GENOME
ko:K04087		0.00011968407317106602	0.0002398694228148843	-0.9970159678048034	KEGG_GENOME
ko:K04088		0.00011484176439252094	0.00019104041010768218	-0.7292544405566025	KEGG_GENOME
ko:K04090		9.308076204505196e-06	0.00013194509196739728	-3.6889835042629264	KEGG_GENOME
ko:K04091		0.00012974689578345146	0.000296180169453268	-1.184561155285464	KEGG_GENOME
ko:K04092		6.346935489191908e-06	0.000152031330035204	-4.380540628346325	KEGG_GENOME
ko:K04093		1.7398570975491197e-05	7.573239938798658e-05	-2.0602421521161975	KEGG_GENOME
ko:K04094		8.60118425396712e-06	4.114101243680131e-05	-2.1339407047600694	KEGG_GENOME
ko:K04095		0.00011328749149304384	0.00011313736820598489	0.0018963098257321277	KEGG_GENOME
ko:K04096		0.00015341538542714854	0.0004438924909845272	-1.5266402434973037	KEGG_GENOME
ko:K04097		1.7539061672101034e-06	0.0	1.4614794039148264	KEGG_GENOME
ko:K04098		0.0	1.57246135236025e-05	-4.063900967994801	KEGG_GENOME
ko:K04099		2.544465623085883e-05	1.1532468375939535e-05	1.077305627416189	KEGG_GENOME
ko:K04100		8.343094754195741e-07	7.851177954595128e-06	-2.2706324046408968	KEGG_GENOME
ko:K04101		8.343094754195741e-07	8.53603440868235e-06	-2.3781523777765408	KEGG_GENOME
ko:K04102		1.5085868765010438e-06	2.489213290275468e-06	-0.4760268880945238	KEGG_GENOME
ko:K04103		6.550444375608059e-05	6.07282834332831e-05	0.10751907034719257	KEGG_GENOME
ko:K04104		1.380102237973789e-06	2.3951263968077757e-06	-0.5124417391703271	KEGG_GENOME
ko:K04105		3.0033775310698716e-06	4.363572974798077e-06	-0.42197670766901785	KEGG_GENOME
ko:K04110		0.0	1.1595166283448228e-05	-3.6547982637814744	KEGG_GENOME
ko:K04116		0.0	6.025026244557509e-06	-2.8125036150591503	KEGG_GENOME
ko:K04117		0.0	8.296052828059183e-06	-3.21661826738298	KEGG_GENOME
ko:K04118		3.5361134095144304e-06	4.805284572420866e-05	-3.4348082192271994	KEGG_GENOME
ko:K04127		3.0613994269060274e-06	1.553863046406563e-05	-2.0257909480825522	KEGG_GENOME
ko:K04333		4.530884862300577e-05	1.7864461698006284e-05	1.2956169546756953	KEGG_GENOME
ko:K04334		1.764295832162532e-05	9.501856698043837e-06	0.8279863946447712	KEGG_GENOME
ko:K04335		2.2817563750307506e-05	6.0346745635594265e-05	-1.3649609624027996	KEGG_GENOME
ko:K04336		1.8822932739779934e-05	9.497175569268556e-06	0.9171692202139269	KEGG_GENOME
ko:K04337		2.6839662224148722e-05	5.122003397386249e-05	-0.9074616890374038	KEGG_GENOME
ko:K04338		2.7780230858766116e-05	5.122003397386249e-05	-0.8595252316449995	KEGG_GENOME
ko:K04343		6.214827928747117e-06	7.042460584803582e-05	-3.307384277325194	KEGG_GENOME
ko:K04477		6.88619062157798e-05	4.333771871537354e-05	0.655971465991016	KEGG_GENOME
ko:K04478		1.9063886897771811e-06	0.0	1.5392276566236323	KEGG_GENOME
ko:K04485		0.0001503982436943885	0.0004529685912972191	-1.5842440159587008	KEGG_GENOME
ko:K04486		2.9870160839104765e-06	3.437005525005587e-05	-3.149147142217548	KEGG_GENOME
ko:K04487		0.00024799772183657474	0.0006825381871745635	-1.4568893963597414	KEGG_GENOME
ko:K04488		8.631848237630106e-05	0.00040800053351026347	-2.2277437639058664	KEGG_GENOME
ko:K04516		3.989815151807078e-05	3.1160894047059475e-05	0.3467281260250865	KEGG_GENOME
ko:K04517		1.533978053702997e-05	0.00019360848006022614	-3.574114065302284	KEGG_GENOME
ko:K04518		3.088252303947693e-05	4.595567287287861e-05	-0.5585336630093555	KEGG_GENOME
ko:K04561		1.8637377524097664e-05	0.0003307275547456744	-4.078324670932049	KEGG_GENOME
ko:K04562		3.190297887437809e-05	0.00016209282300097408	-2.309403187251213	KEGG_GENOME
ko:K04564		0.00021864011045283273	0.0005697799382377945	-1.3777930859885765	KEGG_GENOME
ko:K04565		8.5273339491106e-05	0.00011302248894713303	-0.40233169249749473	KEGG_GENOME
ko:K04566		8.217378258140579e-06	1.1937017639632782e-05	-0.48907671068083924	KEGG_GENOME
ko:K04567		0.000167279932730301	0.0006074155590187702	-1.8541939010887916	KEGG_GENOME
ko:K04568		9.637432541385951e-05	0.00012079724712960774	-0.32286819203882955	KEGG_GENOME
ko:K04618		0.0	8.742848350049659e-07	-0.9063402159763106	KEGG_GENOME
ko:K04651		6.502712242520497e-05	5.3728527331143376e-05	0.27076573606345455	KEGG_GENOME
ko:K04652		5.314478197788179e-05	4.9770706620604416e-05	0.09282597016362928	KEGG_GENOME
ko:K04653		6.527849791776361e-05	5.033474377950833e-05	0.3686053225028557	KEGG_GENOME
ko:K04654		5.173942746575278e-05	4.3463776672198865e-05	0.24625141606804607	KEGG_GENOME
ko:K04655		6.832767670233342e-05	4.3463776672198865e-05	0.6408009205203077	KEGG_GENOME
ko:K04656		4.9903297856629545e-05	4.9577873299002215e-05	0.009252751016218618	KEGG_GENOME
ko:K04659		1.0299721907508496e-06	0.0	1.0214599635973238	KEGG_GENOME
ko:K04691		8.953848569353477e-05	0.0001304666294423436	-0.5380935604763587	KEGG_GENOME
ko:K04708		2.3231014966269067e-05	3.011286716726606e-05	-0.36065651442529256	KEGG_GENOME
ko:K04712		9.987774963444743e-07	1.048026879793413e-06	-0.03511677004726826	KEGG_GENOME
ko:K04719		9.811455482589596e-06	0.00011827314575465117	-3.46363659525872	KEGG_GENOME
ko:K04720		3.497514616059731e-05	1.389845021932164e-05	1.271838283285395	KEGG_GENOME
ko:K04744		0.00010269194546146877	0.00024695591537777253	-1.2577798100620037	KEGG_GENOME
ko:K04748		1.1247884357583504e-05	8.425109689683125e-05	-2.7991858305856807	KEGG_GENOME
ko:K04749		6.90702687495719e-05	8.025797774306319e-05	-0.21370703125097476	KEGG_GENOME
ko:K04750		7.553540304301604e-05	0.0002701602599689692	-1.8249466031339292	KEGG_GENOME
ko:K04751		0.00012786860023880406	0.00013738525823265898	-0.10278948167908686	KEGG_GENOME
ko:K04752		0.00010758075907411079	0.00026325445155067325	-1.2831593003071344	KEGG_GENOME
ko:K04753		6.437025785876609e-05	3.230774784371518e-05	0.9727765808314479	KEGG_GENOME
ko:K04754		0.00010357328090358989	0.0002699099228774164	-1.3732989559928344	KEGG_GENOME
ko:K04755		0.00015627393485838822	0.0002654515637267554	-0.760593708379598	KEGG_GENOME
ko:K04756		3.1990405920646244e-06	1.790987198202113e-05	-2.1710079565517333	KEGG_GENOME
ko:K04757		1.039344675066737e-05	3.810180526988097e-05	-1.7790309582364834	KEGG_GENOME
ko:K04758		0.00010791504024380811	0.00031732230064440725	-1.5472850393569324	KEGG_GENOME
ko:K04759		0.00011982987608567478	0.0003332500631606568	-1.4679506170822914	KEGG_GENOME
ko:K04760		0.00010056090030807068	0.00017163951055605115	-0.7654175905826153	KEGG_GENOME
ko:K04761		0.00016284374505392806	0.00044002527709929704	-1.4285407481636974	KEGG_GENOME
ko:K04762		0.00012783590197762415	0.00042288013177241464	-1.7181216683667537	KEGG_GENOME
ko:K04763		0.0002705673487768763	0.0006236100634804704	-1.201645782533011	KEGG_GENOME
ko:K04764		0.00010768644258837009	0.00025271209005110393	-1.2230202776647858	KEGG_GENOME
ko:K04765		0.00010203717406579673	0.00021231720988241479	-1.0498354320493533	KEGG_GENOME
ko:K04766		1.045438958910067e-06	2.996435971149821e-05	-3.920126224668333	KEGG_GENOME
ko:K04767		1.05079320336416e-05	4.109719525051268e-05	-1.8710955105250606	KEGG_GENOME
ko:K04768		6.717266396302118e-06	3.542200008657941e-05	-2.238648336143822	KEGG_GENOME
ko:K04770		6.731477136477635e-05	4.393011862142699e-05	0.604514688280115	KEGG_GENOME
ko:K04771		0.0001505716352291171	0.00044127460084755467	-1.5449425967495083	KEGG_GENOME
ko:K04772		9.046035449042882e-05	0.0001681913943895808	-0.8874377742847764	KEGG_GENOME
ko:K04773		0.0001482666693974413	0.00031930314750120776	-1.1015459211528382	KEGG_GENOME
ko:K04774		9.429324116182037e-05	0.00019494952486605037	-1.040036277498316	KEGG_GENOME
ko:K04775		5.641251591664647e-05	2.2733828007944802e-05	1.2744204681138533	KEGG_GENOME
ko:K04778		1.4947906545688276e-06	0.0	1.3189187597361614	KEGG_GENOME
ko:K04781		2.7047439796345084e-05	1.2622302564845473e-05	1.0418985045930433	KEGG_GENOME
ko:K04782		1.0580649150480472e-05	5.965583932020643e-05	-2.3889304143536703	KEGG_GENOME
ko:K04783		1.5575357227322283e-05	8.33229385129842e-06	0.828736323103064	KEGG_GENOME
ko:K04784		1.6716113077379648e-05	6.1725655148391336e-06	1.304500964846414	KEGG_GENOME
ko:K04785		1.6716113077379648e-05	6.1725655148391336e-06	1.304500964846414	KEGG_GENOME
ko:K04786		1.6716113077379648e-05	6.1725655148391336e-06	1.304500964846414	KEGG_GENOME
ko:K04794		0.0	9.410241353870245e-07	-0.9568180571482727	KEGG_GENOME
ko:K04835		7.81248549020314e-06	3.3533504108849036e-06	1.01742282645539	KEGG_GENOME
ko:K04940		7.213956723900371e-06	2.962985688249183e-05	-1.8987893745252609	KEGG_GENOME
ko:K05020		3.942460866864524e-05	6.252643691879873e-05	-0.6521232955681017	KEGG_GENOME
ko:K05245		1.1124715861951249e-05	3.3533504108849036e-06	1.4777528830388542	KEGG_GENOME
ko:K05275		4.7728563785039874e-05	2.359117219576965e-05	0.9866271954725487	KEGG_GENOME
ko:K05296		0.0	1.304604806178802e-05	-3.812092371692839	KEGG_GENOME
ko:K05297		7.416277822664317e-06	0.00014336665157263148	-4.1004113816121475	KEGG_GENOME
ko:K05301		0.0	5.570140038890719e-06	-2.7159241211199094	KEGG_GENOME
ko:K05303		6.114235429089874e-06	1.7452589267083288e-05	-1.3750426464969696	KEGG_GENOME
ko:K05306		2.5326042324900025e-05	0.00011403984336676326	-2.1275710585760397	KEGG_GENOME
ko:K05308		1.5085868765010438e-06	7.914873947717509e-07	0.4857170093541498	KEGG_GENOME
ko:K05311		2.9518276486872484e-06	2.996435971149821e-05	-2.9700166809118036	KEGG_GENOME
ko:K05337		4.208141002858974e-06	3.840844286262173e-05	-2.9196643326818434	KEGG_GENOME
ko:K05340		1.045438958910067e-06	2.996435971149821e-05	-3.920126224668333	KEGG_GENOME
ko:K05341		4.368561630049491e-06	2.1933530358574794e-05	-2.0948509471157504	KEGG_GENOME
ko:K05342		0.0	2.7760042195264137e-05	-4.845993887314561	KEGG_GENOME
ko:K05343		3.5005962652007974e-05	0.0002430810066232094	-2.7610522905728314	KEGG_GENOME
ko:K05346		2.20967779951446e-06	0.00028688669581455553	-6.486928827529921	KEGG_GENOME
ko:K05349		0.0001370609182034067	0.000220584220695321	-0.6825501644508551	KEGG_GENOME
ko:K05350		1.7666517278667976e-05	1.3901096807773916e-05	0.3250342552389541	KEGG_GENOME
ko:K05351		2.49515872234294e-06	5.862729639371805e-06	-0.9734245472803003	KEGG_GENOME
ko:K05352		1.045438958910067e-06	2.3036773272077454e-05	-3.554760850476138	KEGG_GENOME
ko:K05358		6.836496021673605e-05	6.367868066520743e-05	0.100916817289364	KEGG_GENOME
ko:K05364		3.28649092775097e-06	0.00014697398759583639	-5.109402686026483	KEGG_GENOME
ko:K05365		9.53415833044265e-05	0.00020291544527071666	-1.0817405153887014	KEGG_GENOME
ko:K05366		0.0001700149178245641	0.0003680929901814853	-1.109862159642733	KEGG_GENOME
ko:K05367		8.269946033921971e-05	0.00014696126140286428	-0.8219292789297551	KEGG_GENOME
ko:K05368		8.45902551856418e-05	4.3236349156857456e-05	0.9522142247122981	KEGG_GENOME
ko:K05372		1.7026702962227852e-05	1.0532213186601871e-05	0.6444661435555492	KEGG_GENOME
ko:K05373		1.9236380761742313e-05	3.393260771010327e-05	-0.7876230537278068	KEGG_GENOME
ko:K05374		1.6716113077379648e-05	6.1725655148391336e-06	1.304500964846414	KEGG_GENOME
ko:K05375		1.3362750248710388e-05	0.00015888771513950973	-3.4766551596816604	KEGG_GENOME
ko:K05396		4.687589944314117e-05	7.07955149212102e-05	-0.5845941302811059	KEGG_GENOME
ko:K05499		9.464537782718441e-05	0.00021617110084234438	-1.1830649796892507	KEGG_GENOME
ko:K05501		8.813475803598012e-05	7.702141759667913e-05	0.1921179079778925	KEGG_GENOME
ko:K05515		0.00018052744463058245	0.00021707958996173494	-0.264667072899446	KEGG_GENOME
ko:K05516		6.781201380313894e-05	0.00020971491766523807	-1.6145600837220524	KEGG_GENOME
ko:K05517		5.417512279642933e-05	5.370744753460333e-05	0.01228068934077416	KEGG_GENOME
ko:K05520		0.00010140916864074719	0.0004280044653728084	-2.0666477794897764	KEGG_GENOME
ko:K05522		6.994783514317909e-05	5.8759130359028894e-05	0.24759950993314092	KEGG_GENOME
ko:K05523		7.144549006755784e-06	4.535685678543675e-05	-2.5088760292866863	KEGG_GENOME
ko:K05524		3.496520522489353e-05	0.0002616871809423175	-2.8686720575358415	KEGG_GENOME
ko:K05526		8.903844840529412e-05	0.00014543106821458433	-0.7016085813013682	KEGG_GENOME
ko:K05527		0.00010768644258837009	0.00024049934424426862	-1.1518472800377177	KEGG_GENOME
ko:K05539		0.00010433530240841234	0.00025998980055089464	-1.3090044007425017	KEGG_GENOME
ko:K05540		0.00015570378073473468	0.0003247452848843369	-1.0557043085381286	KEGG_GENOME
ko:K05541		9.097317235716656e-05	0.00020187326828319027	-1.1412937719342913	KEGG_GENOME
ko:K05548		7.854556223475334e-06	8.577688617295258e-05	-3.2928189103769774	KEGG_GENOME
ko:K05549		2.573904694735518e-05	7.108792567392166e-05	-1.4308095915590309	KEGG_GENOME
ko:K05550		2.573904694735518e-05	7.108792567392166e-05	-1.4308095915590309	KEGG_GENOME
ko:K05559		2.638930920353238e-05	0.00010273096283228428	-1.9211618061016087	KEGG_GENOME
ko:K05560		2.7356730329687965e-05	0.00010273096283228428	-1.8710834934869274	KEGG_GENOME
ko:K05561		2.6068382661339574e-05	9.95309058542125e-05	-1.892958498069452	KEGG_GENOME
ko:K05562		2.638930920353238e-05	0.00010273096283228428	-1.9211618061016087	KEGG_GENOME
ko:K05563		2.7356730329687965e-05	0.00010273096283228428	-1.8710834934869274	KEGG_GENOME
ko:K05564		2.7356730329687965e-05	0.00010273096283228428	-1.8710834934869274	KEGG_GENOME
ko:K05565		1.1445936465181579e-05	4.980107521106133e-05	-2.029184245546045	KEGG_GENOME
ko:K05566		1.7710926760967076e-05	7.00394140222275e-05	-1.9247386637713302	KEGG_GENOME
ko:K05567		1.959305698769845e-05	7.008588777534792e-05	-1.78740516896075	KEGG_GENOME
ko:K05568		2.8184912715671887e-05	9.578473582448412e-05	-1.7295567806981864	KEGG_GENOME
ko:K05569		1.959305698769845e-05	7.008588777534792e-05	-1.78740516896075	KEGG_GENOME
ko:K05570		1.693623826244007e-05	6.781486119184625e-05	-1.9398428136817063	KEGG_GENOME
ko:K05571		1.8581378167396886e-05	7.008588777534792e-05	-1.8600808716892367	KEGG_GENOME
ko:K05576		6.893288400033794e-06	1.048026879793413e-06	1.9463918120363348	KEGG_GENOME
ko:K05578		1.8591536841970978e-06	0.0	1.5155881692764674	KEGG_GENOME
ko:K05589		9.916327616715743e-05	0.00023596372380102346	-1.2423125611501535	KEGG_GENOME
ko:K05590		8.902919066487285e-05	0.00012717829594068914	-0.5096872398298145	KEGG_GENOME
ko:K05591		0.00010067294837914858	0.00017358200091283492	-0.7799689479124596	KEGG_GENOME
ko:K05592		0.00015543892033218466	0.000323792022075059	-1.0539167113646075	KEGG_GENOME
ko:K05593		6.040513563663235e-06	9.946178601563619e-06	-0.6366747275006385	KEGG_GENOME
ko:K05594		4.0479915648715964e-05	2.339929757989635e-05	0.7655733450634289	KEGG_GENOME
ko:K05595		0.00013346404692748658	0.00016283521602588255	-0.28502501876345543	KEGG_GENOME
ko:K05596		7.985313212804872e-05	0.00019670389322536008	-1.2899657134737135	KEGG_GENOME
ko:K05597		3.2297237940211355e-06	5.437297820013998e-05	-3.710546756546133	KEGG_GENOME
ko:K05599		3.2297237940211355e-06	3.813600961386348e-05	-3.2098613015428232	KEGG_GENOME
ko:K05600		3.2297237940211355e-06	3.813600961386348e-05	-3.2098613015428232	KEGG_GENOME
ko:K05601		6.327765025629092e-05	4.2979541886741475e-05	0.5474846141678181	KEGG_GENOME
ko:K05602		1.3570420881681683e-05	0.00018851263784267156	-3.701179602332133	KEGG_GENOME
ko:K05603		3.5253234004087716e-05	0.00011559479403706474	-1.685321770617467	KEGG_GENOME
ko:K05606		4.321530385390845e-05	0.0002502843164270729	-2.5067029216546755	KEGG_GENOME
ko:K05674		0.0	1.0191811403627447e-05	-3.4843716514462058	KEGG_GENOME
ko:K05685		6.300154708337959e-05	0.00014658403019777365	-1.2053579340832274	KEGG_GENOME
ko:K05708		1.0716643375828397e-06	3.6683770236658124e-06	-1.1721308109161257	KEGG_GENOME
ko:K05709		1.0716643375828397e-06	3.6683770236658124e-06	-1.1721308109161257	KEGG_GENOME
ko:K05710		1.1877062129299908e-05	0.00019758435096078138	-3.9468765499640193	KEGG_GENOME
ko:K05711		1.0716643375828397e-06	3.6683770236658124e-06	-1.1721308109161257	KEGG_GENOME
ko:K05712		2.93180955038925e-05	4.6203828201366636e-05	-0.6387247356339583	KEGG_GENOME
ko:K05713		2.0863754169355865e-05	1.0887721762596246e-05	0.8790688892921554	KEGG_GENOME
ko:K05714		2.0863754169355865e-05	1.0311564273662303e-05	0.9507426906640878	KEGG_GENOME
ko:K05770		3.964832824537913e-05	8.721228588259253e-05	-1.1177835836162426	KEGG_GENOME
ko:K05772		1.1886751141553395e-05	2.327968231107707e-05	-0.9138609507144999	KEGG_GENOME
ko:K05773		1.1886751141553395e-05	2.1653801721602823e-05	-0.8138645871865618	KEGG_GENOME
ko:K05774		6.512958512401703e-05	0.00010128057742499854	-0.6291644547443543	KEGG_GENOME
ko:K05775		5.0530232903518356e-05	2.9247468681108852e-05	0.7686047004518439	KEGG_GENOME
ko:K05776		8.857903941720898e-05	3.430282518855687e-05	1.3433775527715517	KEGG_GENOME
ko:K05777		4.1781544773356666e-05	2.3993285277619855e-05	0.7754480258878143	KEGG_GENOME
ko:K05778		4.1781544773356666e-05	2.6912522310532975e-05	0.616076077663558	KEGG_GENOME
ko:K05779		4.1781544773356666e-05	2.6912522310532975e-05	0.616076077663558	KEGG_GENOME
ko:K05780		6.849680672179722e-05	8.345726935145172e-05	-0.2812749134859655	KEGG_GENOME
ko:K05781		6.849680672179722e-05	8.345726935145172e-05	-0.2812749134859655	KEGG_GENOME
ko:K05782		7.516056153590932e-05	0.00018485425030917503	-1.2870556607687431	KEGG_GENOME
ko:K05783		2.573904694735518e-05	7.108792567392166e-05	-1.4308095915590309	KEGG_GENOME
ko:K05784		2.524966937689949e-05	7.108792567392166e-05	-1.4574583846349236	KEGG_GENOME
ko:K05785		9.908900680708533e-05	8.290351519927367e-05	0.25448036585376077	KEGG_GENOME
ko:K05786		0.00014906229437950178	0.0004646104401906685	-1.6335618859372854	KEGG_GENOME
ko:K05787		9.058266836429913e-05	0.0001279761597296842	-0.4939579137118078	KEGG_GENOME
ko:K05788		0.00011034326131362846	0.00025489653120005454	-1.2005463447145925	KEGG_GENOME
ko:K05789		2.2447621925354915e-05	5.142376035151651e-05	-1.1607792307672729	KEGG_GENOME
ko:K05790		6.386209369328344e-05	3.230774784371518e-05	0.9615177863226848	KEGG_GENOME
ko:K05791		9.592938598445596e-06	0.00010434866401175764	-3.313997249065843	KEGG_GENOME
ko:K05792		7.047083531631738e-06	1.2229420514414554e-05	-0.7172119553475652	KEGG_GENOME
ko:K05793		7.047083531631738e-06	1.2914276968501779e-05	-0.790028029869029	KEGG_GENOME
ko:K05794		1.2299083033667414e-05	1.6555676193485804e-05	-0.4006107897745276	KEGG_GENOME
ko:K05795		1.6091722055952426e-05	5.431493698368007e-05	-1.6943713502620912	KEGG_GENOME
ko:K05796		7.54899830310935e-05	4.116232646634755e-05	0.859316352492123	KEGG_GENOME
ko:K05797		0.0	4.676725904533968e-05	-5.577950190135999	KEGG_GENOME
ko:K05798		4.707372992176177e-05	2.4598540005411647e-05	0.9091872134747606	KEGG_GENOME
ko:K05799		9.468277247963978e-05	0.00012874920817971145	-0.43939463585898725	KEGG_GENOME
ko:K05800		0.00010584513476840118	0.0001823653009723221	-0.7791994413350404	KEGG_GENOME
ko:K05801		9.706687497606883e-05	0.00013337432337723792	-0.45441967984996845	KEGG_GENOME
ko:K05802		9.767021940092628e-05	0.00021382729995495504	-1.1224907187001223	KEGG_GENOME
ko:K05803		8.333879097251243e-05	4.4110246625962995e-05	0.9027411666466807	KEGG_GENOME
ko:K05804		0.00010606606440576957	4.4446106104892946e-05	1.236272684397554	KEGG_GENOME
ko:K05805		9.220987943226475e-05	0.00012296862240974708	-0.41142022637224157	KEGG_GENOME
ko:K05806		1.0067641051901722e-05	2.712578627069246e-06	1.5758542744724664	KEGG_GENOME
ko:K05807		0.0001467502846310213	0.00027909562683104663	-0.9227585489447195	KEGG_GENOME
ko:K05808		0.00015149988443900693	0.00026049308632666434	-0.7779646538103504	KEGG_GENOME
ko:K05809		8.612166057952599e-05	4.3236349156857456e-05	0.97779912845649	KEGG_GENOME
ko:K05810		0.00013744256547792847	0.00046849066799919107	-1.7618089004826027	KEGG_GENOME
ko:K05811		5.035983189595633e-05	4.843379410164609e-05	0.05514284117122453	KEGG_GENOME
ko:K05812		0.00013939769757253848	0.0002687111173259191	-0.941895713187266	KEGG_GENOME
ko:K05813		0.00011539313540773286	9.934778643062476e-05	0.21399718133179385	KEGG_GENOME
ko:K05814		0.00011471447510460834	0.00010058594499168641	0.187868536567009	KEGG_GENOME
ko:K05815		0.00011471447510460834	0.00010415803057171274	0.138010319070803	KEGG_GENOME
ko:K05816		0.00011471447510460834	9.604389182468306e-05	0.2538600329830755	KEGG_GENOME
ko:K05817		1.6309321888533844e-06	1.0665501868440268e-05	-2.1486024064411082	KEGG_GENOME
ko:K05818		2.0863754169355865e-05	1.7918758886867626e-05	0.2087236960165296	KEGG_GENOME
ko:K05819		2.0863754169355865e-05	3.9152077260472624e-05	-0.8769334834822335	KEGG_GENOME
ko:K05820		7.167046843370485e-05	0.00022633575544057333	-1.6453834984663391	KEGG_GENOME
ko:K05823		1.045438958910067e-06	2.996435971149821e-05	-3.920126224668333	KEGG_GENOME
ko:K05824		0.0	7.943562576605733e-07	-0.8434663563296437	KEGG_GENOME
ko:K05825		3.8011759683046835e-05	0.00027842122341611547	-2.840460624858989	KEGG_GENOME
ko:K05826		0.0	1.242839689836927e-06	-1.1653265054252737	KEGG_GENOME
ko:K05832		1.299520297805334e-05	0.00010509896580998302	-2.9224062776213646	KEGG_GENOME
ko:K05833		1.299520297805334e-05	0.00010509896580998302	-2.9224062776213646	KEGG_GENOME
ko:K05834		0.0001261446136170966	0.0003843471202251266	-1.599688264789585	KEGG_GENOME
ko:K05835		0.00018641457122984458	0.0003128144286130867	-0.7436785613594475	KEGG_GENOME
ko:K05836		9.317004670414766e-05	0.000217843921906129	-1.2165621653638845	KEGG_GENOME
ko:K05837		0.00014643196096472498	0.00024377749667938017	-0.7314216194491153	KEGG_GENOME
ko:K05838		0.00010315004693029541	0.00030057391096686514	-1.5338481375980528	KEGG_GENOME
ko:K05839		8.233328295863263e-05	3.4022607719114426e-05	1.250606308752684	KEGG_GENOME
ko:K05841		7.254073661605784e-06	2.8019108243387798e-05	-1.813824967576995	KEGG_GENOME
ko:K05844		0.0001418630996011038	0.00019672709363785575	-0.4688772425744154	KEGG_GENOME
ko:K05845		0.00011151812353870997	0.0003591850507593421	-1.6785809062048915	KEGG_GENOME
ko:K05846		0.00021237964364565444	0.0006236871122870885	-1.5497112163964093	KEGG_GENOME
ko:K05847		0.00011016533530688537	0.00032055905369817367	-1.532376727529365	KEGG_GENOME
ko:K05851		7.28389128259025e-05	0.00011393236268380177	-0.6383318730255282	KEGG_GENOME
ko:K05873		2.493978165369735e-05	3.979442475865291e-05	-0.6532056613740339	KEGG_GENOME
ko:K05874		0.0001608679965140109	0.0001263447459868094	0.3460783357078614	KEGG_GENOME
ko:K05875		0.00010325515595822106	5.77837882297367e-05	0.826628494853015	KEGG_GENOME
ko:K05876		6.377544406302961e-05	3.769449376824475e-05	0.7433187154496819	KEGG_GENOME
ko:K05877		2.8123170738889598e-05	1.662097682624111e-05	0.7248735323355558	KEGG_GENOME
ko:K05878		4.7984529323421805e-05	0.0002205318925166685	-2.1771163261613444	KEGG_GENOME
ko:K05879		4.624528705399664e-05	0.0002205637832716218	-2.2294797524854664	KEGG_GENOME
ko:K05880		3.352670355597789e-05	2.147542122125066e-05	0.6193644450217525	KEGG_GENOME
ko:K05881		3.661321570315689e-05	0.00019596960569597145	-2.3886614666488164	KEGG_GENOME
ko:K05886		2.043119281284719e-06	4.66603266143021e-06	-0.8967880337059769	KEGG_GENOME
ko:K05887		0.0	2.1824471233982884e-06	-1.6701365438376141	KEGG_GENOME
ko:K05888		0.0	2.3951263968077757e-06	-1.7634652854135529	KEGG_GENOME
ko:K05895		3.8472277227572686e-05	0.00023455784265862003	-2.577169707419023	KEGG_GENOME
ko:K05896		4.9623568992286415e-05	0.0002637787721347764	-2.386906335896159	KEGG_GENOME
ko:K05898		5.010304526309109e-06	8.38568043423088e-06	-0.6430232496471253	KEGG_GENOME
ko:K05908		5.548108760685657e-07	4.548862056667904e-07	0.09583278788290403	KEGG_GENOME
ko:K05913		6.421302887246193e-06	5.2278616242060666e-05	-2.8438122186859043	KEGG_GENOME
ko:K05916		0.00011574732895719566	0.0002319675010364227	-0.9967391698434905	KEGG_GENOME
ko:K05917		2.015763268761717e-06	0.0	1.5925231844461378	KEGG_GENOME
ko:K05918		8.0226173628694e-06	0.0	3.173546004288033	KEGG_GENOME
ko:K05919		2.4393343229272523e-06	3.19548594608509e-06	-0.28670856097239245	KEGG_GENOME
ko:K05921		5.791304587621966e-05	0.00010055865395471594	-0.7856541297989807	KEGG_GENOME
ko:K05922		7.86485041054519e-07	0.0	0.8371238337178565	KEGG_GENOME
ko:K05927		1.605883143984031e-06	0.0	1.3817723903624253	KEGG_GENOME
ko:K05934		3.574972982581222e-05	1.4865040995986597e-05	1.2118823944299	KEGG_GENOME
ko:K05936		3.897945361983336e-05	0.0002625394362817993	-2.720688203516239	KEGG_GENOME
ko:K05937		0.0	3.371601004737099e-06	-2.1281617324931017	KEGG_GENOME
ko:K05939		7.194006736342149e-05	7.452771166538388e-05	-0.05029454477942117	KEGG_GENOME
ko:K05946		8.992101345933437e-06	3.831453336418258e-05	-1.9762027158970992	KEGG_GENOME
ko:K05951		2.015763268761717e-06	0.0	1.5925231844461378	KEGG_GENOME
ko:K05952		6.397400417377989e-05	0.00012949390294724343	-1.0060478790164058	KEGG_GENOME
ko:K05964		5.113848664780299e-05	2.8881230973703407e-05	0.8031091263898905	KEGG_GENOME
ko:K05966		5.7866769341689284e-05	4.588778646612263e-05	0.32824128127500096	KEGG_GENOME
ko:K05967		1.045438958910067e-06	2.996435971149821e-05	-3.920126224668333	KEGG_GENOME
ko:K05970		5.693091080570133e-05	5.0907645557495324e-05	0.1583862966151426	KEGG_GENOME
ko:K05973		1.1031190670649628e-05	6.769959988169958e-05	-2.513522270205876	KEGG_GENOME
ko:K05978		0.0	4.3944743879046485e-06	-2.4314823971730366	KEGG_GENOME
ko:K05979		2.5312791610058324e-05	1.759508201568637e-05	0.5008432057240968	KEGG_GENOME
ko:K05982		7.857726979050395e-05	5.782555233846962e-05	0.435913440985614	KEGG_GENOME
ko:K05984		5.1143885216314856e-05	5.82402387011409e-05	-0.18407937239191885	KEGG_GENOME
ko:K05985		2.9518276486872484e-06	2.996435971149821e-05	-2.9700166809118036	KEGG_GENOME
ko:K05986		2.6969455283486488e-05	8.542910988827655e-06	1.5513508359293484	KEGG_GENOME
ko:K05989		3.9789047823753626e-05	2.1103151093619656e-05	0.8839297700182234	KEGG_GENOME
ko:K05991		0.0	0.00028461566923105387	-8.15793131935823	KEGG_GENOME
ko:K05994		3.029563612868689e-06	4.3167268821238404e-05	-3.454282109280195	KEGG_GENOME
ko:K05995		6.067608069166587e-05	0.0002436877474982598	-1.9881588668293444	KEGG_GENOME
ko:K05997		6.75779357565823e-05	3.162878516289893e-05	1.0715992048941174	KEGG_GENOME
ko:K06001		1.8410731292374423e-06	0.0	1.5064359669834078	KEGG_GENOME
ko:K06006		0.00014506138283056812	0.00016831016909258308	-0.2130938324492155	KEGG_GENOME
ko:K06013		9.867273512092805e-06	5.033673772657409e-05	-2.2400015921937997	KEGG_GENOME
ko:K06015		3.6429162762810973e-05	0.00010717951726579806	-1.5311926821438377	KEGG_GENOME
ko:K06016		6.987285345584621e-05	0.00037395788619716904	-2.4034235262875816	KEGG_GENOME
ko:K06019		1.045438958910067e-06	2.996435971149821e-05	-3.920126224668333	KEGG_GENOME
ko:K06020		0.00014179715122514575	0.0004463856021580656	-1.6475516299051274	KEGG_GENOME
ko:K06023		5.466358308274718e-06	6.932200054555572e-05	-3.4429507572063445	KEGG_GENOME
ko:K06024		5.3954618698119035e-05	0.000279317402598842	-2.3507486685399477	KEGG_GENOME
ko:K06039		4.311362076044801e-05	2.8078251642410988e-05	0.6012836504502215	KEGG_GENOME
ko:K06041		0.00015207400764217897	0.0003089019707881223	-1.0175825992888448	KEGG_GENOME
ko:K06042		3.897945361983336e-05	0.0002625394362817993	-2.720688203516239	KEGG_GENOME
ko:K06044		1.8817489580642722e-05	9.662749276161632e-05	-2.300513262756094	KEGG_GENOME
ko:K06045		1.0795380847832147e-05	4.12091316132034e-05	-1.8393331475166335	KEGG_GENOME
ko:K06046		0.0	7.603649143296851e-07	-0.8158745229101975	KEGG_GENOME
ko:K06048		6.680002281323924e-05	9.499128270497549e-05	-0.5016176369391946	KEGG_GENOME
ko:K06049		1.5085868765010438e-06	7.604567145276771e-06	-1.7782277171098981	KEGG_GENOME
ko:K06073		6.429955267651861e-05	4.2304741049506664e-05	0.592548127468957	KEGG_GENOME
ko:K06074		6.304808846338924e-05	4.176078446159403e-05	0.582867193445785	KEGG_GENOME
ko:K06075		0.0001471101460393151	0.00017842836381200267	-0.2767374942805366	KEGG_GENOME
ko:K06076		0.00011881226176068581	0.00035311586294807106	-1.5634459088510835	KEGG_GENOME
ko:K06077		0.00010024956480365314	0.00020308128457682053	-1.0112281780940133	KEGG_GENOME
ko:K06078		7.036259686725522e-05	4.2169927630386366e-05	0.7251414412467155	KEGG_GENOME
ko:K06079		6.0083343322325905e-05	3.3856674082384504e-05	0.8093441099836093	KEGG_GENOME
ko:K06080		6.763482630753886e-05	4.3236349156857456e-05	0.6337084822981047	KEGG_GENOME
ko:K06113		2.5676049033343886e-06	2.2710265835016734e-06	0.12521236773515096	KEGG_GENOME
ko:K06117		1.380102237973789e-06	0.00014697398759583639	-5.958176229758542	KEGG_GENOME
ko:K06118		6.616329630835272e-07	1.3750138995436904e-05	-3.150054902994646	KEGG_GENOME
ko:K06119		0.0	2.2710265835016734e-06	-1.7097434841929906	KEGG_GENOME
ko:K06120		2.142964915906656e-06	3.304077255767468e-06	-0.45357780589195906	KEGG_GENOME
ko:K06121		2.142964915906656e-06	3.304077255767468e-06	-0.45357780589195906	KEGG_GENOME
ko:K06122		2.142964915906656e-06	3.304077255767468e-06	-0.45357780589195906	KEGG_GENOME
ko:K06131		0.00014866452150799687	0.000639575668474996	-2.0976367339720063	KEGG_GENOME
ko:K06132		4.516388501525206e-05	0.0002023559765711004	-2.139170844668601	KEGG_GENOME
ko:K06133		5.147136700711898e-05	0.00032481119319035	-2.6344338869590564	KEGG_GENOME
ko:K06134		1.0254168366010504e-05	0.00013682715405173424	-3.614328792006482	KEGG_GENOME
ko:K06135		3.5040699458711244e-05	6.38928564757487e-05	-0.8484326619774429	KEGG_GENOME
ko:K06136		4.9392102080930166e-05	0.00011560012025106917	-1.210299732441424	KEGG_GENOME
ko:K06137		4.2295345434531905e-05	0.00011453929097055353	-1.4160997082776055	KEGG_GENOME
ko:K06138		4.449246683415395e-05	0.00011317058624910514	-1.3274914451002084	KEGG_GENOME
ko:K06139		4.29838799576529e-05	0.00011019909100866998	-1.3380982152445426	KEGG_GENOME
ko:K06140		7.712400475228272e-05	0.00018654795495525508	-1.263421720851243	KEGG_GENOME
ko:K06141		5.724093488191121e-05	2.7538635145673468e-05	1.0291171739528557	KEGG_GENOME
ko:K06142		0.0002182330984231886	0.00025958147775500385	-0.24926891646631627	KEGG_GENOME
ko:K06143		3.0810385986622186e-05	0.0001080278320270916	-1.77712668256508	KEGG_GENOME
ko:K06144		6.471842108301043e-05	3.3044537753230004e-05	0.9488744744237891	KEGG_GENOME
ko:K06145		0.00012832679027996162	0.000220692926097269	-0.7775415736038145	KEGG_GENOME
ko:K06146		3.57051434149794e-05	1.305151588109023e-05	1.3852564619246421	KEGG_GENOME
ko:K06147		0.00018275397811525038	0.0007343775318111662	-2.0007096147710977	KEGG_GENOME
ko:K06149		8.339360961792578e-05	0.00020403282483136165	-1.280649231558519	KEGG_GENOME
ko:K06150		3.733273334844085e-05	7.893019852417505e-05	-1.0601637980750513	KEGG_GENOME
ko:K06151		4.776109372282898e-05	7.237576646890923e-05	-0.5895731821007303	KEGG_GENOME
ko:K06152		4.8682063467130944e-05	7.300777104330138e-05	-0.5749516712120892	KEGG_GENOME
ko:K06153		0.0001605647032238832	0.0004950085426813315	-1.6182529188575483	KEGG_GENOME
ko:K06155		5.577492450114822e-05	1.745327911257621e-05	1.621376679219857	KEGG_GENOME
ko:K06156		5.6240167507226795e-05	4.922346442717059e-05	0.18866634445581731	KEGG_GENOME
ko:K06157		6.91103311500157e-06	2.8614098042145376e-06	1.034738438014717	KEGG_GENOME
ko:K06158		0.00019971586298267582	0.00039523422024154815	-0.981198841718623	KEGG_GENOME
ko:K06159		4.994368995904031e-05	4.9629085532424495e-05	0.008937034463274112	KEGG_GENOME
ko:K06160		5.7979639660946595e-06	0.00012078439316127635	-4.163082736876591	KEGG_GENOME
ko:K06161		0.0	1.218779371779919e-06	-1.1497662177540373	KEGG_GENOME
ko:K06162		7.815915551224358e-05	8.861232972102155e-05	-0.17894102424498615	KEGG_GENOME
ko:K06163		6.849680672179722e-05	8.345726935145172e-05	-0.2812749134859655	KEGG_GENOME
ko:K06164		6.849680672179722e-05	8.345726935145172e-05	-0.2812749134859655	KEGG_GENOME
ko:K06165		7.100788609036476e-05	8.483732503306065e-05	-0.2534502028861125	KEGG_GENOME
ko:K06166		6.849680672179722e-05	8.345726935145172e-05	-0.2812749134859655	KEGG_GENOME
ko:K06167		0.0001134311322337732	0.0001311246945562541	-0.20742053002175334	KEGG_GENOME
ko:K06168		0.00015658930318635626	0.0004395749049230117	-1.4832177105309257	KEGG_GENOME
ko:K06169		0.00012745286954198137	0.0002131486743720129	-0.7373736273154311	KEGG_GENOME
ko:K06173		0.00016033965315579167	0.00047182627522457984	-1.551209149549784	KEGG_GENOME
ko:K06175		8.505390548567932e-05	0.0001165314071455287	-0.44973375583319813	KEGG_GENOME
ko:K06176		9.706530746116771e-05	0.00020334492478525602	-1.0591916623361917	KEGG_GENOME
ko:K06177		0.00019532122507122786	0.0005591014990037915	-1.5124721326304431	KEGG_GENOME
ko:K06178		0.00015585111364461624	0.00047427646671180086	-1.5993711960744728	KEGG_GENOME
ko:K06179		0.00012396992096154341	0.0002572725097401267	-1.047313198578833	KEGG_GENOME
ko:K06180		0.00022531276663948752	0.0005849317307097254	-1.3724146086978326	KEGG_GENOME
ko:K06181		0.00013718564672957068	0.0002658550395403745	-0.9494484852539504	KEGG_GENOME
ko:K06182		0.00011567077416207635	0.00023337531373403899	-1.0063774081281318	KEGG_GENOME
ko:K06183		0.00011271766220501025	0.000274998901725791	-1.279206180471932	KEGG_GENOME
ko:K06186		0.00010119961924277012	0.00023708535393339266	-1.2200890531133823	KEGG_GENOME
ko:K06187		0.0001544270642474501	0.0004707782483447864	-1.6018711640533971	KEGG_GENOME
ko:K06188		6.178868257565046e-05	0.00014285019882159827	-1.195990767793381	KEGG_GENOME
ko:K06189		0.00010768644258837009	0.00024032729677582153	-1.1508191178820124	KEGG_GENOME
ko:K06190		0.00010387599440939752	0.00022909442192623877	-1.1335415193669183	KEGG_GENOME
ko:K06191		6.535694740280894e-05	4.6017086245799704e-05	0.4970623852704674	KEGG_GENOME
ko:K06192		0.00016184391762301444	0.0002023640885883222	-0.3205751061073018	KEGG_GENOME
ko:K06193		0.00014589852369228048	0.00033309981854145847	-1.1854593020045519	KEGG_GENOME
ko:K06194		9.81149340245513e-05	0.00023778326862369063	-1.2685273962553067	KEGG_GENOME
ko:K06195		0.00013656931827251003	0.00021092748943677496	-0.6234119886242393	KEGG_GENOME
ko:K06196		3.317477542333553e-05	0.00023278350590461477	-2.7741693847702913	KEGG_GENOME
ko:K06197		4.197113028743334e-05	1.4886522418201493e-05	1.4355643741152635	KEGG_GENOME
ko:K06198		1.7512967313923429e-06	3.087044004946334e-05	-3.5340352892543603	KEGG_GENOME
ko:K06199		0.00015194643081906423	0.0005634980941901497	-1.883942269963483	KEGG_GENOME
ko:K06200		9.09954685022132e-05	0.0003409562416407584	-1.8941770187564073	KEGG_GENOME
ko:K06201		8.952066932920801e-05	0.0002418073187191763	-1.423492750734666	KEGG_GENOME
ko:K06202		7.304142833563105e-05	0.0001497472433827156	-1.025726989068897	KEGG_GENOME
ko:K06203		9.910999425735356e-05	0.00013438736219992473	-0.4355070665218213	KEGG_GENOME
ko:K06204		0.00019195760510796504	0.0007246176336682372	-1.910925609625938	KEGG_GENOME
ko:K06205		8.45902551856418e-05	4.3236349156857456e-05	0.9522142247122981	KEGG_GENOME
ko:K06206		9.45566251645756e-05	0.00013550776582091337	-0.5145552200732123	KEGG_GENOME
ko:K06207		0.00015763474214526633	0.00047634996186956386	-1.5893385778798381	KEGG_GENOME
ko:K06208		0.0	9.410241353870245e-07	-0.9568180571482727	KEGG_GENOME
ko:K06211		6.591733542923548e-05	9.709767740065974e-05	-0.5518389789565148	KEGG_GENOME
ko:K06212		7.158418245725349e-05	4.586111918164555e-05	0.6312637799921849	KEGG_GENOME
ko:K06213		0.00020419476435096703	0.000283219936673606	-0.4700138359945081	KEGG_GENOME
ko:K06214		2.9887976630044018e-05	5.803311372436751e-05	-0.9344790714546582	KEGG_GENOME
ko:K06215		2.425541196883856e-06	0.00017797644551142473	-5.707293985881384	KEGG_GENOME
ko:K06217		0.00021954146038020438	0.0005098990759390066	-1.2119884276484187	KEGG_GENOME
ko:K06218		3.935424088176502e-05	8.63463982610613e-05	-1.114027918426121	KEGG_GENOME
ko:K06219		8.338660124215543e-05	0.00019089136545064097	-1.1852039423247045	KEGG_GENOME
ko:K06221		7.720013329072077e-05	0.0002190899168538809	-1.4928500797673363	KEGG_GENOME
ko:K06222		4.724489495956748e-05	0.0001162623119389481	-1.2812912096555311	KEGG_GENOME
ko:K06223		0.00012654007398215446	0.00012857828776590387	-0.022873376246787716	KEGG_GENOME
ko:K06229		0.0	4.478625312831978e-06	-2.4538139400550274	KEGG_GENOME
ko:K06281		1.6806297933901913e-05	2.9930619506449845e-05	-0.796648129082379	KEGG_GENOME
ko:K06282		1.6806297933901913e-05	2.9930619506449845e-05	-0.796648129082379	KEGG_GENOME
ko:K06284		1.045438958910067e-06	2.996435971149821e-05	-3.920126224668333	KEGG_GENOME
ko:K06286		1.045438958910067e-06	2.996435971149821e-05	-3.920126224668333	KEGG_GENOME
ko:K06287		0.0001585096435627733	0.0004483942183857363	-1.4943379154202758	KEGG_GENOME
ko:K06320		0.0	1.0191811403627447e-05	-3.4843716514462058	KEGG_GENOME
ko:K06329		0.0	3.371601004737099e-06	-2.1281617324931017	KEGG_GENOME
ko:K06330		1.4681860546803459e-05	3.563491274502496e-06	1.7808868576126327	KEGG_GENOME
ko:K06339		0.0	9.410241353870245e-07	-0.9568180571482727	KEGG_GENOME
ko:K06346		3.28649092775097e-06	0.00014697398759583639	-5.109402686026483	KEGG_GENOME
ko:K06347		1.045438958910067e-06	2.3036773272077454e-05	-3.554760850476138	KEGG_GENOME
ko:K06349		1.045438958910067e-06	2.996435971149821e-05	-3.920126224668333	KEGG_GENOME
ko:K06350		1.7774618196406476e-05	1.2583946983753569e-06	3.0554140169014974	KEGG_GENOME
ko:K06351		1.8555789472494195e-05	3.2764596083970877e-06	2.1931069604640663	KEGG_GENOME
ko:K06375		1.045438958910067e-06	2.996435971149821e-05	-3.920126224668333	KEGG_GENOME
ko:K06377		1.949936016902217e-05	2.996435971149821e-05	-0.5950297332801139	KEGG_GENOME
ko:K06378		0.0	1.8153089703919903e-06	-1.493293261769679	KEGG_GENOME
ko:K06381		2.6568187252583753e-06	0.0	1.8705891115978557	KEGG_GENOME
ko:K06384		0.0	3.371601004737099e-06	-2.1281617324931017	KEGG_GENOME
ko:K06400		9.987774963444743e-07	1.048026879793413e-06	-0.03511677004726826	KEGG_GENOME
ko:K06412		2.9518276486872484e-06	3.1712542015608716e-05	-3.049251939199345	KEGG_GENOME
ko:K06413		0.0	3.5559854346836596e-06	-2.187763134810897	KEGG_GENOME
ko:K06415		8.750503401388234e-05	0.0001615814176517444	-0.8773309524221338	KEGG_GENOME
ko:K06416		1.045438958910067e-06	2.996435971149821e-05	-3.920126224668333	KEGG_GENOME
ko:K06440		0.0	3.371601004737099e-06	-2.1281617324931017	KEGG_GENOME
ko:K06442		8.756826269055101e-06	0.00018732351263786595	-4.270657385130307	KEGG_GENOME
ko:K06443		3.899753937390128e-05	6.345479879276826e-05	-0.6883765252649018	KEGG_GENOME
ko:K06445		0.00010604945658408827	0.0001315856813835648	-0.30864750755255216	KEGG_GENOME
ko:K06446		7.287264270213995e-06	5.0923368393239376e-05	-2.6474161437419723	KEGG_GENOME
ko:K06447		0.00010370977148456103	0.0001578131923533787	-0.6009346793665956	KEGG_GENOME
ko:K06518		0.00014638337230462526	0.00039773874781098747	-1.4358700376825686	KEGG_GENOME
ko:K06595		2.090877917820134e-06	6.011310385294299e-05	-4.305393177960806	KEGG_GENOME
ko:K06596		1.3585560021292495e-05	0.00014978829022846706	-3.3699117119868793	KEGG_GENOME
ko:K06597		4.9482305078929745e-06	6.048474376836992e-05	-3.3696960170113184	KEGG_GENOME
ko:K06598		4.9482305078929745e-06	8.273266670263251e-05	-3.8152581111390296	KEGG_GENOME
ko:K06599		3.2297237940211355e-06	3.607182129347768e-05	-3.131687632913357	KEGG_GENOME
ko:K06600		3.2297237940211355e-06	3.868727566109346e-05	-3.23004116988529	KEGG_GENOME
ko:K06601		5.685302526108379e-06	1.4748738305329423e-05	-1.2361715008003187	KEGG_GENOME
ko:K06602		6.346935489191908e-06	1.4748738305329423e-05	-1.1000217411456237	KEGG_GENOME
ko:K06603		2.9200534120438563e-05	0.0001654226569183937	-2.462205886451483	KEGG_GENOME
ko:K06604		2.206797945523487e-06	0.0	1.6811334550659343	KEGG_GENOME
ko:K06605		2.6247455536151157e-05	0.0001596852107556917	-2.560043734146757	KEGG_GENOME
ko:K06606		4.7310034450761606e-05	4.2257444594230496e-05	0.15937444004859158	KEGG_GENOME
ko:K06607		1.045438958910067e-06	2.3036773272077454e-05	-3.554760850476138	KEGG_GENOME
ko:K06609		3.306360904327305e-05	0.00031438361051277976	-3.210804487853397	KEGG_GENOME
ko:K06610		4.719807698299373e-06	5.675932626679722e-07	1.8674153664343736	KEGG_GENOME
ko:K06714		3.7191013644768245e-06	2.7676673196102213e-05	-2.603293600083359	KEGG_GENOME
ko:K06718		7.900916768860967e-06	1.2908904020138959e-05	-0.6439829020328021	KEGG_GENOME
ko:K06720		7.900916768860967e-06	1.772382929000221e-05	-1.0728496745084894	KEGG_GENOME
ko:K06726		7.068389419010568e-05	0.000279239686632072	-1.9669403617202919	KEGG_GENOME
ko:K06857		1.1886751141553395e-05	2.1653801721602823e-05	-0.8138645871865618	KEGG_GENOME
ko:K06858		8.549329481452617e-05	0.00010644447326127433	-0.3129310744736208	KEGG_GENOME
ko:K06859		1.7135401863479942e-06	5.334343456124867e-06	-1.2230188197156855	KEGG_GENOME
ko:K06860		1.380102237973789e-06	3.212050718888698e-06	-0.8234992622592118	KEGG_GENOME
ko:K06861		0.00015281404189657237	0.0002965126285661506	-0.9517636930904837	KEGG_GENOME
ko:K06864		2.6568187252583753e-06	1.6869105311533007e-05	-2.2888063851603744	KEGG_GENOME
ko:K06866		6.503726823700538e-05	4.243974714241028e-05	0.6042647361237735	KEGG_GENOME
ko:K06867		0.00011194402521668872	0.00037034055951480784	-1.7171349479366502	KEGG_GENOME
ko:K06869		9.674211261555845e-07	0.0	0.9763057992981491	KEGG_GENOME
ko:K06871		5.0378288489819725e-05	0.0002045272714701	-2.0000991010207234	KEGG_GENOME
ko:K06872		7.66074016221701e-05	0.0003358496489563944	-2.1178386381292813	KEGG_GENOME
ko:K06876		5.584603459319816e-05	8.518682409517363e-05	-0.6004076179908326	KEGG_GENOME
ko:K06877		8.907299315025156e-06	0.00019167765830591492	-4.281553646365797	KEGG_GENOME
ko:K06878		5.294557431824835e-05	0.00016999029686362146	-1.6643379479086746	KEGG_GENOME
ko:K06879		9.488300231407929e-05	0.00023321085558600688	-1.2884609569092427	KEGG_GENOME
ko:K06881		4.6879796547358186e-05	7.666388422262332e-05	-0.6978268409666223	KEGG_GENOME
ko:K06882		3.1627020439489074e-06	0.0	2.05752029758428	KEGG_GENOME
ko:K06883		3.0613994269060274e-06	1.3790448159955124e-05	-1.864616943429873	KEGG_GENOME
ko:K06884		0.00011406496150701669	0.0002351388944784036	-1.0371871031836724	KEGG_GENOME
ko:K06885		4.4494367474342565e-05	8.07779284226727e-05	-0.8460235768699615	KEGG_GENOME
ko:K06886		0.00014870053000686986	0.00023644736838055862	-0.6655284377634613	KEGG_GENOME
ko:K06887		0.00010376243363383159	9.033544078417084e-05	0.19787479780179448	KEGG_GENOME
ko:K06888		5.176798075689814e-05	0.0002331529029016859	-2.1497162410169905	KEGG_GENOME
ko:K06889		0.00025673548953959047	0.0006917449616988591	-1.426433106676807	KEGG_GENOME
ko:K06890		7.568561308542739e-05	5.3347280598618054e-05	0.4967480922534597	KEGG_GENOME
ko:K06891		0.0001520345044500334	0.0004487566236565405	-1.5552875567089894	KEGG_GENOME
ko:K06893		2.3384065693234163e-05	0.00010807394491719944	-2.1612959186197616	KEGG_GENOME
ko:K06894		9.263464659992154e-05	0.00018436012792168876	-0.9852165866462392	KEGG_GENOME
ko:K06895		8.312555961961492e-05	0.00020416590255619747	-1.2861748809353573	KEGG_GENOME
ko:K06896		2.2254133770646816e-06	3.1202518272559855e-05	-3.3196175361884697	KEGG_GENOME
ko:K06897		2.881299937165115e-05	2.2773403122190912e-05	0.32659308924914804	KEGG_GENOME
ko:K06898		2.6568187252583753e-06	6.67729390790556e-06	-1.0700087678881045	KEGG_GENOME
ko:K06899		9.160342846819561e-05	0.0001939054676900827	-1.0736370504752488	KEGG_GENOME
ko:K06900		1.4947906545688276e-06	7.603649143296851e-07	0.5030442368259639	KEGG_GENOME
ko:K06901		0.0002147007093042008	0.0006367731911042779	-1.5640125343289712	KEGG_GENOME
ko:K06902		4.582246181612278e-05	0.00018980397504963231	-2.0268185324463524	KEGG_GENOME
ko:K06903		3.8382702970641576e-05	0.00011299472494938235	-1.5333330290379386	KEGG_GENOME
ko:K06904		1.9921808049209627e-05	5.259602188563014e-05	-1.35711838822201	KEGG_GENOME
ko:K06905		3.6635674925702096e-05	0.00010807242854439179	-1.5351137127525853	KEGG_GENOME
ko:K06906		2.717321406609515e-05	0.00010011795523536369	-1.8436431311161763	KEGG_GENOME
ko:K06907		3.7742131743669e-05	0.00011867480418770616	-1.6271442015537907	KEGG_GENOME
ko:K06908		3.23823408784746e-05	9.669482245441785e-05	-1.5491969807943278	KEGG_GENOME
ko:K06909		8.263610274308683e-06	7.6274266520398806e-06	0.10264425622566622	KEGG_GENOME
ko:K06911		0.00021310131267427657	0.0005466837698613392	-1.3550494869273375	KEGG_GENOME
ko:K06912		8.343094754195741e-07	0.0	0.8752370636806053	KEGG_GENOME
ko:K06913		3.1775056965245726e-06	2.7612211267973076e-06	0.15144066889337754	KEGG_GENOME
ko:K06914		6.2389051234306e-06	1.655166928675243e-05	-1.2777648346071389	KEGG_GENOME
ko:K06915		9.382806906603324e-05	0.00019089051010123305	-1.0168973006262452	KEGG_GENOME
ko:K06916		0.0001408812774982919	0.0004166227166076727	-1.557515964045124	KEGG_GENOME
ko:K06917		7.054576811173976e-05	0.0001651543555146041	-1.2155857717877885	KEGG_GENOME
ko:K06918		8.665482761120602e-05	4.819024698068705e-05	0.8334612512101132	KEGG_GENOME
ko:K06919		0.000105633612176145	0.0003303439200840609	-1.6356671829402998	KEGG_GENOME
ko:K06920		0.00011139119672024605	0.00030238082717752026	-1.4326008763375946	KEGG_GENOME
ko:K06921		4.908012395035538e-06	0.0	2.5626728528863083	KEGG_GENOME
ko:K06923		1.8581347301768596e-05	0.00019151837522472825	-3.2974442140890177	KEGG_GENOME
ko:K06925		0.00015320616343309602	0.00046720616276476007	-1.602283494877681	KEGG_GENOME
ko:K06926		1.1854578847620932e-05	1.060397413948424e-05	0.14766335869923525	KEGG_GENOME
ko:K06929		7.325367780979253e-05	7.561965392165479e-05	-0.045252024504097724	KEGG_GENOME
ko:K06933		2.5664549921516673e-06	6.144506503960135e-06	-1.0023435955788296	KEGG_GENOME
ko:K06934		1.9264096534608446e-05	2.560155602495638e-05	-0.3925847819219071	KEGG_GENOME
ko:K06936		0.0	1.7481823041105056e-06	-1.4584777103104687	KEGG_GENOME
ko:K06937		2.843429998273797e-05	4.332664155810916e-05	-0.5906757423921534	KEGG_GENOME
ko:K06938		0.00011934381982252818	0.00037760942839752063	-1.6535482834299913	KEGG_GENOME
ko:K06940		0.00018274488833411423	0.0004857481260802513	-1.4054713091106497	KEGG_GENOME
ko:K06941		0.00016155300046240845	0.0005346267696270275	-1.7203178796077978	KEGG_GENOME
ko:K06942		0.00015763474214526633	0.00047809814417367434	-1.5946124588847455	KEGG_GENOME
ko:K06945		1.5741815851110987e-06	1.3255633201562899e-05	-2.4693463905242807	KEGG_GENOME
ko:K06946		1.591370345993805e-05	1.4870713510287263e-05	0.09182560002816643	KEGG_GENOME
ko:K06948		1.045438958910067e-06	2.996435971149821e-05	-3.920126224668333	KEGG_GENOME
ko:K06949		0.00015500057981355765	0.0005338996471713909	-1.7777168608394802	KEGG_GENOME
ko:K06950		0.0001045246575682419	0.00024842104071728894	-1.241003025800186	KEGG_GENOME
ko:K06952		1.3890530528755492e-05	4.409712999735697e-05	-1.5986404665683858	KEGG_GENOME
ko:K06953		1.6777168284276585e-05	9.663329967289104e-05	-2.4573477536549295	KEGG_GENOME
ko:K06954		6.158432545366415e-05	9.53816566111404e-05	-0.6229572259182174	KEGG_GENOME
ko:K06956		8.569324751081614e-05	0.00011130626158647672	-0.37344683459616324	KEGG_GENOME
ko:K06957		8.355381868431444e-05	4.249955924734262e-05	0.9588691290572336	KEGG_GENOME
ko:K06958		0.0001069442645228009	0.00041369355850312984	-1.941759048136459	KEGG_GENOME
ko:K06959		0.00014455712210649908	0.00032999014176362835	-1.1852028161084562	KEGG_GENOME
ko:K06960		3.28649092775097e-06	0.00014697398759583639	-5.109402686026483	KEGG_GENOME
ko:K06962		6.013227075593275e-06	4.550299017556384e-05	-2.7291731397945163	KEGG_GENOME
ko:K06966		9.286141116543996e-05	0.0001613052667878497	-0.7901057600055341	KEGG_GENOME
ko:K06967		1.8696066987873868e-05	7.274741520699785e-05	-1.904684911178498	KEGG_GENOME
ko:K06968		9.238314217414691e-05	0.00014662538432113275	-0.6607067768801514	KEGG_GENOME
ko:K06969		0.00012553943461389344	0.0003344331326533789	-1.4064381442719347	KEGG_GENOME
ko:K06970		0.00012479371819242374	0.00015736615582489656	-0.33220417271467173	KEGG_GENOME
ko:K06971		2.3584530027927066e-05	7.932353157327963e-06	1.4606385789768503	KEGG_GENOME
ko:K06972		4.760628463390028e-06	6.658229374183937e-05	-3.5523471982843886	KEGG_GENOME
ko:K06973		4.803793889973703e-05	7.491570191851281e-05	-0.6304999715441579	KEGG_GENOME
ko:K06974		3.0613994269060274e-06	1.2849424024568099e-05	-1.7697771538951645	KEGG_GENOME
ko:K06975		7.343470378418604e-05	0.00038329794311064465	-2.3681779418497713	KEGG_GENOME
ko:K06976		2.425541196883856e-06	0.0001769383473073346	-5.698901711958696	KEGG_GENOME
ko:K06977		3.620667278176572e-06	2.6472707311662267e-05	-2.571825974755335	KEGG_GENOME
ko:K06978		3.12564599517744e-05	0.00010062250578819904	-1.6555599224761441	KEGG_GENOME
ko:K06979		0.0	5.484517401500695e-06	-2.696999208498665	KEGG_GENOME
ko:K06980		0.00010995171332122917	0.00040696378814673113	-1.878509154908936	KEGG_GENOME
ko:K06983		0.0	5.5725723942358625e-06	-2.7164581276352373	KEGG_GENOME
ko:K06984		6.2389051234306e-06	1.655166928675243e-05	-1.2777648346071389	KEGG_GENOME
ko:K06985		2.1211747649201234e-05	0.0001729615127093995	-2.9693733435622276	KEGG_GENOME
ko:K06986		5.271046548966739e-06	5.1967212524317886e-05	-3.0783214531049583	KEGG_GENOME
ko:K06987		0.00010067215943158557	0.0002586299061552353	-1.352531888924099	KEGG_GENOME
ko:K06988		3.140744089564583e-05	6.268061054414744e-05	-0.9745290674501945	KEGG_GENOME
ko:K06989		1.9727638388211698e-05	5.328428146813989e-05	-1.388978760606224	KEGG_GENOME
ko:K06990		2.015763268761717e-06	8.742848350049659e-07	0.6861829684698273	KEGG_GENOME
ko:K06991		2.113257246208678e-05	9.99691855922008e-05	-2.1896720194516477	KEGG_GENOME
ko:K06992		1.2035305245725563e-05	0.00014971228417398174	-3.531300740374138	KEGG_GENOME
ko:K06993		1.9063886897771811e-06	0.0	1.5392276566236323	KEGG_GENOME
ko:K06994		4.851082393767712e-06	0.0002163591127927578	-5.215233237685429	KEGG_GENOME
ko:K06995		5.471132453708868e-05	0.00035608962767850344	-2.680243707217368	KEGG_GENOME
ko:K06996		0.00011416670093749669	0.00018128623318310627	-0.662481969521516	KEGG_GENOME
ko:K06997		0.00016034085173044098	0.0004991361646193993	-1.6322091522820623	KEGG_GENOME
ko:K06998		1.317142284884532e-05	6.821898255492599e-05	-2.288183119605977	KEGG_GENOME
ko:K06999		0.00012097807145487464	0.0003262322212345474	-1.423693000286263	KEGG_GENOME
ko:K07000		0.00014898234178900587	0.0002581363084355522	-0.7889185157662775	KEGG_GENOME
ko:K07001		0.0002035134930402163	0.0007129075907694955	-1.8035413118438048	KEGG_GENOME
ko:K07002		3.2795593762502206e-05	0.0002154933768440445	-2.6794158227621354	KEGG_GENOME
ko:K07003		0.000123368834220007	0.0002811094818857459	-1.1816301531101374	KEGG_GENOME
ko:K07004		4.139536157504418e-05	0.00014621306282884455	-1.7959273583958677	KEGG_GENOME
ko:K07005		2.5245135120081373e-05	0.00018560139016018644	-2.8298378039206846	KEGG_GENOME
ko:K07006		5.2678034643975296e-05	0.00020084663925669323	-1.9108558110775549	KEGG_GENOME
ko:K07009		0.0	0.0001447029610123347	-7.186886386287681	KEGG_GENOME
ko:K07010		2.4907784674702958e-05	0.0002019692660208842	-2.969803724614065	KEGG_GENOME
ko:K07012		6.581715146114558e-05	0.00014301206913230202	-1.1078993394679428	KEGG_GENOME
ko:K07013		0.0	2.026077645373604e-06	-1.597449005782775	KEGG_GENOME
ko:K07014		9.527730518691628e-05	7.866595162513078e-05	0.2732324976489837	KEGG_GENOME
ko:K07017		6.885345231209893e-07	2.856740469537515e-05	-4.130164033663493	KEGG_GENOME
ko:K07018		1.6711003808387487e-05	0.00020970011229594945	-3.5724731957673144	KEGG_GENOME
ko:K07019		0.00011166195611614931	0.0002471613525848982	-1.1392780288156075	KEGG_GENOME
ko:K07020		2.3815916013176415e-05	0.00010296090000624098	-2.0667034146600485	KEGG_GENOME
ko:K07024		1.3071622031434636e-06	3.572085580026326e-06	-0.98673297300902	KEGG_GENOME
ko:K07025		9.523829599038315e-05	0.00021322768056356863	-1.1544619008596908	KEGG_GENOME
ko:K07026		3.7497527726431324e-05	2.1154748217304884e-05	0.7971498692383674	KEGG_GENOME
ko:K07027		0.00011757354890764351	0.00021933339883895394	-0.8939059869742149	KEGG_GENOME
ko:K07028		1.350298696739688e-05	0.00011040497030122857	-2.941391632863705	KEGG_GENOME
ko:K07029		2.9518276486872484e-06	4.2648581320965854e-05	-3.465342830662087	KEGG_GENOME
ko:K07030		4.331929886661037e-06	3.6838111421137963e-05	-2.8271103679224114	KEGG_GENOME
ko:K07031		1.7201300394388519e-06	6.823774862735668e-06	-1.524189232754265	KEGG_GENOME
ko:K07032		2.0905014779979013e-05	0.00011874056510270534	-2.450578890809332	KEGG_GENOME
ko:K07034		6.558027410104551e-05	4.36080262865748e-05	0.5777914933812666	KEGG_GENOME
ko:K07035		6.589783136976765e-06	0.00014609228268741288	-4.276519082144399	KEGG_GENOME
ko:K07037		7.762434607418943e-06	4.480283475124675e-05	-2.3860332122315167	KEGG_GENOME
ko:K07038		0.00010401850509597905	0.000192529043789248	-0.8819065298311582	KEGG_GENOME
ko:K07039		5.411948660303064e-05	0.0002255782584331821	-2.0393750768176826	KEGG_GENOME
ko:K07040		0.00014115310080022863	0.0004307075320949569	-1.6026086950180882	KEGG_GENOME
ko:K07042		0.00015763474214526633	0.0004707782483447864	-1.5724001374824361	KEGG_GENOME
ko:K07043		8.7200027153307e-05	0.00015155065752694112	-0.7904373932190648	KEGG_GENOME
ko:K07044		2.9658137072494864e-05	0.00012192430699370412	-2.0034282816709355	KEGG_GENOME
ko:K07045		3.561201459163696e-05	5.905892608413552e-05	-0.7140615175092759	KEGG_GENOME
ko:K07046		3.722184143654189e-05	3.7639087955188587e-05	-0.015663755338786386	KEGG_GENOME
ko:K07048		3.5787693222350896e-05	1.290761031085195e-05	1.4033486660983225	KEGG_GENOME
ko:K07050		9.433505076534555e-06	4.703867893295156e-05	-2.202972572915648	KEGG_GENOME
ko:K07051		2.5834705216206216e-05	4.7760194508899686e-05	-0.8616038410647795	KEGG_GENOME
ko:K07052		0.0001438937452523457	0.0006986641038977626	-2.271667158187887	KEGG_GENOME
ko:K07053		0.00010154460575472285	0.00038086492842531353	-1.8968108223366864	KEGG_GENOME
ko:K07054		9.541459160329735e-05	0.0002673006432986717	-1.4765271048852175	KEGG_GENOME
ko:K07056		0.00019336178504460454	0.0005201855803676019	-1.4230525819068574	KEGG_GENOME
ko:K07058		0.0002398924587040563	0.0006381613525229438	-1.407790947253392	KEGG_GENOME
ko:K07059		9.771549246486012e-05	8.527200157246038e-05	0.19438409189291175	KEGG_GENOME
ko:K07061		0.0	1.013038822686802e-06	-1.0093749957851508	KEGG_GENOME
ko:K07062		7.487443623292571e-06	3.0461124230624704e-05	-1.890168233291546	KEGG_GENOME
ko:K07063		1.0706443331498825e-05	2.9451419909655393e-05	-1.3792066799493148	KEGG_GENOME
ko:K07065		0.0	1.9540629580738263e-06	-1.562700573676498	KEGG_GENOME
ko:K07067		1.380102237973789e-06	0.0001447029610123347	-5.9358628400444555	KEGG_GENOME
ko:K07069		9.911008233326944e-06	8.742848350049659e-07	2.5413722991806145	KEGG_GENOME
ko:K07070		9.108556326400416e-05	0.0001889520118622212	-1.0445880919779513	KEGG_GENOME
ko:K07071		0.00014707996173432105	0.00040779815123342326	-1.465012244272281	KEGG_GENOME
ko:K07072		6.2389051234306e-06	1.655166928675243e-05	-1.2777648346071389	KEGG_GENOME
ko:K07074		3.432942082688057e-05	7.619530738455482e-05	-1.1276430517679754	KEGG_GENOME
ko:K07075		1.3571934606146585e-05	4.4431460840047745e-05	-1.6404992698407523	KEGG_GENOME
ko:K07076		5.879662493364908e-06	0.0	2.7823377900593056	KEGG_GENOME
ko:K07077		2.9750282501413326e-06	5.473515480420462e-06	-0.7035842754743803	KEGG_GENOME
ko:K07078		2.856680745999116e-05	7.310807083056918e-05	-1.3256521958152434	KEGG_GENOME
ko:K07079		6.282055404210877e-06	0.0	2.864345717310333	KEGG_GENOME
ko:K07080		4.805534666160497e-05	0.00020135732594005215	-2.0444227868554385	KEGG_GENOME
ko:K07082		0.0001468024574055085	0.0004545606551999046	-1.6239728967662574	KEGG_GENOME
ko:K07084		2.7716191118872488e-05	0.0001852079113982243	-2.696978060224636	KEGG_GENOME
ko:K07085		0.00010751672120687979	0.000250674550092965	-1.213641972360373	KEGG_GENOME
ko:K07086		2.7501942848932896e-05	3.232189651110918e-05	-0.225410249182639	KEGG_GENOME
ko:K07089		7.07113476209334e-05	0.00022341169486100645	-1.6458745271637762	KEGG_GENOME
ko:K07090		0.0005062011296044738	0.0013609499271210362	-1.4250437991375537	KEGG_GENOME
ko:K07091		0.00015524871508329816	0.0002975681899945613	-0.9342161404993833	KEGG_GENOME
ko:K07092		3.918258317142125e-06	3.95195423661758e-05	-3.04239846483899	KEGG_GENOME
ko:K07093		7.70998293705118e-05	0.0002598006848168392	-1.7395563562990333	KEGG_GENOME
ko:K07094		1.045438958910067e-06	2.996435971149821e-05	-3.920126224668333	KEGG_GENOME
ko:K07095		0.00010978531513964266	0.00017690729619039886	-0.683359017104979	KEGG_GENOME
ko:K07096		1.4947906545688276e-06	0.0	1.3189187597361614	KEGG_GENOME
ko:K07098		6.34124273713262e-05	0.00028466493286527435	-2.1489129816461565	KEGG_GENOME
ko:K07099		1.9063886897771811e-06	0.0	1.5392276566236323	KEGG_GENOME
ko:K07100		7.781327688464849e-06	6.253200956577211e-05	-2.8549726644788835	KEGG_GENOME
ko:K07101		2.3922193871539007e-05	0.00017995264215417143	-2.8601091953504225	KEGG_GENOME
ko:K07102		3.693428776010867e-05	0.00021409583877309658	-2.503405259177174	KEGG_GENOME
ko:K07104		1.1421491085924499e-05	3.426113361061185e-05	-1.5052404903805383	KEGG_GENOME
ko:K07105		1.045438958910067e-06	2.996435971149821e-05	-3.920126224668333	KEGG_GENOME
ko:K07106		0.0001492033476076577	0.0002859186388887331	-0.9337247251077074	KEGG_GENOME
ko:K07107		0.00037003049163118523	0.0009969902317679437	-1.4274879409322971	KEGG_GENOME
ko:K07109		6.0165019814987735e-05	3.390057205218646e-05	0.8094561298669369	KEGG_GENOME
ko:K07110		6.929030589792189e-06	7.604567145276771e-06	-0.1179581274313977	KEGG_GENOME
ko:K07112		0.0002581183487507605	0.00039549993295801217	-0.6137094423888212	KEGG_GENOME
ko:K07113		0.00010552435884232436	0.0002194262570820286	-1.049112719236033	KEGG_GENOME
ko:K07114		0.0002625803339963104	0.0008516586713453431	-1.6937255970183438	KEGG_GENOME
ko:K07115		0.00010069527756203768	0.0002471403765263265	-1.2869038184591686	KEGG_GENOME
ko:K07116		3.385641426584587e-05	0.00028558311393792307	-3.0394575356659126	KEGG_GENOME
ko:K07117		1.4674172153302488e-05	4.4218276693379474e-05	-1.528516763120608	KEGG_GENOME
ko:K07118		3.1375090494141345e-05	0.00013148555642165515	-2.0328789550959105	KEGG_GENOME
ko:K07120		5.0897322377719616e-05	0.00014285126581048654	-1.4708459057173577	KEGG_GENOME
ko:K07121		9.305573246704722e-05	0.00015743113220935436	-0.7522680770515938	KEGG_GENOME
ko:K07122		9.434596963427656e-05	0.00017191575946922313	-0.8588255007541818	KEGG_GENOME
ko:K07123		2.5766953366967797e-06	8.737133735501612e-06	-1.4448699222490773	KEGG_GENOME
ko:K07124		8.710070845758764e-05	0.0006110746335448953	-2.796482053525431	KEGG_GENOME
ko:K07126		0.00013089042024413237	0.0007590498798370138	-2.526754322106201	KEGG_GENOME
ko:K07127		8.889207761689722e-05	0.0002069588780296022	-1.2100323981668026	KEGG_GENOME
ko:K07130		8.284769710014191e-06	7.786297816024296e-05	-3.0864101604445553	KEGG_GENOME
ko:K07131		5.442093943602491e-07	5.11531287624062e-06	-1.9855579179773641	KEGG_GENOME
ko:K07133		3.163442944507825e-05	0.00014230783461552694	-2.1346507619747292	KEGG_GENOME
ko:K07136		8.663250236546872e-05	5.8176079552782784e-05	0.566451935579651	KEGG_GENOME
ko:K07137		5.275166806489405e-05	0.00014486061252147619	-1.4402089262319506	KEGG_GENOME
ko:K07139		6.80937997194768e-05	6.088517402578221e-05	0.1589624320356035	KEGG_GENOME
ko:K07140		9.651723277510729e-05	0.00016676912713209762	-0.7827481629053409	KEGG_GENOME
ko:K07141		4.003405792427938e-05	9.253829130382141e-05	-1.1887352430617741	KEGG_GENOME
ko:K07144		6.2389051234306e-06	1.567777181764689e-05	-1.2040831419713618	KEGG_GENOME
ko:K07145		2.090877917820134e-06	5.3001132983575665e-05	-4.126901098919368	KEGG_GENOME
ko:K07146		0.0001426164568034483	0.00024770442279575404	-0.792211088736596	KEGG_GENOME
ko:K07147		7.942836334667868e-05	0.0001703052781334934	-1.0907933356212114	KEGG_GENOME
ko:K07148		9.027959028798682e-05	0.00012469280575695463	-0.46153785583892265	KEGG_GENOME
ko:K07149		1.0078036161624963e-05	5.448706288384319e-05	-2.3244492853698646	KEGG_GENOME
ko:K07150		7.62726233277887e-05	6.653793322122209e-05	0.19425934579775045	KEGG_GENOME
ko:K07152		0.0001823721087145897	0.0004295762762460831	-1.2314946138911842	KEGG_GENOME
ko:K07153		9.606908906325616e-05	0.00013886748093891636	-0.5269767179389877	KEGG_GENOME
ko:K07154		9.553223862952177e-05	0.00017890573381728743	-0.8981584265806155	KEGG_GENOME
ko:K07155		1.2883476683483899e-06	0.0	1.1943062572289431	KEGG_GENOME
ko:K07156		7.636167750146736e-05	9.087026797467507e-05	-0.24797895847786988	KEGG_GENOME
ko:K07157		4.0888161403800446e-05	0.00014808556554503466	-1.8315261162176104	KEGG_GENOME
ko:K07160		0.00015739335812344307	0.00039701878085363675	-1.3293246667163896	KEGG_GENOME
ko:K07161		9.287811979103642e-06	1.5178852012971136e-05	-0.6531730622876304	KEGG_GENOME
ko:K07164		4.561636967023518e-05	0.0001914024855234598	-2.045218874871343	KEGG_GENOME
ko:K07165		0.00021008639994167744	0.0008743634045931836	-2.052048441520195	KEGG_GENOME
ko:K07166		1.9063886897771811e-06	0.0	1.5392276566236323	KEGG_GENOME
ko:K07167		2.50709903775645e-05	2.087417433408607e-05	0.2532168268281529	KEGG_GENOME
ko:K07168		6.027175172459641e-05	0.00014630528364985838	-1.2655151760559376	KEGG_GENOME
ko:K07169		1.532029882442066e-05	6.874140296434533e-06	1.05147315041204	KEGG_GENOME
ko:K07171		1.1688604653504216e-05	0.00011670483766487996	-3.2135682842710107	KEGG_GENOME
ko:K07172		4.935420738836199e-06	3.4798107262508454e-05	-2.592461104897641	KEGG_GENOME
ko:K07173		7.300920882276097e-05	0.00021777957006738425	-1.5637013248251987	KEGG_GENOME
ko:K07175		4.1308919482720227e-05	0.00032607257696613226	-2.9505770567045215	KEGG_GENOME
ko:K07177		2.425541196883856e-06	0.0001769383473073346	-5.698901711958696	KEGG_GENOME
ko:K07178		1.6543211142396414e-05	0.00011178033692840704	-2.684530807402372	KEGG_GENOME
ko:K07180		8.653761288772675e-05	0.0001598415882594146	-0.8776655395093083	KEGG_GENOME
ko:K07181		1.0772919351527057e-05	0.0	3.5574002072545428	KEGG_GENOME
ko:K07182		6.994400655318876e-05	0.00012573465294540688	-0.8370583395692416	KEGG_GENOME
ko:K07183		2.2918196465314066e-05	0.00016060083292002362	-2.756254120670138	KEGG_GENOME
ko:K07184		9.286141116543996e-05	0.00012057633058876182	-0.3732583252651733	KEGG_GENOME
ko:K07186		8.685255785350734e-05	6.736791125405393e-05	0.3617649419209953	KEGG_GENOME
ko:K07192		1.4272965394441757e-05	3.938738816923287e-05	-1.402924648167968	KEGG_GENOME
ko:K07213		4.078883191079893e-05	0.0002899254447108142	-2.7994601440501388	KEGG_GENOME
ko:K07214		4.6559242368520604e-05	3.178424320826657e-05	0.5367231406854901	KEGG_GENOME
ko:K07215		1.3547706644605262e-05	0.00011990911922074121	-3.0550594155145836	KEGG_GENOME
ko:K07216		7.628247485358315e-06	6.789868126060533e-05	-2.997336906370855	KEGG_GENOME
ko:K07217		4.215400877983662e-05	9.692030723005483e-05	-1.1821135001778953	KEGG_GENOME
ko:K07218		2.0566053426906524e-05	8.078739144011601e-05	-1.9231162621957005	KEGG_GENOME
ko:K07219		6.4309984722973936e-06	1.5292174287940354e-05	-1.1325511751582757	KEGG_GENOME
ko:K07220		6.0374250361968294e-05	0.00016423530944394965	-1.4288166086514271	KEGG_GENOME
ko:K07221		2.1459678965211845e-05	0.0001350073944829804	-2.598275879037748	KEGG_GENOME
ko:K07222		5.317885379771766e-05	0.00015319169290998322	-1.5089232645668629	KEGG_GENOME
ko:K07223		9.2270438104378e-05	0.00017651188131407528	-0.9284237919651503	KEGG_GENOME
ko:K07224		4.7156644953652734e-05	0.00013692220293562793	-1.5180479339303572	KEGG_GENOME
ko:K07225		7.308849361078036e-05	0.00010378419006139285	-0.5000996522774507	KEGG_GENOME
ko:K07226		3.399429480046763e-05	8.229807379136538e-05	-1.2511633993088216	KEGG_GENOME
ko:K07227		2.620483530626515e-05	2.6060141548211352e-05	0.00769370868721594	KEGG_GENOME
ko:K07228		1.045438958910067e-06	2.3036773272077454e-05	-3.554760850476138	KEGG_GENOME
ko:K07229		4.5293678649583275e-05	1.8568793070677346e-05	1.2422604298065179	KEGG_GENOME
ko:K07230		2.5256926973809354e-05	6.42432381758381e-05	-1.313130310457026	KEGG_GENOME
ko:K07231		5.260137491844673e-05	0.00010344112207941847	-0.962347950104613	KEGG_GENOME
ko:K07232		7.015464778211929e-05	0.0001136094248298947	-0.6876957870592547	KEGG_GENOME
ko:K07233		3.611059791581285e-05	0.00014713280734109143	-1.9969880426276863	KEGG_GENOME
ko:K07234		3.6940834428499755e-05	0.000268625097155694	-2.829131478000595	KEGG_GENOME
ko:K07235		9.630900443058208e-05	0.0001948662535746362	-1.0092236372383838	KEGG_GENOME
ko:K07236		9.373195466936185e-05	0.00012924664714956667	-0.4593231766521994	KEGG_GENOME
ko:K07237		9.373195466936185e-05	0.00012260561486750874	-0.38382122209841596	KEGG_GENOME
ko:K07238		6.660278416253095e-05	0.00017128869245629062	-1.3496734496130385	KEGG_GENOME
ko:K07240		9.517871511330263e-05	0.000301336645779292	-1.6523662985407104	KEGG_GENOME
ko:K07241		3.157612747563824e-05	2.1183556125537365e-05	0.5543244573816549	KEGG_GENOME
ko:K07243		7.859771026932199e-05	0.00023576642532090777	-1.5726656785051027	KEGG_GENOME
ko:K07245		7.389052689067821e-05	8.779483187151309e-05	-0.24569247004282513	KEGG_GENOME
ko:K07246		5.6699055759202154e-05	7.574603120098844e-05	-0.4115444362651827	KEGG_GENOME
ko:K07248		6.782698545875688e-05	6.18736057645973e-05	0.13051981977798524	KEGG_GENOME
ko:K07250		3.5156753045977694e-05	4.239664396045122e-05	-0.2633183510303985	KEGG_GENOME
ko:K07251		6.735105199106704e-05	4.3236349156857456e-05	0.6277312182206874	KEGG_GENOME
ko:K07253		2.015763268761717e-06	0.0	1.5925231844461378	KEGG_GENOME
ko:K07255		6.616329630835272e-07	6.025026244557509e-06	-2.0799018736355004	KEGG_GENOME
ko:K07256		6.616329630835272e-07	7.266692336953609e-06	-2.3147084533149695	KEGG_GENOME
ko:K07257		1.379850332952083e-05	1.3897450904361513e-05	-0.009614219007884891	KEGG_GENOME
ko:K07258		0.00022513436545035614	0.00031522864950893326	-0.4837878241987872	KEGG_GENOME
ko:K07259		0.0001228792310781391	0.0003292107285851543	-1.414452661038661	KEGG_GENOME
ko:K07260		5.239375082180815e-06	4.607075748285935e-05	-2.915357624422562	KEGG_GENOME
ko:K07261		7.927484988654375e-05	7.442726191508277e-05	0.08986200651849441	KEGG_GENOME
ko:K07262		7.367275124762824e-05	0.0002634485040753648	-1.8243330225263825	KEGG_GENOME
ko:K07263		0.00019511325112677496	0.0008172388669036555	-2.0608350479302757	KEGG_GENOME
ko:K07264		4.58896499536634e-05	9.260702892603003e-05	-0.997347356533724	KEGG_GENOME
ko:K07265		2.8360810027444944e-05	2.6098045129610786e-05	0.11570299246766484	KEGG_GENOME
ko:K07266		1.536247815341391e-05	1.891066410606633e-05	-0.28315007599201103	KEGG_GENOME
ko:K07267		6.342154858289877e-05	0.0002027297261676238	-1.6610412528856429	KEGG_GENOME
ko:K07269		6.657705580428957e-05	4.3236349156857456e-05	0.6113011722630306	KEGG_GENOME
ko:K07270		1.8577125534208217e-05	8.567105823508094e-05	-2.1463813669413776	KEGG_GENOME
ko:K07273		0.0	2.3951263968077757e-06	-1.7634652854135529	KEGG_GENOME
ko:K07274		0.0001333981131319707	0.00012891266214420482	0.04897083148991052	KEGG_GENOME
ko:K07275		9.808935695703221e-05	0.00022826451342654704	-1.210211052411569	KEGG_GENOME
ko:K07276		6.885345231209893e-07	1.8898472691378163e-05	-3.5588141193206413	KEGG_GENOME
ko:K07277		0.00016901612379050055	0.00029183568015220046	-0.7844197740051984	KEGG_GENOME
ko:K07278		0.00010070648491313038	0.0002471403765263265	-1.2867448346857486	KEGG_GENOME
ko:K07279		5.409206469410937e-07	1.2111125408967499e-06	-0.5209798880654118	KEGG_GENOME
ko:K07280		4.062573094632894e-06	0.0001273591387540859	-4.664171371540631	KEGG_GENOME
ko:K07281		8.343094754195741e-07	0.0	0.8752370636806053	KEGG_GENOME
ko:K07283		8.853148798054585e-05	4.616141970885294e-05	0.9247880148553448	KEGG_GENOME
ko:K07284		1.0139710036921452e-05	2.996435971149821e-05	-1.4748969336901039	KEGG_GENOME
ko:K07285		6.951378881735326e-05	5.062409830943481e-05	0.44986072299395524	KEGG_GENOME
ko:K07286		8.879019777628943e-05	0.00012901075040243983	-0.5340010601453126	KEGG_GENOME
ko:K07287		9.434596963427656e-05	0.00016426374387061506	-0.7935263951011233	KEGG_GENOME
ko:K07289		9.444764128912197e-05	0.00013258283598246615	-0.48495319710776114	KEGG_GENOME
ko:K07290		5.1726958030961703e-05	0.0001358346004702597	-1.375820410184065	KEGG_GENOME
ko:K07300		7.328405173148815e-05	0.000161516563085443	-1.1294623472186396	KEGG_GENOME
ko:K07301		0.00011834380189834077	0.0001499659883800028	-0.33909991446199234	KEGG_GENOME
ko:K07302		7.62539543852947e-05	0.0001661050272922652	-1.1130744499824183	KEGG_GENOME
ko:K07303		8.562924140829512e-05	0.0001661050272922652	-0.9478291478752292	KEGG_GENOME
ko:K07304		0.00020024944765079358	0.0005322182011320994	-1.405741203316778	KEGG_GENOME
ko:K07305		0.00019616293377693324	0.000509647849152668	-1.3729403751700018	KEGG_GENOME
ko:K07306		5.8537911442221716e-05	0.00017250227139405883	-1.5430740312650666	KEGG_GENOME
ko:K07307		8.3288446086113e-05	0.0001837928565530703	-1.1325021971525226	KEGG_GENOME
ko:K07308		5.476279614424932e-05	2.950815056149254e-05	0.8701081800968257	KEGG_GENOME
ko:K07309		3.22973069727413e-05	1.414998601482134e-05	1.1360890374677126	KEGG_GENOME
ko:K07310		7.253217638932594e-06	1.1709032874866152e-06	1.926661228885232	KEGG_GENOME
ko:K07311		0.0	8.738974691055397e-07	-0.9060420176397526	KEGG_GENOME
ko:K07312		3.387548414807628e-05	1.3147774663537447e-05	1.3016380988112288	KEGG_GENOME
ko:K07313		3.682479468283294e-05	1.5168776478390775e-05	1.2261217398498385	KEGG_GENOME
ko:K07316		4.330318666851203e-05	0.00025822529471013515	-2.548724121788162	KEGG_GENOME
ko:K07317		2.289130542387582e-05	2.8488166518360623e-05	-0.3036504379558353	KEGG_GENOME
ko:K07318		5.041991803353988e-06	1.1617590994020858e-05	-1.0623403589273002	KEGG_GENOME
ko:K07319		2.8726057717309487e-05	2.6851336772292684e-05	0.09398157125834486	KEGG_GENOME
ko:K07320		9.567155518236744e-05	0.00023428627824271256	-1.283253829897893	KEGG_GENOME
ko:K07321		5.846653959938726e-07	6.848564540872233e-07	-0.08844743660151445	KEGG_GENOME
ko:K07322		8.517823955388406e-05	6.0492303363729844e-05	0.48691777947442483	KEGG_GENOME
ko:K07323		0.00011633339522961469	0.0001801455006516491	-0.6265352829284678	KEGG_GENOME
ko:K07326		5.242235932092633e-05	0.00011858908867680838	-1.1625701668431216	KEGG_GENOME
ko:K07334		2.562971974036553e-05	2.6197888673186437e-05	-0.030457416561117587	KEGG_GENOME
ko:K07335		3.124491656665165e-05	0.0003675633845508043	-3.5147691098082263	KEGG_GENOME
ko:K07336		3.8418657357015444e-05	0.00014559963611250514	-1.8949309798942358	KEGG_GENOME
ko:K07337		8.959633312900969e-05	7.265378905269818e-05	0.29869291330528946	KEGG_GENOME
ko:K07338		3.0155233137148125e-05	7.495295556105782e-05	-1.285631592733386	KEGG_GENOME
ko:K07339		1.2534908572035926e-05	1.016633013961255e-05	0.2775300261646722	KEGG_GENOME
ko:K07340		9.542863365271767e-05	0.00019555243899738775	-1.0273807550570706	KEGG_GENOME
ko:K07341		4.9551888910895894e-05	2.63057590894461e-05	0.8885597368360999	KEGG_GENOME
ko:K07343		6.878385374981307e-05	3.230774784371518e-05	1.0670354640599082	KEGG_GENOME
ko:K07344		1.3111139532148135e-05	4.628354656446486e-05	-1.7445037546527216	KEGG_GENOME
ko:K07345		0.0005667036357530231	0.00047744304190938284	0.24679079735780546	KEGG_GENOME
ko:K07346		0.00030606363793397054	0.00024987588121897153	0.2915639012444894	KEGG_GENOME
ko:K07347		0.000415656988940128	0.0004106102413030653	0.017581301370825322	KEGG_GENOME
ko:K07348		4.6858513922257294e-05	2.2719638234608515e-05	1.0126935932898826	KEGG_GENOME
ko:K07349		0.00010089159795257338	4.1815344076170115e-05	1.250835266307277	KEGG_GENOME
ko:K07350		4.6858513922257294e-05	2.3398600915424766e-05	0.9719771777957813	KEGG_GENOME
ko:K07351		5.369089654581173e-05	2.545554029574829e-05	1.047730830444324	KEGG_GENOME
ko:K07352		1.1206342889900148e-05	7.0163195277829476e-06	0.6066191028916054	KEGG_GENOME
ko:K07353		1.1206342889900148e-05	7.0163195277829476e-06	0.6066191028916054	KEGG_GENOME
ko:K07354		1.1206342889900148e-05	7.0163195277829476e-06	0.6066191028916054	KEGG_GENOME
ko:K07355		1.1206342889900148e-05	7.0163195277829476e-06	0.6066191028916054	KEGG_GENOME
ko:K07356		1.1206342889900148e-05	7.0163195277829476e-06	0.6066191028916054	KEGG_GENOME
ko:K07357		4.425613504485373e-05	1.9729766855757352e-05	1.1264094903329653	KEGG_GENOME
ko:K07358		3.878358446814787e-05	1.622073815160411e-05	1.2080262837628697	KEGG_GENOME
ko:K07386		6.552199008355544e-05	0.000347696731807989	-2.390069608084752	KEGG_GENOME
ko:K07387		9.410212668471478e-05	0.00010044375998202584	-0.09313061636073054	KEGG_GENOME
ko:K07389		6.94666736776733e-06	2.1590496725652836e-05	-1.5072941310676464	KEGG_GENOME
ko:K07390		0.0001097022058571318	0.0002943836321994359	-1.4159059160744039	KEGG_GENOME
ko:K07391		0.00015406773839785474	0.0004573200033847153	-1.5634566864072033	KEGG_GENOME
ko:K07393		9.833103516441773e-05	0.0001270693235458898	-0.36660849672443907	KEGG_GENOME
ko:K07394		6.647918727006325e-05	0.00021674828422356036	-1.6901468481653676	KEGG_GENOME
ko:K07395		6.793745588565022e-05	7.688680624347324e-05	-0.1760909039192501	KEGG_GENOME
ko:K07396		5.540442637657854e-05	0.00014570358606052494	-1.3790238483785004	KEGG_GENOME
ko:K07397		0.00012458052657238428	0.0002826043135124165	-1.1752667087679467	KEGG_GENOME
ko:K07399		6.247234059614789e-06	0.0002107234157471563	-4.86860653519746	KEGG_GENOME
ko:K07400		9.429324116182037e-05	0.00020673733006329242	-1.12431469221971	KEGG_GENOME
ko:K07401		6.175761336574639e-05	0.00012239648595879546	-0.9754389168784469	KEGG_GENOME
ko:K07402		7.232682138596556e-05	0.00029863522118712493	-2.0307943110175066	KEGG_GENOME
ko:K07403		1.887832178248745e-05	6.735024919016268e-05	-1.7817506343696663	KEGG_GENOME
ko:K07404		0.00014895783192927492	0.00033682634449918697	-1.1717249647123549	KEGG_GENOME
ko:K07405		3.6252366789525024e-06	0.0	2.2095271919672337	KEGG_GENOME
ko:K07406		2.803084394075134e-05	1.0398387145896326e-05	1.3487568127001357	KEGG_GENOME
ko:K07407		5.770410218694348e-05	0.00019841049419449272	-1.7642081090014465	KEGG_GENOME
ko:K07432		1.7549029947486462e-06	0.0	1.4620015197187664	KEGG_GENOME
ko:K07441		9.684179536941271e-07	0.0	0.9770365802818481	KEGG_GENOME
ko:K07442		1.380102237973789e-06	0.00014697398759583639	-5.958176229758542	KEGG_GENOME
ko:K07443		0.00012756654059851888	0.0001825042305515256	-0.5132980931104978	KEGG_GENOME
ko:K07444		7.905185811189036e-06	3.075584710626996e-05	-1.8343046360230177	KEGG_GENOME
ko:K07445		7.092090224713375e-06	0.0	3.0165124056624943	KEGG_GENOME
ko:K07447		0.00015763474214526633	0.0004707782483447864	-1.5724001374824361	KEGG_GENOME
ko:K07448		4.902532082812606e-05	8.163634873665655e-05	-0.7241179959270186	KEGG_GENOME
ko:K07449		0.0	3.5559854346836596e-06	-2.187763134810897	KEGG_GENOME
ko:K07450		0.0	9.410241353870245e-07	-0.9568180571482727	KEGG_GENOME
ko:K07451		4.187127533187745e-05	0.00023451734955251283	-2.457750100802629	KEGG_GENOME
ko:K07452		1.712464443408449e-05	2.2091840039981558e-05	-0.34943044388556826	KEGG_GENOME
ko:K07453		3.2297237940211355e-06	2.7676673196102213e-05	-2.7612423036995177	KEGG_GENOME
ko:K07454		2.6165550475797247e-05	1.3560308559434845e-05	0.8997373525165112	KEGG_GENOME
ko:K07455		2.2845608862552084e-05	5.8074370783353595e-06	1.8085399727965565	KEGG_GENOME
ko:K07456		4.2849979166758026e-05	6.980102250208896e-05	-0.6911940384906675	KEGG_GENOME
ko:K07457		0.0	3.0078164930165047e-06	-2.0028164529752543	KEGG_GENOME
ko:K07458		5.223547707770351e-05	7.936255069221129e-05	-0.5941353515608804	KEGG_GENOME
ko:K07459		9.54619652500699e-05	0.00020416111778146084	-1.0887252287063702	KEGG_GENOME
ko:K07460		0.00015152299056726088	0.0004408138886332881	-1.5344120473834548	KEGG_GENOME
ko:K07461		0.00014736625005820197	0.00024293139313743395	-0.7173124909829885	KEGG_GENOME
ko:K07462		0.0001522275639065468	0.0003238042607489499	-1.08389471263569	KEGG_GENOME
ko:K07464		9.652075555379502e-06	4.752471117291483e-05	-2.187585059044139	KEGG_GENOME
ko:K07465		1.380102237973789e-06	2.3951263968077757e-06	-0.5124417391703271	KEGG_GENOME
ko:K07470		4.238237015399348e-05	1.687556263198461e-05	1.2791202240937107	KEGG_GENOME
ko:K07473		7.777263152138201e-06	2.3015520237259707e-05	-1.4521239946579063	KEGG_GENOME
ko:K07474		1.0991373591749403e-05	1.8859594136754376e-05	-0.7278392128207338	KEGG_GENOME
ko:K07478		0.00015571541191579852	0.0004707782483447864	-1.589961837455218	KEGG_GENOME
ko:K07479		8.203071912274186e-05	4.255006293981806e-05	0.9309703895577093	KEGG_GENOME
ko:K07480		4.917331565425636e-05	4.6122179238437436e-05	0.09051401995023599	KEGG_GENOME
ko:K07481		5.392799332681613e-05	0.00014905850350334843	-1.4499115835327072	KEGG_GENOME
ko:K07482		4.7518144542148664e-05	0.00037407487639427156	-2.9505823460469727	KEGG_GENOME
ko:K07483		0.00019635104135805266	0.0006431782851957178	-1.7066958973993591	KEGG_GENOME
ko:K07484		0.00013421708884525695	0.00037507514204304665	-1.475743457616453	KEGG_GENOME
ko:K07485		3.271040799305738e-05	0.0001190794720476801	-1.8327235456941857	KEGG_GENOME
ko:K07486		0.0001309426344167683	0.0003094563129845531	-1.2344794528151242	KEGG_GENOME
ko:K07487		8.525051157405239e-06	7.226772219262934e-05	-2.943379018475938	KEGG_GENOME
ko:K07488		2.1175733174468276e-06	2.1854993862815577e-05	-2.874014037430882	KEGG_GENOME
ko:K07489		1.4117155449645518e-06	4.44398029539137e-06	-1.1746020895165479	KEGG_GENOME
ko:K07490		4.852762952001136e-05	4.6774225975782516e-05	0.05200107342366081	KEGG_GENOME
ko:K07491		0.00020104004326618505	0.00036005401607928494	-0.8375734341912936	KEGG_GENOME
ko:K07492		0.0	4.548862056667904e-07	-0.540906316748434	KEGG_GENOME
ko:K07493		0.0003021981908618933	0.0004857597575450513	-0.6829487541886966	KEGG_GENOME
ko:K07494		0.0	9.410241353870245e-07	-0.9568180571482727	KEGG_GENOME
ko:K07495		1.803416555802045e-05	4.089844891445197e-05	-1.1383055114353215	KEGG_GENOME
ko:K07496		6.92251086933337e-05	0.00035579094879294913	-2.3450201594447067	KEGG_GENOME
ko:K07497		0.0006735318604600154	0.0017352394762210836	-1.3640074563551194	KEGG_GENOME
ko:K07498		3.355607107623268e-06	8.062934584321987e-06	-1.057104448217079	KEGG_GENOME
ko:K07501		4.5686664313658346e-05	0.00011843255966251701	-1.3551137780826572	KEGG_GENOME
ko:K07502		2.9518276486872484e-06	3.5536932105734075e-05	-3.208763567311844	KEGG_GENOME
ko:K07503		1.380102237973789e-06	0.00014697398759583639	-5.958176229758542	KEGG_GENOME
ko:K07504		2.881758189276249e-05	4.402581122697791e-05	-0.594589004733492	KEGG_GENOME
ko:K07505		0.0	6.688463091872767e-06	-2.942695235204716	KEGG_GENOME
ko:K07506		6.94788018244351e-05	0.0002317431097911061	-1.7234771553365884	KEGG_GENOME
ko:K07507		7.487163099700444e-05	0.0002428338224284288	-1.6842658009915457	KEGG_GENOME
ko:K07516		6.036114361647062e-05	0.00017912602276450745	-1.5536093457278757	KEGG_GENOME
ko:K07518		1.3527882318246136e-06	4.029448692666069e-05	-4.133505807255827	KEGG_GENOME
ko:K07533		2.9518276486872484e-06	2.996435971149821e-05	-2.9700166809118036	KEGG_GENOME
ko:K07534		0.0	4.548862056667904e-07	-0.540906316748434	KEGG_GENOME
ko:K07535		0.0	9.558301533836986e-06	-3.4003058684293928	KEGG_GENOME
ko:K07536		0.0	6.025026244557509e-06	-2.8125036150591503	KEGG_GENOME
ko:K07552		0.0002277230899413188	0.0004320169339997295	-0.9208214302073809	KEGG_GENOME
ko:K07559		1.8036829253651696e-05	7.251924054080246e-05	-1.9493286580714573	KEGG_GENOME
ko:K07560		0.0001466260137238998	0.0004603930830142551	-1.644049409575477	KEGG_GENOME
ko:K07566		0.00016584465690300867	0.0004630170681726925	-1.4756723878613858	KEGG_GENOME
ko:K07568		0.00017279565413829304	0.0003220644313566201	-0.8944299148016518	KEGG_GENOME
ko:K07570		1.045438958910067e-06	2.996435971149821e-05	-3.920126224668333	KEGG_GENOME
ko:K07571		2.9518276486872484e-06	2.996435971149821e-05	-2.9700166809118036	KEGG_GENOME
ko:K07574		9.987484704418406e-05	0.0002659280835125217	-1.4038846135018135	KEGG_GENOME
ko:K07576		6.266847442618629e-05	0.00010450416062381151	-0.7286487926258651	KEGG_GENOME
ko:K07577		1.628115512605223e-05	9.891070965402375e-05	-2.5314396770984966	KEGG_GENOME
ko:K07584		2.9518276486872484e-06	2.996435971149821e-05	-2.9700166809118036	KEGG_GENOME
ko:K07586		1.045438958910067e-06	2.996435971149821e-05	-3.920126224668333	KEGG_GENOME
ko:K07588		3.5585108591235124e-05	0.0001945516974729695	-2.4182216131849334	KEGG_GENOME
ko:K07589		6.28069248186009e-05	8.35080833666868e-05	-0.40537633979534055	KEGG_GENOME
ko:K07590		2.9518276486872484e-06	2.3036773272077454e-05	-2.604651306719609	KEGG_GENOME
ko:K07592		3.4374369772126553e-05	1.2164304610505249e-05	1.4260731305323575	KEGG_GENOME
ko:K07636		0.0002448755455062496	0.00043372701210239766	-0.8221814880739086	KEGG_GENOME
ko:K07637		8.433395307332648e-05	0.0001254532080650499	-0.5674118508843834	KEGG_GENOME
ko:K07638		9.972779260870182e-05	0.00024845066933255417	-1.3082927366608337	KEGG_GENOME
ko:K07639		7.25845446450108e-05	0.00017664352834378526	-1.2715104451473782	KEGG_GENOME
ko:K07640		8.660601845440351e-05	4.880648919574818e-05	0.8146962644591829	KEGG_GENOME
ko:K07641		3.0537337957581587e-05	0.00011093007331890211	-1.8274649174121291	KEGG_GENOME
ko:K07642		8.238123041326343e-05	4.2318772494513897e-05	0.944730298905983	KEGG_GENOME
ko:K07643		4.955789160246365e-05	1.9805261706147253e-05	1.2809878646449533	KEGG_GENOME
ko:K07644		8.617770129791863e-05	0.00040234764120274867	-2.2099927506878707	KEGG_GENOME
ko:K07645		7.334466485381922e-05	0.00021525605270606484	-1.5404393923905115	KEGG_GENOME
ko:K07646		8.924451916350882e-05	0.0003583281769593724	-1.9933908493550236	KEGG_GENOME
ko:K07647		2.9932829865780057e-06	6.144506503960135e-06	-0.8392590496631985	KEGG_GENOME
ko:K07648		8.201695091550218e-05	4.3236349156857456e-05	0.9081736206506081	KEGG_GENOME
ko:K07649		3.0555303947357356e-05	0.00014395722840502304	-2.199672851390243	KEGG_GENOME
ko:K07650		1.045438958910067e-06	2.996435971149821e-05	-3.920126224668333	KEGG_GENOME
ko:K07651		1.045438958910067e-06	2.996435971149821e-05	-3.920126224668333	KEGG_GENOME
ko:K07652		3.9506051450317225e-06	3.4383987596028726e-05	-2.8374198504190735	KEGG_GENOME
ko:K07653		0.0	0.00014230783461552694	-7.1629736734291924	KEGG_GENOME
ko:K07654		1.380102237973789e-06	0.00014697398759583639	-5.958176229758542	KEGG_GENOME
ko:K07657		0.00011275858088040804	0.0002662510925704185	-1.2322204731552084	KEGG_GENOME
ko:K07658		4.990006188006286e-05	8.734581613790075e-05	-0.795494403343472	KEGG_GENOME
ko:K07659		9.972779260870182e-05	0.0002464526148736898	-1.296690483720567	KEGG_GENOME
ko:K07660		8.730184687777182e-05	0.0001284311960184413	-0.5516698653049452	KEGG_GENOME
ko:K07661		8.465004540803372e-05	0.0001849681082757782	-1.118529318080577	KEGG_GENOME
ko:K07662		9.92589014253697e-05	0.00013726804448906962	-0.46373743859766425	KEGG_GENOME
ko:K07663		3.0537337957581587e-05	0.00011093007331890211	-1.8274649174121291	KEGG_GENOME
ko:K07664		9.515126034483702e-05	4.355693105557554e-05	1.109655900746516	KEGG_GENOME
ko:K07665		9.058410835781344e-05	0.0003867751986089602	-2.082051345047829	KEGG_GENOME
ko:K07666		7.483945550838805e-05	0.00021525605270606484	-1.511720000827287	KEGG_GENOME
ko:K07667		6.821935717434975e-05	0.0003069340844932595	-2.153374116040538	KEGG_GENOME
ko:K07668		1.454800715675774e-05	6.991255147872008e-05	-2.18931132935266	KEGG_GENOME
ko:K07669		0.0	0.00014230783461552694	-7.1629736734291924	KEGG_GENOME
ko:K07670		1.380102237973789e-06	0.00014697398759583639	-5.958176229758542	KEGG_GENOME
ko:K07673		5.267084072149491e-05	0.00017503962363338182	-1.7136898000641538	KEGG_GENOME
ko:K07674		2.659101229239173e-05	1.9466877259469152e-05	0.430907389519232	KEGG_GENOME
ko:K07675		4.558968411200108e-05	9.432310729256468e-05	-1.0328154318102578	KEGG_GENOME
ko:K07676		6.437025785876609e-05	3.230774784371518e-05	0.9727765808314479	KEGG_GENOME
ko:K07677		6.437025785876609e-05	9.266579892459725e-05	-0.5188879711824973	KEGG_GENOME
ko:K07678		9.318033221831654e-05	0.00020018420243783042	-1.0950193082043669	KEGG_GENOME
ko:K07679		5.365032135717922e-05	0.00019800126739408388	-1.86447573456432	KEGG_GENOME
ko:K07682		0.0	2.2710265835016734e-06	-1.7097434841929906	KEGG_GENOME
ko:K07683		2.2518872791183127e-05	3.5559854346836596e-06	2.3679838766478474	KEGG_GENOME
ko:K07684		8.455513485817903e-05	0.0002447617339483801	-1.5223339497372803	KEGG_GENOME
ko:K07685		2.744523008855355e-05	2.060336153921038e-05	0.3969309338365086	KEGG_GENOME
ko:K07686		4.038964607196482e-05	2.3443874845652673e-05	0.7597969124983094	KEGG_GENOME
ko:K07687		9.087863001636013e-05	0.00021302125800322038	-1.2199528514769609	KEGG_GENOME
ko:K07688		1.903924826896044e-05	1.5082336862103913e-05	0.3173513356418216	KEGG_GENOME
ko:K07689		0.00010576092814658715	0.0002756464416793105	-1.373659614472604	KEGG_GENOME
ko:K07690		5.0384088821699355e-05	0.00022127523763787392	-2.1129536347522984	KEGG_GENOME
ko:K07692		1.045438958910067e-06	2.996435971149821e-05	-3.920126224668333	KEGG_GENOME
ko:K07693		1.0970405621018044e-05	0.0001548175865735739	-3.7023141300129385	KEGG_GENOME
ko:K07695		0.0	2.2710265835016734e-06	-1.7097434841929906	KEGG_GENOME
ko:K07696		9.684179536941271e-07	5.37129440507565e-06	-1.6945499228237593	KEGG_GENOME
ko:K07698		0.0	8.742848350049659e-07	-0.9063402159763106	KEGG_GENOME
ko:K07699		1.045438958910067e-06	2.996435971149821e-05	-3.920126224668333	KEGG_GENOME
ko:K07700		8.053524646890109e-05	3.385013855293373e-05	1.2262594578969515	KEGG_GENOME
ko:K07701		5.8266029634813084e-05	2.872050879816386e-05	0.9957465971390279	KEGG_GENOME
ko:K07702		8.167273508400812e-05	3.385013855293373e-05	1.246247224848424	KEGG_GENOME
ko:K07703		6.463284378229294e-05	2.320935168253687e-05	1.4388534994631277	KEGG_GENOME
ko:K07704		2.090877917820134e-06	4.607354654415491e-05	-3.9288279729963254	KEGG_GENOME
ko:K07705		1.045438958910067e-06	2.3036773272077454e-05	-3.554760850476138	KEGG_GENOME
ko:K07708		0.00010293168712008448	0.00017795714648892306	-0.7839785814993698	KEGG_GENOME
ko:K07709		2.1456652643402963e-05	2.0242689503733233e-05	0.08017646262869756	KEGG_GENOME
ko:K07710		7.253217638932594e-06	3.3533504108849036e-06	0.9228305344804191	KEGG_GENOME
ko:K07711		8.112407970334869e-05	7.127264026529359e-05	0.18435569861577866	KEGG_GENOME
ko:K07712		0.00011114846427464698	0.00021896385944534865	-0.9718566404420068	KEGG_GENOME
ko:K07713		6.419637948327647e-05	0.00011210866640508945	-0.7948457177419104	KEGG_GENOME
ko:K07714		2.6993869404170164e-05	5.469398819299364e-05	-0.9924106916199079	KEGG_GENOME
ko:K07715		8.112407970334869e-05	7.473822675543877e-05	0.11678365435947441	KEGG_GENOME
ko:K07716		1.1185357025410894e-06	1.3957250910557673e-05	-2.8197056903988478	KEGG_GENOME
ko:K07718		1.045438958910067e-06	2.996435971149821e-05	-3.920126224668333	KEGG_GENOME
ko:K07720		1.045438958910067e-06	2.6408374276814553e-05	-3.7441343681844486	KEGG_GENOME
ko:K07722		3.063945363943932e-05	1.5086188425662666e-05	0.9759021628201067	KEGG_GENOME
ko:K07723		1.045438958910067e-06	2.996435971149821e-05	-3.920126224668333	KEGG_GENOME
ko:K07724		0.00014775635273237242	9.606465769813914e-05	0.6159332855748516	KEGG_GENOME
ko:K07726		0.00013145798648542462	0.0001191589903808092	0.14059023690592903	KEGG_GENOME
ko:K07727		6.046660234684839e-05	0.0003026435409380054	-2.304504035328284	KEGG_GENOME
ko:K07729		5.3047538090111363e-05	0.00013784959544078636	-1.361222165032036	KEGG_GENOME
ko:K07733		0.00016511584460425217	0.00030635774030139006	-0.887729129198282	KEGG_GENOME
ko:K07734		3.1369816761578845e-05	0.0001321393778743288	-2.040216228142751	KEGG_GENOME
ko:K07735		0.000152403288058173	0.00044964410377024405	-1.5546591085758381	KEGG_GENOME
ko:K07736		1.0842236222808023e-05	0.0001673492533440619	-3.829443880187943	KEGG_GENOME
ko:K07738		0.00011452891272937931	0.00044344088551839377	-1.9437375894180176	KEGG_GENOME
ko:K07740		8.662295012153803e-05	0.00012580848927935264	-0.5332706371217303	KEGG_GENOME
ko:K07741		5.744926836481769e-06	1.573443748382267e-05	-1.3109453574943764	KEGG_GENOME
ko:K07742		1.188767518171809e-05	4.580716541711076e-05	-1.8607373616736116	KEGG_GENOME
ko:K07746		6.708334304174995e-05	7.831216527707109e-05	-0.2202402920681972	KEGG_GENOME
ko:K07749		1.4117155449645518e-06	1.6494032784506387e-05	-2.8587312420327735	KEGG_GENOME
ko:K07751		8.362283405948621e-05	5.342816056048491e-05	0.6366937231031552	KEGG_GENOME
ko:K07755		7.207105365014361e-06	1.8946795683560206e-05	-1.2812116257259965	KEGG_GENOME
ko:K07757		4.3103760546606315e-05	1.6353689731042345e-05	1.345659233343609	KEGG_GENOME
ko:K07768		1.380102237973789e-06	0.00014815094677905495	-5.969605779160455	KEGG_GENOME
ko:K07770		1.045438958910067e-06	2.996435971149821e-05	-3.920126224668333	KEGG_GENOME
ko:K07771		5.076089912126065e-05	2.204533733110035e-05	1.1673877925317058	KEGG_GENOME
ko:K07772		8.003587512887115e-06	6.144506503960135e-06	0.33366560042271376	KEGG_GENOME
ko:K07773		8.45902551856418e-05	4.3236349156857456e-05	0.9522142247122981	KEGG_GENOME
ko:K07774		3.0453979928662105e-05	0.00014395722840502304	-2.204312795738303	KEGG_GENOME
ko:K07775		1.045438958910067e-06	2.996435971149821e-05	-3.920126224668333	KEGG_GENOME
ko:K07776		1.380102237973789e-06	0.00014697398759583639	-5.958176229758542	KEGG_GENOME
ko:K07777		1.045438958910067e-06	2.996435971149821e-05	-3.920126224668333	KEGG_GENOME
ko:K07778		1.4238898729449376e-05	0.00018257762876883809	-3.5905597066516655	KEGG_GENOME
ko:K07781		5.1143174840296146e-05	2.1676867641347776e-05	1.2012570524977386	KEGG_GENOME
ko:K07782		4.3765393509689845e-05	1.6353689731042345e-05	1.3671414279600407	KEGG_GENOME
ko:K07783		0.0001006054329474821	5.789759242204973e-05	0.7866969797545614	KEGG_GENOME
ko:K07784		3.4859598257311115e-05	4.790150642636358e-05	-0.44751958306070555	KEGG_GENOME
ko:K07787		0.00011026019064919082	0.00014837761267404376	-0.4250264637987483	KEGG_GENOME
ko:K07788		7.663153771353351e-05	0.00019156257856071176	-1.3106125962143156	KEGG_GENOME
ko:K07789		7.551300201099243e-05	0.00015598278034320622	-1.0368294827241629	KEGG_GENOME
ko:K07790		8.714904819608309e-06	3.896061371311793e-05	-2.0403069737451602	KEGG_GENOME
ko:K07791		5.703107202428799e-05	0.00032250662992144955	-2.478897793447801	KEGG_GENOME
ko:K07792		5.701906997367875e-05	4.019572071881032e-05	0.49403268720826027	KEGG_GENOME
ko:K07793		7.070554755809516e-05	0.00019632546519289737	-1.4604205067340905	KEGG_GENOME
ko:K07794		5.671446435851932e-05	0.00018776507175054466	-1.7095870030028495	KEGG_GENOME
ko:K07795		4.97072270411795e-05	0.00021773278850389775	-2.108906212684637	KEGG_GENOME
ko:K07796		9.517126536605826e-05	0.00012761476388304795	-0.41937845499725923	KEGG_GENOME
ko:K07798		0.00011248563405655875	0.00011918692259130291	-0.08277024561647936	KEGG_GENOME
ko:K07799		7.663153771353351e-05	0.0001934719752309475	-1.324847498130772	KEGG_GENOME
ko:K07803		2.0901841767334397e-05	6.951785997643541e-06	1.4617013578644393	KEGG_GENOME
ko:K07804		1.3144715136382214e-05	7.97607604343669e-06	0.6561063189435452	KEGG_GENOME
ko:K07806		4.3793512484596175e-05	7.30363725575142e-05	-0.7249444119005862	KEGG_GENOME
ko:K07807		3.7462738254482776e-06	2.0752742126102223e-05	-2.196330035885414	KEGG_GENOME
ko:K07810		6.281653220772023e-05	7.122828760092562e-05	-0.17863375249887434	KEGG_GENOME
ko:K07811		4.651968291366741e-06	9.063743536873255e-06	-0.8323417853366839	KEGG_GENOME
ko:K07812		1.2083293648419685e-05	1.61616932505133e-05	-0.3914661254642451	KEGG_GENOME
ko:K07814		4.9663114518828186e-05	0.0001914342622824365	-1.9253580143700908	KEGG_GENOME
ko:K07816		3.470980155793923e-06	7.225924875224148e-05	-4.034347859110804	KEGG_GENOME
ko:K07821		9.332673689495294e-06	1.1709032874866152e-06	2.250846253986702	KEGG_GENOME
ko:K07823		4.332623882431709e-05	0.0001416215668555094	-1.6859593017353023	KEGG_GENOME
ko:K07862		7.353856521428697e-05	0.00019382745867495017	-1.3861380687675546	KEGG_GENOME
ko:K07979		1.045438958910067e-06	2.996435971149821e-05	-3.920126224668333	KEGG_GENOME
ko:K08068		2.235835979072575e-05	2.9224956427875453e-05	-0.3718012870551556	KEGG_GENOME
ko:K08081		1.884333995844876e-06	5.5725723942358625e-06	-1.1882198943153486	KEGG_GENOME
ko:K08082		2.1706078732130806e-05	7.903190366924829e-05	-1.8174966474338428	KEGG_GENOME
ko:K08083		2.19343020233644e-05	9.357999475528198e-05	-2.0440280603153385	KEGG_GENOME
ko:K08084		6.194618873455532e-05	0.0002528598528525517	-2.0118413218728985	KEGG_GENOME
ko:K08085		4.704743358196644e-06	6.290760611771118e-05	-3.4857537572882595	KEGG_GENOME
ko:K08086		1.2708248230263294e-05	0.00018980668668643966	-3.7989956036866857	KEGG_GENOME
ko:K08087		8.959106389546233e-06	3.3533504108849036e-06	1.193890147453918	KEGG_GENOME
ko:K08088		1.2546219501895306e-05	8.16953459967934e-06	0.5629698616674504	KEGG_GENOME
ko:K08092		1.9094836519742192e-05	7.429322556422949e-06	1.2533362453453463	KEGG_GENOME
ko:K08093		2.1126331945373577e-05	2.6219469106926848e-05	-0.2988746243997779	KEGG_GENOME
ko:K08094		1.1665273427860742e-05	2.6219469106926848e-05	-1.1037607051320035	KEGG_GENOME
ko:K08097		1.7539791727345033e-05	1.048026879793413e-06	3.178318481527088	KEGG_GENOME
ko:K08137		6.0909235716927655e-05	4.534452384062095e-05	0.4177557717446256	KEGG_GENOME
ko:K08138		2.16521114863686e-05	1.1567543199821525e-05	0.8499428872553411	KEGG_GENOME
ko:K08151		7.605378497307176e-05	0.00019490595049643172	-1.346223488571326	KEGG_GENOME
ko:K08152		1.045438958910067e-06	3.589667034008627e-05	-4.173008239978503	KEGG_GENOME
ko:K08153		1.045438958910067e-06	2.996435971149821e-05	-3.920126224668333	KEGG_GENOME
ko:K08154		6.206704272293064e-05	3.293227816217036e-05	0.8942279916956086	KEGG_GENOME
ko:K08156		2.821594357311001e-05	1.4747925091862575e-05	0.8915941288948995	KEGG_GENOME
ko:K08159		6.764434234173401e-05	0.00010906813819298953	-0.6811841837448724	KEGG_GENOME
ko:K08160		5.186451941942478e-05	6.0651276882485404e-05	-0.22183100801528008	KEGG_GENOME
ko:K08161		0.00013124831053894416	9.566610522896816e-05	0.45216727179281685	KEGG_GENOME
ko:K08162		9.9813987401368e-05	6.455246701181908e-05	0.6209738377505232	KEGG_GENOME
ko:K08163		3.352230571794362e-05	2.2098786418677812e-05	0.579711767973286	KEGG_GENOME
ko:K08166		8.337060670020043e-06	6.249126929054942e-05	-2.7655178574377475	KEGG_GENOME
ko:K08167		4.835117536143618e-05	6.238983158527388e-05	-0.3611669903121397	KEGG_GENOME
ko:K08169		6.920499311601485e-05	6.171310172103697e-05	0.1628067660056418	KEGG_GENOME
ko:K08170		2.2033127105802165e-05	7.822897032245619e-06	1.3843859395908313	KEGG_GENOME
ko:K08172		4.683338928487411e-05	2.7610302434153846e-05	0.7414832704123976	KEGG_GENOME
ko:K08173		3.0782229113019915e-05	1.2302838538192233e-05	1.256486196153981	KEGG_GENOME
ko:K08177		7.444234747662708e-05	0.00021006017646234146	-1.484207918890484	KEGG_GENOME
ko:K08178		2.895276809350312e-05	1.0070630652531503e-05	1.4359519268286467	KEGG_GENOME
ko:K08191		0.0002037607334524902	0.00019393361467349185	0.07095618642486531	KEGG_GENOME
ko:K08194		8.847002974713797e-05	0.0001306548342672871	-0.5572840958787273	KEGG_GENOME
ko:K08195		0.0001013336742758629	0.00020411829725040123	-1.003175229393978	KEGG_GENOME
ko:K08196		3.2297237940211355e-06	3.7069057228593846e-05	-3.1699834804962412	KEGG_GENOME
ko:K08217		0.0	1.954905770102164e-06	-1.5631121245910025	KEGG_GENOME
ko:K08218		9.682466699821849e-05	0.0002705368457467927	-1.4728777762338434	KEGG_GENOME
ko:K08219		6.657705580428957e-05	4.353765745143273e-05	0.6015078179196321	KEGG_GENOME
ko:K08221		2.5402296134788946e-06	0.00017001076086791385	-5.594100365286908	KEGG_GENOME
ko:K08223		7.311261580750656e-05	0.0001582599907023402	-1.1035928274395528	KEGG_GENOME
ko:K08224		0.00010008120452292674	0.000267894030737282	-1.4115229675149856	KEGG_GENOME
ko:K08225		4.601832172157951e-05	2.6837436028150317e-05	0.7561967065254257	KEGG_GENOME
ko:K08226		4.525760629503131e-06	1.6000621685325292e-05	-1.6213425318679169	KEGG_GENOME
ko:K08227		6.890055178711527e-05	6.756074131189044e-05	0.02792113546728905	KEGG_GENOME
ko:K08234		0.00010902934058262599	0.00010262981369575803	0.0864491684650864	KEGG_GENOME
ko:K08256		1.380102237973789e-06	2.3951263968077757e-06	-0.5124417391703271	KEGG_GENOME
ko:K08276		4.5848312853612305e-05	6.765417072699252e-05	-0.5513502733646447	KEGG_GENOME
ko:K08277		1.1124715861951249e-05	3.3533504108849036e-06	1.4777528830388542	KEGG_GENOME
ko:K08278		1.1707688007547401e-05	3.88341591165688e-06	1.379739015276214	KEGG_GENOME
ko:K08279		1.0580506467590999e-05	3.3533504108849036e-06	1.4115002945904267	KEGG_GENOME
ko:K08281		8.802201339248773e-05	0.00027246015223209263	-1.6190965878646075	KEGG_GENOME
ko:K08289		0.00010350331990557721	0.0001750053743507399	-0.7520707072673618	KEGG_GENOME
ko:K08295		5.5770665772485564e-06	3.977334206352516e-05	-2.6321100355453813	KEGG_GENOME
ko:K08296		0.00013353191782876649	0.00041695601795899997	-1.6354026394699572	KEGG_GENOME
ko:K08297		1.1124715861951249e-05	3.3533504108849036e-06	1.4777528830388542	KEGG_GENOME
ko:K08298		1.1124715861951249e-05	3.3533504108849036e-06	1.4777528830388542	KEGG_GENOME
ko:K08299		1.618215189886049e-05	7.71692338568298e-06	0.9790197967593776	KEGG_GENOME
ko:K08300		0.00011381734185235268	0.00040965299458622863	-1.8385792574810773	KEGG_GENOME
ko:K08301		0.00013777560524534844	0.0002976329341474938	-1.1056192938662786	KEGG_GENOME
ko:K08302		4.131447566163727e-05	3.089313590525184e-05	0.4079053315223756	KEGG_GENOME
ko:K08303		0.00010602686067477208	0.00022634607660380432	-1.0869171899911982	KEGG_GENOME
ko:K08304		8.320958552874244e-05	0.0001459749547173443	-0.8035139645058208	KEGG_GENOME
ko:K08305		0.0001272102722766576	0.0003886085115693429	-1.6035133394558052	KEGG_GENOME
ko:K08306		8.46520184341106e-05	4.397313906637229e-05	0.9294236588135176	KEGG_GENOME
ko:K08307		0.00018398431145172231	0.0002129283245225121	-0.20972459001512572	KEGG_GENOME
ko:K08308		5.777379285140147e-05	2.1834480202181226e-05	1.3639590538471371	KEGG_GENOME
ko:K08309		0.00010353869957692129	0.0002508320566534318	-1.2684248229209967	KEGG_GENOME
ko:K08310		7.154501106776474e-05	7.792014168141908e-05	-0.12151714273245287	KEGG_GENOME
ko:K08311		0.0001021119658037921	0.0002471403765263265	-1.2669447421510864	KEGG_GENOME
ko:K08312		9.084564789667823e-05	0.00013559636161936253	-0.572635790508362	KEGG_GENOME
ko:K08313		2.7760895711387245e-05	2.238733432628228e-05	0.29838117328713065	KEGG_GENOME
ko:K08314		3.324441432633638e-05	1.2349744133361719e-05	1.3590565955453566	KEGG_GENOME
ko:K08315		4.236717590901853e-05	2.6112491602230058e-05	0.6776457962372171	KEGG_GENOME
ko:K08316		0.0001410937279142658	0.0004707782483447864	-1.7312660289494701	KEGG_GENOME
ko:K08317		3.914470884745841e-05	4.156234397145204e-05	-0.08436775418980721	KEGG_GENOME
ko:K08318		1.5628317838375675e-05	8.340832925592237e-06	0.8320191229758946	KEGG_GENOME
ko:K08319		4.4009571521021825e-05	5.823951348965984e-05	-0.3963279616790133	KEGG_GENOME
ko:K08320		4.1797704757999605e-05	1.623204335375583e-05	1.3124396422820033	KEGG_GENOME
ko:K08321		2.814120866723976e-05	9.03148619333848e-06	1.5385253550065088	KEGG_GENOME
ko:K08322		4.1089691933829846e-05	3.6076991487805863e-05	0.18294276510558255	KEGG_GENOME
ko:K08323		6.117076077865235e-05	5.150472345654526e-05	0.24378901604808526	KEGG_GENOME
ko:K08324		4.591759443190327e-05	4.499969149546773e-05	0.028504859590378222	KEGG_GENOME
ko:K08325		0.00010188967224268108	9.974798653786821e-05	0.030347169503685247	KEGG_GENOME
ko:K08326		8.869091370875683e-06	3.996869689113681e-06	0.9818926692760588	KEGG_GENOME
ko:K08344		4.2197994699183856e-05	2.77829640906068e-05	0.585749172857969	KEGG_GENOME
ko:K08348		6.803514267084498e-05	4.6434024644553653e-05	0.5414086774626198	KEGG_GENOME
ko:K08349		5.024064662140463e-05	2.728398847220823e-05	0.8573031051864073	KEGG_GENOME
ko:K08350		5.024064662140463e-05	2.728398847220823e-05	0.8573031051864073	KEGG_GENOME
ko:K08351		9.103055902401779e-05	4.4915730809242264e-05	1.0031244837937017	KEGG_GENOME
ko:K08352		3.815560943498491e-06	3.4252868132352155e-06	0.12193289837165482	KEGG_GENOME
ko:K08353		5.442093943602491e-07	2.1824471233982884e-06	-1.0432681489243756	KEGG_GENOME
ko:K08354		1.2216782632321763e-05	5.535797534283192e-06	1.0159358261151765	KEGG_GENOME
ko:K08355		0.0	7.367899095148313e-07	-0.796423249251323	KEGG_GENOME
ko:K08357		6.276205319571238e-06	4.285281664808335e-05	-2.5914113507777925	KEGG_GENOME
ko:K08358		6.86087071556511e-06	4.409565633792027e-05	-2.5202274505307654	KEGG_GENOME
ko:K08359		6.276205319571238e-06	4.285281664808335e-05	-2.5914113507777925	KEGG_GENOME
ko:K08363		1.4813679412901991e-05	5.286794593967443e-05	-1.7682539716073205	KEGG_GENOME
ko:K08364		1.0843733544613917e-05	5.474999421044848e-05	-2.2348477163704326	KEGG_GENOME
ko:K08365		1.1816667863503326e-05	5.144539471407889e-05	-2.0327948615909057	KEGG_GENOME
ko:K08368		2.3343333224438067e-05	0.00018781692315339408	-2.9553894468636575	KEGG_GENOME
ko:K08369		3.0981431954561875e-05	0.00018784605623933353	-2.5619042142027015	KEGG_GENOME
ko:K08372		1.380102237973789e-06	0.00014936911399264418	-5.981340909579107	KEGG_GENOME
ko:K08384		1.9063886897771811e-06	0.0	1.5392276566236323	KEGG_GENOME
ko:K08475		1.2913968262636571e-05	1.7918379233600906e-05	-0.44325456101182026	KEGG_GENOME
ko:K08476		1.2913968262636571e-05	1.7918379233600906e-05	-0.44325456101182026	KEGG_GENOME
ko:K08478		1.2913968262636571e-05	1.8603235687688127e-05	-0.49455786851531774	KEGG_GENOME
ko:K08481		5.666052538248885e-06	4.9191261657479e-06	0.17144847998983817	KEGG_GENOME
ko:K08482		7.308654742986064e-06	0.0001046842100995645	-3.66900112600508	KEGG_GENOME
ko:K08483		8.426573443297852e-05	0.0002732704806483404	-1.6855613650705425	KEGG_GENOME
ko:K08484		9.65860668231092e-05	0.00014272173253778196	-0.558531149970571	KEGG_GENOME
ko:K08485		8.953848569353477e-05	0.0001290281083445891	-0.5222204441984619	KEGG_GENOME
ko:K08566		1.4864826902541569e-05	1.2783201247887622e-05	0.2029207771419342	KEGG_GENOME
ko:K08591		0.00012511170726768101	0.0002157806900331691	-0.7815340419441121	KEGG_GENOME
ko:K08598		0.0	1.5614967533919122e-06	-1.3569870632278247	KEGG_GENOME
ko:K08600		1.9063886897771811e-06	0.0	1.5392276566236323	KEGG_GENOME
ko:K08602		2.955966418945237e-05	7.72373951188097e-05	-1.3562296470264175	KEGG_GENOME
ko:K08604		1.5259511746835897e-05	2.0622641848321064e-05	-0.4112588662138416	KEGG_GENOME
ko:K08640		0.0	8.210382850152301e-06	-3.2032611264074284	KEGG_GENOME
ko:K08641		7.722497305331204e-05	8.562124680319787e-05	-0.1470916818324836	KEGG_GENOME
ko:K08642		4.945432837422062e-06	3.786848459972967e-05	-2.7087471116244606	KEGG_GENOME
ko:K08646		2.5021940844554463e-06	4.736399043022234e-05	-3.787602341483824	KEGG_GENOME
ko:K08659		5.610857143860469e-06	1.4645285110527409e-05	-1.2428187051747703	KEGG_GENOME
ko:K08676		5.3392362645053404e-05	0.00023432352284558403	-2.1131695402643755	KEGG_GENOME
ko:K08677		1.3755465405584837e-05	1.1748421018225835e-05	0.21093085566680417	KEGG_GENOME
ko:K08678		1.2722201228993307e-05	1.61855745567629e-05	-0.3246861573058362	KEGG_GENOME
ko:K08679		9.866200625643749e-05	0.00016667384336307444	-0.7505421284310577	KEGG_GENOME
ko:K08680		6.464920674047942e-05	7.172514417309227e-05	-0.1476766726855767	KEGG_GENOME
ko:K08681		2.425541196883856e-06	0.00017570541892792302	-5.688870537048891	KEGG_GENOME
ko:K08682		0.0001221046399514945	0.00018934498497127022	-0.6287314200073416	KEGG_GENOME
ko:K08685		6.616329630835272e-07	1.4074212425470446e-05	-3.1814089818212716	KEGG_GENOME
ko:K08687		6.616329630835272e-07	6.108351154447827e-07	0.044792913613978205	KEGG_GENOME
ko:K08688		7.446421217235014e-06	6.856911078748013e-06	0.10437796246617943	KEGG_GENOME
ko:K08691		9.023179937102878e-06	8.226624399959445e-06	0.11946545478667173	KEGG_GENOME
ko:K08692		4.069821774601089e-06	1.4679250283535923e-06	1.038636463000104	KEGG_GENOME
ko:K08713		0.0	6.9275864394207585e-06	-2.9868817030189656	KEGG_GENOME
ko:K08714		8.272782932115561e-06	1.6686410926655392e-06	1.7968970935603368	KEGG_GENOME
ko:K08715		2.8745282738387058e-05	3.161578025272627e-05	-0.1329092502533854	KEGG_GENOME
ko:K08717		4.442297763701923e-06	6.727147481623826e-05	-3.6489951198093267	KEGG_GENOME
ko:K08720		7.160156108025275e-06	6.813929270469318e-06	0.06254855526289331	KEGG_GENOME
ko:K08721		3.2297237940211355e-06	2.97230194064896e-05	-2.8606846468232514	KEGG_GENOME
ko:K08722		7.111967196133729e-05	4.424938797954425e-05	0.6724945554795433	KEGG_GENOME
ko:K08723		6.207954083719866e-05	2.8762385564063095e-05	1.0836819902684225	KEGG_GENOME
ko:K08724		1.045438958910067e-06	2.996435971149821e-05	-3.920126224668333	KEGG_GENOME
ko:K08738		0.00013945614608336634	0.0003772016974782905	-1.4290360832042934	KEGG_GENOME
ko:K08744		3.7367735477951173e-06	0.0001476588440499236	-4.971956782496646	KEGG_GENOME
ko:K08756		0.0	8.738974691055397e-07	-0.9060420176397526	KEGG_GENOME
ko:K08762		2.0416510110524107e-06	7.367899095148313e-07	0.8084313832630967	KEGG_GENOME
ko:K08884		5.592678512705447e-07	3.4963646082210113e-06	-1.5278902521070008	KEGG_GENOME
ko:K08900		0.0	8.742848350049659e-07	-0.9063402159763106	KEGG_GENOME
ko:K08926		1.5085868765010438e-06	7.604567145276771e-06	-1.7782277171098981	KEGG_GENOME
ko:K08927		1.5085868765010438e-06	7.604567145276771e-06	-1.7782277171098981	KEGG_GENOME
ko:K08928		1.5085868765010438e-06	1.317628067005418e-05	-2.4985322655951534	KEGG_GENOME
ko:K08929		1.5085868765010438e-06	1.317628067005418e-05	-2.4985322655951534	KEGG_GENOME
ko:K08930		1.5085868765010438e-06	7.914873947717509e-07	0.4857170093541498	KEGG_GENOME
ko:K08939		1.5085868765010438e-06	7.914873947717509e-07	0.4857170093541498	KEGG_GENOME
ko:K08956		7.861706353727922e-06	1.048026879793413e-06	2.1133498712558754	KEGG_GENOME
ko:K08961		5.167643516274263e-06	8.011318390622271e-07	1.7758155939572307	KEGG_GENOME
ko:K08963		6.842821439435693e-05	0.00014834249723076235	-1.1050307876403134	KEGG_GENOME
ko:K08964		7.02089217651316e-05	0.00011668037193459059	-0.7247437985444241	KEGG_GENOME
ko:K08965		1.045438958910067e-06	2.6408374276814553e-05	-3.7441343681844486	KEGG_GENOME
ko:K08966		1.045438958910067e-06	2.765121396665148e-05	-3.80811387870773	KEGG_GENOME
ko:K08967		6.705725196010163e-05	0.0001463271188022497	-1.1142022106880538	KEGG_GENOME
ko:K08968		0.00013508896424419196	0.00022243665123843916	-0.7153157762239354	KEGG_GENOME
ko:K08969		2.0949749117104495e-05	3.185667583187606e-05	-0.5819820776264695	KEGG_GENOME
ko:K08970		0.00013865576253332444	9.707931610629176e-05	0.5098542794598053	KEGG_GENOME
ko:K08972		4.864880744242999e-05	7.537716833790219e-05	-0.6213823686057554	KEGG_GENOME
ko:K08973		8.069458326022927e-05	0.00025391988006865187	-1.6417315580170047	KEGG_GENOME
ko:K08974		2.072369152236961e-05	3.542205238473952e-05	-0.7455429383833849	KEGG_GENOME
ko:K08976		4.505042886279694e-05	9.795247519059027e-05	-1.1035212031550765	KEGG_GENOME
ko:K08978		3.216483851225911e-05	9.338104047423211e-05	-1.5088425750461734	KEGG_GENOME
ko:K08981		1.812861674657573e-05	6.590193313517973e-05	-1.806315346809742	KEGG_GENOME
ko:K08982		1.819399613001984e-05	3.144080639380239e-06	2.2115311256908665	KEGG_GENOME
ko:K08983		7.5980021514749074e-06	9.900684419125728e-05	-3.539953455877424	KEGG_GENOME
ko:K08984		2.578823735515609e-05	8.430003145923244e-05	-1.6709466175095133	KEGG_GENOME
ko:K08985		6.862771823152386e-06	8.573404907953724e-05	-3.4634885684278807	KEGG_GENOME
ko:K08987		3.789602092354925e-05	4.272630673875838e-05	-0.16887892445296612	KEGG_GENOME
ko:K08988		4.320893846427103e-06	5.7327652373843885e-05	-3.4544394816920954	KEGG_GENOME
ko:K08989		3.589579248509148e-05	0.00015505999825718775	-2.080572579989633	KEGG_GENOME
ko:K08990		8.860809054484532e-05	4.9268563224321074e-05	0.8339725418432437	KEGG_GENOME
ko:K08992		9.06615648572497e-05	0.00015260883391778025	-0.7448723657526535	KEGG_GENOME
ko:K08993		7.215037830278151e-05	0.00011487870313625244	-0.6636782132960531	KEGG_GENOME
ko:K08994		0.00011096581180369017	0.0002449029324033379	-1.135030659373623	KEGG_GENOME
ko:K08995		2.9891632166145077e-05	8.43724693769204e-05	-1.466554811374083	KEGG_GENOME
ko:K08996		4.6553243936502555e-05	0.00016997370047671105	-1.846158758096156	KEGG_GENOME
ko:K08997		0.00010389123813478464	0.00025589220745026684	-1.2922689577909607	KEGG_GENOME
ko:K08998		0.00014082642566232926	0.00040294252423275084	-1.5100236645529017	KEGG_GENOME
ko:K08999		4.965172688972741e-05	0.0001914024855234598	-1.925444075113216	KEGG_GENOME
ko:K09000		0.0	1.013038822686802e-06	-1.0093749957851508	KEGG_GENOME
ko:K09001		0.0001429748523838366	0.00027550739971049325	-0.941501246587206	KEGG_GENOME
ko:K09002		9.67808537361711e-06	0.0	3.416581083709453	KEGG_GENOME
ko:K09003		5.592678512705447e-07	1.0939470814038844e-06	-0.4253562069892794	KEGG_GENOME
ko:K09004		2.7111059095817997e-05	1.0981739893482208e-05	1.2303003887767259	KEGG_GENOME
ko:K09005		1.553113047811617e-05	8.092457972785566e-05	-2.309110980356959	KEGG_GENOME
ko:K09007		5.157340781721209e-05	0.00011609059333188812	-1.1552200203913787	KEGG_GENOME
ko:K09009		4.036920963232164e-06	0.00014697398759583639	-4.876657682855106	KEGG_GENOME
ko:K09011		1.626705097118577e-05	0.0	4.109949801810891	KEGG_GENOME
ko:K09013		0.00012537848648449225	0.00027705209424189864	-1.1376043100892566	KEGG_GENOME
ko:K09014		0.00012537848648449225	0.00027603905541921187	-1.1323384804712493	KEGG_GENOME
ko:K09015		0.00012347209779471505	0.00027705209424189864	-1.1595328255634632	KEGG_GENOME
ko:K09016		3.530713700800254e-05	8.553746633392069e-05	-1.2530717105880755	KEGG_GENOME
ko:K09017		7.752388618946468e-05	0.0003316401285796598	-2.0827587415334587	KEGG_GENOME
ko:K09018		3.6163065175137645e-05	2.7248201851923523e-05	0.3957104635275583	KEGG_GENOME
ko:K09019		3.7701536540298136e-05	3.631404680922629e-05	0.052672013012474345	KEGG_GENOME
ko:K09020		4.044099415262369e-05	3.339270835588366e-05	0.2689558834673298	KEGG_GENOME
ko:K09021		3.487471750678925e-05	2.8526896560365145e-05	0.2809377421849475	KEGG_GENOME
ko:K09022		0.00018981751381332544	0.00020057433725189998	-0.07911838636727714	KEGG_GENOME
ko:K09023		3.5536350469872775e-05	3.3692239359919786e-05	0.07471956515590329	KEGG_GENOME
ko:K09024		4.231998794056594e-05	9.988240582724696e-05	-1.2195698399053314	KEGG_GENOME
ko:K09065		0.0	5.5725723942358625e-06	-2.7164581276352373	KEGG_GENOME
ko:K09117		8.472171805098143e-05	0.00021532749090169293	-1.335484344478289	KEGG_GENOME
ko:K09118		3.395865506735506e-06	1.1704218047553761e-05	-1.5310884271127085	KEGG_GENOME
ko:K09121		7.220026140293931e-06	6.67729390790556e-06	0.09854510230572543	KEGG_GENOME
ko:K09122		3.1127549693715176e-06	2.190602952829106e-05	-2.477550380993603	KEGG_GENOME
ko:K09123		5.38614741167349e-06	5.354202189165954e-05	-3.094350422262566	KEGG_GENOME
ko:K09125		0.0001040679742399421	0.0002970036680543144	-1.5040071000206572	KEGG_GENOME
ko:K09127		0.0	1.9540629580738263e-06	-1.562700573676498	KEGG_GENOME
ko:K09129		1.3527882318246136e-06	1.4833283174058463e-05	-2.750517063926644	KEGG_GENOME
ko:K09131		6.927716902274104e-05	7.010634239871604e-05	-0.01692217176791928	KEGG_GENOME
ko:K09132		2.617965526629945e-06	0.0	1.8551786614702193	KEGG_GENOME
ko:K09136		9.202227796644964e-05	0.00028634282111473396	-1.627124831075076	KEGG_GENOME
ko:K09137		2.8500727441812907e-06	0.0	1.9448857046849786	KEGG_GENOME
ko:K09138		2.015763268761717e-06	9.377025762922056e-06	-1.7827979117526276	KEGG_GENOME
ko:K09141		2.015763268761717e-06	0.0	1.5925231844461378	KEGG_GENOME
ko:K09145		1.045438958910067e-06	2.996435971149821e-05	-3.920126224668333	KEGG_GENOME
ko:K09153		0.0	3.145311418506639e-06	-2.051480488948646	KEGG_GENOME
ko:K09154		6.2389051234306e-06	1.700655549241922e-05	-1.3146788189550802	KEGG_GENOME
ko:K09157		4.249118952136458e-06	0.0	2.3920752913404373	KEGG_GENOME
ko:K09158		0.00010013069729331302	0.0002351865817254635	-1.2237060238812927	KEGG_GENOME
ko:K09159		0.00010447876469055386	0.0002471403765263265	-1.2342039242158254	KEGG_GENOME
ko:K09160		0.0001019642340309664	0.0002071392164140403	-1.015405529628752	KEGG_GENOME
ko:K09161		6.611444866656974e-05	4.258274847527196e-05	0.6228662084702069	KEGG_GENOME
ko:K09164		5.934190105846341e-05	4.348311833762899e-05	0.43990222216134867	KEGG_GENOME
ko:K09165		2.8428271043101286e-05	0.00011443951447683317	-1.9718624478787914	KEGG_GENOME
ko:K09166		1.3813752294907128e-05	2.943608136842714e-05	-1.0388455056806671	KEGG_GENOME
ko:K09167		1.5067217319669699e-05	5.3052509110611626e-05	-1.750241498848844	KEGG_GENOME
ko:K09181		8.707862603679168e-05	8.270048908079613e-05	0.07355591128087219	KEGG_GENOME
ko:K09190		5.034894875581968e-06	7.129109327579951e-06	-0.4297686506369532	KEGG_GENOME
ko:K09251		5.335954909170256e-05	3.091355257294188e-05	0.7683642727182756	KEGG_GENOME
ko:K09384		2.0104563166460354e-06	5.601020697739844e-06	-1.1327069384143018	KEGG_GENOME
ko:K09386		9.193362591651076e-06	2.085960851304496e-05	-1.1006375168079412	KEGG_GENOME
ko:K09388		0.0	8.738974691055397e-07	-0.9060420176397526	KEGG_GENOME
ko:K09456		5.216890101172838e-05	0.00013345174075999832	-1.3384338823617812	KEGG_GENOME
ko:K09457		1.598832122615505e-05	5.690119432878199e-05	-1.769049813547212	KEGG_GENOME
ko:K09458		0.00027055082080272347	0.0007003324670809308	-1.3688762928205085	KEGG_GENOME
ko:K09459		1.3755465405584837e-05	1.0735382195539033e-05	0.3303845978445292	KEGG_GENOME
ko:K09461		6.7858763831137016e-06	3.977334206352516e-05	-2.3886948706676536	KEGG_GENOME
ko:K09470		3.779517650929755e-05	1.4767773886072993e-05	1.2988982970497611	KEGG_GENOME
ko:K09471		7.731950490783716e-05	0.00032995414839870297	-2.0791878044449437	KEGG_GENOME
ko:K09472		4.078836825505772e-05	0.00012815288196588913	-1.6279065058862703	KEGG_GENOME
ko:K09473		3.1768789130483884e-05	1.2438783745383053e-05	1.2859197881946705	KEGG_GENOME
ko:K09474		3.277895736785408e-05	6.184772034919164e-05	-0.8957356171431253	KEGG_GENOME
ko:K09475		5.413319950059644e-05	2.2169174066879163e-05	1.2507147105927159	KEGG_GENOME
ko:K09476		7.436861301169175e-05	3.281430434257128e-05	1.1563301697078545	KEGG_GENOME
ko:K09477		9.579089482574085e-06	4.15448224994713e-06	1.0373160371980195	KEGG_GENOME
ko:K09483		0.0	6.78962680816249e-07	-0.7475701630922805	KEGG_GENOME
ko:K09607		1.50454081927968e-05	4.3288087421448264e-05	-1.4647582038309375	KEGG_GENOME
ko:K09612		4.542175375341355e-05	1.6065847653972105e-05	1.4436889525377867	KEGG_GENOME
ko:K09667		3.1775056965245726e-06	2.203068509777296e-06	0.38318713962184436	KEGG_GENOME
ko:K09682		1.045438958910067e-06	2.996435971149821e-05	-3.920126224668333	KEGG_GENOME
ko:K09685		1.045438958910067e-06	2.996435971149821e-05	-3.920126224668333	KEGG_GENOME
ko:K09688		1.322131386537485e-05	1.3750489116821076e-05	-0.05270803664829088	KEGG_GENOME
ko:K09689		1.8174672027876638e-05	1.4996862717259619e-05	0.261412907956909	KEGG_GENOME
ko:K09690		8.773380521245368e-05	0.00020515510864295536	-1.216174469804071	KEGG_GENOME
ko:K09691		8.873258270879814e-05	0.0002023181006266172	-1.1800348175284485	KEGG_GENOME
ko:K09692		3.470980155793923e-06	5.993831254738679e-05	-3.7686865029944223	KEGG_GENOME
ko:K09693		3.470980155793923e-06	5.7543186150579015e-05	-3.710838217342306	KEGG_GENOME
ko:K09694		6.688023827804453e-06	1.081527903817306e-05	-0.619968988808798	KEGG_GENOME
ko:K09695		5.307921589830664e-06	8.420152641365285e-06	-0.5785857101088078	KEGG_GENOME
ko:K09696		2.68033893171812e-05	6.266169321352077e-05	-1.195164766368164	KEGG_GENOME
ko:K09697		2.68033893171812e-05	6.266169321352077e-05	-1.195164766368164	KEGG_GENOME
ko:K09698		4.967590917448965e-06	2.996435971149821e-05	-2.375388067631198	KEGG_GENOME
ko:K09699		3.088261277215861e-05	0.0003590944772540059	-3.497533705392007	KEGG_GENOME
ko:K09700		1.558045347615019e-06	3.4681756174709995e-05	-3.8020728783075404	KEGG_GENOME
ko:K09701		5.8522926026758116e-05	8.127723905285481e-05	-0.46704793452463567	KEGG_GENOME
ko:K09702		3.536890977390779e-05	8.183257584165578e-05	-1.1874925738213602	KEGG_GENOME
ko:K09703		1.9116672933860278e-05	1.2310910220216867e-05	0.5957824914230113	KEGG_GENOME
ko:K09704		9.55010712529217e-06	0.00014562688807882203	-3.7968201324298545	KEGG_GENOME
ko:K09705		2.4314491582221806e-05	1.3184808403259503e-05	0.83561684536004	KEGG_GENOME
ko:K09706		1.2209008143540719e-06	3.572085580026326e-06	-1.04170744466217	KEGG_GENOME
ko:K09707		1.478818736581457e-05	6.848564540872233e-07	3.2281479581423125	KEGG_GENOME
ko:K09709		8.554355843991082e-06	0.0001598430902118092	-4.073351539415629	KEGG_GENOME
ko:K09710		0.0001544270642474501	0.00047000110626922644	-1.5994927087617503	KEGG_GENOME
ko:K09712		4.2598120975358875e-05	2.9525781407169713e-05	0.514237731803665	KEGG_GENOME
ko:K09717		2.015763268761717e-06	1.013038822686802e-06	0.583148188660987	KEGG_GENOME
ko:K09726		1.980096773995688e-06	0.0	1.5753591807199019	KEGG_GENOME
ko:K09733		6.2389051234306e-06	1.655166928675243e-05	-1.2777648346071389	KEGG_GENOME
ko:K09740		2.0540585058393725e-06	0.0	1.6107276997496458	KEGG_GENOME
ko:K09744		0.0	1.7481823041105056e-06	-1.4584777103104687	KEGG_GENOME
ko:K09747		0.00015625463990729253	0.00045960093119019917	-1.5504147423582235	KEGG_GENOME
ko:K09748		0.00014698795103019	0.00045343386605699114	-1.6185906352621515	KEGG_GENOME
ko:K09749		3.322826041222365e-05	4.425878354729714e-05	-0.40300983686477254	KEGG_GENOME
ko:K09758		4.507824574514664e-06	2.050208943738744e-05	-1.9649223434814185	KEGG_GENOME
ko:K09760		0.00014204647858259497	0.00036138960159589326	-1.3410575764505956	KEGG_GENOME
ko:K09761		0.00015645476772711172	0.0004671957900917409	-1.5721745192173735	KEGG_GENOME
ko:K09762		4.331929886661037e-06	0.0001769383473073346	-5.060575838059763	KEGG_GENOME
ko:K09763		2.5402296134788946e-06	3.330051024369301e-05	-3.2763151983526084	KEGG_GENOME
ko:K09764		1.9063886897771811e-06	2.542538561771079e-06	-0.28555590084516913	KEGG_GENOME
ko:K09765		3.999648558929072e-05	0.00014663557457300137	-1.8484682524957163	KEGG_GENOME
ko:K09766		1.045438958910067e-06	2.996435971149821e-05	-3.920126224668333	KEGG_GENOME
ko:K09767		9.934325364026497e-05	0.0002706041651685345	-1.4365619806034675	KEGG_GENOME
ko:K09768		0.00010521705157578363	0.00024872190292018586	-1.233306976438624	KEGG_GENOME
ko:K09769		1.2276283124846802e-05	5.4931460596756434e-05	-2.0748087042107812	KEGG_GENOME
ko:K09770		1.045438958910067e-06	2.996435971149821e-05	-3.920126224668333	KEGG_GENOME
ko:K09771		6.156944138756557e-05	0.00010785563144337341	-0.7988859155981104	KEGG_GENOME
ko:K09772		4.331929886661037e-06	0.0001769383473073346	-5.060575838059763	KEGG_GENOME
ko:K09773		9.897729727939165e-05	0.000416929081955077	-2.063585721539436	KEGG_GENOME
ko:K09774		0.00010447876469055386	0.0002471403765263265	-1.2342039242158254	KEGG_GENOME
ko:K09775		2.3526011620535307e-06	5.772440190676236e-05	-4.130607344760835	KEGG_GENOME
ko:K09776		9.987774963444743e-07	1.048026879793413e-06	-0.03511677004726826	KEGG_GENOME
ko:K09779		5.592678512705447e-07	0.0	0.6408687756992674	KEGG_GENOME
ko:K09780		0.00010711926993845107	0.00036929019895252116	-1.7760326885537387	KEGG_GENOME
ko:K09781		7.744384084387833e-05	0.00021690797554421416	-1.4739869197877955	KEGG_GENOME
ko:K09786		8.653761288772675e-05	0.0001598415882594146	-0.8776655395093083	KEGG_GENOME
ko:K09787		3.700115565932591e-06	2.996435971149821e-05	-2.719840478799233	KEGG_GENOME
ko:K09788		2.6521016066593283e-05	0.00012412021749427937	-2.184709285623306	KEGG_GENOME
ko:K09789		6.616329630835272e-07	0.0	0.7326017414236495	KEGG_GENOME
ko:K09790		0.00010327319067594973	0.0002699493844814606	-1.3776550906053784	KEGG_GENOME
ko:K09791		0.00011322347193767526	0.00029750014273209933	-1.3858724787906982	KEGG_GENOME
ko:K09792		7.554897580401207e-05	0.00022367236929047863	-1.5533677293107706	KEGG_GENOME
ko:K09793		3.799146026202841e-05	7.031595225330959e-05	-0.8710666350302444	KEGG_GENOME
ko:K09794		7.119947767776492e-05	0.00021895164549120026	-1.607126089122871	KEGG_GENOME
ko:K09795		5.021880993736664e-06	8.516681095475499e-05	-3.8388461880567486	KEGG_GENOME
ko:K09796		4.829755805733595e-05	0.00018650583571802324	-1.9273474071697974	KEGG_GENOME
ko:K09797		2.097845791686878e-05	1.683463432582564e-05	0.3014085297935092	KEGG_GENOME
ko:K09798		8.789095559928183e-05	0.00012171053801952612	-0.46515060718407036	KEGG_GENOME
ko:K09799		5.367500970849973e-06	0.00012087534133010133	-4.2585351746590865	KEGG_GENOME
ko:K09800		0.00010916076552432735	0.00026200004430957595	-1.2554525524461535	KEGG_GENOME
ko:K09801		0.00010215676052214819	0.00024231010057883395	-1.2379578390412107	KEGG_GENOME
ko:K09802		7.052244926259257e-05	4.259282987862868e-05	0.7143052810433969	KEGG_GENOME
ko:K09803		1.0720049423954376e-05	5.7708590289850735e-05	-2.3245929614409957	KEGG_GENOME
ko:K09805		6.138834110489522e-06	9.303898464516469e-05	-3.7194985793743287	KEGG_GENOME
ko:K09806		9.537594182502742e-05	0.000168343331855094	-0.8132062208792832	KEGG_GENOME
ko:K09807		0.00012383524299810532	0.00013813884084416458	-0.15649991914568087	KEGG_GENOME
ko:K09808		0.0003225131573679734	0.0005252341719912531	-0.7018805474118931	KEGG_GENOME
ko:K09809		5.253420173223108e-06	9.668914625531317e-05	-3.9654809189174016	KEGG_GENOME
ko:K09810		0.0001965699713763566	0.0003536401531969913	-0.8439922021989421	KEGG_GENOME
ko:K09811		0.00014430169027002907	0.00038387045645538556	-1.4053214451014167	KEGG_GENOME
ko:K09812		0.00014312171585187446	0.00038263229789432395	-1.4124364524620072	KEGG_GENOME
ko:K09813		2.425541196883856e-06	3.2235386294999886e-05	-3.278316281700109	KEGG_GENOME
ko:K09814		2.425541196883856e-06	3.2235386294999886e-05	-3.278316281700109	KEGG_GENOME
ko:K09815		9.6218358020938e-05	0.0003122549238954964	-1.6880365138135531	KEGG_GENOME
ko:K09816		9.284028634658543e-05	0.00029504192689613017	-1.657522191044386	KEGG_GENOME
ko:K09817		9.284028634658543e-05	0.00028701533365358664	-1.6178663006184317	KEGG_GENOME
ko:K09819		3.0613994269060274e-06	0.00015515725864009502	-5.264878902190309	KEGG_GENOME
ko:K09820		3.0613994269060274e-06	0.00015515725864009502	-5.264878902190309	KEGG_GENOME
ko:K09822		1.6637820960409947e-05	3.847572132899816e-05	-1.1622932921054716	KEGG_GENOME
ko:K09823		0.00011059935339646508	0.00021601214127425905	-0.9594470917687762	KEGG_GENOME
ko:K09824		6.787809015567228e-05	9.704186619902717e-05	-0.5093528053603977	KEGG_GENOME
ko:K09825		3.0255357329057557e-06	2.996435971149821e-05	-2.9433559137584964	KEGG_GENOME
ko:K09826		4.850993050688805e-06	4.363572974798077e-06	0.12548712416630653	KEGG_GENOME
ko:K09828		2.015763268761717e-06	0.0	1.5925231844461378	KEGG_GENOME
ko:K09836		3.851529445883478e-06	7.861106630298434e-06	-0.8690472538119606	KEGG_GENOME
ko:K09844		1.5085868765010438e-06	7.604567145276771e-06	-1.7782277171098981	KEGG_GENOME
ko:K09845		1.5085868765010438e-06	7.604567145276771e-06	-1.7782277171098981	KEGG_GENOME
ko:K09846		1.5085868765010438e-06	7.604567145276771e-06	-1.7782277171098981	KEGG_GENOME
ko:K09847		1.5085868765010438e-06	7.914873947717509e-07	0.4857170093541498	KEGG_GENOME
ko:K09857		9.855628822347158e-05	0.00017565047001180255	-0.8273132396417721	KEGG_GENOME
ko:K09858		0.00012196554874686613	0.0004159791448659235	-1.7617210569898953	KEGG_GENOME
ko:K09859		1.3995780009557965e-05	2.545798723557035e-05	-0.8191467479036307	KEGG_GENOME
ko:K09860		2.142558788864671e-05	1.0928601313142279e-05	0.9107209161115746	KEGG_GENOME
ko:K09861		0.00013477774590882504	0.00028064930436149575	-1.052652868324963	KEGG_GENOME
ko:K09862		0.00010888982063957482	0.0002433361209861155	-1.1528094054311318	KEGG_GENOME
ko:K09874		0.0	8.742848350049659e-07	-0.9063402159763106	KEGG_GENOME
ko:K09880		6.575906142389646e-05	9.027199765777603e-05	-0.4512086360123388	KEGG_GENOME
ko:K09882		1.0837087432154352e-05	2.671916606650419e-05	-1.2275697114028994	KEGG_GENOME
ko:K09883		7.555745295057052e-06	2.1596153357765256e-05	-1.401111758086661	KEGG_GENOME
ko:K09888		0.0001474717926565392	0.0002969678039369031	-1.0049675854790934	KEGG_GENOME
ko:K09889		9.561585719235335e-05	0.00023596372380102346	-1.2943343197145938	KEGG_GENOME
ko:K09890		8.327506096075929e-05	0.00012816446068935166	-0.6160314994362324	KEGG_GENOME
ko:K09891		8.45902551856418e-05	4.3236349156857456e-05	0.9522142247122981	KEGG_GENOME
ko:K09892		8.285892350567834e-05	0.0001345582634152724	-0.6928768446564776	KEGG_GENOME
ko:K09893		8.333879097251243e-05	4.3236349156857456e-05	0.9309640159015301	KEGG_GENOME
ko:K09894		8.45902551856418e-05	4.3236349156857456e-05	0.9522142247122981	KEGG_GENOME
ko:K09895		9.440848873590934e-05	0.00020217865536120182	-1.090559312535285	KEGG_GENOME
ko:K09896		6.731477136477635e-05	4.259282987862868e-05	0.6481066981135467	KEGG_GENOME
ko:K09897		9.253119000606847e-05	4.397313906637229e-05	1.0563839574686558	KEGG_GENOME
ko:K09898		9.259988512044081e-05	0.00014186017442700794	-0.6100251236859413	KEGG_GENOME
ko:K09899		8.45902551856418e-05	4.3236349156857456e-05	0.9522142247122981	KEGG_GENOME
ko:K09900		4.8203273891220995e-05	2.9699566339467955e-05	0.6805360366101242	KEGG_GENOME
ko:K09901		8.132568673686902e-05	5.278464128225613e-05	0.6141483851604732	KEGG_GENOME
ko:K09902		9.239272546714762e-05	0.00020052209726028624	-1.109555956304604	KEGG_GENOME
ko:K09903		0.00015763474214526633	0.00047634996186956386	-1.5893385778798381	KEGG_GENOME
ko:K09904		8.45902551856418e-05	4.3236349156857456e-05	0.9522142247122981	KEGG_GENOME
ko:K09906		8.686858400602148e-05	0.00010129547258773492	-0.21932294508439637	KEGG_GENOME
ko:K09907		6.896942398932811e-05	4.3236349156857456e-05	0.661492290673214	KEGG_GENOME
ko:K09908		8.793260254955074e-05	0.00012727092101011005	-0.5284098380160865	KEGG_GENOME
ko:K09909		6.253654441169385e-05	0.00010787142524641452	-0.7769668163896079	KEGG_GENOME
ko:K09910		8.45902551856418e-05	4.3236349156857456e-05	0.9522142247122981	KEGG_GENOME
ko:K09911		6.657705580428957e-05	3.449019496711346e-05	0.9291129966284204	KEGG_GENOME
ko:K09912		8.57476819468764e-05	0.0001520733009869187	-0.8193255582851717	KEGG_GENOME
ko:K09913		9.065979737314599e-05	0.00013044985784999502	-0.5201515802765718	KEGG_GENOME
ko:K09914		8.061634247527981e-05	0.00010116959605804402	-0.3240359737714452	KEGG_GENOME
ko:K09915		7.001524170484868e-05	0.00014614975041030116	-1.0510844926603928	KEGG_GENOME
ko:K09916		9.108556326400416e-05	0.00019494952486605037	-1.089435174430046	KEGG_GENOME
ko:K09917		6.657705580428957e-05	3.230774784371518e-05	1.0206756893714841	KEGG_GENOME
ko:K09918		7.007287271105387e-05	0.00012031820630063931	-0.7714251546526043	KEGG_GENOME
ko:K09919		4.273144576107276e-05	0.0001389851194434532	-1.6785305256111862	KEGG_GENOME
ko:K09920		8.863871339029976e-05	0.000132637581562152	-0.5761319328841344	KEGG_GENOME
ko:K09921		9.936187886137364e-05	0.0001759729583817741	-0.8183175475077423	KEGG_GENOME
ko:K09922		3.142273076030233e-05	0.00011180665666709163	-1.798774692887378	KEGG_GENOME
ko:K09923		7.475710014916999e-05	0.00015610421160011873	-1.0522688433601102	KEGG_GENOME
ko:K09924		2.0883290088102085e-05	0.0002250195686651096	-3.3685461213947248	KEGG_GENOME
ko:K09925		6.254565650433909e-06	3.0233357208495835e-05	-2.106126505862189	KEGG_GENOME
ko:K09926		2.6715305405238053e-05	0.00017213784822188652	-2.6431663243010393	KEGG_GENOME
ko:K09927		6.249883827425902e-05	0.0001522764694239259	-1.271334132672766	KEGG_GENOME
ko:K09928		4.252180565352031e-05	0.0001664948681685562	-1.9443065757261495	KEGG_GENOME
ko:K09929		2.832860175502462e-05	8.897550378185055e-05	-1.6172239829094217	KEGG_GENOME
ko:K09930		4.531825466980911e-05	0.00018649398649937826	-2.017191527849141	KEGG_GENOME
ko:K09931		3.0328946202559143e-05	4.805634242123835e-05	-0.6469434291386419	KEGG_GENOME
ko:K09932		2.8378100226510226e-05	0.0001579045862164339	-2.4353477533041477	KEGG_GENOME
ko:K09933		0.00011383611733666309	0.0002106107573705318	-0.8818365113752751	KEGG_GENOME
ko:K09934		4.582512025845749e-06	3.0653724022001464e-05	-2.503388881932695	KEGG_GENOME
ko:K09935		2.235835979072575e-05	3.117737295785815e-05	-0.46210757295605687	KEGG_GENOME
ko:K09936		0.00014595101451481512	0.00039914113508931353	-1.4451736284042869	KEGG_GENOME
ko:K09937		6.817639300945485e-05	8.183263387939103e-05	-0.25991947285371164	KEGG_GENOME
ko:K09938		2.703465788918268e-05	9.499519531668178e-05	-1.7757507343895214	KEGG_GENOME
ko:K09939		5.4009636024561005e-05	0.0001021524954350637	-0.9070224604778965	KEGG_GENOME
ko:K09940		3.954698545207805e-05	0.00013446186910251177	-1.7402202438583312	KEGG_GENOME
ko:K09941		2.390991995259462e-05	4.19813670353647e-05	-0.7869909833253422	KEGG_GENOME
ko:K09942		4.106838385816094e-06	4.550299017556384e-05	-3.1868211770665518	KEGG_GENOME
ko:K09943		6.885345231209893e-07	3.7437858616483726e-05	-4.5086843838768305	KEGG_GENOME
ko:K09945		4.25878905368981e-05	8.124058848400697e-05	-0.915923202717836	KEGG_GENOME
ko:K09946		1.0241501068679294e-05	7.076089893169002e-05	-2.674363272326783	KEGG_GENOME
ko:K09947		2.0564929754103864e-05	7.495295556105782e-05	-1.8164190888564635	KEGG_GENOME
ko:K09948		1.622879870437161e-05	0.00010057750123772447	-2.559686873040822	KEGG_GENOME
ko:K09949		1.1230844165936736e-05	2.671528318936873e-05	-1.180157767580998	KEGG_GENOME
ko:K09950		3.121777903908768e-05	0.00018604948938433338	-2.5374910784293405	KEGG_GENOME
ko:K09951		7.914466227576185e-05	9.113152099828235e-05	-0.20108839219395871	KEGG_GENOME
ko:K09952		2.235835979072575e-05	2.8488166518360623e-05	-0.33619715029898	KEGG_GENOME
ko:K09953		1.1545791456027114e-05	1.5179473116558681e-05	-0.3669611406834525	KEGG_GENOME
ko:K09954		0.00012296519279199762	0.00018508144982360507	-0.585999147974817	KEGG_GENOME
ko:K09955		2.8715727202566975e-05	2.16831840362665e-05	0.3896035215263919	KEGG_GENOME
ko:K09956		7.468259261484598e-06	4.2994235600736784e-05	-2.377177161007789	KEGG_GENOME
ko:K09957		7.1313978194794425e-06	5.5891601597033167e-05	-2.8066404122448536	KEGG_GENOME
ko:K09958		4.685860714472159e-05	0.00012343481249605677	-1.3785398423531012	KEGG_GENOME
ko:K09959		2.3842766820914644e-05	4.1703565816158585e-05	-0.7815306820089934	KEGG_GENOME
ko:K09960		3.862479307023192e-06	3.501438352190611e-06	0.11130604862841789	KEGG_GENOME
ko:K09961		2.353505611304975e-05	1.1819768232051654e-05	0.9364743911534342	KEGG_GENOME
ko:K09962		1.1800439027816131e-05	0.00011533452917734313	-3.1840141682095635	KEGG_GENOME
ko:K09963		1.045438958910067e-06	2.996435971149821e-05	-3.920126224668333	KEGG_GENOME
ko:K09964		3.522678289352995e-05	6.396022612549729e-05	-0.8424999610663495	KEGG_GENOME
ko:K09965		5.167177421839622e-06	4.9277563310863134e-05	-3.027232475085235	KEGG_GENOME
ko:K09966		2.157264197623792e-05	2.0395593436051788e-05	0.077261591546835	KEGG_GENOME
ko:K09967		7.426266939336371e-05	9.692789630909559e-05	-0.3797854334815953	KEGG_GENOME
ko:K09968		2.5402931680252202e-06	1.805751823729619e-06	0.3354814289858556	KEGG_GENOME
ko:K09969		5.545235269698525e-05	0.00012906506735589588	-1.2041279247816152	KEGG_GENOME
ko:K09970		5.0727838248395274e-05	8.482476581623489e-05	-0.7304531142975765	KEGG_GENOME
ko:K09971		5.0727838248395274e-05	8.418541846201409e-05	-0.7196655982346114	KEGG_GENOME
ko:K09972		5.440664496448089e-05	8.589646448029779e-05	-0.6492384696577091	KEGG_GENOME
ko:K09973		0.00010150239322364397	0.00011264328514126044	-0.1488548477879961	KEGG_GENOME
ko:K09974		1.1914496520622321e-05	4.04342654592436e-05	-1.681832946286726	KEGG_GENOME
ko:K09975		7.087810836705305e-05	0.00013711605841395277	-0.9422567212291435	KEGG_GENOME
ko:K09976		1.045438958910067e-06	2.996435971149821e-05	-3.920126224668333	KEGG_GENOME
ko:K09977		6.862771823152386e-06	0.00012179249080086775	-3.965040539098828	KEGG_GENOME
ko:K09978		7.450777057109247e-05	7.258136269268612e-05	0.03728472649269351	KEGG_GENOME
ko:K09979		6.209275473099512e-05	3.2549244033358106e-05	0.9111940840696677	KEGG_GENOME
ko:K09980		2.0764879619673445e-05	5.86999066033838e-05	-1.4557266338067516	KEGG_GENOME
ko:K09981		4.087258684306452e-06	1.5939342626951504e-05	-1.735417526982571	KEGG_GENOME
ko:K09982		3.0275458041583033e-05	4.057657337886537e-05	-0.4107398469447214	KEGG_GENOME
ko:K09983		1.4913953478236379e-05	0.00020364133910588358	-3.6847334181365574	KEGG_GENOME
ko:K09984		4.8917547681286505e-05	0.0001211879906810076	-1.2914835307731207	KEGG_GENOME
ko:K09985		7.555745295057052e-06	1.1176652725303098e-05	-0.5091521620458473	KEGG_GENOME
ko:K09986		3.05782492770395e-05	0.00016249524950863472	-2.3722456232391207	KEGG_GENOME
ko:K09987		7.555745295057052e-06	1.1176652725303098e-05	-0.5091521620458473	KEGG_GENOME
ko:K09988		2.136938321199256e-05	1.0291615420436322e-05	0.9862735795216208	KEGG_GENOME
ko:K09989		4.3239807304765387e-05	0.00014873266845457568	-1.7589720140772565	KEGG_GENOME
ko:K09990		9.703822336184031e-06	5.203926732779542e-05	-2.3089347713321278	KEGG_GENOME
ko:K09991		2.602387132555264e-06	1.0385165330531346e-05	-1.6601301071102508	KEGG_GENOME
ko:K09992		5.1642359011392525e-05	0.0002972794001763566	-2.5023682997190972	KEGG_GENOME
ko:K09994		1.729983262987492e-05	7.681592728717745e-06	1.0757988041782198	KEGG_GENOME
ko:K09996		7.962307929301673e-05	3.341576897511881e-05	1.2281231406535444	KEGG_GENOME
ko:K09997		6.731477136477635e-05	4.3236349156857456e-05	0.6269652347498496	KEGG_GENOME
ko:K09998		6.657705580428957e-05	4.3236349156857456e-05	0.6113011722630306	KEGG_GENOME
ko:K09999		6.657705580428957e-05	4.3236349156857456e-05	0.6113011722630306	KEGG_GENOME
ko:K10000		6.657705580428957e-05	4.3236349156857456e-05	0.6113011722630306	KEGG_GENOME
ko:K10001		7.527593144793182e-05	0.0001352236937300733	-0.8366778591786287	KEGG_GENOME
ko:K10002		7.239754117061259e-05	0.00013043682604657744	-0.8405659089597338	KEGG_GENOME
ko:K10003		7.239754117061259e-05	0.00013043682604657744	-0.8405659089597338	KEGG_GENOME
ko:K10004		7.239754117061259e-05	0.00013089171225224422	-0.8455502735873084	KEGG_GENOME
ko:K10005		0.0	9.332305960618899e-06	-3.369090365226339	KEGG_GENOME
ko:K10006		0.0	6.937179563811123e-06	-2.9886264441224397	KEGG_GENOME
ko:K10007		0.0	6.937179563811123e-06	-2.9886264441224397	KEGG_GENOME
ko:K10008		0.0	6.937179563811123e-06	-2.9886264441224397	KEGG_GENOME
ko:K10009		6.786753748303123e-05	0.00021588652411984845	-1.655044420169879	KEGG_GENOME
ko:K10010		4.879147036560512e-05	8.300031595105945e-05	-0.7544961348239252	KEGG_GENOME
ko:K10011		4.3793512484596175e-05	8.34304404287967e-05	-0.9144734403002787	KEGG_GENOME
ko:K10012		4.2868797588649826e-05	8.820397845324023e-05	-1.0239128913712223	KEGG_GENOME
ko:K10013		8.76291994608135e-05	5.781956518722846e-05	0.591485962862616	KEGG_GENOME
ko:K10014		6.475953143536426e-05	0.00010735285615733753	-0.7204652587022282	KEGG_GENOME
ko:K10015		6.532861991496471e-05	0.00011240350383990205	-0.7737618026069563	KEGG_GENOME
ko:K10016		6.532861991496471e-05	0.0001130013779192507	-0.7813478486942446	KEGG_GENOME
ko:K10017		6.46844460807905e-05	0.00010953388242545596	-0.7508649835361162	KEGG_GENOME
ko:K10018		3.8627290767555766e-05	2.2657029477322818e-05	0.7442254053737901	KEGG_GENOME
ko:K10019		3.8627290767555766e-05	2.2657029477322818e-05	0.7442254053737901	KEGG_GENOME
ko:K10020		3.737582655442641e-05	2.2657029477322818e-05	0.6979288928262594	KEGG_GENOME
ko:K10021		3.8068022916285225e-05	1.5959607275451077e-05	1.2038854855013597	KEGG_GENOME
ko:K10022		1.082797567596185e-05	0.00014643544069062057	-3.6398082759070567	KEGG_GENOME
ko:K10023		6.1742373000313964e-06	8.235261156473906e-05	-3.538330030985282	KEGG_GENOME
ko:K10024		6.1742373000313964e-06	8.157546948917908e-05	-3.524815896312085	KEGG_GENOME
ko:K10025		6.1742373000313964e-06	8.08151045748494e-05	-3.5114698450512076	KEGG_GENOME
ko:K10026		0.0001502878482094014	0.0003255008043699728	-1.1097904344120646	KEGG_GENOME
ko:K10027		5.654935859657485e-05	9.700685508294214e-05	-0.7680828127512688	KEGG_GENOME
ko:K10036		8.24564376382175e-05	5.78918698423422e-05	0.5029548596232981	KEGG_GENOME
ko:K10037		8.24564376382175e-05	5.78918698423422e-05	0.5029548596232981	KEGG_GENOME
ko:K10038		8.24564376382175e-05	5.8346756048008995e-05	0.4918541671733016	KEGG_GENOME
ko:K10046		3.1627020439489074e-06	0.0	2.05752029758428	KEGG_GENOME
ko:K10094		1.5085868765010438e-06	3.17066414132235e-06	-0.7334022364939047	KEGG_GENOME
ko:K10107		1.735527392494713e-05	1.3983823894572817e-05	0.29278879591291757	KEGG_GENOME
ko:K10108		5.155271620373541e-05	3.662529087268161e-05	0.48206259719625194	KEGG_GENOME
ko:K10109		4.9054801782544805e-05	3.662529087268161e-05	0.41180573910054347	KEGG_GENOME
ko:K10110		4.9054801782544805e-05	3.662529087268161e-05	0.41180573910054347	KEGG_GENOME
ko:K10111		0.0001168564537534532	0.0001910583588617424	-0.7045139930197069	KEGG_GENOME
ko:K10112		0.00010473096296764647	0.0003814883131335724	-1.855017740041062	KEGG_GENOME
ko:K10117		9.658099608463997e-06	0.0001942901249991704	-4.195596873519299	KEGG_GENOME
ko:K10118		1.0071839761908204e-05	0.00018364342738987617	-4.0597750351204045	KEGG_GENOME
ko:K10119		7.415021036649828e-06	0.00018364342738987617	-4.455631220583509	KEGG_GENOME
ko:K10123		2.944513506010261e-06	1.194164013582908e-05	-1.7141011838414366	KEGG_GENOME
ko:K10124		7.191424111037016e-05	2.834358038077468e-05	1.3131557060334893	KEGG_GENOME
ko:K10125		5.493551289728641e-05	0.0002221486975719021	-1.996168954480242	KEGG_GENOME
ko:K10126		4.5542675228043975e-05	0.000249297841841472	-2.427019808683883	KEGG_GENOME
ko:K10188		2.417902572549682e-06	0.0	1.773111273519989	KEGG_GENOME
ko:K10189		2.417902572549682e-06	0.0	1.773111273519989	KEGG_GENOME
ko:K10190		2.417902572549682e-06	0.0	1.773111273519989	KEGG_GENOME
ko:K10191		3.7104290091050217e-06	0.0	2.2358584613502703	KEGG_GENOME
ko:K10192		7.259641592645358e-05	3.864566504027393e-05	0.8924723836145735	KEGG_GENOME
ko:K10193		4.6022583257809855e-05	2.1460321093415536e-05	1.0659752451382725	KEGG_GENOME
ko:K10194		4.6022583257809855e-05	2.1460321093415536e-05	1.0659752451382725	KEGG_GENOME
ko:K10195		4.6734590548764516e-05	2.1460321093415536e-05	1.0876565317232676	KEGG_GENOME
ko:K10200		0.0	0.00014457886119902862	-7.185657073763435	KEGG_GENOME
ko:K10201		0.0	0.00014457886119902862	-7.185657073763435	KEGG_GENOME
ko:K10202		0.0	0.00014457886119902862	-7.185657073763435	KEGG_GENOME
ko:K10206		3.3156906994298486e-05	4.6890481341608065e-05	-0.487561595298002	KEGG_GENOME
ko:K10208		3.0612022276717837e-06	3.166225498827224e-05	-3.007645624192512	KEGG_GENOME
ko:K10209		1.045438958910067e-06	3.0977398534185015e-05	-3.9665701863390614	KEGG_GENOME
ko:K10210		1.1761928132910892e-05	6.373796742958714e-05	-2.342765755318867	KEGG_GENOME
ko:K10213		4.2685518483432354e-06	1.952213712739561e-06	0.8356093040806603	KEGG_GENOME
ko:K10215		6.446793692016173e-06	4.419498937371574e-05	-2.6014715400424873	KEGG_GENOME
ko:K10216		1.3527882318246136e-06	5.612756686078307e-06	-1.4908803458397113	KEGG_GENOME
ko:K10217		7.415758172791257e-06	4.141172151475152e-05	-2.333297889467819	KEGG_GENOME
ko:K10218		3.99281724828277e-05	4.787948618487852e-05	-0.25613487053669187	KEGG_GENOME
ko:K10219		8.343094754195741e-07	7.851177954595128e-06	-2.2706324046408968	KEGG_GENOME
ko:K10220		1.4959424385031013e-06	9.2158365715955e-06	-2.033150782523453	KEGG_GENOME
ko:K10221		2.122657143767964e-06	2.4330464151509713e-05	-3.0200274324391123	KEGG_GENOME
ko:K10222		0.0	4.548862056667904e-07	-0.540906316748434	KEGG_GENOME
ko:K10227		1.255173717706077e-05	0.00010229230803263112	-2.930183118167009	KEGG_GENOME
ko:K10228		8.597726639429156e-06	7.41092025158522e-05	-2.968225051990381	KEGG_GENOME
ko:K10229		8.597726639429156e-06	7.154849289200123e-05	-2.918181016148509	KEGG_GENOME
ko:K10231		5.432604748716836e-06	1.2145302364786818e-05	-1.0310723766797525	KEGG_GENOME
ko:K10232		3.3562023961199784e-06	6.634599558299751e-06	-0.8094815028101436	KEGG_GENOME
ko:K10233		3.3562023961199784e-06	6.634599558299751e-06	-0.8094815028101436	KEGG_GENOME
ko:K10234		3.3562023961199784e-06	6.634599558299751e-06	-0.8094815028101436	KEGG_GENOME
ko:K10235		3.3562023961199784e-06	4.363572974798077e-06	-0.30012339495405993	KEGG_GENOME
ko:K10236		6.340436979555138e-06	1.4028901222306616e-05	-1.0338016812317181	KEGG_GENOME
ko:K10237		6.340436979555138e-06	0.00015633673583783354	-4.4218457982356	KEGG_GENOME
ko:K10238		6.340436979555138e-06	0.00015633673583783354	-4.4218457982356	KEGG_GENOME
ko:K10240		7.377155604867742e-07	0.0001481348466337123	-6.423281632173279	KEGG_GENOME
ko:K10241		7.377155604867742e-07	0.0001481348466337123	-6.423281632173279	KEGG_GENOME
ko:K10242		7.377155604867742e-07	0.0001481348466337123	-6.423281632173279	KEGG_GENOME
ko:K10254		2.3711148022550364e-05	0.00019855604332915178	-3.013560028301436	KEGG_GENOME
ko:K10255		4.6080843412504836e-06	4.6330760996092814e-05	-3.0771981666411983	KEGG_GENOME
ko:K10439		0.0002082757966022323	0.0004833439517535891	-1.2106264570613843	KEGG_GENOME
ko:K10440		0.00022345625248464926	0.00046692765705881367	-1.0598512175815022	KEGG_GENOME
ko:K10441		0.00019153343842746252	0.00043432959765064263	-1.1769990819444125	KEGG_GENOME
ko:K10524		8.72655175543315e-07	0.0	0.9050852709997209	KEGG_GENOME
ko:K10530		2.915535571996736e-06	1.0432372997847985e-05	-1.5458433325336303	KEGG_GENOME
ko:K10531		6.136856314143004e-06	0.00010418364177849882	-3.88147781598081	KEGG_GENOME
ko:K10533		1.2088098058651451e-06	7.943562576605733e-07	0.2998028414724741	KEGG_GENOME
ko:K10535		4.248269483817318e-06	0.0	2.391841800174217	KEGG_GENOME
ko:K10536		5.0636367898581446e-05	0.00021082854787379978	-2.036437602498658	KEGG_GENOME
ko:K10537		5.161016194770263e-05	7.053770453108002e-05	-0.44336233547323617	KEGG_GENOME
ko:K10538		5.161016194770263e-05	7.053770453108002e-05	-0.44336233547323617	KEGG_GENOME
ko:K10539		5.106595255334239e-05	7.053770453108002e-05	-0.4583635661200112	KEGG_GENOME
ko:K10540		4.9194047535753346e-05	2.9236708195445015e-05	0.7312152014487358	KEGG_GENOME
ko:K10541		4.9194047535753346e-05	2.9236708195445015e-05	0.7312152014487358	KEGG_GENOME
ko:K10542		4.9194047535753346e-05	2.9236708195445015e-05	0.7312152014487358	KEGG_GENOME
ko:K10543		5.503835683318279e-05	5.0541699125004785e-05	0.12067455552042175	KEGG_GENOME
ko:K10544		5.430064127269602e-05	5.310240874885575e-05	0.03160338302890514	KEGG_GENOME
ko:K10545		5.503835683318279e-05	5.310240874885575e-05	0.05072182623615112	KEGG_GENOME
ko:K10546		2.5092484827024617e-06	5.843112163527999e-06	-0.9634904887339935	KEGG_GENOME
ko:K10547		2.5092484827024617e-06	5.843112163527999e-06	-0.9634904887339935	KEGG_GENOME
ko:K10548		2.5092484827024617e-06	5.843112163527999e-06	-0.9634904887339935	KEGG_GENOME
ko:K10549		7.797427033292843e-06	1.1709032874866152e-06	2.018786187036243	KEGG_GENOME
ko:K10550		7.797427033292843e-06	1.1709032874866152e-06	2.018786187036243	KEGG_GENOME
ko:K10551		7.797427033292843e-06	1.1709032874866152e-06	2.018786187036243	KEGG_GENOME
ko:K10552		4.0178353592035055e-06	1.7719006035258825e-05	-1.899366790767728	KEGG_GENOME
ko:K10553		4.0178353592035055e-06	1.7719006035258825e-05	-1.899366790767728	KEGG_GENOME
ko:K10554		4.0178353592035055e-06	1.7719006035258825e-05	-1.899366790767728	KEGG_GENOME
ko:K10555		2.814120866723976e-05	8.427015893684419e-06	1.6281876506373811	KEGG_GENOME
ko:K10556		2.992912805353047e-05	8.427015893684419e-06	1.7140930963463439	KEGG_GENOME
ko:K10557		2.814120866723976e-05	8.427015893684419e-06	1.6281876506373811	KEGG_GENOME
ko:K10558		2.814120866723976e-05	8.427015893684419e-06	1.6281876506373811	KEGG_GENOME
ko:K10559		3.291604792208889e-05	1.5055192910497058e-05	1.078928069402157	KEGG_GENOME
ko:K10560		3.291604792208889e-05	1.5055192910497058e-05	1.078928069402157	KEGG_GENOME
ko:K10561		3.291604792208889e-05	1.5055192910497058e-05	1.078928069402157	KEGG_GENOME
ko:K10562		3.291604792208889e-05	1.5055192910497058e-05	1.078928069402157	KEGG_GENOME
ko:K10563		0.0001190681173636015	0.0005873573932050354	-2.292839663743413	KEGG_GENOME
ko:K10564		5.592678512705447e-07	3.572085580026326e-06	-1.5519836323859453	KEGG_GENOME
ko:K10565		5.592678512705447e-07	3.572085580026326e-06	-1.5519836323859453	KEGG_GENOME
ko:K10619		3.2297237940211355e-06	2.7676673196102213e-05	-2.7612423036995177	KEGG_GENOME
ko:K10621		0.0	4.548862056667904e-07	-0.540906316748434	KEGG_GENOME
ko:K10674		3.0986089518456275e-06	1.0513777623331181e-05	-1.4901549993165166	KEGG_GENOME
ko:K10676		0.0	2.850588517267895e-06	-1.9450789616664552	KEGG_GENOME
ko:K10678		4.777622915318241e-05	1.8360610588856247e-05	1.3330537763838488	KEGG_GENOME
ko:K10679		4.47188954280851e-05	4.967792160138198e-05	-0.1485668096515299	KEGG_GENOME
ko:K10680		0.00015643667613947205	0.00021947338439392452	-0.4858328363548628	KEGG_GENOME
ko:K10708		7.699045988379309e-06	4.9141466251638205e-06	0.5566871797890702	KEGG_GENOME
ko:K10709		4.7364100909703085e-06	6.862862170393888e-07	1.7662987358996503	KEGG_GENOME
ko:K10710		8.698779540027603e-06	9.66739161539669e-06	-0.13733233209022844	KEGG_GENOME
ko:K10711		5.1681443903903035e-06	6.862862170393888e-07	1.8709871089250556	KEGG_GENOME
ko:K10713		1.3639552674624056e-05	4.4315301177104515e-05	-1.6301268019556605	KEGG_GENOME
ko:K10714		5.193268965286289e-06	2.480963851040394e-06	0.8312142696047138	KEGG_GENOME
ko:K10715		0.0	5.5725723942358625e-06	-2.7164581276352373	KEGG_GENOME
ko:K10716		0.00017288168218503858	0.0005061511264278062	-1.5443097634370742	KEGG_GENOME
ko:K10748		8.074536400499695e-05	4.541879628025574e-05	0.816427802305684	KEGG_GENOME
ko:K10761		0.0	2.68920643949753e-06	-1.8833105211840613	KEGG_GENOME
ko:K10762		2.051539284624774e-05	7.4957425855561736e-06	1.3405572231029312	KEGG_GENOME
ko:K10763		9.346475723684396e-05	0.00023550883759535668	-1.3240459971465557	KEGG_GENOME
ko:K10764		3.607551300043247e-05	0.00016882618695497072	-2.1955203775759253	KEGG_GENOME
ko:K10773		0.00016828998142122593	0.0004772238593386694	-1.4981895130772005	KEGG_GENOME
ko:K10778		0.00011130123068041781	0.00023366637085528178	-1.063237371586275	KEGG_GENOME
ko:K10780		9.987774963444743e-07	2.443937220847228e-06	-0.7849409638519783	KEGG_GENOME
ko:K10800		2.6568187252583753e-06	0.0	1.8705891115978557	KEGG_GENOME
ko:K10804		0.00013342459858903605	0.00019095054436721117	-0.5139374881124351	KEGG_GENOME
ko:K10805		0.00010964501938637762	0.000358775825892431	-1.7011597414580795	KEGG_GENOME
ko:K10806		8.156303246692126e-05	0.00017755676651822836	-1.1128149410180763	KEGG_GENOME
ko:K10810		1.045438958910067e-06	2.3036773272077454e-05	-3.554760850476138	KEGG_GENOME
ko:K10814		3.978011711266478e-06	3.826623279280512e-05	-2.979647662785381	KEGG_GENOME
ko:K10815		3.978011711266478e-06	3.826623279280512e-05	-2.979647662785381	KEGG_GENOME
ko:K10816		3.978011711266478e-06	3.826623279280512e-05	-2.979647662785381	KEGG_GENOME
ko:K10819		0.0	4.478625312831978e-06	-2.4538139400550274	KEGG_GENOME
ko:K10820		4.9446665965671675e-05	2.601618789100463e-05	0.9009348062762276	KEGG_GENOME
ko:K10822		0.0	1.6710420116672154e-05	-4.146526530187279	KEGG_GENOME
ko:K10823		7.857145821321628e-05	0.0002918919138651927	-1.8800454210288313	KEGG_GENOME
ko:K10824		3.258740819472038e-05	3.686508022365608e-05	-0.172947512419213	KEGG_GENOME
ko:K10829		6.574716777728568e-05	5.702750254165985e-05	0.20196978375314867	KEGG_GENOME
ko:K10831		6.468932109056702e-05	9.929195850293683e-05	-0.6104751737771289	KEGG_GENOME
ko:K10834		9.407550861684624e-05	0.00025670005347599415	-1.438547179730608	KEGG_GENOME
ko:K10843		1.380102237973789e-06	0.0001487221698999469	-5.975120505786684	KEGG_GENOME
ko:K10844		3.918258317142125e-06	0.00011642002559744592	-4.577387155815316	KEGG_GENOME
ko:K10848		5.548108760685657e-07	0.0	0.636739104631338	KEGG_GENOME
ko:K10854		1.2209008143540719e-06	6.848564540872233e-07	0.3985192810949453	KEGG_GENOME
ko:K10855		1.2209008143540719e-06	6.848564540872233e-07	0.3985192810949453	KEGG_GENOME
ko:K10856		1.2209008143540719e-06	6.848564540872233e-07	0.3985192810949453	KEGG_GENOME
ko:K10857		4.797875548053552e-05	2.9129095861876422e-05	0.7009987363616021	KEGG_GENOME
ko:K10906		3.1936621457829534e-05	1.797024174121713e-05	0.7959545118315806	KEGG_GENOME
ko:K10907		4.732229874919292e-06	3.083825718060375e-05	-2.473592994134362	KEGG_GENOME
ko:K10909		2.206797945523487e-06	0.0	1.6811334550659343	KEGG_GENOME
ko:K10910		3.7015886000923143e-06	0.0	2.2331483053513614	KEGG_GENOME
ko:K10911		1.0229415308392887e-05	0.0	3.4892109065402046	KEGG_GENOME
ko:K10912		2.206797945523487e-06	0.0	1.6811334550659343	KEGG_GENOME
ko:K10913		1.4497228514414336e-06	1.0928601313142279e-05	-2.2837344451372084	KEGG_GENOME
ko:K10914		0.000111814891571783	0.00048750994831211716	-2.1144304262774773	KEGG_GENOME
ko:K10915		1.4947906545688276e-06	6.025026244557509e-06	-1.4935848553229887	KEGG_GENOME
ko:K10916		2.206797945523487e-06	3.333018223415486e-05	-3.4202721553634285	KEGG_GENOME
ko:K10917		2.206797945523487e-06	0.0	1.6811334550659343	KEGG_GENOME
ko:K10918		2.206797945523487e-06	0.0	1.6811334550659343	KEGG_GENOME
ko:K10919		1.4947906545688276e-06	0.0	1.3189187597361614	KEGG_GENOME
ko:K10920		1.4947906545688276e-06	0.0	1.3189187597361614	KEGG_GENOME
ko:K10921		2.206797945523487e-06	0.0	1.6811334550659343	KEGG_GENOME
ko:K10922		2.206797945523487e-06	0.0	1.6811334550659343	KEGG_GENOME
ko:K10923		1.4947906545688276e-06	0.0	1.3189187597361614	KEGG_GENOME
ko:K10924		2.047023741785278e-05	4.274602761340225e-05	-1.0268138734230567	KEGG_GENOME
ko:K10925		1.10686338023539e-05	1.0928601313142279e-05	0.016837478975672338	KEGG_GENOME
ko:K10926		1.1410978127187245e-05	3.868864350840642e-05	-1.6771094334341314	KEGG_GENOME
ko:K10927		1.1410978127187245e-05	3.868864350840642e-05	-1.6771094334341314	KEGG_GENOME
ko:K10928		1.4947906545688276e-06	0.0	1.3189187597361614	KEGG_GENOME
ko:K10929		1.4947906545688276e-06	0.0	1.3189187597361614	KEGG_GENOME
ko:K10930		4.852833934226036e-06	2.7500403860662605e-06	0.6422292120459967	KEGG_GENOME
ko:K10931		4.852833934226036e-06	2.7500403860662605e-06	0.6422292120459967	KEGG_GENOME
ko:K10932		2.5799206958701704e-06	2.7500403860662605e-06	-0.06697850423169185	KEGG_GENOME
ko:K10933		4.852833934226036e-06	2.7500403860662605e-06	0.6422292120459967	KEGG_GENOME
ko:K10934		4.852833934226036e-06	2.7500403860662605e-06	0.6422292120459967	KEGG_GENOME
ko:K10935		1.4947906545688276e-06	0.0	1.3189187597361614	KEGG_GENOME
ko:K10936		1.4947906545688276e-06	0.0	1.3189187597361614	KEGG_GENOME
ko:K10937		1.4947906545688276e-06	0.0	1.3189187597361614	KEGG_GENOME
ko:K10938		1.4947906545688276e-06	1.0171478289653252e-05	-2.162829441298041	KEGG_GENOME
ko:K10939		1.4947906545688276e-06	0.0	1.3189187597361614	KEGG_GENOME
ko:K10940		1.4947906545688276e-06	0.0	1.3189187597361614	KEGG_GENOME
ko:K10941		2.4524448102859324e-05	9.675885143603844e-05	-1.9373475680398955	KEGG_GENOME
ko:K10942		2.5445417847161285e-05	9.434070054632652e-05	-1.8500744554478366	KEGG_GENOME
ko:K10943		2.7488537128446005e-05	0.00010691353756471247	-1.9214224127138382	KEGG_GENOME
ko:K10944		4.031526537523434e-06	1.013038822686802e-06	1.3216211764114305	KEGG_GENOME
ko:K10945		4.031526537523434e-06	1.013038822686802e-06	1.3216211764114305	KEGG_GENOME
ko:K10946		6.04728980628515e-06	1.013038822686802e-06	1.8076935475742466	KEGG_GENOME
ko:K10947		7.376699659197711e-05	0.00026645381186185947	-1.8388162797979126	KEGG_GENOME
ko:K10948		1.4947906545688276e-06	1.230473857687792e-05	-2.414949498457813	KEGG_GENOME
ko:K10951		4.029817380600155e-06	1.2849424024568099e-05	-1.4612480524954812	KEGG_GENOME
ko:K10952		1.4947906545688276e-06	0.0	1.3189187597361614	KEGG_GENOME
ko:K10953		3.7044684540832875e-06	1.0928601313142279e-05	-1.3423212590649654	KEGG_GENOME
ko:K10954		1.2235917443973956e-05	8.195833285191826e-05	-2.6479287034310754	KEGG_GENOME
ko:K10960		0.0	6.81307975050502e-06	-2.9658913402967944	KEGG_GENOME
ko:K10961		1.4947906545688276e-06	0.0	1.3189187597361614	KEGG_GENOME
ko:K10962		4.852833934226036e-06	2.7500403860662605e-06	0.6422292120459967	KEGG_GENOME
ko:K10963		1.4947906545688276e-06	0.0	1.3189187597361614	KEGG_GENOME
ko:K10964		1.4947906545688276e-06	0.0	1.3189187597361614	KEGG_GENOME
ko:K10965		4.852833934226036e-06	2.7500403860662605e-06	0.6422292120459967	KEGG_GENOME
ko:K10966		1.4947906545688276e-06	0.0	1.3189187597361614	KEGG_GENOME
ko:K10972		1.1701091011248863e-05	4.959041877642983e-06	1.0918001371534927	KEGG_GENOME
ko:K10973		1.109320782447686e-06	2.7500403860662605e-06	-0.8301276180113094	KEGG_GENOME
ko:K10974		7.858034924407719e-05	0.00011758278065408861	-0.5754103965427014	KEGG_GENOME
ko:K10975		5.409206469410937e-07	2.7500403860662605e-06	-1.2831135637510067	KEGG_GENOME
ko:K10979		1.374600978724156e-05	0.0001245700187865588	-3.090095521403972	KEGG_GENOME
ko:K10984		5.846653959938726e-07	6.044702996540616e-07	-0.017918838415804574	KEGG_GENOME
ko:K10985		5.846653959938726e-07	6.044702996540616e-07	-0.017918838415804574	KEGG_GENOME
ko:K10986		5.846653959938726e-07	6.044702996540616e-07	-0.017918838415804574	KEGG_GENOME
ko:K11003		7.803610861540636e-06	6.048295115023979e-05	-2.804019133775411	KEGG_GENOME
ko:K11004		7.803610861540636e-06	6.048295115023979e-05	-2.804019133775411	KEGG_GENOME
ko:K11014		0.0	8.011318390622271e-07	-0.8489037873518237	KEGG_GENOME
ko:K11016		3.422251769195247e-06	3.4847666666296077e-06	-0.020251763067426348	KEGG_GENOME
ko:K11017		3.422251769195247e-06	3.4847666666296077e-06	-0.020251763067426348	KEGG_GENOME
ko:K11018		1.4947906545688276e-06	2.0780501186837243e-06	-0.3030979629591355	KEGG_GENOME
ko:K11020		3.2297237940211355e-06	3.3821179700062346e-05	-3.0413297187683277	KEGG_GENOME
ko:K11021		0.0	4.723974986374609e-05	-5.592150521377668	KEGG_GENOME
ko:K11023		6.441738341741949e-07	1.6022636781244542e-06	-0.6624043131853727	KEGG_GENOME
ko:K11031		2.235835979072575e-05	2.8488166518360623e-05	-0.33619715029898	KEGG_GENOME
ko:K11034		0.0	1.0191811403627447e-05	-3.4843716514462058	KEGG_GENOME
ko:K11041		3.7052902775326653e-06	1.1729733152204506e-05	-1.43584654379916	KEGG_GENOME
ko:K11045		0.0	0.0007115391730776345	-9.476825520783413	KEGG_GENOME
ko:K11065		0.0001313952564255061	0.00035553539656242946	-1.429193880528017	KEGG_GENOME
ko:K11066		8.81698510937534e-05	0.00024689657146536995	-1.4751104052319024	KEGG_GENOME
ko:K11068		0.00010360016955031564	0.00037993081055044784	-1.8646437909721354	KEGG_GENOME
ko:K11069		9.743697567960416e-05	0.00018641849426985122	-0.9289910846614761	KEGG_GENOME
ko:K11070		9.154342615841308e-05	0.0001618782925625196	-0.8155919262671365	KEGG_GENOME
ko:K11071		9.377593237346868e-05	0.0001626726488201802	-0.7882206052424412	KEGG_GENOME
ko:K11072		9.177230110997467e-05	0.00016414309889576818	-0.8319506512193708	KEGG_GENOME
ko:K11073		9.04415790123961e-05	0.0005681606763662831	-2.637913767363911	KEGG_GENOME
ko:K11074		7.248588981662836e-05	0.00016632087219346667	-1.1870782567670743	KEGG_GENOME
ko:K11075		7.174817425614159e-05	0.0001650716297301393	-1.1908226899455168	KEGG_GENOME
ko:K11076		7.049671004301224e-05	0.0001650716297301393	-1.215856874359699	KEGG_GENOME
ko:K11081		3.7065281584848593e-06	2.0314025437027605e-06	0.6346777842931077	KEGG_GENOME
ko:K11082		3.7065281584848593e-06	2.0314025437027605e-06	0.6346777842931077	KEGG_GENOME
ko:K11083		3.7065281584848593e-06	2.0314025437027605e-06	0.6346777842931077	KEGG_GENOME
ko:K11084		3.7065281584848593e-06	2.0314025437027605e-06	0.6346777842931077	KEGG_GENOME
ko:K11085		0.00015557739272283126	0.00032008270567450046	-1.0360690344366645	KEGG_GENOME
ko:K11089		4.556190081474855e-06	1.4597606328678605e-05	-1.489156783330965	KEGG_GENOME
ko:K11102		5.3877199745026264e-05	0.00011965459787321	-1.136604123286163	KEGG_GENOME
ko:K11103		8.454220734484952e-05	0.0003251109127779501	-1.930654379025062	KEGG_GENOME
ko:K11104		2.273262503291894e-05	6.007497435306899e-06	1.7599004675115295	KEGG_GENOME
ko:K11105		7.363110109862081e-05	0.00039021579838143807	-2.390115754753885	KEGG_GENOME
ko:K11106		4.3062103203191444e-05	3.175897905369139e-05	0.4276479648850704	KEGG_GENOME
ko:K11107		9.330899158232925e-05	0.00010872997070254128	-0.21849039329655257	KEGG_GENOME
ko:K11139		5.846653959938726e-07	0.0	0.6641782457265831	KEGG_GENOME
ko:K11144		1.045438958910067e-06	2.996435971149821e-05	-3.920126224668333	KEGG_GENOME
ko:K11145		2.9518276486872484e-06	2.996435971149821e-05	-2.9700166809118036	KEGG_GENOME
ko:K11147		9.684179536941271e-07	0.0	0.9770365802818481	KEGG_GENOME
ko:K11166		2.1772277595592722e-06	0.0	1.6677685133466515	KEGG_GENOME
ko:K11168		1.2088098058651451e-06	0.0	1.1432691978021177	KEGG_GENOME
ko:K11175		0.00015028213742476995	0.0004697652095220997	-1.6377660543097063	KEGG_GENOME
ko:K11177		2.2694509672259278e-05	0.0001264817420098918	-2.427665926819548	KEGG_GENOME
ko:K11178		2.394597388538864e-05	0.00011444417888344508	-2.2103165309414994	KEGG_GENOME
ko:K11179		9.527903223983124e-05	0.00019559304414427914	-1.0299187315641762	KEGG_GENOME
ko:K11183		6.439923579277961e-05	4.101435900916177e-05	0.6383913036851528	KEGG_GENOME
ko:K11192		3.9602610626495316e-05	1.64119547632414e-05	1.221494314291214	KEGG_GENOME
ko:K11200		8.411999694391814e-06	2.9522926097470257e-06	1.2518115122700106	KEGG_GENOME
ko:K11201		5.846653959938726e-07	0.0	0.6641782457265831	KEGG_GENOME
ko:K11202		7.248687356878076e-05	2.2133821578126708e-05	1.6674829639071136	KEGG_GENOME
ko:K11203		4.4496917960187595e-05	2.325715703724764e-05	0.9073583428842211	KEGG_GENOME
ko:K11206		0.00010091583369290642	0.0002467650316385287	-1.281594380114985	KEGG_GENOME
ko:K11208		3.571062381634274e-05	2.9502727541633397e-05	0.2672593764219853	KEGG_GENOME
ko:K11209		0.00013672117713585426	0.00043547864193474694	-1.6641606435289442	KEGG_GENOME
ko:K11211		1.925257620072011e-05	1.650117370737814e-05	0.21065375676491893	KEGG_GENOME
ko:K11212		6.616329630835272e-07	4.790252793615551e-06	-1.801024594033383	KEGG_GENOME
ko:K11216		2.9278697282346808e-05	9.03148619333848e-06	1.5937677746381527	KEGG_GENOME
ko:K11249		2.0818405935890343e-05	2.9988559269720993e-05	-0.5061899807713188	KEGG_GENOME
ko:K11250		6.610025430340584e-05	0.0001910589706050218	-1.517159210979693	KEGG_GENOME
ko:K11258		8.366928544133984e-05	4.4761616651426e-05	0.8877006935468451	KEGG_GENOME
ko:K11263		7.652667936162553e-06	0.0001622065378704525	-4.237410003631346	KEGG_GENOME
ko:K11264		0.0	3.366349440611458e-06	-2.12642759438358	KEGG_GENOME
ko:K11311		3.2297237940211355e-06	3.813600961386348e-05	-3.2098613015428232	KEGG_GENOME
ko:K11312		1.8234505487060435e-05	7.982708959593414e-05	-2.0711421614631957	KEGG_GENOME
ko:K11329		0.0	1.7481823041105056e-06	-1.4584777103104687	KEGG_GENOME
ko:K11333		1.5085868765010438e-06	1.317628067005418e-05	-2.4985322655951534	KEGG_GENOME
ko:K11334		1.5085868765010438e-06	7.604567145276771e-06	-1.7782277171098981	KEGG_GENOME
ko:K11335		1.5085868765010438e-06	1.317628067005418e-05	-2.4985322655951534	KEGG_GENOME
ko:K11336		1.5085868765010438e-06	7.604567145276771e-06	-1.7782277171098981	KEGG_GENOME
ko:K11337		1.5085868765010438e-06	7.604567145276771e-06	-1.7782277171098981	KEGG_GENOME
ko:K11354		1.0956985851426623e-05	6.978374015268516e-05	-2.565564237566744	KEGG_GENOME
ko:K11357		5.592678512705447e-07	1.0385165330531346e-05	-2.8682145610188727	KEGG_GENOME
ko:K11381		3.6649780067980074e-05	6.637794577972219e-05	-0.8396350068254026	KEGG_GENOME
ko:K11382		7.761381804415238e-06	5.192580454037238e-06	0.5006177158326046	KEGG_GENOME
ko:K11383		9.293984578183825e-06	8.92154377483562e-05	-3.1315728036014163	KEGG_GENOME
ko:K11384		3.918258317142125e-06	8.533840104931141e-05	-4.133782959567858	KEGG_GENOME
ko:K11391		8.662295012153803e-05	0.00012961672068192352	-0.5759588991332675	KEGG_GENOME
ko:K11392		7.892960161701429e-05	3.89750686090379e-05	0.9996293888119673	KEGG_GENOME
ko:K11410		1.380102237973789e-06	4.6661529803094495e-06	-1.2513460072825953	KEGG_GENOME
ko:K11418		0.0	1.8149216044925643e-06	-1.4930947438384645	KEGG_GENOME
ko:K11441		3.2297237940211355e-06	5.679276273238526e-05	-3.772253476497397	KEGG_GENOME
ko:K11443		5.623283244515218e-06	2.4104018490949228e-05	-1.9222998585951898	KEGG_GENOME
ko:K11444		3.78899164529168e-06	0.00011190504898274839	-4.559244274275492	KEGG_GENOME
ko:K11472		1.4940907510063826e-05	0.0001093097717504664	-2.7907549283159	KEGG_GENOME
ko:K11473		1.8118413206588396e-05	0.00011791602639739415	-2.6369084688785067	KEGG_GENOME
ko:K11474		3.918258317142125e-06	6.180293008025785e-05	-3.674612454467098	KEGG_GENOME
ko:K11475		6.688291301954097e-06	6.2855129092215e-05	-3.0540676028709512	KEGG_GENOME
ko:K11476		1.045438958910067e-06	2.3036773272077454e-05	-3.554760850476138	KEGG_GENOME
ko:K11477		1.7069293750180808e-05	0.00013174451340538173	-2.8770402090423497	KEGG_GENOME
ko:K11527		1.970600908057605e-05	4.360135347332982e-05	-1.1070379785566515	KEGG_GENOME
ko:K11528		5.718218152164403e-06	1.3790448159955124e-05	-1.1385152194243893	KEGG_GENOME
ko:K11529		3.668322855679692e-05	0.0001696461715071908	-2.1790135675234845	KEGG_GENOME
ko:K11530		3.250842107636795e-05	4.028024496946703e-05	-0.30092782411605057	KEGG_GENOME
ko:K11531		2.814120866723976e-05	8.427015893684419e-06	1.6281876506373811	KEGG_GENOME
ko:K11532		7.555745295057052e-06	1.1176652725303098e-05	-0.5091521620458473	KEGG_GENOME
ko:K11534		6.604713673918058e-05	4.9087294119970315e-05	0.4207310482976014	KEGG_GENOME
ko:K11535		5.579177937172633e-05	5.525583652954784e-05	0.01367933091360351	KEGG_GENOME
ko:K11537		3.860702428411153e-05	3.895822475333575e-05	-0.012736174952004537	KEGG_GENOME
ko:K11601		0.0	2.2710265835016734e-06	-1.7097434841929906	KEGG_GENOME
ko:K11602		0.0	2.2710265835016734e-06	-1.7097434841929906	KEGG_GENOME
ko:K11603		0.0	2.2710265835016734e-06	-1.7097434841929906	KEGG_GENOME
ko:K11604		6.802386336480148e-05	0.00010884780397446793	-0.6703388975098851	KEGG_GENOME
ko:K11605		6.802386336480148e-05	0.00010884780397446793	-0.6703388975098851	KEGG_GENOME
ko:K11606		6.802386336480148e-05	0.00010884780397446793	-0.6703388975098851	KEGG_GENOME
ko:K11607		6.802386336480148e-05	0.00010884780397446793	-0.6703388975098851	KEGG_GENOME
ko:K11611		1.380102237973789e-06	0.0001447029610123347	-5.9358628400444555	KEGG_GENOME
ko:K11614		6.885345231209893e-07	6.641032282057923e-06	-2.177995879057221	KEGG_GENOME
ko:K11615		6.885345231209893e-07	6.641032282057923e-06	-2.177995879057221	KEGG_GENOME
ko:K11616		3.449741988004184e-05	3.3988131891107404e-05	0.02084852921522543	KEGG_GENOME
ko:K11617		1.918094134453382e-06	2.996435971149821e-05	-3.4075102851199737	KEGG_GENOME
ko:K11618		1.045438958910067e-06	2.996435971149821e-05	-3.920126224668333	KEGG_GENOME
ko:K11619		1.045438958910067e-06	2.996435971149821e-05	-3.920126224668333	KEGG_GENOME
ko:K11622		1.045438958910067e-06	2.996435971149821e-05	-3.920126224668333	KEGG_GENOME
ko:K11631		1.045438958910067e-06	2.6592758706761112e-05	-3.7538073143508375	KEGG_GENOME
ko:K11632		1.045438958910067e-06	2.6592758706761112e-05	-3.7538073143508375	KEGG_GENOME
ko:K11633		1.045438958910067e-06	2.3036773272077454e-05	-3.554760850476138	KEGG_GENOME
ko:K11634		1.045438958910067e-06	2.3036773272077454e-05	-3.554760850476138	KEGG_GENOME
ko:K11635		1.045438958910067e-06	2.3036773272077454e-05	-3.554760850476138	KEGG_GENOME
ko:K11636		1.045438958910067e-06	2.3036773272077454e-05	-3.554760850476138	KEGG_GENOME
ko:K11645		4.736973562810064e-05	1.8990190405187605e-05	1.2748124388245912	KEGG_GENOME
ko:K11685		3.4023274578085945e-05	1.2334403174270529e-05	1.393160724322512	KEGG_GENOME
ko:K11687		7.482879172453427e-07	0.0	0.8059427950083903	KEGG_GENOME
ko:K11688		0.00025632587512301145	0.0006257232401168341	-1.2842319590627227	KEGG_GENOME
ko:K11689		0.00020391089981764115	0.0004623488458158238	-1.1771020503809548	KEGG_GENOME
ko:K11690		0.00020892848819426896	0.0004595230008982509	-1.1333752539543973	KEGG_GENOME
ko:K11693		1.045438958910067e-06	2.996435971149821e-05	-3.920126224668333	KEGG_GENOME
ko:K11707		2.801952857712291e-06	1.8153089703919903e-06	0.4334473816406817	KEGG_GENOME
ko:K11708		2.801952857712291e-06	1.8153089703919903e-06	0.4334473816406817	KEGG_GENOME
ko:K11709		2.801952857712291e-06	1.8153089703919903e-06	0.4334473816406817	KEGG_GENOME
ko:K11710		2.801952857712291e-06	1.8153089703919903e-06	0.4334473816406817	KEGG_GENOME
ko:K11711		0.0	2.7760042195264137e-05	-4.845993887314561	KEGG_GENOME
ko:K11712		0.0	2.7760042195264137e-05	-4.845993887314561	KEGG_GENOME
ko:K11717		0.00017630998072467948	0.00032066725361066297	-0.8592953267518795	KEGG_GENOME
ko:K11719		0.00010447876469055386	0.00024386925720677275	-1.2150590777410786	KEGG_GENOME
ko:K11720		0.00015428129395714257	0.0002969288426403405	-0.9400837532027695	KEGG_GENOME
ko:K11731		5.612484216596599e-06	5.052389594529032e-05	-2.9619774072472436	KEGG_GENOME
ko:K11732		3.300978332657451e-05	1.4177032034986238e-05	1.1640601246311086	KEGG_GENOME
ko:K11733		7.135099707534652e-05	0.0002511713178572545	-1.8013193879388396	KEGG_GENOME
ko:K11734		0.00010526729289373721	0.0002171611569763702	-1.0376966260944405	KEGG_GENOME
ko:K11735		3.382852593753536e-05	0.00011681658570972631	-1.7582013303019843	KEGG_GENOME
ko:K11736		6.145472228676935e-05	3.0085757696019497e-05	1.0065569159992873	KEGG_GENOME
ko:K11737		6.598478529727661e-05	0.0006795401763392343	-3.344774986213418	KEGG_GENOME
ko:K11738		4.842901681210953e-05	0.0003028594341838093	-2.6199739698001823	KEGG_GENOME
ko:K11739		2.271929468254087e-06	2.360613842645556e-06	-0.03858312772757819	KEGG_GENOME
ko:K11740		3.624717700078701e-06	1.1017107269984541e-05	-1.377652446565106	KEGG_GENOME
ko:K11741		0.00010742790514464974	0.00030019742456589415	-1.473973335757298	KEGG_GENOME
ko:K11742		5.548617601214598e-05	6.723056728128719e-05	-0.2725203744268006	KEGG_GENOME
ko:K11743		5.548617601214598e-05	6.723056728128719e-05	-0.2725203744268006	KEGG_GENOME
ko:K11744		6.041768883255882e-05	0.00017195673332796836	-1.4936850505744428	KEGG_GENOME
ko:K11745		4.3090984551643896e-05	2.8460790590989527e-05	0.581687546554898	KEGG_GENOME
ko:K11746		4.3090984551643896e-05	2.8460790590989527e-05	0.581687546554898	KEGG_GENOME
ko:K11747		0.00010097334473731536	0.00018831244286071402	-0.8925771485278177	KEGG_GENOME
ko:K11748		8.126112469416926e-05	4.6808434736883784e-05	0.7829456246801128	KEGG_GENOME
ko:K11749		0.0001530469620094763	0.0003238042607489499	-1.0762003267883298	KEGG_GENOME
ko:K11750		6.731477136477635e-05	4.249955924734262e-05	0.6511967759035943	KEGG_GENOME
ko:K11751		9.16429693229853e-05	5.051211239667178e-05	0.8467697912723529	KEGG_GENOME
ko:K11752		0.00015220817890816514	0.0004783684701708513	-1.6456417041900064	KEGG_GENOME
ko:K11753		0.00015763474214526633	0.0004712331345504532	-1.5737905065728275	KEGG_GENOME
ko:K11754		0.00015954113083504348	0.0004707782483447864	-1.555165938733174	KEGG_GENOME
ko:K11755		0.00013062326440997198	0.00015336518909049717	-0.2299329390414341	KEGG_GENOME
ko:K11779		1.3232659261670543e-06	0.0	1.2161542976701294	KEGG_GENOME
ko:K11782		6.716995648508877e-06	1.6586657343859043e-05	-1.1883701017399204	KEGG_GENOME
ko:K11783		4.0601769232505015e-06	1.3897450904361513e-05	-1.5578057598700177	KEGG_GENOME
ko:K11784		6.716995648508877e-06	1.6586657343859043e-05	-1.1883701017399204	KEGG_GENOME
ko:K11785		6.716995648508877e-06	1.6586657343859043e-05	-1.1883701017399204	KEGG_GENOME
ko:K11811		3.038368093823502e-05	0.00011774432905758037	-1.9197721368819989	KEGG_GENOME
ko:K11815		0.0	6.9275864394207585e-06	-2.9868817030189656	KEGG_GENOME
ko:K11816		3.1627020439489074e-06	0.0	2.05752029758428	KEGG_GENOME
ko:K11890		2.4305301354313213e-05	7.248902514851134e-05	-1.5380891588160894	KEGG_GENOME
ko:K11891		9.542460724986911e-05	0.00026069511775697905	-1.4404137397019579	KEGG_GENOME
ko:K11892		9.876433163166322e-05	0.0002805709880006733	-1.4969026803476042	KEGG_GENOME
ko:K11893		8.894891024670902e-05	0.0002623177621996962	-1.5496271341204606	KEGG_GENOME
ko:K11894		3.284844263521942e-05	9.405064423621305e-05	-1.4896069482186678	KEGG_GENOME
ko:K11895		9.048511918875046e-05	0.00025923826499467715	-1.5082241077811238	KEGG_GENOME
ko:K11896		9.45806291789018e-05	0.0003077966408888346	-1.6918668893937974	KEGG_GENOME
ko:K11897		2.3398994284497924e-05	0.00011131114116869307	-2.2026074620559943	KEGG_GENOME
ko:K11898		1.7563435289883017e-05	4.379068838071508e-05	-1.2707351232108746	KEGG_GENOME
ko:K11899		0.0	1.610687378620371e-06	-1.3844297099230944	KEGG_GENOME
ko:K11900		8.741534422972909e-05	0.0002690651405499301	-1.610938759721076	KEGG_GENOME
ko:K11901		9.036587075147367e-05	0.00027681291338951624	-1.604386400941518	KEGG_GENOME
ko:K11902		2.71729274728793e-05	0.0001479357779261034	-2.4023089770274604	KEGG_GENOME
ko:K11903		0.0002509676978305487	0.0005032919595937234	-1.001020430632286	KEGG_GENOME
ko:K11904		0.0002086565557206587	0.0007046132746793473	-1.7508497602119812	KEGG_GENOME
ko:K11905		6.203986617707606e-05	0.00012479768945465816	-0.9967690469470188	KEGG_GENOME
ko:K11906		8.431917671397016e-05	0.00017570830517645461	-1.0504278976245092	KEGG_GENOME
ko:K11907		8.493471176767656e-05	0.0002498609878238604	-1.5455752254861594	KEGG_GENOME
ko:K11908		1.699679129299948e-05	2.2354302440198553e-05	-0.3759486478846585	KEGG_GENOME
ko:K11909		2.109230128315083e-05	3.544472697704718e-05	-0.7221663852517776	KEGG_GENOME
ko:K11910		5.7761784294797284e-05	0.00012146857222642337	-1.0594614646937883	KEGG_GENOME
ko:K11911		5.972719289819015e-05	4.165750728686591e-05	0.5095430189291769	KEGG_GENOME
ko:K11912		9.584754246114512e-06	4.4408147491442486e-05	-2.1009634069344103	KEGG_GENOME
ko:K11913		5.959211484876251e-06	4.119576000982694e-05	-2.600102283200554	KEGG_GENOME
ko:K11914		3.918258317142125e-06	6.833533911578548e-05	-3.81737144307719	KEGG_GENOME
ko:K11915		8.656568987664303e-06	0.00010841060440631348	-3.502098079475217	KEGG_GENOME
ko:K11916		3.918258317142125e-06	6.69079319078148e-05	-3.787360681269082	KEGG_GENOME
ko:K11917		3.2297237940211355e-06	2.7676673196102213e-05	-2.7612423036995177	KEGG_GENOME
ko:K11918		3.7739331883813847e-06	3.8493293559029054e-05	-3.0483574059174505	KEGG_GENOME
ko:K11919		3.2297237940211355e-06	3.074070639674003e-05	-2.907698874204209	KEGG_GENOME
ko:K11921		2.5892981519581928e-05	7.500185217997102e-05	-1.4988048677152292	KEGG_GENOME
ko:K11922		1.5454721631199e-05	1.2371917089936792e-05	0.29929530528611725	KEGG_GENOME
ko:K11923		1.045438958910067e-06	2.3036773272077454e-05	-3.554760850476138	KEGG_GENOME
ko:K11924		5.437800800935534e-05	8.713493385105456e-05	-0.670400810624945	KEGG_GENOME
ko:K11925		6.826666859737385e-05	6.621529520023636e-05	0.04337172527971557	KEGG_GENOME
ko:K11926		6.731477136477635e-05	4.3236349156857456e-05	0.6269652347498496	KEGG_GENOME
ko:K11927		0.0003058817553687093	0.00047775846319207937	-0.6416151125900766	KEGG_GENOME
ko:K11928		7.887265419376016e-05	0.00016136030435167539	-1.0234253887378577	KEGG_GENOME
ko:K11929		4.719873506723401e-05	2.8115078063075834e-05	0.7272287977904583	KEGG_GENOME
ko:K11930		3.779768027632525e-06	6.144506503960135e-06	-0.5798937599443718	KEGG_GENOME
ko:K11931		3.780064529993845e-05	4.205574509766192e-05	-0.15012510863719858	KEGG_GENOME
ko:K11932		0.00010461787680307846	4.583074320870586e-05	1.173326205801494	KEGG_GENOME
ko:K11933		5.905337113157505e-05	3.0071818234122077e-05	0.950638568418968	KEGG_GENOME
ko:K11934		6.319509013400082e-05	3.0085757696019497e-05	1.0462092150836948	KEGG_GENOME
ko:K11935		3.524484954931684e-05	3.0538083810681944e-05	0.2006809928376526	KEGG_GENOME
ko:K11936		5.6548419466690665e-05	4.752470032035384e-05	0.24605700298886884	KEGG_GENOME
ko:K11937		3.524484954931684e-05	3.3851114259609314e-05	0.05657121776774247	KEGG_GENOME
ko:K11938		4.4866942877344994e-05	1.687556263198461e-05	1.3594661008171085	KEGG_GENOME
ko:K11939		9.109559387984624e-05	0.00026930110256796156	-1.5533633563219398	KEGG_GENOME
ko:K11940		7.192600315382315e-05	4.3484400569018275e-05	0.7131338145546383	KEGG_GENOME
ko:K11941		4.948717626747522e-05	1.8243764952755342e-05	1.391525906876555	KEGG_GENOME
ko:K11942		2.6594259514739715e-05	7.319556498177281e-05	-1.4269647810710564	KEGG_GENOME
ko:K11959		9.312019974881368e-05	0.00015469449566643992	-0.7261416536369859	KEGG_GENOME
ko:K11960		0.00010388867410224839	0.00016497499165631213	-0.6621069754774597	KEGG_GENOME
ko:K11961		0.00010388867410224839	0.00016497499165631213	-0.6621069754774597	KEGG_GENOME
ko:K11962		0.00010388867410224839	0.00016497499165631213	-0.6621069754774597	KEGG_GENOME
ko:K11963		0.00014095419979840877	0.0001758562938961568	-0.3171520293739806	KEGG_GENOME
ko:K11991		0.00016803220495116298	0.0004661961655057067	-1.4667302904640935	KEGG_GENOME
ko:K11995		3.0613994269060274e-06	1.3790448159955124e-05	-1.864616943429873	KEGG_GENOME
ko:K12055		2.0370139593099754e-05	3.808724937109175e-05	-0.8711017316267592	KEGG_GENOME
ko:K12056		1.0245953251914356e-05	7.043722599585948e-06	0.483470720884488	KEGG_GENOME
ko:K12057		1.1497417465043717e-05	6.349953135016408e-06	0.7658230431255054	KEGG_GENOME
ko:K12058		1.1497417465043717e-05	6.349953135016408e-06	0.7658230431255054	KEGG_GENOME
ko:K12059		8.216075327946416e-06	1.681826631944265e-06	1.780936532254651	KEGG_GENOME
ko:K12060		1.1497417465043717e-05	6.349953135016408e-06	0.7658230431255054	KEGG_GENOME
ko:K12061		1.1497417465043717e-05	5.805996547103775e-06	0.8767516747715083	KEGG_GENOME
ko:K12062		4.1156516125168735e-06	5.212083090984775e-06	-0.2801591101571938	KEGG_GENOME
ko:K12063		1.2052228341112283e-05	6.349953135016408e-06	0.8284891757332373	KEGG_GENOME
ko:K12064		1.121791886569271e-05	6.349953135016408e-06	0.7331916090653219	KEGG_GENOME
ko:K12065		1.2052228341112283e-05	6.349953135016408e-06	0.8284891757332373	KEGG_GENOME
ko:K12066		1.2052228341112283e-05	6.349953135016408e-06	0.8284891757332373	KEGG_GENOME
ko:K12067		1.2052228341112283e-05	6.349953135016408e-06	0.8284891757332373	KEGG_GENOME
ko:K12068		1.2585173974262353e-05	6.349953135016408e-06	0.8862260849618149	KEGG_GENOME
ko:K12069		4.1156516125168735e-06	4.668126503072142e-06	-0.14795394038870596	KEGG_GENOME
ko:K12070		1.6498590345013424e-05	3.953375449926537e-05	-1.2118851075276322	KEGG_GENOME
ko:K12071		2.7480796543964286e-05	4.896486326727543e-05	-0.8109244108806872	KEGG_GENOME
ko:K12072		1.1497417465043717e-05	6.349953135016408e-06	0.7658230431255054	KEGG_GENOME
ko:K12111		3.3984992812908313e-06	1.0759404666295418e-05	-1.4187317424683648	KEGG_GENOME
ko:K12112		3.3984992812908313e-06	1.0759404666295418e-05	-1.4187317424683648	KEGG_GENOME
ko:K12113		3.3984992812908313e-06	1.0759404666295418e-05	-1.4187317424683648	KEGG_GENOME
ko:K12132		0.0002053873119278911	0.0016070042684190615	-2.9618450500889484	KEGG_GENOME
ko:K12136		4.790860765762111e-06	1.25947448217013e-05	-1.231199357205549	KEGG_GENOME
ko:K12137		6.806624034523828e-06	2.60551596059773e-05	-1.7931330556576506	KEGG_GENOME
ko:K12138		4.790860765762111e-06	1.25947448217013e-05	-1.231199357205549	KEGG_GENOME
ko:K12139		4.790860765762111e-06	2.402933418073854e-06	0.7669988856362353	KEGG_GENOME
ko:K12140		6.806624034523828e-06	8.427959662631363e-06	-0.2722467946165445	KEGG_GENOME
ko:K12141		6.806624034523828e-06	8.427959662631363e-06	-0.2722467946165445	KEGG_GENOME
ko:K12142		4.790860765762111e-06	2.402933418073854e-06	0.7669988856362353	KEGG_GENOME
ko:K12143		4.790860765762111e-06	1.25947448217013e-05	-1.231199357205549	KEGG_GENOME
ko:K12144		3.971462662832599e-06	2.402933418073854e-06	0.546891448350094	KEGG_GENOME
ko:K12145		3.971462662832599e-06	2.402933418073854e-06	0.546891448350094	KEGG_GENOME
ko:K12146		2.2278953609411446e-06	1.545494435041086e-06	0.3426478997751406	KEGG_GENOME
ko:K12147		4.705508304701032e-05	1.8243764952755342e-05	1.3202979574859646	KEGG_GENOME
ko:K12148		6.492506873483466e-05	3.230774784371518e-05	0.9849693630811969	KEGG_GENOME
ko:K12149		8.633258541699533e-05	5.819453540873959e-05	0.5610560522947596	KEGG_GENOME
ko:K12151		6.508035619018995e-05	2.6292194399431555e-05	1.2757330656640837	KEGG_GENOME
ko:K12152		6.689711074705208e-05	4.249955924734262e-05	0.6423494010485743	KEGG_GENOME
ko:K12203		9.97541735938333e-07	3.0300140827294018e-05	-3.9698715964780447	KEGG_GENOME
ko:K12204		9.97541735938333e-07	3.0300140827294018e-05	-3.9698715964780447	KEGG_GENOME
ko:K12205		9.97541735938333e-07	3.0300140827294018e-05	-3.9698715964780447	KEGG_GENOME
ko:K12206		9.97541735938333e-07	3.0300140827294018e-05	-3.9698715964780447	KEGG_GENOME
ko:K12209		9.97541735938333e-07	2.540098632029882e-06	-0.8255639097079128	KEGG_GENOME
ko:K12211		9.97541735938333e-07	3.0300140827294018e-05	-3.9698715964780447	KEGG_GENOME
ko:K12212		0.0	1.270049316014941e-06	-1.1827236398938792	KEGG_GENOME
ko:K12213		4.893775704556889e-07	3.0300140827294018e-05	-4.393387706805842	KEGG_GENOME
ko:K12214		4.893775704556889e-07	3.0300140827294018e-05	-4.393387706805842	KEGG_GENOME
ko:K12217		9.97541735938333e-07	3.0300140827294018e-05	-3.9698715964780447	KEGG_GENOME
ko:K12218		9.97541735938333e-07	3.0300140827294018e-05	-3.9698715964780447	KEGG_GENOME
ko:K12222		9.97541735938333e-07	3.0300140827294018e-05	-3.9698715964780447	KEGG_GENOME
ko:K12227		4.893775704556889e-07	2.540098632029882e-06	-1.2490800200357102	KEGG_GENOME
ko:K12228		9.97541735938333e-07	3.0300140827294018e-05	-3.9698715964780447	KEGG_GENOME
ko:K12234		6.616329630835272e-07	4.6661529803094495e-06	-1.7697678121021714	KEGG_GENOME
ko:K12238		3.891356757104663e-06	2.7676673196102213e-05	-2.551571067178253	KEGG_GENOME
ko:K12239		4.29864574347823e-06	2.8798303328471394e-05	-2.4915346079895464	KEGG_GENOME
ko:K12240		1.6839650261958126e-05	4.72692059299723e-05	-1.4360157612307185	KEGG_GENOME
ko:K12241		1.5770728312501027e-05	4.510947759351301e-05	-1.4591179774947254	KEGG_GENOME
ko:K12242		1.6839650261958126e-05	4.72692059299723e-05	-1.4360157612307185	KEGG_GENOME
ko:K12243		3.9355815665034115e-06	3.671174309430292e-05	-2.933721840994604	KEGG_GENOME
ko:K12251		6.498870117358796e-05	0.00011780731463222645	-0.848332734333596	KEGG_GENOME
ko:K12252		9.575507499278769e-06	6.571303363171642e-05	-2.657241748946078	KEGG_GENOME
ko:K12253		4.73831067052218e-06	5.0043741964304946e-05	-3.153036113035055	KEGG_GENOME
ko:K12254		4.655973877628899e-06	0.00015337591651790218	-4.770528434656163	KEGG_GENOME
ko:K12255		4.0347858124625176e-05	8.860899531790554e-05	-1.11583096542473	KEGG_GENOME
ko:K12256		1.9143313692903365e-05	0.000179860356887749	-3.1665032758959035	KEGG_GENOME
ko:K12257		4.617563752150573e-05	5.442146720820644e-05	-0.2324028904895672	KEGG_GENOME
ko:K12262		5.740254787555568e-05	0.00010544525738104147	-0.8660084578622613	KEGG_GENOME
ko:K12263		1.045438958910067e-06	2.996435971149821e-05	-3.920126224668333	KEGG_GENOME
ko:K12264		5.350823635295763e-05	3.1429041015760565e-05	0.7491878804011376	KEGG_GENOME
ko:K12265		5.160184766318045e-05	3.1429041015760565e-05	0.69782711433517	KEGG_GENOME
ko:K12266		7.627349343609337e-05	0.00013770537705108156	-0.8439781893019843	KEGG_GENOME
ko:K12267		2.4197657654821452e-05	0.000117325346228548	-2.2313976097081487	KEGG_GENOME
ko:K12276		1.1410978127187245e-05	3.868864350840642e-05	-1.6771094334341314	KEGG_GENOME
ko:K12277		2.206797945523487e-06	0.0	1.6811334550659343	KEGG_GENOME
ko:K12278		1.1410978127187245e-05	3.868864350840642e-05	-1.6771094334341314	KEGG_GENOME
ko:K12279		2.061515830885101e-05	7.737728701681284e-05	-1.858392233240323	KEGG_GENOME
ko:K12280		1.1410978127187245e-05	3.868864350840642e-05	-1.6771094334341314	KEGG_GENOME
ko:K12281		1.1410978127187245e-05	3.464133860873911e-05	-1.521934701429688	KEGG_GENOME
ko:K12282		1.3879882758093563e-05	6.644868570367055e-05	-2.1804271721036863	KEGG_GENOME
ko:K12283		1.314216719760679e-05	3.868864350840642e-05	-1.4887230332997514	KEGG_GENOME
ko:K12284		1.1410978127187245e-05	3.868864350840642e-05	-1.6771094334341314	KEGG_GENOME
ko:K12285		1.1410978127187245e-05	3.868864350840642e-05	-1.6771094334341314	KEGG_GENOME
ko:K12286		1.1410978127187245e-05	3.464133860873911e-05	-1.521934701429688	KEGG_GENOME
ko:K12287		1.1410978127187245e-05	1.0928601313142279e-05	0.05719193093877531	KEGG_GENOME
ko:K12288		6.369264457537737e-05	3.230774784371518e-05	0.9577438828012267	KEGG_GENOME
ko:K12289		6.369264457537737e-05	3.230774784371518e-05	0.9577438828012267	KEGG_GENOME
ko:K12290		6.077710900338063e-05	3.0085757696019497e-05	0.9908186143372932	KEGG_GENOME
ko:K12291		5.793269218138009e-05	2.6665152011559562e-05	1.0909983223626845	KEGG_GENOME
ko:K12297		9.90659711003018e-05	0.00020723642362401056	-1.0572709913795169	KEGG_GENOME
ko:K12299		4.186634915892589e-05	2.2832150557986804e-05	0.8469364080843276	KEGG_GENOME
ko:K12308		8.687545001357523e-05	8.983064417743383e-05	-0.047718939578730774	KEGG_GENOME
ko:K12339		0.00011596981914775001	0.0002545718274814732	-1.1275924821001961	KEGG_GENOME
ko:K12340		0.0003981050806739687	0.0006325169630456093	-0.666614604761633	KEGG_GENOME
ko:K12343		0.0	5.57171352477741e-06	-2.7162695914579387	KEGG_GENOME
ko:K12349		3.2297237940211355e-06	2.870771689070295e-05	-2.8122023730224184	KEGG_GENOME
ko:K12368		0.0001409737327960946	0.0004029800279055773	-1.5086599354497925	KEGG_GENOME
ko:K12369		6.886640166576925e-05	0.0001164003572110974	-0.7487660540352412	KEGG_GENOME
ko:K12370		7.01178658788986e-05	0.00011739920000467682	-0.7353753958426321	KEGG_GENOME
ko:K12371		7.01178658788986e-05	0.00011685524341676418	-0.7287320087622359	KEGG_GENOME
ko:K12372		7.01178658788986e-05	0.00011558519410074924	-0.7131006458946472	KEGG_GENOME
ko:K12373		9.433474747545815e-05	0.000214264513016344	-1.1750364600462044	KEGG_GENOME
ko:K12375		0.0	1.8153089703919903e-06	-1.493293261769679	KEGG_GENOME
ko:K12410		0.00014910039370162194	0.0003715725989380449	-1.3115938133203953	KEGG_GENOME
ko:K12448		5.592678512705447e-07	0.0	0.6408687756992674	KEGG_GENOME
ko:K12449		2.5766953366967797e-06	0.0	1.838627234644003	KEGG_GENOME
ko:K12452		4.415347129882765e-06	3.623204007758085e-05	-2.7814189445169055	KEGG_GENOME
ko:K12454		3.7697984246715714e-05	1.3897450904361513e-05	1.3771929263111604	KEGG_GENOME
ko:K12455		1.7347852942231802e-06	1.2381585610616468e-06	0.28911532580652316	KEGG_GENOME
ko:K12500		5.444062262449898e-05	2.2314913819306666e-05	1.2496903627719813	KEGG_GENOME
ko:K12503		1.380102237973789e-06	0.00014697398759583639	-5.958176229758542	KEGG_GENOME
ko:K12506		7.4272606565297975e-06	1.0385165330531346e-05	-0.43401958805252017	KEGG_GENOME
ko:K12507		5.329456331500711e-07	4.364894246796577e-06	-1.807243200901469	KEGG_GENOME
ko:K12508		1.1903524023183117e-05	6.33254690523292e-05	-2.3176249445383603	KEGG_GENOME
ko:K12510		4.06458382542061e-05	0.00047301007507709135	-3.508673487193428	KEGG_GENOME
ko:K12511		4.06458382542061e-05	0.00047301007507709135	-3.508673487193428	KEGG_GENOME
ko:K12512		1.188383228534444e-06	3.69046424842297e-06	-1.0998653192795573	KEGG_GENOME
ko:K12513		4.729036617436651e-05	0.00027124131764201016	-2.4950787307666307	KEGG_GENOME
ko:K12514		1.188383228534444e-06	3.69046424842297e-06	-1.0998653192795573	KEGG_GENOME
ko:K12515		1.188383228534444e-06	3.69046424842297e-06	-1.0998653192795573	KEGG_GENOME
ko:K12516		1.0070340271648708e-05	1.8144225657153928e-06	1.9757887068133726	KEGG_GENOME
ko:K12517		2.20967779951446e-06	0.0	1.682428481032004	KEGG_GENOME
ko:K12518		3.1944566186230804e-05	5.5432791238708593e-05	-0.7764931794132977	KEGG_GENOME
ko:K12519		3.381237381580941e-05	6.372444105737e-05	-0.894710408323485	KEGG_GENOME
ko:K12521		2.20967779951446e-06	0.0	1.682428481032004	KEGG_GENOME
ko:K12524		0.00012769608460152883	7.996981559815281e-05	0.6685120652189598	KEGG_GENOME
ko:K12525		8.28034359565567e-05	4.3236349156857456e-05	0.9217770716024661	KEGG_GENOME
ko:K12526		0.0	5.5725723942358625e-06	-2.7164581276352373	KEGG_GENOME
ko:K12527		2.1977967398112162e-06	1.1313441535996626e-05	-1.945083897701633	KEGG_GENOME
ko:K12528		5.846653959938726e-07	1.0191811403627447e-05	-2.820193405719623	KEGG_GENOME
ko:K12529		5.846653959938726e-07	1.0191811403627447e-05	-2.820193405719623	KEGG_GENOME
ko:K12530		5.054500060739759e-06	2.2107842086501915e-05	-1.9323027987414163	KEGG_GENOME
ko:K12531		5.054500060739759e-06	2.2107842086501915e-05	-1.9323027987414163	KEGG_GENOME
ko:K12532		5.054500060739759e-06	2.2107842086501915e-05	-1.9323027987414163	KEGG_GENOME
ko:K12536		5.2343850121799376e-05	0.00017883999465173646	-1.753320036697613	KEGG_GENOME
ko:K12537		5.0835263245298326e-05	0.0001812373654756473	-1.8138130013703764	KEGG_GENOME
ko:K12538		3.959504794160441e-05	0.00013193848386835894	-1.7113831519480536	KEGG_GENOME
ko:K12541		7.58109580111347e-05	0.00013303303792925952	-0.803204607152941	KEGG_GENOME
ko:K12542		7.250575562306868e-05	0.00012812894239415997	-0.8128832713117997	KEGG_GENOME
ko:K12543		7.036776326665265e-05	0.00011919136677544411	-0.7519888095667727	KEGG_GENOME
ko:K12545		2.087857258905469e-05	4.805128353464852e-05	-1.164772271935175	KEGG_GENOME
ko:K12549		0.0	1.8184157278354839e-06	-1.4948844307569484	KEGG_GENOME
ko:K12573		0.00016200265999408845	0.0003238042607489499	-0.9946750501938108	KEGG_GENOME
ko:K12574		1.4948877409389874e-05	0.00022223868966670204	-3.807060297434617	KEGG_GENOME
ko:K12582		6.437025785876609e-05	3.230774784371518e-05	0.9727765808314479	KEGG_GENOME
ko:K12583		2.214411713393363e-06	0.00014697398759583639	-5.524645049593023	KEGG_GENOME
ko:K12658		5.86878707928772e-05	0.00012759616702789388	-1.1073379464648334	KEGG_GENOME
ko:K12660		3.295823553565305e-05	1.5049834864117496e-05	1.0812030450280459	KEGG_GENOME
ko:K12661		3.430549222671477e-05	4.4266625077605764e-05	-0.35855511740312007	KEGG_GENOME
ko:K12675		0.0	7.943562576605733e-07	-0.8434663563296437	KEGG_GENOME
ko:K12678		3.5123228232705205e-05	1.885197168869397e-05	0.8636445259420782	KEGG_GENOME
ko:K12684		7.485845667797779e-06	1.2465559434842212e-06	1.9173434524121113	KEGG_GENOME
ko:K12685		1.308749595936353e-05	5.5948299870306334e-05	-2.015237575883883	KEGG_GENOME
ko:K12686		1.6475708232504182e-05	0.00015197352317405046	-3.129859141733459	KEGG_GENOME
ko:K12687		1.0771550275103203e-06	0.0	1.0546088950818615	KEGG_GENOME
ko:K12700		3.301858451154942e-05	1.1773234495254434e-05	1.4131992158048834	KEGG_GENOME
ko:K12784		5.442093943602491e-07	0.0	0.6268683949132385	KEGG_GENOME
ko:K12785		5.442093943602491e-07	0.0	0.6268683949132385	KEGG_GENOME
ko:K12786		5.442093943602491e-07	0.0	0.6268683949132385	KEGG_GENOME
ko:K12787		5.442093943602491e-07	0.0	0.6268683949132385	KEGG_GENOME
ko:K12788		5.442093943602491e-07	0.0	0.6268683949132385	KEGG_GENOME
ko:K12790		5.442093943602491e-07	0.0	0.6268683949132385	KEGG_GENOME
ko:K12940		4.722076190241029e-05	3.288646284547775e-05	0.5089453936009857	KEGG_GENOME
ko:K12941		8.710363302877246e-05	3.9185977037741306e-05	1.1325093527063277	KEGG_GENOME
ko:K12942		0.00010538437422139951	0.00010734909543838981	-0.026400846233473847	KEGG_GENOME
ko:K12943		4.2798260062717664e-05	5.075037429828017e-05	-0.2406957391122658	KEGG_GENOME
ko:K12944		2.595966603298562e-05	1.2893491287921886e-05	0.956393446088432	KEGG_GENOME
ko:K12945		6.339745651637414e-05	2.0174325905124418e-05	1.6046876664517498	KEGG_GENOME
ko:K12952		0.0	1.7485696700099318e-06	-1.4586810488877477	KEGG_GENOME
ko:K12953		2.3188410234450247e-06	9.410241353870245e-07	0.7738614670613787	KEGG_GENOME
ko:K12954		1.380102237973789e-06	4.6661529803094495e-06	-1.2513460072825953	KEGG_GENOME
ko:K12957		6.046154602603828e-05	5.17284851141517e-05	0.22110150868086995	KEGG_GENOME
ko:K12960		2.485064066896955e-05	0.00010161266900133816	-1.9889369221677975	KEGG_GENOME
ko:K12961		8.20634022973558e-05	4.3236349156857456e-05	0.908980641814686	KEGG_GENOME
ko:K12962		4.3793512484596175e-05	8.265329835323673e-05	-0.9011326255861278	KEGG_GENOME
ko:K12963		4.3793512484596175e-05	8.282597012914264e-05	-0.9041074750146536	KEGG_GENOME
ko:K12972		0.00011356610236827727	0.0001221548713729327	-0.10429344958324858	KEGG_GENOME
ko:K12973		7.656080871705956e-05	2.7884210585779062e-05	1.4250467804031997	KEGG_GENOME
ko:K12974		6.492506873483466e-05	3.306811275804486e-05	0.9524051403633265	KEGG_GENOME
ko:K12975		6.704732245118122e-05	3.0617907556099996e-05	1.1057965005677906	KEGG_GENOME
ko:K12976		3.151668339919147e-05	0.00013708315563496027	-2.086285320519318	KEGG_GENOME
ko:K12978		9.674211261555845e-07	1.4970289733244474e-05	-3.021012781971628	KEGG_GENOME
ko:K12979		3.4497714453297446e-05	0.00018669778439913591	-2.402613576843619	KEGG_GENOME
ko:K12980		2.7969345448494337e-06	1.8045262174585527e-06	0.43707805884860157	KEGG_GENOME
ko:K12981		2.2907446272060604e-06	1.12163013236918e-06	0.6332409023150724	KEGG_GENOME
ko:K12982		2.0219997326875694e-05	1.650117370737814e-05	0.2779727955969919	KEGG_GENOME
ko:K12984		4.043584942405974e-05	2.1571355378389724e-05	0.8763864443935835	KEGG_GENOME
ko:K12986		5.442093943602491e-07	0.0	0.6268683949132385	KEGG_GENOME
ko:K12987		6.459447588042271e-06	6.480419607720399e-05	-3.1410388816642754	KEGG_GENOME
ko:K12988		6.395520718443735e-06	4.5666433070491e-05	-2.6576615635794947	KEGG_GENOME
ko:K12989		2.156423617652355e-06	0.0	1.6582908397220095	KEGG_GENOME
ko:K12990		6.5636525565381164e-06	3.968957507890239e-05	-2.4275042160558447	KEGG_GENOME
ko:K12991		1.1617424277628558e-06	5.000920021646511e-06	-1.4729890664268126	KEGG_GENOME
ko:K12992		1.1799744181546145e-06	1.2381585610616468e-06	-0.03800104166150985	KEGG_GENOME
ko:K12993		1.8747901385248772e-05	6.569931687430682e-06	1.3833471596331692	KEGG_GENOME
ko:K12994		1.8747901385248772e-05	5.890969006614433e-06	1.5189205720674739	KEGG_GENOME
ko:K12995		1.8747901385248772e-05	5.890969006614433e-06	1.5189205720674739	KEGG_GENOME
ko:K13005		1.1799744181546145e-06	1.2381585610616468e-06	-0.03800104166150985	KEGG_GENOME
ko:K13007		6.48243896322015e-06	7.587855608640854e-05	-3.3610007296991635	KEGG_GENOME
ko:K13010		7.21300880673323e-06	2.3041235428195546e-05	-1.5495282848203846	KEGG_GENOME
ko:K13014		4.514630071642079e-05	8.945546667335419e-05	-0.9709926947710905	KEGG_GENOME
ko:K13015		9.114260276872233e-06	5.567526588246424e-05	-2.4863284442725018	KEGG_GENOME
ko:K13016		4.945432837422062e-06	4.3670240962085314e-05	-2.9094602873971747	KEGG_GENOME
ko:K13017		3.056413689882271e-05	8.416827345988273e-05	-1.432029801550471	KEGG_GENOME
ko:K13018		8.35053947992578e-06	0.0001891233869961189	-4.345742594197106	KEGG_GENOME
ko:K13019		3.2297237940211355e-06	2.7676673196102213e-05	-2.7612423036995177	KEGG_GENOME
ko:K13020		4.90247255614347e-06	1.553863046406563e-05	-1.4864484386305539	KEGG_GENOME
ko:K13021		6.563266533693063e-05	8.710829382253009e-05	-0.4030482262957048	KEGG_GENOME
ko:K13028		0.0	3.0980683860081255e-06	-2.0349440593446686	KEGG_GENOME
ko:K13038		0.0001544270642474501	0.0004679361189592721	-1.5931536646966258	KEGG_GENOME
ko:K13040		8.668573504609787e-06	3.621178436602542e-05	-1.944384615537085	KEGG_GENOME
ko:K13041		9.312747338783982e-06	9.325639639866824e-06	-0.0018024336181334364	KEGG_GENOME
ko:K13043		1.7539791727345033e-05	2.6727275286988523e-06	2.3357012621915265	KEGG_GENOME
ko:K13049		1.4848042286995299e-05	5.967211976834102e-06	1.185651271911123	KEGG_GENOME
ko:K13051		0.00012966391481247425	0.00024232208337928186	-0.8970064920749384	KEGG_GENOME
ko:K13052		3.711724134274515e-05	6.007722687876427e-05	-0.6801908492573158	KEGG_GENOME
ko:K13053		8.183952367168605e-05	0.00012109135578487477	-0.5595698962135064	KEGG_GENOME
ko:K13058		2.6568187252583753e-06	3.572085580026326e-06	-0.32226329648735696	KEGG_GENOME
ko:K13060		3.2297237940211355e-06	2.8131559401769006e-05	-2.7839475686486237	KEGG_GENOME
ko:K13061		9.284326081698943e-06	3.1651550457351954e-05	-1.666704240644894	KEGG_GENOME
ko:K13063		7.83954982601606e-06	5.98319717050364e-05	-2.7827849619481797	KEGG_GENOME
ko:K13069		8.191418583390633e-05	0.00010167755784113254	-0.3084300278659896	KEGG_GENOME
ko:K13075		2.2556298965471363e-05	1.4620642580288984e-05	0.5926590864767222	KEGG_GENOME
ko:K13085		7.058577724822759e-07	2.221990147695685e-06	-0.9174547169360174	KEGG_GENOME
ko:K13086		2.6568187252583753e-06	0.0	1.8705891115978557	KEGG_GENOME
ko:K13243		1.661820423504193e-06	0.0	1.4124132448565567	KEGG_GENOME
ko:K13246		2.2812756956233465e-06	0.0	1.7142568154347242	KEGG_GENOME
ko:K13252		9.209697443019601e-07	0.0	0.9418347964166282	KEGG_GENOME
ko:K13255		4.7705817683486565e-05	8.40879461458782e-05	-0.8048606633780566	KEGG_GENOME
ko:K13256		7.094784128905313e-05	0.00012151346386299919	-0.7679169994596392	KEGG_GENOME
ko:K13274		5.253579961769041e-06	5.3001132983575665e-05	-3.110235451195778	KEGG_GENOME
ko:K13277		0.0	3.371601004737099e-06	-2.1281617324931017	KEGG_GENOME
ko:K13281		7.25067631141018e-06	3.129212527444919e-05	-1.9685981059930582	KEGG_GENOME
ko:K13282		4.1125993895892694e-05	7.54535582973145e-05	-0.8598729241888396	KEGG_GENOME
ko:K13283		8.195061424309682e-05	0.00013360184000524918	-0.6983735623215859	KEGG_GENOME
ko:K13285		7.47054182753866e-06	6.356155407982048e-06	0.20350229727792007	KEGG_GENOME
ko:K13287		7.47054182753866e-06	6.356155407982048e-06	0.20350229727792007	KEGG_GENOME
ko:K13288		0.00010025933531815744	0.00037892685542102847	-1.9076667742928173	KEGG_GENOME
ko:K13292		0.0001887269598409466	0.0005151529167826889	-1.443873847952289	KEGG_GENOME
ko:K13300		1.045438958910067e-06	2.996435971149821e-05	-3.920126224668333	KEGG_GENOME
ko:K13301		6.437025785876609e-05	3.230774784371518e-05	0.9727765808314479	KEGG_GENOME
ko:K13356		0.0	3.5138662733386005e-06	-2.1743636782441915	KEGG_GENOME
ko:K13378		7.630314895443806e-05	0.0001874208656950458	-1.2853596487628702	KEGG_GENOME
ko:K13381		2.2881375600983355e-06	5.576006787693327e-06	-0.9999411323487972	KEGG_GENOME
ko:K13408		4.4922563373460893e-05	7.130018988311255e-05	-0.6547962614101447	KEGG_GENOME
ko:K13409		4.395514224730531e-05	7.577881519594453e-05	-0.7722221479994256	KEGG_GENOME
ko:K13439		2.277503127770962e-06	1.2514882201139647e-06	0.5417182277782681	KEGG_GENOME
ko:K13444		4.927618978443246e-05	1.5518404064894123e-05	1.6058010115873254	KEGG_GENOME
ko:K13450		0.0	1.270049316014941e-06	-1.1827236398938792	KEGG_GENOME
ko:K13451		0.0	1.270049316014941e-06	-1.1827236398938792	KEGG_GENOME
ko:K13452		0.0	3.830758939865902e-06	-2.2722498625118486	KEGG_GENOME
ko:K13455		0.0	2.5607096238509617e-06	-1.8321647886042622	KEGG_GENOME
ko:K13461		0.0	1.270049316014941e-06	-1.1827236398938792	KEGG_GENOME
ko:K13472		0.0	7.4372340769416856e-06	-3.0767701271932593	KEGG_GENOME
ko:K13479		5.846653959938726e-07	1.0191811403627447e-05	-2.820193405719623	KEGG_GENOME
ko:K13480		5.846653959938726e-07	1.0191811403627447e-05	-2.820193405719623	KEGG_GENOME
ko:K13481		2.670108815704273e-05	0.00017298607355870438	-2.650957277844803	KEGG_GENOME
ko:K13482		2.5449623943913364e-05	0.00017298607355870438	-2.717652716828343	KEGG_GENOME
ko:K13483		2.394597388538864e-05	0.00011317412956743013	-2.1943568929841666	KEGG_GENOME
ko:K13485		7.491640716422443e-06	9.810348857565661e-05	-3.5448206062688863	KEGG_GENOME
ko:K13486		5.804754914053396e-06	0.00011380058983894279	-4.076443042982081	KEGG_GENOME
ko:K13487		7.820518182815113e-06	0.00011393838456028194	-3.7038534544613197	KEGG_GENOME
ko:K13488		5.804754914053396e-06	0.00011380058983894279	-4.076443042982081	KEGG_GENOME
ko:K13489		5.804754914053396e-06	0.00011393838456028194	-4.078173666055465	KEGG_GENOME
ko:K13490		5.804754914053396e-06	0.00011393838456028194	-4.078173666055465	KEGG_GENOME
ko:K13491		5.804754914053396e-06	0.00011457773191450276	-4.0861764524690205	KEGG_GENOME
ko:K13497		4.224236746965584e-05	1.4863318252025629e-05	1.446750928918321	KEGG_GENOME
ko:K13498		8.683051195730243e-05	4.259282987862868e-05	1.0106313522000498	KEGG_GENOME
ko:K13503		5.592678512705447e-07	3.572085580026326e-06	-1.5519836323859453	KEGG_GENOME
ko:K13507		8.72655175543315e-07	0.0	0.9050852709997209	KEGG_GENOME
ko:K13522		2.295365487714726e-06	7.136188531514385e-05	-4.456719608426985	KEGG_GENOME
ko:K13525		2.043119281284719e-06	0.0	1.6055508843438822	KEGG_GENOME
ko:K13527		0.0	4.6661529803094495e-06	-2.502369553525821	KEGG_GENOME
ko:K13529		2.8669547578485403e-05	4.986930394273843e-05	-0.77781242579559	KEGG_GENOME
ko:K13530		0.0	6.9275864394207585e-06	-2.9868817030189656	KEGG_GENOME
ko:K13531		1.045438958910067e-06	2.3036773272077454e-05	-3.554760850476138	KEGG_GENOME
ko:K13532		9.987774963444743e-07	1.048026879793413e-06	-0.03511677004726826	KEGG_GENOME
ko:K13533		3.1627020439489074e-06	0.0	2.05752029758428	KEGG_GENOME
ko:K13540		0.0	2.3951263968077757e-06	-1.7634652854135529	KEGG_GENOME
ko:K13541		3.2297237940211355e-06	0.00021650618787105396	-5.684349178075637	KEGG_GENOME
ko:K13542		4.036920963232164e-06	0.00014739216745183223	-4.88072904117023	KEGG_GENOME
ko:K13543		1.8117182433165765e-05	7.764855636887298e-06	1.12506767469093	KEGG_GENOME
ko:K13566		0.00010087495415675661	0.0001224456880619858	-0.27707703411724854	KEGG_GENOME
ko:K13570		0.0	4.6661529803094495e-06	-2.502369553525821	KEGG_GENOME
ko:K13571		0.0	4.6661529803094495e-06	-2.502369553525821	KEGG_GENOME
ko:K13572		1.380102237973789e-06	0.0001447029610123347	-5.9358628400444555	KEGG_GENOME
ko:K13573		1.380102237973789e-06	0.0001447029610123347	-5.9358628400444555	KEGG_GENOME
ko:K13574		4.8704765371106865e-05	2.6534283041408233e-05	0.8521551316909491	KEGG_GENOME
ko:K13580		3.2297237940211355e-06	7.10919652897777e-05	-4.091203117011675	KEGG_GENOME
ko:K13581		7.555745295057052e-06	1.1176652725303098e-05	-0.5091521620458473	KEGG_GENOME
ko:K13582		5.592678512705447e-07	1.0385165330531346e-05	-2.8682145610188727	KEGG_GENOME
ko:K13583		8.523166421212636e-06	1.1176652725303098e-05	-0.3546043514790454	KEGG_GENOME
ko:K13584		1.013244063175383e-05	1.1176652725303098e-05	-0.12934768315497	KEGG_GENOME
ko:K13585		0.0	6.81307975050502e-06	-2.9658913402967944	KEGG_GENOME
ko:K13587		7.555745295057052e-06	2.0791074349061743e-05	-1.348771887168108	KEGG_GENOME
ko:K13588		7.555745295057052e-06	1.1176652725303098e-05	-0.5091521620458473	KEGG_GENOME
ko:K13589		2.602387132555264e-06	3.882025439228771e-05	-3.466477303046065	KEGG_GENOME
ko:K13590		5.893992542384894e-05	0.00014590955996006467	-1.293339086574848	KEGG_GENOME
ko:K13591		0.0	6.81307975050502e-06	-2.9658913402967944	KEGG_GENOME
ko:K13592		2.602387132555264e-06	1.0385165330531346e-05	-1.6601301071102508	KEGG_GENOME
ko:K13593		0.0	1.0385165330531346e-05	-3.5090833367181404	KEGG_GENOME
ko:K13598		1.3393201426549702e-05	4.597475998781156e-05	-1.7064982692859296	KEGG_GENOME
ko:K13599		1.3393201426549702e-05	4.597475998781156e-05	-1.7064982692859296	KEGG_GENOME
ko:K13609		3.128945623721675e-05	8.99255758360069e-05	-1.4936230115669706	KEGG_GENOME
ko:K13611		0.0	2.7760042195264137e-05	-4.845993887314561	KEGG_GENOME
ko:K13620		1.8549594863710822e-05	8.972349245411194e-06	0.9711333961375642	KEGG_GENOME
ko:K13622		5.663786559461291e-06	1.736253373998145e-05	-1.4623510444919565	KEGG_GENOME
ko:K13623		5.663786559461291e-06	1.736253373998145e-05	-1.4623510444919565	KEGG_GENOME
ko:K13626		6.7636571110744695e-06	4.3754807871453336e-05	-2.527234368354004	KEGG_GENOME
ko:K13628		0.00013891508049573414	0.0002865367811474717	-1.0391950454355523	KEGG_GENOME
ko:K13629		3.158588265025134e-05	1.2635221578209115e-05	1.2569089287489372	KEGG_GENOME
ko:K13630		3.723206294334672e-05	1.4863318252025629e-05	1.2690884656764878	KEGG_GENOME
ko:K13631		6.878589685642681e-05	2.4517082315305314e-05	1.451472132037131	KEGG_GENOME
ko:K13632		4.936853838313465e-05	1.9727300240032617e-05	1.2809906512020381	KEGG_GENOME
ko:K13633		3.3827952182140196e-05	6.071347361470666e-05	-0.8253398529666224	KEGG_GENOME
ko:K13634		9.627845742139842e-05	0.00017562462638806952	-0.8604942520926141	KEGG_GENOME
ko:K13635		6.37997772129948e-05	0.00013984379944224573	-1.1200352932629494	KEGG_GENOME
ko:K13636		3.6000065926938246e-05	3.1774205741503686e-05	0.17496702311697496	KEGG_GENOME
ko:K13637		5.297849051120833e-05	3.124401442509777e-05	0.7433532603207895	KEGG_GENOME
ko:K13638		7.05065981020181e-05	3.2519565054654236e-05	1.0930729403589863	KEGG_GENOME
ko:K13639		7.13639194106275e-05	0.0001423764095001406	-0.9864652139552668	KEGG_GENOME
ko:K13640		1.380102237973789e-06	0.00014697398759583639	-5.958176229758542	KEGG_GENOME
ko:K13641		6.12748267062962e-05	3.311510394417004e-05	0.8682384898436096	KEGG_GENOME
ko:K13642		6.616329630835272e-07	0.0	0.7326017414236495	KEGG_GENOME
ko:K13643		0.00010236575512845429	0.00024574987920024003	-1.2552910756135038	KEGG_GENOME
ko:K13650		3.191758402693966e-05	1.293887347392459e-05	1.239744484892873	KEGG_GENOME
ko:K13651		2.287455879786905e-06	1.9850657673429918e-05	-2.665049452453277	KEGG_GENOME
ko:K13652		5.2017157747660834e-05	6.81218199163048e-05	-0.38268187355546407	KEGG_GENOME
ko:K13653		1.1907017484179524e-05	7.831697852108199e-05	-2.6194740555803886	KEGG_GENOME
ko:K13654		1.290621982117642e-05	7.3082222295634444e-06	0.7431185888474318	KEGG_GENOME
ko:K13655		3.5389200929162666e-06	2.66741268582063e-05	-2.6081168043345997	KEGG_GENOME
ko:K13657		1.1617424277628558e-06	0.0	1.112194635780086	KEGG_GENOME
ko:K13661		2.015763268761717e-06	0.0	1.5925231844461378	KEGG_GENOME
ko:K13665		2.0631907900754196e-06	9.410241353870245e-07	0.6582171704883965	KEGG_GENOME
ko:K13668		9.987774963444743e-07	4.317438111606155e-06	-1.41161345670693	KEGG_GENOME
ko:K13669		1.3527882318246136e-06	8.742848350049659e-07	0.32803125730778065	KEGG_GENOME
ko:K13670		0.0	1.013038822686802e-06	-1.0093749957851508	KEGG_GENOME
ko:K13671		5.821603902853605e-06	0.00015690582831010496	-4.532809624739882	KEGG_GENOME
ko:K13677		1.9063886897771811e-06	2.2710265835016734e-06	-0.17051582756935835	KEGG_GENOME
ko:K13683		1.8549594863710822e-05	8.972349245411194e-06	0.9711333961375642	KEGG_GENOME
ko:K13684		1.8549594863710822e-05	8.972349245411194e-06	0.9711333961375642	KEGG_GENOME
ko:K13687		1.2883476683483899e-06	0.0	1.1943062572289431	KEGG_GENOME
ko:K13688		5.93653153654667e-06	5.126782328596763e-05	-2.913636719369614	KEGG_GENOME
ko:K13693		3.0464920704996315e-05	2.217685083366452e-05	0.44105975442492656	KEGG_GENOME
ko:K13694		7.453831823206617e-05	3.584708693756373e-05	1.0356580972701852	KEGG_GENOME
ko:K13695		0.00010345823659551859	6.43783885220575e-05	0.6760405318567276	KEGG_GENOME
ko:K13727		3.962012747448688e-05	1.6276259650821546e-05	1.233403862542805	KEGG_GENOME
ko:K13730		8.474763641498659e-06	8.261937107282751e-06	0.03277599357574155	KEGG_GENOME
ko:K13735		1.6387690879985153e-05	1.0380856051700818e-05	0.6114572734058222	KEGG_GENOME
ko:K13745		5.6556259768105076e-05	9.636625871632457e-05	-0.7584490645331143	KEGG_GENOME
ko:K13746		2.206797945523487e-06	7.367899095148313e-07	0.8847102058146111	KEGG_GENOME
ko:K13747		8.408153939307493e-06	9.905697767773262e-05	-3.4107663035945035	KEGG_GENOME
ko:K13766		3.469691727104283e-05	0.0001780765704909094	-2.3267051985567044	KEGG_GENOME
ko:K13767		0.0	3.5559854346836596e-06	-2.187763134810897	KEGG_GENOME
ko:K13770		1.045438958910067e-06	2.996435971149821e-05	-3.920126224668333	KEGG_GENOME
ko:K13771		0.00011163640333696245	0.0003253083013970386	-1.5345625183310025	KEGG_GENOME
ko:K13772		5.592678512705447e-07	3.572085580026326e-06	-1.5519836323859453	KEGG_GENOME
ko:K13774		5.612484216596599e-06	4.321392651406981e-05	-2.741236582897107	KEGG_GENOME
ko:K13775		7.330096727157172e-06	5.023540576486969e-05	-2.6207359632036047	KEGG_GENOME
ko:K13776		4.259695984771985e-06	4.289824985904905e-05	-3.0611121054095642	KEGG_GENOME
ko:K13777		7.107274871165426e-06	4.974675386973035e-05	-2.646026577493845	KEGG_GENOME
ko:K13778		7.107274871165426e-06	4.89433010625292e-05	-2.623002218559136	KEGG_GENOME
ko:K13779		4.259695984771985e-06	4.800692447740056e-05	-3.2199342925717485	KEGG_GENOME
ko:K13786		5.592678512705447e-07	0.0	0.6408687756992674	KEGG_GENOME
ko:K13787		1.380102237973789e-06	0.00014697398759583639	-5.958176229758542	KEGG_GENOME
ko:K13788		9.93111520563513e-05	0.00018395065443157038	-0.8826583993498501	KEGG_GENOME
ko:K13789		6.473043573448845e-05	0.00019774737364396352	-1.5963023419828375	KEGG_GENOME
ko:K13793		5.442093943602491e-07	0.0	0.6268683949132385	KEGG_GENOME
ko:K13794		1.978148835006471e-05	1.5325173651222325e-05	0.3482006445321739	KEGG_GENOME
ko:K13795		2.1290075226565755e-05	1.6116661045994076e-05	0.38100018346550607	KEGG_GENOME
ko:K13796		2.0781911061083112e-05	1.6116661045994076e-05	0.34772923404242667	KEGG_GENOME
ko:K13800		3.0613994269060274e-06	1.2849424024568099e-05	-1.7697771538951645	KEGG_GENOME
ko:K13810		8.343094754195741e-07	1.4598272750297675e-05	-3.08807731461846	KEGG_GENOME
ko:K13815		1.1617424277628558e-06	9.144657974262188e-06	-2.230453684758397	KEGG_GENOME
ko:K13816		1.8092506731789286e-05	1.2659426512229023e-05	0.48310961870462044	KEGG_GENOME
ko:K13819		3.5037642149886e-05	2.475359763693319e-05	0.48473063942654476	KEGG_GENOME
ko:K13821		9.609310272249864e-05	0.0003983594597736696	-2.0402471691757387	KEGG_GENOME
ko:K13829		1.380102237973789e-06	2.7760042195264137e-05	-3.5949703410713356	KEGG_GENOME
ko:K13831		2.015763268761717e-06	1.013038822686802e-06	0.583148188660987	KEGG_GENOME
ko:K13832		5.718218152164403e-06	1.553863046406563e-05	-1.2996892240770686	KEGG_GENOME
ko:K13853		1.045438958910067e-06	2.996435971149821e-05	-3.920126224668333	KEGG_GENOME
ko:K13873		1.3527882318246136e-06	4.548862056667904e-07	0.6934651565356571	KEGG_GENOME
ko:K13874		4.462887166233112e-06	1.098405483895568e-06	1.3803701420434735	KEGG_GENOME
ko:K13875		1.939137212522607e-05	3.966341731519812e-05	-0.9957726061584067	KEGG_GENOME
ko:K13876		6.968984990316478e-06	1.053813595997086e-05	-0.5339422837012969	KEGG_GENOME
ko:K13877		7.12286547440274e-05	0.00019483606695178728	-1.4390032836545281	KEGG_GENOME
ko:K13888		6.357063556298006e-05	0.000143263829315836	-1.1597594915123894	KEGG_GENOME
ko:K13889		8.45858534600186e-05	0.00019084930961008474	-1.1645293157934147	KEGG_GENOME
ko:K13890		8.58043873903484e-05	4.968850027478492e-05	0.7761094838386856	KEGG_GENOME
ko:K13891		8.45858534600186e-05	4.854147499455784e-05	0.7887355298810104	KEGG_GENOME
ko:K13892		7.873263597530157e-05	4.8553313749448975e-05	0.6861888285197735	KEGG_GENOME
ko:K13893		8.637411728136349e-05	0.0002831057287968943	-1.7011500422846413	KEGG_GENOME
ko:K13894		8.086661892220003e-05	0.00019920380152204585	-1.2901221500940439	KEGG_GENOME
ko:K13895		8.086661892220003e-05	0.00019563171594201952	-1.264148823017131	KEGG_GENOME
ko:K13896		7.94426043402907e-05	0.00017827975692554014	-1.1561809029394998	KEGG_GENOME
ko:K13918		4.961475352548971e-05	1.656597537484143e-05	1.5267742861778548	KEGG_GENOME
ko:K13919		2.714290350686447e-05	9.160787489220264e-06	1.4697589599688814	KEGG_GENOME
ko:K13920		2.714290350686447e-05	9.160787489220264e-06	1.4697589599688814	KEGG_GENOME
ko:K13921		2.714290350686447e-05	8.766208563358934e-06	1.5269006862280843	KEGG_GENOME
ko:K13922		2.714290350686447e-05	8.766208563358934e-06	1.5269006862280843	KEGG_GENOME
ko:K13923		2.714290350686447e-05	8.122689285130156e-06	1.6252400938130778	KEGG_GENOME
ko:K13924		1.3927002749072895e-05	5.9737720601221286e-05	-2.0246682570590337	KEGG_GENOME
ko:K13926		3.97091663672212e-05	7.658201514302969e-05	-0.9303685708242689	KEGG_GENOME
ko:K13928		5.663959817006008e-05	9.673401850861284e-05	-0.761800533936157	KEGG_GENOME
ko:K13929		5.663959817006008e-05	9.821994840888036e-05	-0.7835699291643301	KEGG_GENOME
ko:K13930		5.663959817006008e-05	9.821994840888036e-05	-0.7835699291643301	KEGG_GENOME
ko:K13931		5.663959817006008e-05	9.821994840888036e-05	-0.7835699291643301	KEGG_GENOME
ko:K13932		5.663959817006008e-05	9.821994840888036e-05	-0.7835699291643301	KEGG_GENOME
ko:K13933		5.663959817006008e-05	9.909423324388533e-05	-0.7962266751638539	KEGG_GENOME
ko:K13934		5.7345455942542355e-05	9.966479648101607e-05	-0.7868670406593095	KEGG_GENOME
ko:K13935		5.5459623751905465e-05	9.517360407765802e-05	-0.7684214698479936	KEGG_GENOME
ko:K13936		0.00018066211487853995	0.0002764593268981519	-0.611018719572362	KEGG_GENOME
ko:K13938		6.468485486782618e-05	0.00011177978177357166	-0.7798757885225249	KEGG_GENOME
ko:K13940		1.380102237973789e-06	4.6661529803094495e-06	-1.2513460072825953	KEGG_GENOME
ko:K13950		0.0	0.00015126508524119088	-7.250441355998593	KEGG_GENOME
ko:K13953		7.185346274740245e-05	0.00027150394439206496	-1.9032076617392524	KEGG_GENOME
ko:K13954		7.243599256525195e-05	7.192470846100182e-05	0.010079618873372852	KEGG_GENOME
ko:K13955		3.730586356084887e-06	1.048026879793413e-06	1.20778436622921	KEGG_GENOME
ko:K13967		1.2883476683483899e-06	0.0	1.1943062572289431	KEGG_GENOME
ko:K13979		9.575242799401797e-05	0.0003032051294543562	-1.6526747086078275	KEGG_GENOME
ko:K13985		1.9509419350528095e-06	0.0	1.561175533499328	KEGG_GENOME
ko:K13991		1.5085868765010438e-06	7.604567145276771e-06	-1.7782277171098981	KEGG_GENOME
ko:K13993		6.294732486925486e-05	0.0002551177894813334	-2.001851550703149	KEGG_GENOME
ko:K13995		7.344042826698458e-06	3.0398569232303657e-05	-1.9118803522160468	KEGG_GENOME
ko:K14028		2.677396231845244e-06	1.013038822686802e-06	0.8693096365407914	KEGG_GENOME
ko:K14029		2.677396231845244e-06	1.013038822686802e-06	0.8693096365407914	KEGG_GENOME
ko:K14048		3.3453532483793645e-06	5.497909724139372e-06	-0.5805022370166074	KEGG_GENOME
ko:K14051		2.6184474797709093e-05	1.1678363089939712e-05	1.1004144652377388	KEGG_GENOME
ko:K14052		3.241697899069502e-05	0.0001284065594730111	-1.9532575279375397	KEGG_GENOME
ko:K14053		4.196471632232009e-06	6.753419856022356e-06	-0.5773004146651378	KEGG_GENOME
ko:K14054		4.577371679253919e-05	1.711858446998708e-05	1.3682278265847165	KEGG_GENOME
ko:K14055		9.84112510057143e-05	0.00014675422233987386	-0.5717183134248226	KEGG_GENOME
ko:K14056		3.2310213186775024e-05	2.1400352344058483e-05	0.5724431621652523	KEGG_GENOME
ko:K14057		4.768720743896441e-05	6.640252233594164e-05	-0.46925982686689427	KEGG_GENOME
ko:K14058		0.00010434203409904634	0.00024047813375525334	-1.1968113339985027	KEGG_GENOME
ko:K14059		5.607864318926115e-05	4.8176024702362423e-05	0.21499592617584615	KEGG_GENOME
ko:K14060		1.5268547352541872e-05	4.632251044941493e-05	-1.5404411744206186	KEGG_GENOME
ko:K14061		5.4961744098836635e-05	3.093050077138031e-05	0.8095057469982913	KEGG_GENOME
ko:K14062		6.796201891631418e-05	3.439534037652124e-05	0.9622425619947299	KEGG_GENOME
ko:K14063		2.6850486240054577e-05	2.1632883522594145e-05	0.29928211411002786	KEGG_GENOME
ko:K14064		3.9013725392627964e-05	1.5664450091087855e-05	1.2637212431333602	KEGG_GENOME
ko:K14067		4.069821774601089e-06	1.4679250283535923e-06	1.038636463000104	KEGG_GENOME
ko:K14083		2.1141836863957624e-05	1.945391984394339e-05	0.11439755997508148	KEGG_GENOME
ko:K14136		9.987774963444743e-07	1.048026879793413e-06	-0.03511677004726826	KEGG_GENOME
ko:K14153		1.8352940458340083e-05	1.0928601313142279e-05	0.698127894164514	KEGG_GENOME
ko:K14155		9.47379222312955e-05	9.091020163179642e-05	0.058865492796823696	KEGG_GENOME
ko:K14159		1.5470775704693832e-06	6.658229374183937e-05	-4.729730514145935	KEGG_GENOME
ko:K14160		2.373035894802062e-05	0.00014187369905177322	-2.530385276976662	KEGG_GENOME
ko:K14161		2.8946785272213812e-05	0.00030154337370431016	-3.3366689411576806	KEGG_GENOME
ko:K14162		2.8819951711675644e-05	0.0003047156421766779	-3.3578405441807337	KEGG_GENOME
ko:K14166		2.7294876908551157e-06	7.914873947717509e-07	1.0578195726435542	KEGG_GENOME
ko:K14170		0.0001223162215922595	0.0002618875195956204	-1.0920830615518577	KEGG_GENOME
ko:K14187		8.597035742361559e-05	4.3236349156857456e-05	0.9752914389005223	KEGG_GENOME
ko:K14188		2.9843584206923115e-06	6.044702996540616e-07	1.312250349532847	KEGG_GENOME
ko:K14189		3.959640239235222e-05	6.241477018516519e-05	-0.6434670202576205	KEGG_GENOME
ko:K14194		0.0	9.410241353870245e-07	-0.9568180571482727	KEGG_GENOME
ko:K14205		9.779560364583019e-06	0.00011822685845147266	-3.46733902566677	KEGG_GENOME
ko:K14206		0.0	8.742848350049659e-07	-0.9063402159763106	KEGG_GENOME
ko:K14213		9.67808537361711e-06	0.0	3.416581083709453	KEGG_GENOME
ko:K14218		0.0007461390450701768	0.002416145339534879	-1.6938555594500602	KEGG_GENOME
ko:K14219		0.0008612735668485636	0.0021548363070456617	-1.3220300784925232	KEGG_GENOME
ko:K14220		0.0004108551205398595	0.0008935240507259769	-1.1189833463215932	KEGG_GENOME
ko:K14221		0.00044829957434414715	0.0009884561379702214	-1.138958059750175	KEGG_GENOME
ko:K14222		0.00018115680413748522	0.0005094723824165531	-1.4866520251612678	KEGG_GENOME
ko:K14223		0.00040396751886841517	0.0009032767790758154	-1.1589582184564382	KEGG_GENOME
ko:K14224		0.0005371333800495541	0.0014001272378241837	-1.3805522702790496	KEGG_GENOME
ko:K14225		0.0007389412598673343	0.0020119958649786897	-1.4438615564744266	KEGG_GENOME
ko:K14226		0.0001821299022250732	0.000558026227490895	-1.6100485909767437	KEGG_GENOME
ko:K14227		0.00048376313649522437	0.0015142380290455082	-1.6441925454872623	KEGG_GENOME
ko:K14228		0.001041798949346499	0.0027065772939718685	-1.3765414890181278	KEGG_GENOME
ko:K14229		0.0006451030832513156	0.0012094899419248179	-0.9057548270804483	KEGG_GENOME
ko:K14230		0.0008419011027159569	0.0019819457374786473	-1.2342099240131814	KEGG_GENOME
ko:K14231		0.0002754782179366573	0.000656695586736485	-1.250254165911283	KEGG_GENOME
ko:K14232		0.0004312414437029349	0.0013367804590327008	-1.6299320662209784	KEGG_GENOME
ko:K14233		0.0006966513282071144	0.001973710785354314	-1.501063280398538	KEGG_GENOME
ko:K14234		0.0005803375605551097	0.0014600257488138464	-1.3295335740701206	KEGG_GENOME
ko:K14235		0.00017852747239144987	0.000503399106526828	-1.4903610891763228	KEGG_GENOME
ko:K14236		0.00032651002694679355	0.0006314750349804573	-0.9494694585158111	KEGG_GENOME
ko:K14237		0.0007457305292710619	0.0017249172235049399	-1.208703652877048	KEGG_GENOME
ko:K14238		4.426538681121748e-05	8.490095725328439e-05	-0.9242659255258151	KEGG_GENOME
ko:K14257		0.0	1.7481823041105056e-06	-1.4584777103104687	KEGG_GENOME
ko:K14259		1.8590734837605024e-05	1.553863046406563e-05	0.2443317409855124	KEGG_GENOME
ko:K14260		0.00011152121039256596	0.0002389774906044253	-1.0927021134053847	KEGG_GENOME
ko:K14261		7.498508412438115e-05	0.00012324731179945054	-0.7094264877847938	KEGG_GENOME
ko:K14266		4.3363739472802976e-05	1.581405366381781e-05	1.3997133943863767	KEGG_GENOME
ko:K14267		1.1692936149635522e-05	0.00014420686111084162	-3.5160118837993903	KEGG_GENOME
ko:K14268		3.918258317142125e-06	8.395916096593229e-05	-4.110550103163429	KEGG_GENOME
ko:K14274		2.1870977072441878e-06	6.81307975050502e-06	-1.2936480916247417	KEGG_GENOME
ko:K14287		9.748159095341573e-05	0.00016638297540384295	-0.7652268245848045	KEGG_GENOME
ko:K14330		8.474748638955368e-07	0.0	0.8855547356948626	KEGG_GENOME
ko:K14333		0.0	6.025026244557509e-06	-2.8125036150591503	KEGG_GENOME
ko:K14335		9.15407721319925e-06	0.00020108812689034985	-4.314853521974049	KEGG_GENOME
ko:K14337		1.4681860546803459e-05	0.00014557724584733967	-3.224492521046574	KEGG_GENOME
ko:K14338		1.3527882318246136e-06	5.570140038890719e-06	-1.4815526478358183	KEGG_GENOME
ko:K14339		4.036920963232164e-06	0.0	2.3325420931466616	KEGG_GENOME
ko:K14340		1.2883476683483899e-06	8.375259703326419e-06	-2.034552397801518	KEGG_GENOME
ko:K14347		8.619334506195176e-05	0.00030611201037901474	-1.8164750014216189	KEGG_GENOME
ko:K14348		4.082625741883536e-05	1.9507169716965248e-05	1.0282805195355482	KEGG_GENOME
ko:K14379		2.1336159020533873e-05	1.048026879793413e-06	3.4470745622978853	KEGG_GENOME
ko:K14386		8.72655175543315e-07	0.0	0.9050852709997209	KEGG_GENOME
ko:K14387		9.684179536941271e-07	0.0	0.9770365802818481	KEGG_GENOME
ko:K14388		8.474748638955368e-07	0.0	0.8855547356948626	KEGG_GENOME
ko:K14392		7.374910678646791e-05	4.4820892570473256e-05	0.7060507779772872	KEGG_GENOME
ko:K14393		0.00010504031186295755	0.0002961059977776129	-1.4863649113636201	KEGG_GENOME
ko:K14414		2.3875314313442336e-05	7.146629897913161e-05	-1.542595459417765	KEGG_GENOME
ko:K14415		3.529511109644223e-05	0.00018995025628094572	-2.3953497189499857	KEGG_GENOME
ko:K14441		0.0001235274058543727	0.0004239182909507646	-1.7707221629873098	KEGG_GENOME
ko:K14445		7.40615425886007e-05	0.00010464390368599906	-0.4930636727018891	KEGG_GENOME
ko:K14446		4.953358162501788e-06	5.633622290813018e-06	-0.15609317785973648	KEGG_GENOME
ko:K14447		4.953358162501788e-06	6.758699371605853e-06	-0.3821111351520126	KEGG_GENOME
ko:K14448		4.953358162501788e-06	4.363572974798077e-06	0.15050931108273624	KEGG_GENOME
ko:K14449		7.036070334566604e-06	1.232883941049657e-05	-0.7299890690789433	KEGG_GENOME
ko:K14451		4.953358162501788e-06	7.914873947717509e-07	1.7325457990423514	KEGG_GENOME
ko:K14470		2.717396682366189e-06	2.03315348716785e-06	0.2934741412556382	KEGG_GENOME
ko:K14475		2.108907358745116e-05	0.00010242492865213722	-2.2271791436743453	KEGG_GENOME
ko:K14520		0.0	8.210382850152301e-06	-3.2032611264074284	KEGG_GENOME
ko:K14534		2.7790438653204963e-06	0.0	1.9180212648040293	KEGG_GENOME
ko:K14540		2.973210122412614e-05	8.330982232482012e-05	-1.4559543082093955	KEGG_GENOME
ko:K14578		1.0716643375828397e-06	1.14722609174776e-05	-2.589860840677729	KEGG_GENOME
ko:K14579		0.0	5.978740793486521e-07	-0.6761537209960984	KEGG_GENOME
ko:K14580		0.0	5.978740793486521e-07	-0.6761537209960984	KEGG_GENOME
ko:K14581		1.0716643375828397e-06	1.0527602850154424e-06	0.013225104770328218	KEGG_GENOME
ko:K14582		0.0	5.978740793486521e-07	-0.6761537209960984	KEGG_GENOME
ko:K14583		0.0	5.978740793486521e-07	-0.6761537209960984	KEGG_GENOME
ko:K14585		0.0	5.978740793486521e-07	-0.6761537209960984	KEGG_GENOME
ko:K14587		7.058577724822759e-07	2.221990147695685e-06	-0.9174547169360174	KEGG_GENOME
ko:K14588		5.288770569153712e-05	3.1458698343140696e-05	0.7313510180670821	KEGG_GENOME
ko:K14591		5.5333792654156444e-05	3.30247213413544e-05	0.7274172575513991	KEGG_GENOME
ko:K14596		9.39724323654986e-06	2.9901734828013122e-05	-1.5714867759379452	KEGG_GENOME
ko:K14623		3.454158600356027e-05	3.011286716726606e-05	0.1919967107058445	KEGG_GENOME
ko:K14645		8.110422547268219e-05	0.00024218054208148003	-1.5664994202268432	KEGG_GENOME
ko:K14647		9.674211261555845e-07	0.0	0.9763057992981491	KEGG_GENOME
ko:K14648		0.0	3.572085580026326e-06	-2.1928524080852125	KEGG_GENOME
ko:K14652		8.90893852625284e-05	0.00047251561280009963	-2.3939829588189188	KEGG_GENOME
ko:K14654		0.0	5.570588332195691e-06	-2.716022555622158	KEGG_GENOME
ko:K14657		1.9358272922307218e-05	3.099597044824185e-05	-0.6522750477429221	KEGG_GENOME
ko:K14658		5.592678512705447e-07	0.0	0.6408687756992674	KEGG_GENOME
ko:K14659		1.296983411757319e-06	0.0	1.199740437968833	KEGG_GENOME
ko:K14660		6.071893865042878e-06	1.4308347489925623e-06	1.5406448023367914	KEGG_GENOME
ko:K14661		5.592678512705447e-07	0.0	0.6408687756992674	KEGG_GENOME
ko:K14665		2.1875018872339218e-05	1.4308316471133978e-05	0.5794573021694845	KEGG_GENOME
ko:K14666		5.592678512705447e-07	0.0	0.6408687756992674	KEGG_GENOME
ko:K14674		1.0299721907508496e-06	0.0	1.0214599635973238	KEGG_GENOME
ko:K14681		7.380997122052503e-06	7.367899095148313e-07	2.2706986483084104	KEGG_GENOME
ko:K14682		9.419942302270193e-05	0.0002314999863566773	-1.288205896664078	KEGG_GENOME
ko:K14683		1.2732606220386876e-05	1.75696335952002e-05	-0.435339898159769	KEGG_GENOME
ko:K14698		3.4256228110008176e-05	0.00020385998455196554	-2.538688168010334	KEGG_GENOME
ko:K14699		3.4256228110008176e-05	6.155214993643861e-05	-0.8271813350254429	KEGG_GENOME
ko:K14727		5.855221568128175e-06	5.570140038890719e-06	0.06127917509230606	KEGG_GENOME
ko:K14731		5.592678512705447e-07	4.548862056667904e-07	0.0999624589508335	KEGG_GENOME
ko:K14733		1.5085868765010438e-06	7.914873947717509e-07	0.4857170093541498	KEGG_GENOME
ko:K14742		0.00015763474214526633	0.0004677396026697499	-1.5630779235661239	KEGG_GENOME
ko:K14744		4.858440225784942e-05	2.3006521413647156e-05	1.0464599943621289	KEGG_GENOME
ko:K14748		0.0	6.848564540872233e-07	-0.7526256823280975	KEGG_GENOME
ko:K14749		0.0	6.848564540872233e-07	-0.7526256823280975	KEGG_GENOME
ko:K14750		0.0	6.848564540872233e-07	-0.7526256823280975	KEGG_GENOME
ko:K14761		9.549689265514083e-05	0.00027209978575449645	-1.5008737910217116	KEGG_GENOME
ko:K14762		6.521863389570911e-05	3.0629714283932126e-05	1.0659567241127166	KEGG_GENOME
ko:K14940		1.7539061672101034e-06	0.0	1.4614794039148264	KEGG_GENOME
ko:K14941		6.616329630835272e-07	2.3951263968077757e-06	-1.0308635439899032	KEGG_GENOME
ko:K14954		0.0	2.3951263968077757e-06	-1.7634652854135529	KEGG_GENOME
ko:K14974		2.9254080013977575e-06	1.5219826855080984e-05	-2.0468439004141032	KEGG_GENOME
ko:K14977		1.9083679818121874e-05	7.837172642924449e-05	-1.982601555859318	KEGG_GENOME
ko:K14978		6.441738341741949e-07	0.0	0.7173628394349931	KEGG_GENOME
ko:K14979		1.4916486980697317e-06	0.0	1.3171006745899225	KEGG_GENOME
ko:K14980		1.4132548805728058e-05	1.1913442634817928e-05	0.22878133957993138	KEGG_GENOME
ko:K14981		6.894112331973525e-06	1.1176652725303098e-05	-0.6252686473883533	KEGG_GENOME
ko:K14986		8.867935524863067e-06	3.186259071009703e-05	-1.735626024599741	KEGG_GENOME
ko:K14987		1.2390105313719252e-05	2.7656786045580782e-05	-1.0977095080361154	KEGG_GENOME
ko:K14998		3.8683283701037525e-05	0.00015114686615683097	-1.9388613027709944	KEGG_GENOME
ko:K15011		3.604412842987044e-05	0.00018195493895462723	-2.3041715667847025	KEGG_GENOME
ko:K15012		3.475578076152205e-05	0.00018688845047312597	-2.3936279754474334	KEGG_GENOME
ko:K15020		0.0	6.78962680816249e-07	-0.7475701630922805	KEGG_GENOME
ko:K15024		2.214029599104359e-05	1.0995826470361236e-05	0.9478747606122575	KEGG_GENOME
ko:K15034		0.00011674829926632087	0.0003242715504580992	-1.4659384220776188	KEGG_GENOME
ko:K15035		0.00010487695396150657	0.00017809740066698383	-0.7583558041262822	KEGG_GENOME
ko:K15045		0.0	1.3803091877436089e-06	-1.2511489830511484	KEGG_GENOME
ko:K15054		2.5824531565922088e-06	1.2136310457196337e-05	-1.874540383241882	KEGG_GENOME
ko:K15056		0.0	4.548862056667904e-07	-0.540906316748434	KEGG_GENOME
ko:K15057		0.0	5.570140038890719e-06	-2.7159241211199094	KEGG_GENOME
ko:K15060		8.343094754195741e-07	3.3048988081413565e-06	-1.2307422620464028	KEGG_GENOME
ko:K15064		0.0	6.81307975050502e-06	-2.9658913402967944	KEGG_GENOME
ko:K15066		1.5085868765010438e-06	7.914873947717509e-07	0.4857170093541498	KEGG_GENOME
ko:K15067		4.994047991509549e-06	2.0205666299243082e-05	-1.8228472743076694	KEGG_GENOME
ko:K15125		6.928543195491624e-05	0.00013549837895712372	-0.9575862195947832	KEGG_GENOME
ko:K15228		1.823375390846383e-06	4.849360593571439e-06	-1.0508579695135687	KEGG_GENOME
ko:K15229		1.823375390846383e-06	4.849360593571439e-06	-1.0508579695135687	KEGG_GENOME
ko:K15245		0.0	4.548862056667904e-07	-0.540906316748434	KEGG_GENOME
ko:K15253		1.2088098058651451e-06	0.0	1.1432691978021177	KEGG_GENOME
ko:K15255		1.5470775704693832e-06	6.658229374183937e-05	-4.729730514145935	KEGG_GENOME
ko:K15256		0.00013774603051029417	0.00028472035870114764	-1.0421573407380191	KEGG_GENOME
ko:K15257		0.00010726118456218735	0.0002318832357211164	-1.1050907109758508	KEGG_GENOME
ko:K15268		7.175752277422972e-05	0.00018814915098977668	-1.3783559722554144	KEGG_GENOME
ko:K15269		2.441347371920243e-05	5.8123864278877835e-05	-1.2181469776247176	KEGG_GENOME
ko:K15270		0.0	6.848564540872233e-07	-0.7526256823280975	KEGG_GENOME
ko:K15311		0.0	2.7760042195264137e-05	-4.845993887314561	KEGG_GENOME
ko:K15312		0.0	2.7760042195264137e-05	-4.845993887314561	KEGG_GENOME
ko:K15313		0.0	2.7760042195264137e-05	-4.845993887314561	KEGG_GENOME
ko:K15314		2.015763268761717e-06	0.0	1.5925231844461378	KEGG_GENOME
ko:K15329		9.557390321169263e-06	5.924672269654971e-05	-2.5126295043813225	KEGG_GENOME
ko:K15337		0.0	2.7760042195264137e-05	-4.845993887314561	KEGG_GENOME
ko:K15342		9.882101775164402e-05	0.00017095452055015665	-0.7846115252833323	KEGG_GENOME
ko:K15344		6.441738341741949e-07	0.0	0.7173628394349931	KEGG_GENOME
ko:K15345		6.441738341741949e-07	0.0	0.7173628394349931	KEGG_GENOME
ko:K15346		6.441738341741949e-07	0.0	0.7173628394349931	KEGG_GENOME
ko:K15349		7.058577724822759e-07	2.221990147695685e-06	-0.9174547169360174	KEGG_GENOME
ko:K15350		6.441738341741949e-07	0.0	0.7173628394349931	KEGG_GENOME
ko:K15355		8.770905280114744e-06	0.0	3.2884922349293264	KEGG_GENOME
ko:K15357		2.9254080013977575e-06	2.3127040143696233e-05	-2.619736420902383	KEGG_GENOME
ko:K15358		1.4947906545688276e-06	0.0	1.3189187597361614	KEGG_GENOME
ko:K15367		6.441738341741949e-07	0.0	0.7173628394349931	KEGG_GENOME
ko:K15368		6.441738341741949e-07	0.0	0.7173628394349931	KEGG_GENOME
ko:K15371		3.5580668132790076e-05	0.00029682082597127444	-3.02529131126821	KEGG_GENOME
ko:K15372		2.2087296650204862e-05	1.536771449129958e-05	0.4962463693012902	KEGG_GENOME
ko:K15373		2.2775831173325853e-05	1.914452493375389e-05	0.2391079938220639	KEGG_GENOME
ko:K15383		1.628673325628259e-05	1.0657481163147818e-05	0.5684091643483339	KEGG_GENOME
ko:K15396		9.440848873590934e-05	0.00020305294019620678	-1.0967539612189425	KEGG_GENOME
ko:K15408		4.020001472754099e-06	1.8077474015662564e-05	-1.9261104690352895	KEGG_GENOME
ko:K15431		7.482879172453427e-07	1.739829392329788e-06	-0.6481432651471439	KEGG_GENOME
ko:K15460		0.00012580943828338715	8.724666722848504e-05	0.5230484287157381	KEGG_GENOME
ko:K15461		9.374551369897224e-05	0.00022209896936463026	-1.235554312009526	KEGG_GENOME
ko:K15475		7.377155604867742e-07	0.0	0.7971919526595865	KEGG_GENOME
ko:K15495		3.414394599942116e-06	2.501234388212284e-06	0.3343519515531601	KEGG_GENOME
ko:K15496		3.414394599942116e-06	2.501234388212284e-06	0.3343519515531601	KEGG_GENOME
ko:K15509		3.0033775310698716e-06	7.914873947717509e-07	1.1600597802905974	KEGG_GENOME
ko:K15511		3.0033775310698716e-06	1.2386653678219978e-05	-1.7415057908631681	KEGG_GENOME
ko:K15512		3.0033775310698716e-06	1.2386653678219978e-05	-1.7415057908631681	KEGG_GENOME
ko:K15513		3.0033775310698716e-06	1.2386653678219978e-05	-1.7415057908631681	KEGG_GENOME
ko:K15514		0.0	5.570140038890719e-06	-2.7159241211199094	KEGG_GENOME
ko:K15515		6.616329630835272e-07	6.025026244557509e-06	-2.0799018736355004	KEGG_GENOME
ko:K15518		1.045438958910067e-06	2.996435971149821e-05	-3.920126224668333	KEGG_GENOME
ko:K15519		4.0943590476980846e-05	6.112525375855769e-05	-0.5667294745100175	KEGG_GENOME
ko:K15520		4.036920963232164e-06	6.937179563811123e-06	-0.656084350975778	KEGG_GENOME
ko:K15521		2.732890469798403e-06	4.6661529803094495e-06	-0.6020763757171272	KEGG_GENOME
ko:K15523		4.035357219492222e-06	0.0	2.332094129872408	KEGG_GENOME
ko:K15524		1.8888040047778898e-05	8.273094788036304e-06	1.1007782995106674	KEGG_GENOME
ko:K15525		1.380102237973789e-06	4.6661529803094495e-06	-1.2513460072825953	KEGG_GENOME
ko:K15526		1.380102237973789e-06	4.6661529803094495e-06	-1.2513460072825953	KEGG_GENOME
ko:K15528		0.0	9.410241353870245e-07	-0.9568180571482727	KEGG_GENOME
ko:K15530		0.0	8.742848350049659e-07	-0.9063402159763106	KEGG_GENOME
ko:K15531		7.377155604867742e-07	0.0	0.7971919526595865	KEGG_GENOME
ko:K15532		9.360895479530593e-05	4.911146555435318e-05	0.9168360107101186	KEGG_GENOME
ko:K15533		0.0	0.00014230783461552694	-7.1629736734291924	KEGG_GENOME
ko:K15536		6.587527267702208e-05	3.0058126908456497e-05	1.1065020443233555	KEGG_GENOME
ko:K15538		0.0	4.478625312831978e-06	-2.4538139400550274	KEGG_GENOME
ko:K15539		9.609484285071913e-05	0.00016759124916093733	-0.7960630795053152	KEGG_GENOME
ko:K15540		0.00013120538351344386	0.00022293829698598395	-0.7603203471430132	KEGG_GENOME
ko:K15545		7.500367696477733e-05	4.249955924734262e-05	0.8050684329154882	KEGG_GENOME
ko:K15546		3.0033775310698716e-06	1.2386653678219978e-05	-1.7415057908631681	KEGG_GENOME
ko:K15547		2.3804050640697796e-05	9.506825007363253e-06	1.2392489640081625	KEGG_GENOME
ko:K15548		6.145472228676935e-05	3.0085757696019497e-05	1.0065569159992873	KEGG_GENOME
ko:K15549		2.3804050640697796e-05	9.506825007363253e-06	1.2392489640081625	KEGG_GENOME
ko:K15550		2.0950199007009142e-05	8.03889997900966e-06	1.2800149051746013	KEGG_GENOME
ko:K15551		7.46978180854225e-05	0.00011006535243180498	-0.5530852070234331	KEGG_GENOME
ko:K15552		7.46978180854225e-05	0.00010173573792735869	-0.4406145070356639	KEGG_GENOME
ko:K15553		0.0002445088054326814	0.0008199648331399118	-1.7415456547737145	KEGG_GENOME
ko:K15554		0.0001668993152683934	0.0004783501322794515	-1.5134834837921154	KEGG_GENOME
ko:K15555		0.00017914299040143727	0.000472721689681687	-1.3948972125291954	KEGG_GENOME
ko:K15576		7.219403510763768e-05	0.00011324910858976401	-0.6423849218574418	KEGG_GENOME
ko:K15577		7.219403510763768e-05	0.00011324910858976401	-0.6423849218574418	KEGG_GENOME
ko:K15578		7.219403510763768e-05	0.00011324910858976401	-0.6423849218574418	KEGG_GENOME
ko:K15579		2.6568187252583753e-06	1.8153089703919903e-06	0.3772958498281768	KEGG_GENOME
ko:K15580		0.00019467652768531078	0.00048650202502415884	-1.3169375033288417	KEGG_GENOME
ko:K15581		7.902147899295115e-05	0.0002911551239556779	-1.8682753935964995	KEGG_GENOME
ko:K15582		7.902147899295115e-05	0.0002967268374804553	-1.8955300752451114	KEGG_GENOME
ko:K15583		7.857145821321628e-05	0.0002918919138651927	-1.8800454210288313	KEGG_GENOME
ko:K15584		3.258740819472038e-05	3.686508022365608e-05	-0.172947512419213	KEGG_GENOME
ko:K15585		3.258740819472038e-05	3.686508022365608e-05	-0.172947512419213	KEGG_GENOME
ko:K15586		3.258740819472038e-05	3.686508022365608e-05	-0.172947512419213	KEGG_GENOME
ko:K15587		3.258740819472038e-05	3.686508022365608e-05	-0.172947512419213	KEGG_GENOME
ko:K15598		2.6282582078838593e-05	1.019984449615559e-05	1.2845014890313327	KEGG_GENOME
ko:K15599		2.6282582078838593e-05	1.019984449615559e-05	1.2845014890313327	KEGG_GENOME
ko:K15600		2.6282582078838593e-05	6.627758916129264e-06	1.8386490389150998	KEGG_GENOME
ko:K15629		3.0803155813963395e-06	1.4811458411315608e-05	-1.9542178014724638	KEGG_GENOME
ko:K15633		0.00012611818444371897	0.0002472173580720898	-0.9654335832515324	KEGG_GENOME
ko:K15634		6.765870133466695e-05	7.258666107475964e-05	-0.1000017059061737	KEGG_GENOME
ko:K15635		5.718218152164403e-06	1.822783690356316e-05	-1.5170459230073274	KEGG_GENOME
ko:K15640		1.045438958910067e-06	3.2235386294999886e-05	-4.022237733142705	KEGG_GENOME
ko:K15644		0.0	1.270049316014941e-06	-1.1827236398938792	KEGG_GENOME
ko:K15645		0.0	1.270049316014941e-06	-1.1827236398938792	KEGG_GENOME
ko:K15646		0.0	1.270049316014941e-06	-1.1827236398938792	KEGG_GENOME
ko:K15647		0.0	1.270049316014941e-06	-1.1827236398938792	KEGG_GENOME
ko:K15648		0.0	1.270049316014941e-06	-1.1827236398938792	KEGG_GENOME
ko:K15649		0.0	1.270049316014941e-06	-1.1827236398938792	KEGG_GENOME
ko:K15650		0.0	3.0529896142039486e-06	-2.01898647847983	KEGG_GENOME
ko:K15651		0.0	1.270049316014941e-06	-1.1827236398938792	KEGG_GENOME
ko:K15658		0.0	7.73174042509764e-06	-3.126269242904214	KEGG_GENOME
ko:K15659		0.0	7.152308407538533e-06	-3.0272086307002612	KEGG_GENOME
ko:K15660		0.0	7.152308407538533e-06	-3.0272086307002612	KEGG_GENOME
ko:K15669		0.0	1.739829392329788e-06	-1.4540860601555343	KEGG_GENOME
ko:K15681		8.0226173628694e-06	0.0	3.173546004288033	KEGG_GENOME
ko:K15721		1.9236380761742313e-05	3.393260771010327e-05	-0.7876230537278068	KEGG_GENOME
ko:K15722		3.7786873819415284e-05	1.4863318252025629e-05	1.2898739186732715	KEGG_GENOME
ko:K15723		8.45902551856418e-05	4.3236349156857456e-05	0.9522142247122981	KEGG_GENOME
ko:K15724		0.00010523501880226952	0.0002723740818723041	-1.36361706236882	KEGG_GENOME
ko:K15725		8.662882159169324e-05	0.00019111686087511543	-1.1325067775638913	KEGG_GENOME
ko:K15726		0.00015714833990505204	0.00023936936751440814	-0.603974639970235	KEGG_GENOME
ko:K15727		0.00015977374117461633	0.0002425881975095124	-0.5994124390437472	KEGG_GENOME
ko:K15733		1.380102237973789e-06	2.2710265835016734e-06	-0.45871993794976484	KEGG_GENOME
ko:K15735		2.949687217191263e-05	1.1604933260144894e-05	1.2746728046808395	KEGG_GENOME
ko:K15736		5.071517896145992e-05	2.8682489112468413e-05	0.8009757107431871	KEGG_GENOME
ko:K15737		2.7075161990630925e-05	1.0938189333442502e-05	1.2337103073723392	KEGG_GENOME
ko:K15738		0.0001549089553525596	0.0004707782483447864	-1.597405105396429	KEGG_GENOME
ko:K15740		7.527252791778989e-06	1.567777181764689e-05	-0.9677736235349441	KEGG_GENOME
ko:K15746		5.133851403590536e-05	7.395219223299036e-05	-0.5180977105125371	KEGG_GENOME
ko:K15760		1.3527882318246136e-06	0.0	1.2343714732840911	KEGG_GENOME
ko:K15761		1.3527882318246136e-06	0.0	1.2343714732840911	KEGG_GENOME
ko:K15762		5.3843147693480475e-06	0.0	2.6745317832931064	KEGG_GENOME
ko:K15763		1.3527882318246136e-06	0.0	1.2343714732840911	KEGG_GENOME
ko:K15764		1.3527882318246136e-06	0.0	1.2343714732840911	KEGG_GENOME
ko:K15765		1.3527882318246136e-06	0.0	1.2343714732840911	KEGG_GENOME
ko:K15770		4.597422981387313e-05	0.00021984928916635605	-2.2331207762474934	KEGG_GENOME
ko:K15771		4.597422981387313e-05	0.00021984928916635605	-2.2331207762474934	KEGG_GENOME
ko:K15772		4.597422981387313e-05	0.00021984928916635605	-2.2331207762474934	KEGG_GENOME
ko:K15773		4.495781953143087e-05	6.0031333156592945e-05	-0.40923975375875404	KEGG_GENOME
ko:K15777		8.484741567978493e-05	0.00014793622254473377	-0.7948480625766843	KEGG_GENOME
ko:K15778		1.2148707056942444e-05	0.0001383217229524561	-3.40542737151666	KEGG_GENOME
ko:K15782		3.901674025458306e-06	9.663112265993863e-06	-1.1212821327334603	KEGG_GENOME
ko:K15783		6.071893865042878e-06	1.1082748255597209e-05	-0.7727801090520002	KEGG_GENOME
ko:K15784		4.304931510944294e-06	9.475121020678721e-06	-0.9815608811678548	KEGG_GENOME
ko:K15785		6.071893865042878e-06	1.1082748255597209e-05	-0.7727801090520002	KEGG_GENOME
ko:K15786		4.004039137271289e-06	9.663112265993863e-06	-1.0914636039552155	KEGG_GENOME
ko:K15790		3.761267326991827e-05	5.296852603786412e-05	-0.48304384586824256	KEGG_GENOME
ko:K15827		3.63963407251018e-05	1.288405851912117e-05	1.4294677566277232	KEGG_GENOME
ko:K15828		3.702150426718785e-05	1.4122217080182817e-05	1.3301459415856074	KEGG_GENOME
ko:K15829		3.7576315143256415e-05	1.4122217080182817e-05	1.3510456722514286	KEGG_GENOME
ko:K15830		3.7576315143256415e-05	2.4314028483810266e-05	0.6077782252368725	KEGG_GENOME
ko:K15831		3.7576315143256415e-05	1.4122217080182817e-05	1.3510456722514286	KEGG_GENOME
ko:K15832		3.839571324618593e-05	2.4314028483810266e-05	0.6381015379444274	KEGG_GENOME
ko:K15833		3.9716901430296344e-05	1.5243847212551998e-05	1.3257344133771332	KEGG_GENOME
ko:K15834		3.7576315143256415e-05	2.4314028483810266e-05	0.6077782252368725	KEGG_GENOME
ko:K15835		1.2307717699672353e-05	7.440198334849612e-06	0.656914361265852	KEGG_GENOME
ko:K15836		5.5986383998273645e-05	3.405056281842011e-05	0.7011796408727994	KEGG_GENOME
ko:K15841		7.253217638932594e-06	1.1709032874866152e-06	1.926661228885232	KEGG_GENOME
ko:K15855		1.0550740549160425e-05	0.0	3.529913444567827	KEGG_GENOME
ko:K15856		3.2297237940211355e-06	3.924781395906248e-05	-3.2502750642209195	KEGG_GENOME
ko:K15861		1.4802375955725048e-06	3.572085580026326e-06	-0.8823740771765398	KEGG_GENOME
ko:K15862		4.194787212467525e-05	4.4010318071627576e-05	-0.06766910572720462	KEGG_GENOME
ko:K15864		5.38614741167349e-06	4.949904933817036e-05	-2.983238468706583	KEGG_GENOME
ko:K15865		5.5482887157482834e-05	7.336472727657693e-05	-0.39680464882959077	KEGG_GENOME
ko:K15866		6.012420404943132e-05	0.00017475402154033264	-1.5237420221716351	KEGG_GENOME
ko:K15868		1.2883476683483899e-06	0.0	1.1943062572289431	KEGG_GENOME
ko:K15894		5.540513846016658e-05	8.526077048440656e-05	-0.6128780054328669	KEGG_GENOME
ko:K15899		8.675554970307901e-06	1.8113590183112834e-05	-0.9821824722065872	KEGG_GENOME
ko:K15915		0.0	3.5559854346836596e-06	-2.187763134810897	KEGG_GENOME
ko:K15916		1.0116788203015611e-06	0.0	1.008399986382997	KEGG_GENOME
ko:K15918		1.7598703676760727e-05	7.046152213265525e-06	1.2088311339398894	KEGG_GENOME
ko:K15922		1.5043652442381802e-05	8.340832925592237e-06	0.780379511699326	KEGG_GENOME
ko:K15923		4.726383763384605e-05	0.00016184128576829566	-1.7544519787464952	KEGG_GENOME
ko:K15973		2.090877917820134e-06	6.458311683846507e-05	-4.4072358899808375	KEGG_GENOME
ko:K15974		6.540023004951694e-05	6.110588824306943e-05	0.09645818345554835	KEGG_GENOME
ko:K15975		1.5771666335630124e-05	9.715476533140755e-05	-2.5490322771772145	KEGG_GENOME
ko:K15977		0.00027181884419718954	0.000791203835932681	-1.5379283890165287	KEGG_GENOME
ko:K15980		3.0613994269060274e-06	1.4597606328678605e-05	-1.9412758200545415	KEGG_GENOME
ko:K15982		5.010304526309109e-06	1.3957393959008291e-05	-1.3153488395288175	KEGG_GENOME
ko:K15983		5.698839049430099e-06	1.0678396919816088e-05	-0.8018592564097151	KEGG_GENOME
ko:K15984		9.825722209022221e-05	0.00019997768397170306	-1.0177913336341986	KEGG_GENOME
ko:K15986		3.7462712011473924e-05	4.670338555057896e-05	-0.310631168277025	KEGG_GENOME
ko:K15987		3.388102441143013e-05	0.00021674586561691133	-2.6421310103803997	KEGG_GENOME
ko:K16011		2.3226410733086544e-05	0.0002344889783853671	-3.281006955745678	KEGG_GENOME
ko:K16012		7.94170040242312e-05	0.0002904167098811564	-1.8575111102149644	KEGG_GENOME
ko:K16013		7.94170040242312e-05	0.0002904167098811564	-1.8575111102149644	KEGG_GENOME
ko:K16014		1.380102237973789e-06	0.0	1.2510235462432255	KEGG_GENOME
ko:K16041		5.442093943602491e-07	0.0	0.6268683949132385	KEGG_GENOME
ko:K16042		5.442093943602491e-07	0.0	0.6268683949132385	KEGG_GENOME
ko:K16047		5.010304526309109e-06	4.1492520197026075e-05	-2.8216989158044066	KEGG_GENOME
ko:K16048		5.010304526309109e-06	3.693963287291022e-06	0.3566315321367158	KEGG_GENOME
ko:K16049		5.010304526309109e-06	7.475908022897299e-06	-0.4959298419074751	KEGG_GENOME
ko:K16050		5.010304526309109e-06	9.871034419705077e-06	-0.8549792292809162	KEGG_GENOME
ko:K16051		0.0	7.123431728453077e-06	-3.022089319986375	KEGG_GENOME
ko:K16052		2.765501625061476e-05	7.325295681855303e-05	-1.373660762028323	KEGG_GENOME
ko:K16053		0.00013940171141746675	0.00016249209037552068	-0.2196603195232861	KEGG_GENOME
ko:K16055		1.5162475736766709e-05	2.2710265835016734e-06	2.3048328149465993	KEGG_GENOME
ko:K16066		6.773350240723674e-05	9.41299207350024e-05	-0.4688857003824932	KEGG_GENOME
ko:K16074		0.00011747979977285887	0.0002208952590869526	-0.9052377362668687	KEGG_GENOME
ko:K16076		1.1436841550804586e-05	8.625881291054386e-06	0.36962960961381686	KEGG_GENOME
ko:K16077		9.541551787257747e-05	5.190090331192032e-05	0.8659730064839484	KEGG_GENOME
ko:K16078		3.3192995516515914e-06	0.0	2.110797373663776	KEGG_GENOME
ko:K16079		2.1437682141767786e-05	3.814892731039902e-05	-0.8030491275724737	KEGG_GENOME
ko:K16080		1.2278208931241062e-05	3.437820911394827e-05	-1.4138004611692787	KEGG_GENOME
ko:K16081		4.259695984771985e-06	6.505089127415366e-05	-3.6505267110182236	KEGG_GENOME
ko:K16087		0.00017521270949632248	0.0006099723721936322	-1.7937891600524107	KEGG_GENOME
ko:K16088		8.231555250166715e-05	0.00040971629872547927	-2.301484466361872	KEGG_GENOME
ko:K16089		0.00017070090948832013	0.00030003528855551584	-0.8100349341367624	KEGG_GENOME
ko:K16090		5.2612867834086505e-05	0.0002540635760135223	-2.2502056774267865	KEGG_GENOME
ko:K16091		0.0001090992270644563	0.00015417329158729122	-0.4950759216466438	KEGG_GENOME
ko:K16092		0.0001447227804110037	0.00020738872327420225	-0.5160507825997609	KEGG_GENOME
ko:K16126		0.0	6.393473542208113e-07	-0.7131215732398816	KEGG_GENOME
ko:K16135		3.496627249658837e-05	8.114948263498897e-05	-1.1916068413747598	KEGG_GENOME
ko:K16136		5.615508702406999e-05	3.373968960658955e-05	0.7182970457365646	KEGG_GENOME
ko:K16137		0.0001417304754645039	0.00042870165855069306	-1.5900419371514078	KEGG_GENOME
ko:K16138		5.684001355065923e-07	6.81307975050502e-06	-2.316597668683722	KEGG_GENOME
ko:K16146		4.035357219492222e-06	0.00014697398759583639	-4.877105646129359	KEGG_GENOME
ko:K16147		1.4561422959391562e-05	0.0002326973232157527	-3.908595315869046	KEGG_GENOME
ko:K16148		2.015763268761717e-06	0.00014697398759583639	-5.616676591555629	KEGG_GENOME
ko:K16149		3.702257684168442e-06	2.996435971149821e-05	-2.719183107872314	KEGG_GENOME
ko:K16150		3.945166393606766e-06	2.8634327030269104e-05	-2.5831783252088996	KEGG_GENOME
ko:K16152		1.8946051086532104e-05	4.8788073444163357e-05	-1.319697040848066	KEGG_GENOME
ko:K16157		2.015763268761717e-06	0.0	1.5925231844461378	KEGG_GENOME
ko:K16158		2.015763268761717e-06	0.0	1.5925231844461378	KEGG_GENOME
ko:K16159		2.015763268761717e-06	0.0	1.5925231844461378	KEGG_GENOME
ko:K16160		2.015763268761717e-06	0.0	1.5925231844461378	KEGG_GENOME
ko:K16161		2.015763268761717e-06	4.548862056667904e-07	1.0516168676977036	KEGG_GENOME
ko:K16162		2.015763268761717e-06	0.0	1.5925231844461378	KEGG_GENOME
ko:K16163		6.616329630835272e-07	0.0001431821194505319	-6.439146710159221	KEGG_GENOME
ko:K16165		3.9226296998555286e-05	0.00017209411753320636	-2.1053458537026755	KEGG_GENOME
ko:K16167		2.378879734318263e-06	7.861106630298434e-06	-1.3909418817403472	KEGG_GENOME
ko:K16168		2.378879734318263e-06	7.861106630298434e-06	-1.3909418817403472	KEGG_GENOME
ko:K16169		1.045438958910067e-06	2.996435971149821e-05	-3.920126224668333	KEGG_GENOME
ko:K16171		3.205128125782673e-05	0.00017763832553413498	-2.434263528148114	KEGG_GENOME
ko:K16191		1.380102237973789e-06	4.478625312831978e-06	-1.2027903938118019	KEGG_GENOME
ko:K16192		1.380102237973789e-06	0.0	1.2510235462432255	KEGG_GENOME
ko:K16193		1.380102237973789e-06	0.0	1.2510235462432255	KEGG_GENOME
ko:K16203		2.0301219722612908e-05	1.6873115497097725e-05	0.25314490729091577	KEGG_GENOME
ko:K16210		0.00011327926473980444	6.240891732690767e-05	0.8498060103498076	KEGG_GENOME
ko:K16211		4.6354064981937986e-05	4.1193721219798445e-05	0.16645994551093096	KEGG_GENOME
ko:K16212		1.884333995844876e-06	0.0	1.5282382333198885	KEGG_GENOME
ko:K16213		1.7312366789500993e-05	1.2849424024568099e-05	0.4029922867707535	KEGG_GENOME
ko:K16216		2.5691244796546053e-05	4.144077920233889e-05	-0.6690845541710694	KEGG_GENOME
ko:K16234		2.9807512171304335e-05	7.77672418458285e-05	-1.3543135747166704	KEGG_GENOME
ko:K16235		4.717199905261181e-05	5.412446464346572e-05	-0.19449794514972935	KEGG_GENOME
ko:K16238		6.685183928268864e-05	0.00011894233465141084	-0.821881131026464	KEGG_GENOME
ko:K16242		1.3527882318246136e-06	2.063301085206435e-05	-3.200791093146813	KEGG_GENOME
ko:K16243		1.3527882318246136e-06	2.063301085206435e-05	-3.200791093146813	KEGG_GENOME
ko:K16244		1.3527882318246136e-06	2.063301085206435e-05	-3.200791093146813	KEGG_GENOME
ko:K16245		1.3527882318246136e-06	2.063301085206435e-05	-3.200791093146813	KEGG_GENOME
ko:K16246		1.3527882318246136e-06	2.063301085206435e-05	-3.200791093146813	KEGG_GENOME
ko:K16248		0.0	6.81307975050502e-06	-2.9658913402967944	KEGG_GENOME
ko:K16249		1.3527882318246136e-06	1.8237884455256573e-05	-3.031506779665524	KEGG_GENOME
ko:K16254		2.677396231845244e-06	1.013038822686802e-06	0.8693096365407914	KEGG_GENOME
ko:K16255		5.000881087370955e-06	1.013038822686802e-06	1.575799346112282	KEGG_GENOME
ko:K16256		3.839138659608099e-06	1.013038822686802e-06	1.2653752826862148	KEGG_GENOME
ko:K16257		5.854901928369816e-06	1.013038822686802e-06	1.7677610300345759	KEGG_GENOME
ko:K16258		5.854901928369816e-06	1.013038822686802e-06	1.7677610300345759	KEGG_GENOME
ko:K16259		7.016644356132672e-06	1.013038822686802e-06	1.9936234773233739	KEGG_GENOME
ko:K16260		2.677396231845244e-06	1.013038822686802e-06	0.8693096365407914	KEGG_GENOME
ko:K16263		5.323983078509167e-05	2.9974430367415087e-05	0.8082749267768394	KEGG_GENOME
ko:K16264		0.00013648630584563493	0.00034896646481972945	-1.3479287559685196	KEGG_GENOME
ko:K16267		1.021284558574756e-05	4.8133669216796793e-05	-2.131559530620413	KEGG_GENOME
ko:K16293		1.605883143984031e-06	0.0	1.3817723903624253	KEGG_GENOME
ko:K16294		1.605883143984031e-06	0.0	1.3817723903624253	KEGG_GENOME
ko:K16301		4.7156644953652734e-05	0.0001373770891412947	-1.5227983092286814	KEGG_GENOME
ko:K16302		5.010304526309109e-06	0.0	2.587438090348394	KEGG_GENOME
ko:K16303		3.2297237940211355e-06	2.7676673196102213e-05	-2.7612423036995177	KEGG_GENOME
ko:K16317		3.2367701362743364e-06	1.0939470814038844e-06	1.0167398754791628	KEGG_GENOME
ko:K16318		0.0	4.019208887612179e-06	-2.3274599889049807	KEGG_GENOME
ko:K16319		0.0	6.4799124502243e-06	-2.903021383967668	KEGG_GENOME
ko:K16320		0.0	6.4799124502243e-06	-2.903021383967668	KEGG_GENOME
ko:K16321		2.967302384886396e-06	2.78691742305235e-06	0.06713440045911064	KEGG_GENOME
ko:K16322		8.364844696816946e-05	0.00010929178915776334	-0.38176988669520434	KEGG_GENOME
ko:K16324		1.1455178962669634e-05	5.305564123624464e-06	0.9820483998290229	KEGG_GENOME
ko:K16325		1.787919386290711e-06	0.0	1.479188845754383	KEGG_GENOME
ko:K16326		4.836951983849828e-06	1.952213712739561e-06	0.9834180374730952	KEGG_GENOME
ko:K16328		8.97454650061711e-06	7.400655310552215e-06	0.2477493770356835	KEGG_GENOME
ko:K16329		1.4487172514389442e-05	5.344198553324259e-05	-1.8136459077603382	KEGG_GENOME
ko:K16345		0.00010140530548121213	0.00017045084307286895	-0.743504537070632	KEGG_GENOME
ko:K16346		5.846653959938726e-07	1.0191811403627447e-05	-2.820193405719623	KEGG_GENOME
ko:K16347		4.058919805251584e-05	7.87110021331864e-05	-0.9385699999882244	KEGG_GENOME
ko:K16348		5.804226868201266e-05	5.2843422714939416e-05	0.13297803560002197	KEGG_GENOME
ko:K16363		4.255497024332915e-05	3.1160894047059475e-05	0.43752984746029694	KEGG_GENOME
ko:K16370		4.941760004532198e-05	0.0001655514990731697	-1.7239689888174616	KEGG_GENOME
ko:K16371		4.233817243141268e-05	3.3053934344461796e-05	0.3478168299532182	KEGG_GENOME
ko:K16422		1.2209008143540719e-06	4.994073977731162e-06	-1.4323919260085711	KEGG_GENOME
ko:K16423		7.482879172453427e-07	1.739829392329788e-06	-0.6481432651471439	KEGG_GENOME
ko:K16424		0.0	2.7760042195264137e-05	-4.845993887314561	KEGG_GENOME
ko:K16427		0.0	2.7760042195264137e-05	-4.845993887314561	KEGG_GENOME
ko:K16509		2.090877917820134e-06	7.022790686715428e-05	-4.526354017795347	KEGG_GENOME
ko:K16511		2.090877917820134e-06	5.992871942299642e-05	-4.301033841170187	KEGG_GENOME
ko:K16514		3.3111257470620055e-05	2.4079112986395255e-05	0.44376161624471194	KEGG_GENOME
ko:K16515		3.227694799520048e-05	1.6227935031800127e-05	0.949773334197316	KEGG_GENOME
ko:K16516		2.951729400605871e-05	2.6731385378893303e-05	0.1381073518680205	KEGG_GENOME
ko:K16517		0.0	6.281485948315934e-07	-0.7032323748152548	KEGG_GENOME
ko:K16552		3.1359631879673244e-06	3.572085580026326e-06	-0.14462906304487236	KEGG_GENOME
ko:K16554		4.321178110631985e-05	5.4428353570796394e-05	-0.32619329926278845	KEGG_GENOME
ko:K16555		1.8476155196189346e-06	0.0	1.5097543691329884	KEGG_GENOME
ko:K16556		3.0093579473817903e-06	7.367899095148313e-07	1.2069479748873855	KEGG_GENOME
ko:K16557		1.9393700892443337e-06	0.00014645114331644522	-5.648586181882967	KEGG_GENOME
ko:K16558		5.592678512705447e-07	0.0	0.6408687756992674	KEGG_GENOME
ko:K16559		3.1359631879673244e-06	0.0	2.04822334504034	KEGG_GENOME
ko:K16564		1.8476155196189346e-06	0.0	1.5097543691329884	KEGG_GENOME
ko:K16565		5.592678512705447e-07	0.0	0.6408687756992674	KEGG_GENOME
ko:K16566		5.172598773561057e-06	6.937694645695403e-07	1.865640491655612	KEGG_GENOME
ko:K16567		1.8476155196189346e-06	0.0	1.5097543691329884	KEGG_GENOME
ko:K16568		2.158414093032392e-05	5.1749575592847204e-05	-1.2238494496950005	KEGG_GENOME
ko:K16635		3.2297237940211355e-06	2.7676673196102213e-05	-2.7612423036995177	KEGG_GENOME
ko:K16636		3.2297237940211355e-06	2.7676673196102213e-05	-2.7612423036995177	KEGG_GENOME
ko:K16637		3.2297237940211355e-06	2.832019247433099e-05	-2.7932592123322673	KEGG_GENOME
ko:K16638		0.0	1.0713235909823529e-05	-3.5500677861101924	KEGG_GENOME
ko:K16639		3.1627020439489074e-06	0.0	2.05752029758428	KEGG_GENOME
ko:K16647		0.0	3.572085580026326e-06	-2.1928524080852125	KEGG_GENOME
ko:K16648		0.0	4.790252793615551e-06	-2.5336263354570328	KEGG_GENOME
ko:K16649		0.0	2.2710265835016734e-06	-1.7097434841929906	KEGG_GENOME
ko:K16650		0.0	4.542053167003347e-06	-2.470420551202611	KEGG_GENOME
ko:K16651		3.101827508812759e-05	1.1847313192544729e-05	1.317428913362912	KEGG_GENOME
ko:K16653		5.89962080860196e-06	0.0	2.786517076009372	KEGG_GENOME
ko:K16692		0.00015965899941716152	0.00022728782761961727	-0.5068521400866071	KEGG_GENOME
ko:K16693		6.437025785876609e-05	3.230774784371518e-05	0.9727765808314479	KEGG_GENOME
ko:K16695		1.9991338518854592e-05	1.0359888174550274e-05	0.8858455302491579	KEGG_GENOME
ko:K16696		5.316886727191034e-06	7.966020144471742e-07	1.8139428458007074	KEGG_GENOME
ko:K16700		5.316886727191034e-06	7.966020144471742e-07	1.8139428458007074	KEGG_GENOME
ko:K16701		2.277503127770962e-06	7.966020144471742e-07	0.8673263006250765	KEGG_GENOME
ko:K16702		2.277503127770962e-06	7.966020144471742e-07	0.8673263006250765	KEGG_GENOME
ko:K16703		4.9748946423486014e-05	3.8824711040886956e-05	0.34971397753366895	KEGG_GENOME
ko:K16704		6.850137785640913e-05	3.230774784371518e-05	1.0611837721813437	KEGG_GENOME
ko:K16707		5.316886727191034e-06	7.966020144471742e-07	1.8139428458007074	KEGG_GENOME
ko:K16708		5.316886727191034e-06	7.966020144471742e-07	1.8139428458007074	KEGG_GENOME
ko:K16709		7.1048061134817455e-06	7.966020144471742e-07	2.1735068168008027	KEGG_GENOME
ko:K16710		2.3866481590901853e-05	9.768951259858368e-06	1.20732463305055	KEGG_GENOME
ko:K16711		1.8549594863710822e-05	8.972349245411194e-06	0.9711333961375642	KEGG_GENOME
ko:K16783		4.319238328828278e-06	0.000151466775003616	-4.841131401472918	KEGG_GENOME
ko:K16784		4.319238328828278e-06	0.000151466775003616	-4.841131401472918	KEGG_GENOME
ko:K16785		1.5228425966095247e-05	0.0003545913912864031	-4.453625416231647	KEGG_GENOME
ko:K16786		1.2090877478256732e-05	3.4595411707742154e-05	-1.4431294840011688	KEGG_GENOME
ko:K16787		1.2090877478256732e-05	3.4595411707742154e-05	-1.4431294840011688	KEGG_GENOME
ko:K16788		7.86485041054519e-07	0.0	0.8371238337178565	KEGG_GENOME
ko:K16789		2.9518276486872484e-06	2.996435971149821e-05	-2.9700166809118036	KEGG_GENOME
ko:K16839		3.940925149413715e-05	2.8007999040956236e-05	0.4782348460422404	KEGG_GENOME
ko:K16840		3.371224646755581e-05	1.5353478999451628e-05	1.085847151061765	KEGG_GENOME
ko:K16841		5.648474677509068e-05	8.786162211718558e-05	-0.6283812805889664	KEGG_GENOME
ko:K16842		5.8700726074600526e-05	0.0001627350480389448	-1.455542785974129	KEGG_GENOME
ko:K16844		3.0033775310698716e-06	6.363200919549161e-06	-0.8791153960322154	KEGG_GENOME
ko:K16849		2.4611995658457466e-06	7.752587162289008e-06	-1.338437396933458	KEGG_GENOME
ko:K16850		1.3527443816785072e-05	7.752587162289008e-06	0.7309994463574989	KEGG_GENOME
ko:K16868		6.319028344061147e-05	3.5312211356537324e-05	0.8219001407422585	KEGG_GENOME
ko:K16869		1.045438958910067e-06	2.996435971149821e-05	-3.920126224668333	KEGG_GENOME
ko:K16871		5.874327906803748e-06	5.602556685074453e-06	0.05819388774410873	KEGG_GENOME
ko:K16872		1.4225434642376562e-05	0.00019692695098292757	-3.700412753597258	KEGG_GENOME
ko:K16873		8.343094754195741e-07	9.097724113335808e-07	-0.05816365803386236	KEGG_GENOME
ko:K16875		0.0	5.570140038890719e-06	-2.7159241211199094	KEGG_GENOME
ko:K16876		1.3527882318246136e-06	5.570140038890719e-06	-1.4815526478358183	KEGG_GENOME
ko:K16877		1.3527882318246136e-06	5.570140038890719e-06	-1.4815526478358183	KEGG_GENOME
ko:K16878		1.3527882318246136e-06	5.570140038890719e-06	-1.4815526478358183	KEGG_GENOME
ko:K16879		1.3527882318246136e-06	5.570140038890719e-06	-1.4815526478358183	KEGG_GENOME
ko:K16880		0.0	5.570140038890719e-06	-2.7159241211199094	KEGG_GENOME
ko:K16898		1.3167523378712378e-05	4.9923203194580725e-05	-1.8457355880254984	KEGG_GENOME
ko:K16899		8.062013750195972e-06	5.9710113240875406e-05	-2.744033279179	KEGG_GENOME
ko:K16904		0.0	3.0741537679990025e-05	-4.9883001143509835	KEGG_GENOME
ko:K16905		9.67808537361711e-06	0.0	3.416581083709453	KEGG_GENOME
ko:K16906		9.67808537361711e-06	0.0	3.416581083709453	KEGG_GENOME
ko:K16907		9.67808537361711e-06	0.0	3.416581083709453	KEGG_GENOME
ko:K16915		0.0	1.7481823041105056e-06	-1.4584777103104687	KEGG_GENOME
ko:K16919		1.045438958910067e-06	2.996435971149821e-05	-3.920126224668333	KEGG_GENOME
ko:K16921		1.045438958910067e-06	2.996435971149821e-05	-3.920126224668333	KEGG_GENOME
ko:K16922		3.950137855170703e-05	0.00013267114570273203	-1.7226451592337095	KEGG_GENOME
ko:K16923		1.1045438519346666e-05	4.631051996243947e-06	1.0970105387810907	KEGG_GENOME
ko:K16924		7.120072909546594e-07	3.0078164930165047e-06	-1.2271276071931263	KEGG_GENOME
ko:K16925		1.045438958910067e-06	0.00017920937389083626	-6.461119762877567	KEGG_GENOME
ko:K16926		0.0	0.00014230783461552694	-7.1629736734291924	KEGG_GENOME
ko:K16927		2.425541196883856e-06	0.00017227219432702518	-5.660564412249644	KEGG_GENOME
ko:K16950		0.0	4.0473048996673115e-06	-2.3355132401833156	KEGG_GENOME
ko:K16951		0.0	4.0473048996673115e-06	-2.3355132401833156	KEGG_GENOME
ko:K16953		3.562645382340416e-06	4.363572974798077e-06	-0.23332385140105155	KEGG_GENOME
ko:K16957		1.997667414181497e-05	5.448301555061502e-06	1.701794838057622	KEGG_GENOME
ko:K16958		1.997667414181497e-05	5.448301555061502e-06	1.701794838057622	KEGG_GENOME
ko:K16959		1.997667414181497e-05	5.448301555061502e-06	1.701794838057622	KEGG_GENOME
ko:K16960		1.997667414181497e-05	5.448301555061502e-06	1.701794838057622	KEGG_GENOME
ko:K16961		1.7240899558536195e-05	2.3216018160828424e-05	-0.4087847837879939	KEGG_GENOME
ko:K16962		1.7240899558536195e-05	2.3216018160828424e-05	-0.4087847837879939	KEGG_GENOME
ko:K16963		1.7240899558536195e-05	2.3216018160828424e-05	-0.4087847837879939	KEGG_GENOME
ko:K17060		3.2297237940211355e-06	6.160894637270394e-05	-3.887733460901405	KEGG_GENOME
ko:K17061		5.9897748836515406e-06	6.453550120466816e-05	-3.228958742768466	KEGG_GENOME
ko:K17077		2.9518276486872484e-06	3.0419245917165e-05	-2.991056622349553	KEGG_GENOME
ko:K17080		8.72655175543315e-07	0.0	0.9050852709997209	KEGG_GENOME
ko:K17081		1.1617424277628558e-06	0.0	1.112194635780086	KEGG_GENOME
ko:K17103		6.557238715996313e-05	0.0002992322245511938	-2.17308302612532	KEGG_GENOME
ko:K17108		7.377155604867742e-07	0.0	0.7971919526595865	KEGG_GENOME
ko:K17195		3.4559021342608215e-05	7.151354702628618e-06	2.1251038677775123	KEGG_GENOME
ko:K17202		3.05637489637373e-05	1.3398766893639195e-05	1.132323305734011	KEGG_GENOME
ko:K17203		2.981961068974916e-05	1.3398766893639195e-05	1.0979033730289676	KEGG_GENOME
ko:K17204		2.981961068974916e-05	1.3398766893639195e-05	1.0979033730289676	KEGG_GENOME
ko:K17205		1.2742579079888683e-06	1.7706135834482225e-05	-3.0400437940618996	KEGG_GENOME
ko:K17206		1.2742579079888683e-06	1.7706135834482225e-05	-3.0400437940618996	KEGG_GENOME
ko:K17207		1.2742579079888683e-06	1.5145426210631263e-05	-2.82765775127771	KEGG_GENOME
ko:K17208		1.2604681988880865e-05	5.652393611583114e-06	1.0321577955656744	KEGG_GENOME
ko:K17209		1.2604681988880865e-05	5.652393611583114e-06	1.0321577955656744	KEGG_GENOME
ko:K17210		1.2604681988880865e-05	5.652393611583114e-06	1.0321577955656744	KEGG_GENOME
ko:K17213		5.963459077226208e-05	5.869298356476135e-05	0.022579691913635982	KEGG_GENOME
ko:K17214		3.662772858840408e-05	2.768356745779099e-05	0.391571735889521	KEGG_GENOME
ko:K17215		3.662772858840408e-05	2.768356745779099e-05	0.391571735889521	KEGG_GENOME
ko:K17216		1.045438958910067e-06	2.996435971149821e-05	-3.920126224668333	KEGG_GENOME
ko:K17217		1.045438958910067e-06	2.996435971149821e-05	-3.920126224668333	KEGG_GENOME
ko:K17218		3.2286375621031216e-05	0.00013292140425733855	-2.008382864081113	KEGG_GENOME
ko:K17222		7.6133085974698655e-06	9.933713013688796e-06	-0.34414398736601587	KEGG_GENOME
ko:K17223		7.6133085974698655e-06	9.933713013688796e-06	-0.34414398736601587	KEGG_GENOME
ko:K17224		1.1648665816962088e-05	9.933713013688796e-06	0.21020180374667374	KEGG_GENOME
ko:K17225		9.99641367384582e-06	1.6143200406800324e-05	-0.6406033808127258	KEGG_GENOME
ko:K17226		2.192331866237168e-05	2.969836666436075e-05	-0.4213459761380042	KEGG_GENOME
ko:K17227		1.2097976497137902e-05	9.933713013688796e-06	0.26056053388543654	KEGG_GENOME
ko:K17228		3.054022198656752e-05	0.0001040799631590995	-1.7362228805161046	KEGG_GENOME
ko:K17229		1.2519748894214347e-05	6.36162743366247e-06	0.8769717133327383	KEGG_GENOME
ko:K17230		4.5302939283491864e-06	1.5761951442518165e-05	-1.5997620536752586	KEGG_GENOME
ko:K17231		2.7708264555513428e-05	1.6421509604594425e-05	0.7205964793353512	KEGG_GENOME
ko:K17234		2.6568187252583753e-06	0.0	1.8705891115978557	KEGG_GENOME
ko:K17235		2.6568187252583753e-06	0.0	1.8705891115978557	KEGG_GENOME
ko:K17236		2.6568187252583753e-06	0.0	1.8705891115978557	KEGG_GENOME
ko:K17237		0.0	3.572085580026326e-06	-2.1928524080852125	KEGG_GENOME
ko:K17238		0.0	3.572085580026326e-06	-2.1928524080852125	KEGG_GENOME
ko:K17239		0.0	3.572085580026326e-06	-2.1928524080852125	KEGG_GENOME
ko:K17240		0.0	3.572085580026326e-06	-2.1928524080852125	KEGG_GENOME
ko:K17241		1.8586347212791369e-06	0.0	1.5153262829745937	KEGG_GENOME
ko:K17242		1.8586347212791369e-06	0.0	1.5153262829745937	KEGG_GENOME
ko:K17243		1.8586347212791369e-06	0.0	1.5153262829745937	KEGG_GENOME
ko:K17244		2.6568187252583753e-06	0.00029044268124923917	-6.316479251109658	KEGG_GENOME
ko:K17245		2.6568187252583753e-06	0.0004605105580600303	-6.979630731219343	KEGG_GENOME
ko:K17246		2.6568187252583753e-06	0.0003182027234445034	-6.447740038894764	KEGG_GENOME
ko:K17247		9.534819554792473e-05	0.0001796870791178066	-0.907163790725545	KEGG_GENOME
ko:K17285		1.107012153587527e-05	2.4111920713029225e-05	-1.0569321760752495	KEGG_GENOME
ko:K17315		1.2674572069912723e-05	0.0003002119376595559	-4.461211356820851	KEGG_GENOME
ko:K17316		1.116598519341168e-05	0.0002600469503022905	-4.42338424580001	KEGG_GENOME
ko:K17317		1.116598519341168e-05	0.0002600469503022905	-4.42338424580001	KEGG_GENOME
ko:K17318		0.0	1.1355132917508367e-05	-3.6270386262662155	KEGG_GENOME
ko:K17319		0.0	9.084106334006694e-06	-3.3340113310817476	KEGG_GENOME
ko:K17320		0.0	9.084106334006694e-06	-3.3340113310817476	KEGG_GENOME
ko:K17321		9.160243469500007e-06	4.4001182473508384e-05	-2.147027937147861	KEGG_GENOME
ko:K17322		7.603129806083722e-06	4.4001182473508384e-05	-2.3870294001411385	KEGG_GENOME
ko:K17323		7.603129806083722e-06	4.4001182473508384e-05	-2.3870294001411385	KEGG_GENOME
ko:K17324		7.603129806083722e-06	3.8429468948730977e-05	-2.1963407690308325	KEGG_GENOME
ko:K17325		7.603129806083722e-06	3.8429468948730977e-05	-2.1963407690308325	KEGG_GENOME
ko:K17329		0.0	4.542053167003347e-06	-2.470420551202611	KEGG_GENOME
ko:K17330		0.0	4.542053167003347e-06	-2.470420551202611	KEGG_GENOME
ko:K17331		0.0	4.542053167003347e-06	-2.470420551202611	KEGG_GENOME
ko:K17361		1.0116788203015611e-06	0.0	1.008399986382997	KEGG_GENOME
ko:K17362		3.2297237940211355e-06	3.6070647696036844e-05	-3.1316419602177725	KEGG_GENOME
ko:K17382		8.990038489024985e-06	0.0	3.3204902363578848	KEGG_GENOME
ko:K17462		1.045438958910067e-06	2.996435971149821e-05	-3.920126224668333	KEGG_GENOME
ko:K17463		7.837883034926467e-06	3.3533504108849036e-06	1.0215746873141975	KEGG_GENOME
ko:K17464		7.837883034926467e-06	3.3533504108849036e-06	1.0215746873141975	KEGG_GENOME
ko:K17465		7.837883034926467e-06	3.3533504108849036e-06	1.0215746873141975	KEGG_GENOME
ko:K17466		7.837883034926467e-06	3.3533504108849036e-06	1.0215746873141975	KEGG_GENOME
ko:K17467		7.837883034926467e-06	3.3533504108849036e-06	1.0215746873141975	KEGG_GENOME
ko:K17468		8.806300988620595e-06	3.3533504108849036e-06	1.1715828929632002	KEGG_GENOME
ko:K17472		2.9518276486872484e-06	3.1712542015608716e-05	-3.049251939199345	KEGG_GENOME
ko:K17473		7.837883034926467e-06	3.3533504108849036e-06	1.0215746873141975	KEGG_GENOME
ko:K17486		4.511964407570915e-06	1.5829747895435017e-06	1.0935330096787048	KEGG_GENOME
ko:K17489		0.0	0.00028461566923105387	-8.15793131935823	KEGG_GENOME
ko:K17490		0.0	0.00014230783461552694	-7.1629736734291924	KEGG_GENOME
ko:K17623		3.0613994269060274e-06	2.5539492881856843e-05	-2.7080919796286875	KEGG_GENOME
ko:K17624		0.0	0.00014230783461552694	-7.1629736734291924	KEGG_GENOME
ko:K17641		9.95473210905941e-06	9.794907423494253e-06	0.021203333634813932	KEGG_GENOME
ko:K17662		2.602387132555264e-06	1.1628005020368272e-05	-1.809601604598518	KEGG_GENOME
ko:K17675		9.406022245940896e-06	3.24159577576587e-05	-1.6831185282340433	KEGG_GENOME
ko:K17680		7.058577724822759e-07	2.8501387425272786e-06	-1.1744130697046542	KEGG_GENOME
ko:K17686		0.00017246634591781343	0.0006945522928904324	-2.003503189576189	KEGG_GENOME
ko:K17713		0.00012930187184185304	0.00038606192260968314	-1.5707065798555	KEGG_GENOME
ko:K17722		9.689505583649802e-06	9.04129462550743e-05	-3.096203373455611	KEGG_GENOME
ko:K17723		1.2346324308908176e-05	9.04129462550743e-05	-2.7759560336587716	KEGG_GENOME
ko:K17733		1.5986860148773712e-05	0.00013810916753944776	-3.033726384634277	KEGG_GENOME
ko:K17734		1.8808793201661763e-05	1.0048765351722697e-05	0.8422558263798914	KEGG_GENOME
ko:K17735		6.572129968208898e-06	7.26415402899827e-05	-3.281748723665087	KEGG_GENOME
ko:K17736		6.219305103158791e-06	7.666851207567581e-05	-3.427397946211487	KEGG_GENOME
ko:K17737		3.852404337473639e-05	0.00011625448252564122	-1.5688406269691757	KEGG_GENOME
ko:K17752		2.547688207318087e-06	3.035984535630298e-05	-3.1439673177591545	KEGG_GENOME
ko:K17755		0.0	2.2710265835016734e-06	-1.7097434841929906	KEGG_GENOME
ko:K17758		2.718028405249967e-05	5.6222401396104456e-05	-1.021893889248993	KEGG_GENOME
ko:K17759		4.967788116683209e-06	1.6576728668155737e-05	-1.5583983656247808	KEGG_GENOME
ko:K17760		6.885345231209893e-07	7.979221296773316e-06	-2.4108186594061487	KEGG_GENOME
ko:K17762		3.836035875666477e-06	3.468776655343248e-05	-2.883532763832172	KEGG_GENOME
ko:K17763		3.836035875666477e-06	3.035984535630298e-05	-2.6970215929259838	KEGG_GENOME
ko:K17810		9.209697443019601e-07	2.2710265835016734e-06	-0.7679086877763623	KEGG_GENOME
ko:K17828		4.920622814914239e-06	0.0001764822423283255	-4.9057819283906055	KEGG_GENOME
ko:K17829		0.0	2.3951263968077757e-06	-1.7634652854135529	KEGG_GENOME
ko:K17830		0.0	4.478625312831978e-06	-2.4538139400550274	KEGG_GENOME
ko:K17831		0.0	2.4880310157946432e-06	-1.8024128687083534	KEGG_GENOME
ko:K17836		3.156875277490912e-05	0.00013229351869804086	-2.033046254429026	KEGG_GENOME
ko:K17837		2.5285495265796974e-05	1.1389266062684693e-05	1.0851761930412713	KEGG_GENOME
ko:K17838		1.4631646509457507e-05	1.549120795828307e-05	-0.07722733006549418	KEGG_GENOME
ko:K17840		7.058577724822759e-07	2.221990147695685e-06	-0.9174547169360174	KEGG_GENOME
ko:K17850		1.5251660661713237e-05	6.231814370781642e-05	-1.9620318145344957	KEGG_GENOME
ko:K17865		1.700506457408188e-05	0.00011801863253002687	-2.724712768310664	KEGG_GENOME
ko:K17869		1.045438958910067e-06	2.996435971149821e-05	-3.920126224668333	KEGG_GENOME
ko:K17881		9.97541735938333e-07	4.9757293622413596e-06	-1.5808891640446836	KEGG_GENOME
ko:K17882		0.0	4.478625312831978e-06	-2.4538139400550274	KEGG_GENOME
ko:K17883		1.380102237973789e-06	0.00014697398759583639	-5.958176229758542	KEGG_GENOME
ko:K17898		0.0	0.00014230783461552694	-7.1629736734291924	KEGG_GENOME
ko:K17899		0.0	0.00014230783461552694	-7.1629736734291924	KEGG_GENOME
ko:K17910		7.86485041054519e-07	0.0	0.8371238337178565	KEGG_GENOME
ko:K17938		4.366302839787686e-05	2.461264722095358e-05	0.8022247052593261	KEGG_GENOME
ko:K17939		1.2088098058651451e-06	1.066363108761796e-05	-2.400675891163058	KEGG_GENOME
ko:K17940		3.2297237940211355e-06	2.7676673196102213e-05	-2.7612423036995177	KEGG_GENOME
ko:K17947		5.226542893174956e-06	1.4403459940254161e-05	-1.306751170700635	KEGG_GENOME
ko:K17948		2.1389644887430225e-06	8.011318390622271e-07	0.8013849203817976	KEGG_GENOME
ko:K17950		1.9609897060938303e-05	1.959783277752908e-05	0.0008447484203508555	KEGG_GENOME
ko:K17989		0.0	1.6296343359484296e-05	-4.112395163111205	KEGG_GENOME
ko:K18000		3.2297237940211355e-06	2.7676673196102213e-05	-2.7612423036995177	KEGG_GENOME
ko:K18001		3.2297237940211355e-06	2.7676673196102213e-05	-2.7612423036995177	KEGG_GENOME
ko:K18002		3.2297237940211355e-06	2.7676673196102213e-05	-2.7612423036995177	KEGG_GENOME
ko:K18003		3.2297237940211355e-06	2.7676673196102213e-05	-2.7612423036995177	KEGG_GENOME
ko:K18004		3.2297237940211355e-06	2.7676673196102213e-05	-2.7612423036995177	KEGG_GENOME
ko:K18005		2.015763268761717e-06	1.0155264441603846e-05	-1.887129624298357	KEGG_GENOME
ko:K18006		2.015763268761717e-06	1.0155264441603846e-05	-1.887129624298357	KEGG_GENOME
ko:K18007		2.015763268761717e-06	1.0155264441603846e-05	-1.887129624298357	KEGG_GENOME
ko:K18009		1.2421616427756475e-05	1.983955898438664e-05	-0.6347663145306399	KEGG_GENOME
ko:K18013		5.846653959938726e-07	4.332450494356011e-06	-1.750620421144259	KEGG_GENOME
ko:K18015		2.20967779951446e-06	0.0	1.682428481032004	KEGG_GENOME
ko:K18023		5.846653959938726e-07	0.0	0.6641782457265831	KEGG_GENOME
ko:K18028		2.9254080013977575e-06	2.869718018258695e-05	-2.919411431619166	KEGG_GENOME
ko:K18029		8.232118807426528e-06	6.088294709447977e-05	-2.7448082097419118	KEGG_GENOME
ko:K18030		8.232118807426528e-06	6.645308713337049e-05	-2.869150777531161	KEGG_GENOME
ko:K18045		0.0	8.026205876644072e-06	-3.1741196850234905	KEGG_GENOME
ko:K18058		1.254538512317105e-06	1.193208279018643e-05	-2.52005058902647	KEGG_GENOME
ko:K18067		0.0	1.242839689836927e-06	-1.1653265054252737	KEGG_GENOME
ko:K18068		0.0	2.152612101170508e-06	-1.6565476710855684	KEGG_GENOME
ko:K18069		0.0	1.242839689836927e-06	-1.1653265054252737	KEGG_GENOME
ko:K18071		5.592678512705447e-07	0.0	0.6408687756992674	KEGG_GENOME
ko:K18072		3.2297237940211355e-06	3.674307761006334e-05	-3.157576704761896	KEGG_GENOME
ko:K18073		3.2297237940211355e-06	3.600628770054851e-05	-3.1291350565725575	KEGG_GENOME
ko:K18093		9.689171382063406e-06	0.00017702889930059084	-4.057889526148483	KEGG_GENOME
ko:K18094		5.744254453608604e-06	2.8919512885939142e-05	-2.1493558133833437	KEGG_GENOME
ko:K18095		5.744254453608604e-06	3.4489652924829866e-05	-2.395667591682621	KEGG_GENOME
ko:K18096		1.1185357025410894e-06	0.0	1.0830674418691182	KEGG_GENOME
ko:K18098		4.916659632068817e-06	3.188810613034935e-05	-2.4747111240093185	KEGG_GENOME
ko:K18099		3.2297237940211355e-06	2.8918339288498315e-05	-2.8223947342862092	KEGG_GENOME
ko:K18100		1.5695642957927288e-05	5.066027281165895e-05	-1.6295836087641	KEGG_GENOME
ko:K18101		1.5126554478326833e-05	4.8399444687206914e-05	-1.6150565919989823	KEGG_GENOME
ko:K18104		9.068056321779468e-06	6.220302721959434e-05	-2.6502084682371487	KEGG_GENOME
ko:K18106		0.0	8.742848350049659e-07	-0.9063402159763106	KEGG_GENOME
ko:K18118		1.5314418664193672e-05	0.0003326226312106398	-4.353997671430782	KEGG_GENOME
ko:K18129		4.39146622178399e-06	2.7676673196102213e-05	-2.4111280898136744	KEGG_GENOME
ko:K18130		3.9355815665034115e-06	2.9898663343797898e-05	-2.6462524348326184	KEGG_GENOME
ko:K18131		3.2297237940211355e-06	2.7676673196102213e-05	-2.7612423036995177	KEGG_GENOME
ko:K18135		3.918258317142125e-06	5.584076977465081e-05	-3.5307066772503486	KEGG_GENOME
ko:K18136		5.476308898151411e-06	1.0191811403627447e-05	-0.7891998524636782	KEGG_GENOME
ko:K18138		0.00045051227640947037	0.0007807274032874788	-0.7919003975765301	KEGG_GENOME
ko:K18139		0.00025002327679930634	0.0008089276956323164	-1.6899719724750883	KEGG_GENOME
ko:K18140		3.196958848053241e-05	9.402888958288548e-06	1.6641516487405763	KEGG_GENOME
ko:K18141		3.370437377475559e-05	1.1185004107262826e-05	1.5100107590336103	KEGG_GENOME
ko:K18142		3.3149562898687023e-05	1.1185004107262826e-05	1.4867603753320442	KEGG_GENOME
ko:K18143		4.048269166253014e-06	2.2189920276768416e-05	-2.199637120386136	KEGG_GENOME
ko:K18144		3.08084804009743e-06	2.2794390576422478e-05	-2.5436806099750187	KEGG_GENOME
ko:K18145		0.0	1.2260953302318286e-05	-3.7291125864080943	KEGG_GENOME
ko:K18146		2.2465385646778556e-06	1.4003293646003981e-05	-2.208304995801029	KEGG_GENOME
ko:K18148		1.7977806886208745e-05	3.291639114723976e-05	-0.8376693877567967	KEGG_GENOME
ko:K18150		3.2297237940211355e-06	2.7676673196102213e-05	-2.7612423036995177	KEGG_GENOME
ko:K18151		2.6568187252583753e-06	9.410241353870245e-07	0.913771054449583	KEGG_GENOME
ko:K18159		0.0	8.742848350049659e-07	-0.9063402159763106	KEGG_GENOME
ko:K18166		0.0	3.572085580026326e-06	-2.1928524080852125	KEGG_GENOME
ko:K18195		1.3755465405584837e-05	1.2768527005666886e-05	0.09987520156620878	KEGG_GENOME
ko:K18197		2.3433550779201948e-05	1.796786057538223e-05	0.36530657359078	KEGG_GENOME
ko:K18199		9.527119430422685e-06	4.605577159262749e-05	-2.160260965477456	KEGG_GENOME
ko:K18208		1.4517248329128447e-05	0.00011811443425236581	-2.940403596694606	KEGG_GENOME
ko:K18218		2.0374038545511636e-05	4.750942556024082e-05	-1.1824055698582352	KEGG_GENOME
ko:K18220		1.9063886897771811e-06	0.0	1.5392276566236323	KEGG_GENOME
ko:K18230		1.380102237973789e-06	4.542053167003347e-06	-1.219397004959385	KEGG_GENOME
ko:K18231		0.0	3.213490817999022e-06	-2.075015981280944	KEGG_GENOME
ko:K18232		1.380102237973789e-06	0.0	1.2510235462432255	KEGG_GENOME
ko:K18233		1.380102237973789e-06	0.0	1.2510235462432255	KEGG_GENOME
ko:K18234		2.6348605206848137e-05	1.2773820070605344e-05	0.9895385205608894	KEGG_GENOME
ko:K18235		5.359503344188241e-06	2.8550570665207752e-05	-2.2161999858524726	KEGG_GENOME
ko:K18240		2.015763268761717e-06	6.027458599902653e-06	-1.2204798649931954	KEGG_GENOME
ko:K18242		1.0716643375828397e-06	6.025026244557509e-06	-1.761713346462116	KEGG_GENOME
ko:K18243		1.0716643375828397e-06	6.025026244557509e-06	-1.761713346462116	KEGG_GENOME
ko:K18244		3.081972588193665e-06	0.0	2.029266494225153	KEGG_GENOME
ko:K18248		1.5085868765010438e-06	7.914873947717509e-07	0.4857170093541498	KEGG_GENOME
ko:K18275		0.0	9.097724113335808e-07	-0.9334007217144678	KEGG_GENOME
ko:K18276		0.0	6.393473542208113e-07	-0.7131215732398816	KEGG_GENOME
ko:K18277		8.572949908649527e-06	8.751191127267494e-06	-0.02661489735468205	KEGG_GENOME
ko:K18285		6.716995648508877e-06	1.6586657343859043e-05	-1.1883701017399204	KEGG_GENOME
ko:K18289		6.208081080953291e-06	7.858561200092042e-05	-3.4648204899677144	KEGG_GENOME
ko:K18290		9.209697443019601e-07	5.8153980819933596e-05	-4.944568557753105	KEGG_GENOME
ko:K18291		3.918258317142125e-06	5.410547972636437e-05	-3.4859763731288758	KEGG_GENOME
ko:K18292		6.386305631913467e-06	0.00017373816789454765	-4.564197999099496	KEGG_GENOME
ko:K18294		3.2297237940211355e-06	3.6041809362150145e-05	-3.1305192090626464	KEGG_GENOME
ko:K18295		3.2297237940211355e-06	3.7781638754479935e-05	-3.1967384053263808	KEGG_GENOME
ko:K18296		3.2297237940211355e-06	3.7781638754479935e-05	-3.1967384053263808	KEGG_GENOME
ko:K18297		3.918258317142125e-06	0.0001412820524489137	-4.854462370356497	KEGG_GENOME
ko:K18298		2.0191089851262857e-05	9.277598473910321e-05	-2.145760720685902	KEGG_GENOME
ko:K18299		2.2206853120024573e-05	9.420707243065673e-05	-2.0365178431206634	KEGG_GENOME
ko:K18300		1.9320262640040072e-05	9.063705780432772e-05	-2.1730120895933664	KEGG_GENOME
ko:K18301		1.5424770816718688e-05	0.000120654116086982	-2.888839988605494	KEGG_GENOME
ko:K18302		8.87604985974985e-06	0.0001093437550849846	-3.481927052223685	KEGG_GENOME
ko:K18303		8.316782008479303e-06	0.00010994162916433325	-3.5738252683896303	KEGG_GENOME
ko:K18304		3.2297237940211355e-06	2.8131559401769006e-05	-2.7839475686486237	KEGG_GENOME
ko:K18305		6.145259366017871e-06	2.9898663343797898e-05	-2.112486143603062	KEGG_GENOME
ko:K18306		6.145259366017871e-06	3.178116633230305e-05	-2.1978088996680927	KEGG_GENOME
ko:K18307		6.145259366017871e-06	3.2558308407863025e-05	-2.231611709065344	KEGG_GENOME
ko:K18308		3.2297237940211355e-06	2.7676673196102213e-05	-2.7612423036995177	KEGG_GENOME
ko:K18313		7.832644586656497e-06	0.00014806523892072745	-4.076954598559722	KEGG_GENOME
ko:K18315		1.18968306843057e-05	1.0280495989872242e-05	0.19318607319531625	KEGG_GENOME
ko:K18316		1.18968306843057e-05	1.0280495989872242e-05	0.19318607319531625	KEGG_GENOME
ko:K18317		1.18968306843057e-05	1.0280495989872242e-05	0.19318607319531625	KEGG_GENOME
ko:K18318		1.18968306843057e-05	1.0280495989872242e-05	0.19318607319531625	KEGG_GENOME
ko:K18319		1.18968306843057e-05	1.0280495989872242e-05	0.19318607319531625	KEGG_GENOME
ko:K18320		3.32933735614436e-05	3.958085149588733e-05	-0.2428693027409378	KEGG_GENOME
ko:K18324		6.091051289240911e-05	2.940679501520325e-05	1.0257906520435018	KEGG_GENOME
ko:K18325		4.131725154678933e-05	1.682571391331219e-05	1.2472860719999421	KEGG_GENOME
ko:K18326		5.54976019867031e-05	2.7336941968832763e-05	0.9955055586650675	KEGG_GENOME
ko:K18333		2.1591618223512006e-05	1.9563585716972823e-05	0.13569576145162845	KEGG_GENOME
ko:K18334		9.801773916205979e-06	3.860446008406043e-05	-1.8743946518129286	KEGG_GENOME
ko:K18335		9.196960099468437e-06	3.0044971753865034e-05	-1.6062204965840081	KEGG_GENOME
ko:K18336		1.6443000560867174e-05	9.294460944390879e-05	-2.429162146777943	KEGG_GENOME
ko:K18337		8.343094754195741e-07	1.4650244612130776e-05	-3.092876237754433	KEGG_GENOME
ko:K18344		1.045438958910067e-06	2.3036773272077454e-05	-3.554760850476138	KEGG_GENOME
ko:K18346		3.2297237940211355e-06	3.5642357839613086e-05	-3.114876978226458	KEGG_GENOME
ko:K18353		0.0	8.738974691055397e-07	-0.9060420176397526	KEGG_GENOME
ko:K18364		9.861571328393821e-06	3.419915752670152e-05	-1.6963080682070617	KEGG_GENOME
ko:K18365		7.284062502435683e-06	2.4379141125974637e-05	-1.6152329030058923	KEGG_GENOME
ko:K18366		7.284062502435683e-06	1.8807427601197222e-05	-1.2576311852879345	KEGG_GENOME
ko:K18367		0.0	1.0191811403627447e-05	-3.4843716514462058	KEGG_GENOME
ko:K18369		1.3527882318246136e-06	1.5178041132337435e-06	-0.09779457154432836	KEGG_GENOME
ko:K18372		1.2883476683483899e-06	1.3922303370092253e-06	-0.0640500495572033	KEGG_GENOME
ko:K18376		5.592678512705447e-07	0.0	0.6408687756992674	KEGG_GENOME
ko:K18383		1.3935773266901188e-06	3.982898705314474e-05	-4.092353455963693	KEGG_GENOME
ko:K18425		3.444771286000745e-06	3.572085580026326e-06	-0.0407432236852477	KEGG_GENOME
ko:K18430		0.0	6.81307975050502e-06	-2.9658913402967944	KEGG_GENOME
ko:K18446		8.45902551856418e-05	4.3236349156857456e-05	0.9522142247122981	KEGG_GENOME
ko:K18447		1.456091745700487e-05	0.0	3.9598552176569024	KEGG_GENOME
ko:K18454		1.4947906545688276e-06	0.0	1.3189187597361614	KEGG_GENOME
ko:K18455		1.380102237973789e-06	4.6661529803094495e-06	-1.2513460072825953	KEGG_GENOME
ko:K18456		1.6294236537404847e-05	0.0001100953828090562	-2.683435626953501	KEGG_GENOME
ko:K18457		3.927912612636069e-06	3.233666456382683e-05	-2.7580611875944516	KEGG_GENOME
ko:K18459		1.079195133843086e-05	2.8468160590873965e-05	-1.321354533905538	KEGG_GENOME
ko:K18471		5.442093943602491e-07	5.7545327034246145e-06	-2.128987568601939	KEGG_GENOME
ko:K18472		1.380102237973789e-06	2.3951263968077757e-06	-0.5124417391703271	KEGG_GENOME
ko:K18473		1.9601104983614525e-05	4.0402820317959546e-05	-1.0070073245209648	KEGG_GENOME
ko:K18475		1.7481192164671116e-05	1.3643906480646135e-05	0.33575735815820235	KEGG_GENOME
ko:K18476		3.4839357075033284e-06	3.162391115300534e-05	-2.863092254024385	KEGG_GENOME
ko:K18478		1.8203348958407934e-05	1.1912918505618562e-05	0.5725428236025127	KEGG_GENOME
ko:K18479		1.5043652442381802e-05	3.221971455302882e-05	-1.050037058567479	KEGG_GENOME
ko:K18480		1.5063602629973714e-05	0.0001165314585430192	-2.8711795695398985	KEGG_GENOME
ko:K18502		7.253217638932594e-06	1.1709032874866152e-06	1.926661228885232	KEGG_GENOME
ko:K18503		7.253217638932594e-06	1.1709032874866152e-06	1.926661228885232	KEGG_GENOME
ko:K18504		7.253217638932594e-06	1.1709032874866152e-06	1.926661228885232	KEGG_GENOME
ko:K18505		7.253217638932594e-06	1.1709032874866152e-06	1.926661228885232	KEGG_GENOME
ko:K18506		7.253217638932594e-06	1.1709032874866152e-06	1.926661228885232	KEGG_GENOME
ko:K18507		2.1759652916797782e-05	3.5127098624598455e-06	2.334412625958438	KEGG_GENOME
ko:K18508		7.253217638932594e-06	1.1709032874866152e-06	1.926661228885232	KEGG_GENOME
ko:K18509		7.253217638932594e-06	1.1709032874866152e-06	1.926661228885232	KEGG_GENOME
ko:K18511		7.253217638932594e-06	1.1709032874866152e-06	1.926661228885232	KEGG_GENOME
ko:K18512		7.253217638932594e-06	1.1709032874866152e-06	1.926661228885232	KEGG_GENOME
ko:K18513		7.253217638932594e-06	1.1709032874866152e-06	1.926661228885232	KEGG_GENOME
ko:K18515		7.253217638932594e-06	2.6444831065162778e-06	1.179242471991108	KEGG_GENOME
ko:K18516		7.253217638932594e-06	1.1709032874866152e-06	1.926661228885232	KEGG_GENOME
ko:K18518		3.328260962348638e-05	1.7177761257139887e-05	0.9153024023422264	KEGG_GENOME
ko:K18520		7.253217638932594e-06	1.1709032874866152e-06	1.926661228885232	KEGG_GENOME
ko:K18521		7.253217638932594e-06	1.1709032874866152e-06	1.926661228885232	KEGG_GENOME
ko:K18522		7.253217638932594e-06	1.1709032874866152e-06	1.926661228885232	KEGG_GENOME
ko:K18523		7.253217638932594e-06	1.1709032874866152e-06	1.926661228885232	KEGG_GENOME
ko:K18527		7.253217638932594e-06	1.1709032874866152e-06	1.926661228885232	KEGG_GENOME
ko:K18528		7.253217638932594e-06	1.1709032874866152e-06	1.926661228885232	KEGG_GENOME
ko:K18530		5.846653959938726e-07	0.0	0.6641782457265831	KEGG_GENOME
ko:K18531		5.846653959938726e-07	0.0	0.6641782457265831	KEGG_GENOME
ko:K18540		3.2297237940211355e-06	6.600169308874188e-05	-3.985562190149397	KEGG_GENOME
ko:K18546		0.0	1.3435875938495934e-05	-3.8515867448085896	KEGG_GENOME
ko:K18552		0.0	1.641878810045516e-06	-1.4015642878729817	KEGG_GENOME
ko:K18553		5.789800450149539e-06	6.143393155172434e-05	-3.2008892372681332	KEGG_GENOME
ko:K18554		5.592678512705447e-07	0.0	0.6408687756992674	KEGG_GENOME
ko:K18555		8.746011335128371e-06	1.833668011801625e-05	-0.9884563166232684	KEGG_GENOME
ko:K18567		6.459447588042271e-06	5.595781669185849e-05	-2.9327531456783964	KEGG_GENOME
ko:K18577		9.987774963444743e-07	1.048026879793413e-06	-0.03511677004726826	KEGG_GENOME
ko:K18581		6.665141814251829e-05	2.6073047257901015e-05	1.321262895052474	KEGG_GENOME
ko:K18587		6.996477443786508e-06	7.604567145276771e-06	-0.10573800568044583	KEGG_GENOME
ko:K18588		7.555745295057052e-06	1.1176652725303098e-05	-0.5091521620458473	KEGG_GENOME
ko:K18589		1.0716643375828397e-06	2.9192370329131197e-06	-0.91978256024182	KEGG_GENOME
ko:K18607		5.592678512705447e-07	0.0	0.6408687756992674	KEGG_GENOME
ko:K18608		5.592678512705447e-07	0.0	0.6408687756992674	KEGG_GENOME
ko:K18609		5.592678512705447e-07	0.0	0.6408687756992674	KEGG_GENOME
ko:K18610		5.592678512705447e-07	0.0	0.6408687756992674	KEGG_GENOME
ko:K18611		5.592678512705447e-07	9.097724113335808e-07	-0.29253194601520016	KEGG_GENOME
ko:K18612		5.592678512705447e-07	0.0	0.6408687756992674	KEGG_GENOME
ko:K18613		5.592678512705447e-07	0.0	0.6408687756992674	KEGG_GENOME
ko:K18614		5.592678512705447e-07	0.0	0.6408687756992674	KEGG_GENOME
ko:K18640		4.113776866534952e-05	1.562505562571308e-05	1.341754752959042	KEGG_GENOME
ko:K18642		0.0	6.81307975050502e-06	-2.9658913402967944	KEGG_GENOME
ko:K18650		1.6007104161322292e-05	1.4164204835888452e-05	0.16546766144630826	KEGG_GENOME
ko:K18652		2.277503127770962e-06	7.966020144471742e-07	0.8673263006250765	KEGG_GENOME
ko:K18653		2.277503127770962e-06	7.966020144471742e-07	0.8673263006250765	KEGG_GENOME
ko:K18654		2.277503127770962e-06	7.724188453867933e-06	-1.412423777179436	KEGG_GENOME
ko:K18657		8.366928544133984e-05	4.3236349156857456e-05	0.9366063893205464	KEGG_GENOME
ko:K18660		4.035357219492222e-06	0.0	2.332094129872408	KEGG_GENOME
ko:K18661		7.24145209842603e-06	1.5088773383258624e-05	-0.9650838785772121	KEGG_GENOME
ko:K18672		1.6531752154579574e-05	4.655101705535726e-05	-1.4395060099965844	KEGG_GENOME
ko:K18673		2.7837028043720847e-05	9.833391768744377e-06	1.4124374881295096	KEGG_GENOME
ko:K18675		2.206797945523487e-06	0.0	1.6811334550659343	KEGG_GENOME
ko:K18676		2.4779067968530497e-05	0.00018150606181485709	-2.8236723732075983	KEGG_GENOME
ko:K18682		4.856819731892243e-05	0.00021897171883815031	-2.1498313549377532	KEGG_GENOME
ko:K18683		0.0	8.738974691055397e-07	-0.9060420176397526	KEGG_GENOME
ko:K18687		5.010304526309109e-06	7.93079422856409e-06	-0.5713503916788527	KEGG_GENOME
ko:K18691		9.46679301526507e-05	0.00012727092101011005	-0.42308685886865727	KEGG_GENOME
ko:K18692		1.045438958910067e-06	2.996435971149821e-05	-3.920126224668333	KEGG_GENOME
ko:K18697		6.145472228676935e-05	2.928462585695727e-05	1.0442250719746264	KEGG_GENOME
ko:K18699		9.97541735938333e-07	2.1824471233982884e-06	-0.6719108972038969	KEGG_GENOME
ko:K18700		0.0	5.570140038890719e-06	-2.7159241211199094	KEGG_GENOME
ko:K18701		0.0	2.2710265835016734e-06	-1.7097434841929906	KEGG_GENOME
ko:K18702		8.062933330047603e-06	0.00015346722335478222	-4.09117886074738	KEGG_GENOME
ko:K18704		9.068056321779468e-06	2.3036773272077454e-05	-1.2554580475516723	KEGG_GENOME
ko:K18765		7.101542346307276e-05	4.1751148918676605e-05	0.7523427277113953	KEGG_GENOME
ko:K18767		1.0716643375828397e-06	0.0	1.050790268597034	KEGG_GENOME
ko:K18768		0.0	2.1824471233982884e-06	-1.6701365438376141	KEGG_GENOME
ko:K18770		1.045438958910067e-06	2.996435971149821e-05	-3.920126224668333	KEGG_GENOME
ko:K18778		7.524457335695484e-05	7.72976665098511e-05	-0.038334653179763714	KEGG_GENOME
ko:K18780		0.0	1.0310436946007334e-06	-1.0222212772045767	KEGG_GENOME
ko:K18781		0.0	6.108351154447827e-07	-0.6878088278096713	KEGG_GENOME
ko:K18782		1.0716643375828397e-06	0.0	1.050790268597034	KEGG_GENOME
ko:K18786		2.4780834077182463e-06	1.0939470814038844e-06	0.7320675475576318	KEGG_GENOME
ko:K18790		0.0	2.1824471233982884e-06	-1.6701365438376141	KEGG_GENOME
ko:K18791		5.081641654826441e-07	0.0	0.5927934762438646	KEGG_GENOME
ko:K18796		1.8168357006247365e-05	4.769338874245253e-06	1.732248772627407	KEGG_GENOME
ko:K18800		9.258704676875488e-05	0.00022380797254521008	-1.2643124322561818	KEGG_GENOME
ko:K18814		0.0	0.00014230783461552694	-7.1629736734291924	KEGG_GENOME
ko:K18816		3.5637124548178712e-06	1.6327414121025586e-05	-1.924776568187142	KEGG_GENOME
ko:K18820		8.760332923356175e-06	2.7760042195264137e-05	-1.5590635285957377	KEGG_GENOME
ko:K18824		0.0	5.439565879126319e-07	-0.626632188303108	KEGG_GENOME
ko:K18827		1.8747901385248772e-05	6.569931687430682e-06	1.3833471596331692	KEGG_GENOME
ko:K18828		2.00063982001459e-05	0.00010392892251538148	-2.320511675020088	KEGG_GENOME
ko:K18829		2.076607984711686e-05	9.998290455337169e-05	-2.213957577850959	KEGG_GENOME
ko:K18831		0.00010727364424079994	0.00012860762346471316	-0.25946847175141197	KEGG_GENOME
ko:K18833		1.6817843393151108e-06	0.0	1.4231932248969645	KEGG_GENOME
ko:K18837		2.3801614531460947e-05	1.1993109067384368e-05	0.932687351365247	KEGG_GENOME
ko:K18838		1.5010174558099541e-05	5.445767697189501e-06	1.3125649372563453	KEGG_GENOME
ko:K18840		1.0689219494570945e-06	1.12163013236918e-06	-0.03629395029699225	KEGG_GENOME
ko:K18841		4.840904894810598e-05	3.792910290250566e-05	0.3439261872454973	KEGG_GENOME
ko:K18842		3.6375199600706734e-05	3.068059451634069e-05	0.23848187477501792	KEGG_GENOME
ko:K18843		1.8617535785661258e-05	7.847399577414593e-05	-2.0183390498010443	KEGG_GENOME
ko:K18850		0.00012615901863613906	0.00024698547914333473	-0.9636218582156867	KEGG_GENOME
ko:K18853		1.1617424277628558e-06	1.013038822686802e-06	0.10281963999493529	KEGG_GENOME
ko:K18862		2.7958481500977035e-06	1.2381585610616468e-06	0.7621100328006852	KEGG_GENOME
ko:K18864		7.253217638932594e-06	1.1709032874866152e-06	1.926661228885232	KEGG_GENOME
ko:K18874		0.0	2.5607096238509617e-06	-1.8321647886042622	KEGG_GENOME
ko:K18887		2.9518276486872484e-06	0.00017583777288609917	-5.4837626318942325	KEGG_GENOME
ko:K18888		2.9518276486872484e-06	0.00017583777288609917	-5.4837626318942325	KEGG_GENOME
ko:K18889		0.00010958677612156908	0.0001768885117983474	-0.6857944634925636	KEGG_GENOME
ko:K18890		0.00010958677612156908	0.0001768885117983474	-0.6857944634925636	KEGG_GENOME
ko:K18893		4.6833870560961376e-05	0.00019586569552209	-2.041107299566415	KEGG_GENOME
ko:K18895		1.0689219494570945e-06	1.12163013236918e-06	-0.03629395029699225	KEGG_GENOME
ko:K18896		0.0	7.152308407538533e-06	-3.0272086307002612	KEGG_GENOME
ko:K18898		0.0	2.1824471233982884e-06	-1.6701365438376141	KEGG_GENOME
ko:K18899		0.0	2.1824471233982884e-06	-1.6701365438376141	KEGG_GENOME
ko:K18900		0.0001529425670506885	0.00029865347728176014	-0.9609029054292759	KEGG_GENOME
ko:K18901		2.396976678348868e-06	7.126676827156193e-05	-4.411009160580037	KEGG_GENOME
ko:K18902		2.396976678348868e-06	4.3506726076297806e-05	-3.7117001610914677	KEGG_GENOME
ko:K18903		2.7055764636492273e-06	6.860445510286919e-05	-4.231409750015209	KEGG_GENOME
ko:K18904		4.1869780850200846e-05	0.00015996387216211176	-1.9087039690348484	KEGG_GENOME
ko:K18909		0.0	6.044702996540616e-07	-0.6820970841423878	KEGG_GENOME
ko:K18910		3.558786529513108e-05	3.702245262184332e-06	2.959943549733844	KEGG_GENOME
ko:K18911		2.6434558957600055e-05	9.357669120299252e-05	-1.785490286516849	KEGG_GENOME
ko:K18916		1.2731999191148619e-06	7.943562576605733e-07	0.3412582128381746	KEGG_GENOME
ko:K18917		2.214411713393363e-06	1.9055537686560504e-05	-2.641374013630583	KEGG_GENOME
ko:K18918		2.549261807949674e-05	3.096877190480233e-05	-0.271072901206435	KEGG_GENOME
ko:K18919		6.314061751364884e-06	0.0	2.870672807156695	KEGG_GENOME
ko:K18920		2.8403495922043e-05	9.480274678283413e-06	1.4883111650917944	KEGG_GENOME
ko:K18921		1.9285135733858644e-05	7.579272093439389e-06	1.2414958032083323	KEGG_GENOME
ko:K18922		2.2039855229266017e-05	4.769338874245253e-06	1.9976537409207242	KEGG_GENOME
ko:K18923		2.0066008852451928e-05	2.8747506991707247e-05	-0.4978517592246553	KEGG_GENOME
ko:K18924		1.045438958910067e-06	2.3036773272077454e-05	-3.554760850476138	KEGG_GENOME
ko:K18925		1.045438958910067e-06	2.6408374276814553e-05	-3.7441343681844486	KEGG_GENOME
ko:K18926		7.678754432631288e-06	6.937179563811123e-06	0.1288615590530943	KEGG_GENOME
ko:K18927		1.605883143984031e-06	1.0191811403627447e-05	-2.1025992610837805	KEGG_GENOME
ko:K18928		4.4261650051342584e-05	0.00024733600782740573	-2.4559323769390558	KEGG_GENOME
ko:K18929		4.4261650051342584e-05	0.00024733600782740573	-2.4559323769390558	KEGG_GENOME
ko:K18930		7.756647676181758e-06	0.00022024233543209418	-4.659105000219615	KEGG_GENOME
ko:K18933		9.67808537361711e-06	0.0	3.416581083709453	KEGG_GENOME
ko:K18939		5.010304526309109e-06	0.0	2.587438090348394	KEGG_GENOME
ko:K18940		1.045438958910067e-06	2.996435971149821e-05	-3.920126224668333	KEGG_GENOME
ko:K18941		1.045438958910067e-06	2.996435971149821e-05	-3.920126224668333	KEGG_GENOME
ko:K18954		0.00010219498028058212	0.0001324440180414841	-0.3708618391827863	KEGG_GENOME
ko:K18955		4.140306713921368e-06	0.0004409219627875091	-6.4257933768938855	KEGG_GENOME
ko:K18958		1.380102237973789e-06	7.935176846222765e-06	-1.9084727373205443	KEGG_GENOME
ko:K18967		1.2033373735811834e-05	0.00012101553580592101	-3.2267823685551336	KEGG_GENOME
ko:K18968		3.517094418487378e-05	7.305398365735307e-05	-1.033746088146262	KEGG_GENOME
ko:K18972		0.0	1.0310436946007334e-06	-1.0222212772045767	KEGG_GENOME
ko:K18973		3.2297237940211355e-06	2.7676673196102213e-05	-2.7612423036995177	KEGG_GENOME
ko:K18974		3.1844384737983947e-06	1.2133905847881008e-05	-1.6501900782676544	KEGG_GENOME
ko:K18975		3.1844384737983947e-06	7.1581764856396484e-06	-0.9632126823941867	KEGG_GENOME
ko:K18979		0.0001473159926214588	0.0002508271150197723	-0.7637594618001472	KEGG_GENOME
ko:K18981		1.241236294002094e-05	5.383249229592635e-05	-2.031467621542543	KEGG_GENOME
ko:K18982		1.2883476683483899e-06	1.3355433060460749e-05	-2.649218690652504	KEGG_GENOME
ko:K18983		8.157333279644234e-06	4.036911752188249e-06	0.862388075280201	KEGG_GENOME
ko:K18984		6.441738341741949e-07	0.0	0.7173628394349931	KEGG_GENOME
ko:K18988		5.938569773329599e-05	2.2360834020917137e-05	1.3701151079714409	KEGG_GENOME
ko:K18989		5.1191323155768595e-05	3.543091254012752e-05	0.5186468447674419	KEGG_GENOME
ko:K18990		5.1191323155768595e-05	3.543091254012752e-05	0.5186468447674419	KEGG_GENOME
ko:K18991		2.9617156817849133e-05	5.5274390052311284e-05	-0.8781381977019109	KEGG_GENOME
ko:K18996		2.4068833708894793e-06	1.0716256740078979e-05	-1.7819872475933871	KEGG_GENOME
ko:K18997		4.391771325319389e-05	7.479364888014005e-05	-0.7547924805480715	KEGG_GENOME
ko:K19000		8.32326575639332e-05	7.965212635770687e-05	0.06266711435313775	KEGG_GENOME
ko:K19002		3.068131117540037e-06	8.98972752128675e-06	-1.2960791491628647	KEGG_GENOME
ko:K19005		2.090877917820134e-06	6.330032042773352e-05	-4.378737349472458	KEGG_GENOME
ko:K19033		8.72655175543315e-07	5.5725723942358625e-06	-1.8113728566355163	KEGG_GENOME
ko:K19036		7.760403736685042e-06	1.6586657343859043e-05	-1.0054120337940162	KEGG_GENOME
ko:K19046		3.745614155603948e-05	1.7405578167656858e-05	1.0630709498380562	KEGG_GENOME
ko:K19047		7.058577724822759e-07	2.221990147695685e-06	-0.9174547169360174	KEGG_GENOME
ko:K19048		0.00014557340417420945	0.00011343800701197064	0.35705707157403627	KEGG_GENOME
ko:K19049		2.8094910829315694e-06	2.5607096238509617e-06	0.09743348964686711	KEGG_GENOME
ko:K19055		7.121909205920594e-05	0.00010087034787219119	-0.49628198918254146	KEGG_GENOME
ko:K19056		7.058577724822759e-07	2.221990147695685e-06	-0.9174547169360174	KEGG_GENOME
ko:K19057		6.277085052104069e-06	3.48397480052256e-05	-2.3001279159723236	KEGG_GENOME
ko:K19058		7.903560265755475e-06	3.841183358525193e-05	-2.1461746236973474	KEGG_GENOME
ko:K19059		4.924296820279455e-06	3.48397480052256e-05	-2.5968446638810287	KEGG_GENOME
ko:K19068		3.7810655186517865e-05	5.66919786622798e-05	-0.5719179560211016	KEGG_GENOME
ko:K19075		9.674211261555845e-07	0.0	0.9763057992981491	KEGG_GENOME
ko:K19076		0.0	1.013038822686802e-06	-1.0093749957851508	KEGG_GENOME
ko:K19081		1.9063886897771811e-06	0.0	1.5392276566236323	KEGG_GENOME
ko:K19082		1.9063886897771811e-06	0.0	1.5392276566236323	KEGG_GENOME
ko:K19083		1.9063886897771811e-06	0.0	1.5392276566236323	KEGG_GENOME
ko:K19084		1.9063886897771811e-06	0.0	1.5392276566236323	KEGG_GENOME
ko:K19091		2.713728304780757e-06	0.0	1.8928682720090875	KEGG_GENOME
ko:K19092		9.661813596474942e-05	0.00010454782901525804	-0.11267579599120488	KEGG_GENOME
ko:K19096		0.0	2.1824471233982884e-06	-1.6701365438376141	KEGG_GENOME
ko:K19101		0.0	2.1824471233982884e-06	-1.6701365438376141	KEGG_GENOME
ko:K19113		2.9961233363861834e-06	2.8970459416925606e-05	-2.9068681827986937	KEGG_GENOME
ko:K19117		1.0067768048184577e-05	4.3212086032790706e-05	-1.9980764915097913	KEGG_GENOME
ko:K19118		1.0067768048184577e-05	4.3212086032790706e-05	-1.9980764915097913	KEGG_GENOME
ko:K19119		1.0067768048184577e-05	4.3212086032790706e-05	-1.9980764915097913	KEGG_GENOME
ko:K19123		3.745614155603948e-05	1.653129333265189e-05	1.133281587439717	KEGG_GENOME
ko:K19124		3.745614155603948e-05	1.653129333265189e-05	1.133281587439717	KEGG_GENOME
ko:K19125		3.745614155603948e-05	1.653129333265189e-05	1.133281587439717	KEGG_GENOME
ko:K19126		3.745614155603948e-05	1.653129333265189e-05	1.133281587439717	KEGG_GENOME
ko:K19127		1.9676355475882182e-05	7.928081920369522e-05	-1.9570734273834531	KEGG_GENOME
ko:K19128		2.0495753578811693e-05	7.824977550909448e-05	-1.8823551606203517	KEGG_GENOME
ko:K19129		2.0495753578811693e-05	7.928081920369522e-05	-1.901003650449163	KEGG_GENOME
ko:K19130		2.6781550091588705e-05	8.269179811613493e-05	-1.5909591463046704	KEGG_GENOME
ko:K19131		0.0	1.7477949382110794e-06	-1.4582743430698863	KEGG_GENOME
ko:K19132		0.0	1.7477949382110794e-06	-1.4582743430698863	KEGG_GENOME
ko:K19135		0.0	8.738974691055397e-07	-0.9060420176397526	KEGG_GENOME
ko:K19136		0.0	8.738974691055397e-07	-0.9060420176397526	KEGG_GENOME
ko:K19139		9.67808537361711e-06	0.0	3.416581083709453	KEGG_GENOME
ko:K19140		9.67808537361711e-06	0.0	3.416581083709453	KEGG_GENOME
ko:K19141		0.0	1.013038822686802e-06	-1.0093749957851508	KEGG_GENOME
ko:K19142		0.0	1.013038822686802e-06	-1.0093749957851508	KEGG_GENOME
ko:K19147		1.783665172503915e-05	2.0523785740407055e-05	-0.19238930650545882	KEGG_GENOME
ko:K19148		8.310025866653568e-06	3.836883685552013e-06	0.9447073309788375	KEGG_GENOME
ko:K19155		5.409206469410937e-07	1.781278380851199e-05	-3.609848872285636	KEGG_GENOME
ko:K19156		5.409206469410937e-07	1.8456303086740764e-05	-3.658373133948905	KEGG_GENOME
ko:K19157		1.000292127195785e-05	1.722046424112263e-05	-0.7276731085238968	KEGG_GENOME
ko:K19158		5.1713504233959665e-05	6.285880466208867e-05	-0.2767129468960758	KEGG_GENOME
ko:K19159		5.592077944972385e-05	0.00011524481644105105	-1.0301390625845235	KEGG_GENOME
ko:K19160		1.479504300694115e-05	1.0280495989872242e-05	0.48564136257724955	KEGG_GENOME
ko:K19161		1.18968306843057e-05	1.0280495989872242e-05	0.19318607319531625	KEGG_GENOME
ko:K19162		6.437025785876609e-05	3.230774784371518e-05	0.9727765808314479	KEGG_GENOME
ko:K19163		3.31204732135063e-05	1.4282032792947285e-05	1.1588011941352774	KEGG_GENOME
ko:K19164		1.6787262079019806e-05	3.814292631450948e-05	-1.1379071559763023	KEGG_GENOME
ko:K19165		4.355615198765726e-05	1.848493680834362e-05	1.193265389576098	KEGG_GENOME
ko:K19166		9.249009279164712e-05	9.451142309933179e-05	-0.030859799052949072	KEGG_GENOME
ko:K19168		7.005275531021703e-05	0.00011183675512349492	-0.6672745826373359	KEGG_GENOME
ko:K19169		1.90782689644746e-05	1.4719770673055137e-05	0.35305472251177866	KEGG_GENOME
ko:K19170		2.0668412058462478e-05	1.7776115265558966e-05	0.2066948276383013	KEGG_GENOME
ko:K19171		2.2279316708547247e-05	2.2525511006992e-05	-0.015177347575693629	KEGG_GENOME
ko:K19172		1.683911153682738e-05	6.7708602510694285e-06	1.1988975426813935	KEGG_GENOME
ko:K19173		1.099074185012243e-05	1.5977338535094012e-06	2.206595384446274	KEGG_GENOME
ko:K19174		1.099074185012243e-05	1.5977338535094012e-06	2.206595384446274	KEGG_GENOME
ko:K19175		1.099074185012243e-05	5.645038753176713e-06	0.851571400714579	KEGG_GENOME
ko:K19181		3.7753544277994647e-06	3.572085580026326e-06	0.06275540616319822	KEGG_GENOME
ko:K19200		5.592678512705447e-07	1.3959103410538147e-06	-0.6197051453918478	KEGG_GENOME
ko:K19213		0.0	1.0191811403627447e-05	-3.4843716514462058	KEGG_GENOME
ko:K19215		2.3387564736138333e-06	2.37602860509328e-06	-0.016016259905960093	KEGG_GENOME
ko:K19221		0.00010600940305180946	0.000307493104690249	-1.5275006695772702	KEGG_GENOME
ko:K19222		0.00012541822445830247	0.0001519904768213737	-0.2752373949539623	KEGG_GENOME
ko:K19224		1.045438958910067e-06	2.6408374276814553e-05	-3.7441343681844486	KEGG_GENOME
ko:K19225		0.0	6.9275864394207585e-06	-2.9868817030189656	KEGG_GENOME
ko:K19226		8.362283405948621e-05	4.3236349156857456e-05	0.9358146787539581	KEGG_GENOME
ko:K19227		8.45902551856418e-05	4.3236349156857456e-05	0.9522142247122981	KEGG_GENOME
ko:K19228		8.45902551856418e-05	4.3236349156857456e-05	0.9522142247122981	KEGG_GENOME
ko:K19229		8.45902551856418e-05	4.3236349156857456e-05	0.9522142247122981	KEGG_GENOME
ko:K19230		8.377085708271229e-05	4.3236349156857456e-05	0.9383360493488324	KEGG_GENOME
ko:K19231		0.0	1.791450125132791e-05	-4.241420829946476	KEGG_GENOME
ko:K19236		0.00021475646653434414	0.00021445545674426698	0.0020141623109026746	KEGG_GENOME
ko:K19238		1.870927765318846e-05	7.519379260311513e-06	1.210054680813931	KEGG_GENOME
ko:K19243		0.0	2.2710265835016734e-06	-1.7097434841929906	KEGG_GENOME
ko:K19246		4.29864574347823e-06	2.9672200797576933e-05	-2.5332361067430336	KEGG_GENOME
ko:K19265		9.336086669699323e-05	0.00022902601971716414	-1.2855364880923863	KEGG_GENOME
ko:K19267		7.37059931418248e-05	9.156876406973698e-05	-0.30930147492789906	KEGG_GENOME
ko:K19268		7.253217638932594e-06	3.3533504108849036e-06	0.9228305344804191	KEGG_GENOME
ko:K19270		6.68288241608212e-05	0.0002184459660231169	-1.6938953615671148	KEGG_GENOME
ko:K19271		4.06704242400875e-05	1.8981461481734045e-05	1.0603616795457507	KEGG_GENOME
ko:K19272		1.928262335399957e-06	1.2381585610616468e-06	0.38773255986601385	KEGG_GENOME
ko:K19273		1.045438958910067e-06	5.527544078017358e-05	-4.782023062404589	KEGG_GENOME
ko:K19274		0.0	2.6729225046462495e-06	-1.8769284568259	KEGG_GENOME
ko:K19275		0.0	1.0310436946007334e-06	-1.0222212772045767	KEGG_GENOME
ko:K19278		1.0716643375828397e-06	2.1824471233982884e-06	-0.61934627524058	KEGG_GENOME
ko:K19285		2.5402296134788946e-06	4.1194269319215765e-05	-3.5751322310637996	KEGG_GENOME
ko:K19286		1.816517536415544e-05	1.2926479167181344e-05	0.4606566310138558	KEGG_GENOME
ko:K19290		8.609443080026403e-06	7.713995038439208e-05	-3.02353561303297	KEGG_GENOME
ko:K19291		5.548043653120374e-06	6.55333660496609e-05	-3.344942179442623	KEGG_GENOME
ko:K19292		4.259695984771985e-06	6.429052635982397e-05	-3.633822354292742	KEGG_GENOME
ko:K19293		5.548043653120374e-06	6.429052635982397e-05	-3.3177378274301903	KEGG_GENOME
ko:K19294		0.0001221560191035579	0.0003138222198619067	-1.3540502289646905	KEGG_GENOME
ko:K19295		5.548043653120374e-06	8.812832585184778e-05	-3.766748162372961	KEGG_GENOME
ko:K19296		4.259695984771985e-06	7.286349612115127e-05	-3.8118102321276344	KEGG_GENOME
ko:K19300		3.78899164529168e-06	3.066648281961151e-05	-2.7251628130354577	KEGG_GENOME
ko:K19302		0.00011969825912504295	7.514949644731621e-05	0.6644984659589773	KEGG_GENOME
ko:K19303		6.145472228676935e-05	2.9325392781689814e-05	1.042284328502368	KEGG_GENOME
ko:K19304		7.041544516332921e-05	4.259282987862868e-05	0.7121452616472851	KEGG_GENOME
ko:K19311		1.4947906545688276e-06	0.0	1.3189187597361614	KEGG_GENOME
ko:K19333		8.61557767571785e-05	6.71009902954929e-05	0.3559205130995768	KEGG_GENOME
ko:K19334		5.542621564958301e-05	3.687924243295211e-05	0.5749581173835534	KEGG_GENOME
ko:K19335		2.0540941788531947e-05	2.3336601696473816e-05	-0.17604640057833476	KEGG_GENOME
ko:K19336		2.27925805442694e-05	2.1545377619165935e-05	0.07768008071136902	KEGG_GENOME
ko:K19337		7.888355637903923e-05	0.00025892060905757303	-1.7021005619301686	KEGG_GENOME
ko:K19338		7.176165676241392e-05	0.00010405375033960852	-0.5298773678190882	KEGG_GENOME
ko:K19339		1.707003559415533e-05	9.004197303352733e-05	-2.3329324756147627	KEGG_GENOME
ko:K19340		2.0566053426906524e-05	7.56067053565269e-05	-1.828708487797081	KEGG_GENOME
ko:K19341		2.0566053426906524e-05	7.916269079121055e-05	-1.8941687473112065	KEGG_GENOME
ko:K19342		3.159692703234825e-05	0.00010692273298647469	-1.7271909173495523	KEGG_GENOME
ko:K19343		6.616329630835272e-07	0.0	0.7326017414236495	KEGG_GENOME
ko:K19344		6.07468193479448e-06	4.949904933817036e-05	-2.835519035399833	KEGG_GENOME
ko:K19345		6.07468193479448e-06	4.949904933817036e-05	-2.835519035399833	KEGG_GENOME
ko:K19353		1.8211815050432045e-05	5.984626878638356e-05	-1.6631749716133795	KEGG_GENOME
ko:K19354		4.5444219123624384e-05	1.6630401711756777e-05	1.3974336895469879	KEGG_GENOME
ko:K19367		1.4947906545688276e-06	0.0	1.3189187597361614	KEGG_GENOME
ko:K19405		8.67004580085165e-06	4.550299017556384e-05	-2.2657288575683268	KEGG_GENOME
ko:K19411		8.67004580085165e-06	4.725117247967435e-05	-2.31896937162501	KEGG_GENOME
ko:K19416		9.12467857761998e-05	0.00016635744920296777	-0.8593622196110625	KEGG_GENOME
ko:K19420		1.045438958910067e-06	3.333596071623531e-05	-4.069237941321588	KEGG_GENOME
ko:K19430		1.045438958910067e-06	2.6592758706761112e-05	-3.7538073143508375	KEGG_GENOME
ko:K19504		2.0595773612436506e-05	7.645555462213081e-06	1.3207184356121096	KEGG_GENOME
ko:K19505		1.8807854226145797e-05	7.645555462213081e-06	1.196042039681898	KEGG_GENOME
ko:K19506		1.8807854226145797e-05	7.645555462213081e-06	1.196042039681898	KEGG_GENOME
ko:K19507		2.0519025910425435e-05	7.645555462213081e-06	1.3155822110550845	KEGG_GENOME
ko:K19508		2.1063235304785684e-05	7.645555462213081e-06	1.3516137974441702	KEGG_GENOME
ko:K19509		2.1063235304785684e-05	7.645555462213081e-06	1.3516137974441702	KEGG_GENOME
ko:K19510		1.8807854226145797e-05	8.888395152050008e-06	1.0022643010196222	KEGG_GENOME
ko:K19519		1.275327445132273e-05	1.2849424024568099e-05	-0.010050834244915315	KEGG_GENOME
ko:K19540		8.355666138097491e-06	1.582657681123783e-05	-0.8468294211142785	KEGG_GENOME
ko:K19557		0.0	6.435192782287776e-07	-0.7167883791087829	KEGG_GENOME
ko:K19577		0.00014697447973255616	0.0003136980400125723	-1.0886198089580554	KEGG_GENOME
ko:K19578		1.045438958910067e-06	2.3036773272077454e-05	-3.554760850476138	KEGG_GENOME
ko:K19585		2.7435456190674602e-05	1.8568345723556112e-05	0.5391691516617888	KEGG_GENOME
ko:K19586		2.618399197754524e-05	1.4963617879829673e-05	0.7679696812013116	KEGG_GENOME
ko:K19587		2.9712959318445566e-05	9.892125918660662e-06	1.4955619626430554	KEGG_GENOME
ko:K19591		9.237220892363515e-05	0.00023772618860649694	-1.3542917221168007	KEGG_GENOME
ko:K19592		0.0	6.108351154447827e-07	-0.6878088278096713	KEGG_GENOME
ko:K19593		4.064033269440709e-06	2.8471029453762785e-05	-2.5409386681248454	KEGG_GENOME
ko:K19594		4.769891041922985e-06	3.130385471690325e-05	-2.485090346907674	KEGG_GENOME
ko:K19595		4.769891041922985e-06	3.130385471690325e-05	-2.485090346907674	KEGG_GENOME
ko:K19597		0.0	6.108351154447827e-07	-0.6878088278096713	KEGG_GENOME
ko:K19609		1.7079723161837376e-05	8.44608541138672e-05	-2.2408911484299905	KEGG_GENOME
ko:K19610		1.0565038425018477e-05	8.44608541138672e-05	-2.885493676332135	KEGG_GENOME
ko:K19611		0.00010205522986889933	0.00011356997091838411	-0.15281123865874308	KEGG_GENOME
ko:K19615		0.0	2.981495484725887e-06	-1.9933104215110597	KEGG_GENOME
ko:K19620		1.3527882318246136e-06	6.966050379944534e-06	-1.7594931305287667	KEGG_GENOME
ko:K19621		1.3527882318246136e-06	6.025026244557509e-06	-1.578132141775059	KEGG_GENOME
ko:K19622		1.3527882318246136e-06	6.025026244557509e-06	-1.578132141775059	KEGG_GENOME
ko:K19623		1.3527882318246136e-06	6.025026244557509e-06	-1.578132141775059	KEGG_GENOME
ko:K19624		1.3527882318246136e-06	5.570140038890719e-06	-1.4815526478358183	KEGG_GENOME
ko:K19640		0.0	1.2427942098273296e-05	-3.7471663161005453	KEGG_GENOME
ko:K19641		1.949980631431917e-06	5.570140038890719e-06	-1.1552186388586014	KEGG_GENOME
ko:K19644		0.0	2.1824471233982884e-06	-1.6701365438376141	KEGG_GENOME
ko:K19659		0.0	1.0191811403627447e-05	-3.4843716514462058	KEGG_GENOME
ko:K19661		1.949980631431917e-06	5.570140038890719e-06	-1.1552186388586014	KEGG_GENOME
ko:K19670		3.414975566278225e-06	1.4400293807079529e-05	-1.8024805162177806	KEGG_GENOME
ko:K19686		2.760204475947578e-06	4.1429213350188556e-06	-0.45177697044809195	KEGG_GENOME
ko:K19687		2.760204475947578e-06	4.790252793615551e-06	-0.6228152191885327	KEGG_GENOME
ko:K19688		3.4732266736798914e-05	1.3055401902617058e-05	1.346102729645045	KEGG_GENOME
ko:K19689		1.1158519577733001e-05	9.839755286925748e-05	-3.0312427567927847	KEGG_GENOME
ko:K19693		2.206797945523487e-06	0.0	1.6811334550659343	KEGG_GENOME
ko:K19694		2.206797945523487e-06	1.4670436716459425e-05	-2.288840026389474	KEGG_GENOME
ko:K19696		8.125736204417545e-06	6.978429563325409e-05	-2.9554164603262696	KEGG_GENOME
ko:K19697		2.714290350686447e-05	8.122689285130156e-06	1.6252400938130778	KEGG_GENOME
ko:K19700		0.0	6.393473542208113e-07	-0.7131215732398816	KEGG_GENOME
ko:K19702		0.0	4.478625312831978e-06	-2.4538139400550274	KEGG_GENOME
ko:K19703		2.8275716378912254e-06	0.0	1.9364293798578458	KEGG_GENOME
ko:K19707		4.2005854001623945e-06	1.5063569203444989e-05	-1.6270465509484688	KEGG_GENOME
ko:K19709		0.0	2.1824471233982884e-06	-1.6701365438376141	KEGG_GENOME
ko:K19710		1.380102237973789e-06	0.0001487221698999469	-5.975120505786684	KEGG_GENOME
ko:K19711		3.2297237940211355e-06	2.7676673196102213e-05	-2.7612423036995177	KEGG_GENOME
ko:K19713		3.494221068014131e-05	0.00014774883029525132	-2.0491272718205193	KEGG_GENOME
ko:K19714		3.7857005226708094e-06	0.0	2.258730119405486	KEGG_GENOME
ko:K19715		3.7857005226708094e-06	0.0	2.258730119405486	KEGG_GENOME
ko:K19720		0.0	9.410241353870245e-07	-0.9568180571482727	KEGG_GENOME
ko:K19732		5.592678512705447e-07	3.572085580026326e-06	-1.5519836323859453	KEGG_GENOME
ko:K19734		4.530002962961025e-05	4.530277283077049e-05	-8.547479354939354e-05	KEGG_GENOME
ko:K19735		3.2297237940211355e-06	2.7676673196102213e-05	-2.7612423036995177	KEGG_GENOME
ko:K19736		2.345831939157495e-05	6.770736729006084e-05	-1.4901395281727223	KEGG_GENOME
ko:K19742		8.0226173628694e-06	3.572085580026326e-06	0.9806935962028202	KEGG_GENOME
ko:K19743		1.3527882318246136e-06	1.3177334652096042e-05	-2.591142952090533	KEGG_GENOME
ko:K19744		3.2297237940211355e-06	3.648493012560317e-05	-3.1476753510320212	KEGG_GENOME
ko:K19745		0.00011082391456408834	0.00017289755703464522	-0.6370089107009527	KEGG_GENOME
ko:K19746		1.0215269562404172e-05	7.298268663374545e-05	-2.7217233955033366	KEGG_GENOME
ko:K19775		6.539633349117266e-05	2.8610193000756075e-05	1.165009681800914	KEGG_GENOME
ko:K19776		5.4700345036459725e-05	3.0353256771284538e-05	0.8290709558472514	KEGG_GENOME
ko:K19777		7.058577724822759e-07	4.508077929668631e-06	-1.6910516056324467	KEGG_GENOME
ko:K19778		3.8915584849319265e-05	1.6926693982044994e-05	1.1548426970629593	KEGG_GENOME
ko:K19784		0.00011419042854432751	0.00022225090451433337	-0.9546451758377354	KEGG_GENOME
ko:K19789		8.308462004534597e-05	4.6808434736883784e-05	0.8145767684580327	KEGG_GENOME
ko:K19802		0.0001658228501317712	9.05171233190954e-05	0.8662033024248859	KEGG_GENOME
ko:K19803		6.302022625210962e-05	3.7334757061918965e-05	0.7398747383706329	KEGG_GENOME
ko:K19804		9.015052130474184e-05	8.274482697034678e-05	0.12225083128364915	KEGG_GENOME
ko:K19810		8.99299834329275e-05	0.00012079724712960774	-0.42165353060977223	KEGG_GENOME
ko:K19813		1.1843925491762152e-05	1.939950414573242e-05	-0.6674478837293017	KEGG_GENOME
ko:K19837		0.0	3.572085580026326e-06	-2.1928524080852125	KEGG_GENOME
ko:K19954		6.885345231209893e-07	2.1460939514763396e-05	-3.733574693700591	KEGG_GENOME
ko:K19955		1.045438958910067e-06	2.996435971149821e-05	-3.920126224668333	KEGG_GENOME
ko:K19956		3.03111300142799e-05	1.0074902997869718e-05	1.4993815134239137	KEGG_GENOME
ko:K19966		0.0	4.548862056667904e-07	-0.540906316748434	KEGG_GENOME
ko:K19967		0.0	4.548862056667904e-07	-0.540906316748434	KEGG_GENOME
ko:K19973		1.045438958910067e-06	2.3036773272077454e-05	-3.554760850476138	KEGG_GENOME
ko:K19975		1.045438958910067e-06	2.3036773272077454e-05	-3.554760850476138	KEGG_GENOME
ko:K19976		1.045438958910067e-06	2.3036773272077454e-05	-3.554760850476138	KEGG_GENOME
ko:K19978		7.377155604867742e-07	0.0	0.7971919526595865	KEGG_GENOME
ko:K19997		2.886766236078603e-06	2.1824471233982884e-06	0.2884337976466371	KEGG_GENOME
ko:K20023		3.376601319297474e-05	3.404773189036573e-05	-0.011643448528758005	KEGG_GENOME
ko:K20034		3.3240748477886603e-05	0.00017596550251370617	-2.369682006659494	KEGG_GENOME
ko:K20035		5.223370796624002e-05	0.0005336163258687687	-3.3280919295661264	KEGG_GENOME
ko:K20036		9.547983233264555e-06	1.1515881382336609e-05	-0.2467927077435	KEGG_GENOME
ko:K20037		2.214029599104359e-05	1.0054802334974212e-05	1.0657340889709763	KEGG_GENOME
ko:K20038		2.214029599104359e-05	1.0054802334974212e-05	1.0657340889709763	KEGG_GENOME
ko:K20074		4.59280509707075e-05	0.0003413424551415061	-2.8669177690394454	KEGG_GENOME
ko:K20084		2.015763268761717e-06	1.013038822686802e-06	0.583148188660987	KEGG_GENOME
ko:K20086		0.0	2.7760042195264137e-05	-4.845993887314561	KEGG_GENOME
ko:K20087		0.0	2.7760042195264137e-05	-4.845993887314561	KEGG_GENOME
ko:K20088		7.482879172453427e-07	2.7760042195264137e-05	-4.040051092306171	KEGG_GENOME
ko:K20089		0.0	2.7760042195264137e-05	-4.845993887314561	KEGG_GENOME
ko:K20090		0.0	2.7760042195264137e-05	-4.845993887314561	KEGG_GENOME
ko:K20108		2.2254133770646816e-06	3.1202518272559855e-05	-3.3196175361884697	KEGG_GENOME
ko:K20110		8.343094754195741e-07	0.0	0.8752370636806053	KEGG_GENOME
ko:K20118		1.3357156821626646e-05	7.429070429388219e-05	-2.3907016772402545	KEGG_GENOME
ko:K20136		0.0	4.478625312831978e-06	-2.4538139400550274	KEGG_GENOME
ko:K20148		0.0	1.0942335598876017e-06	-1.0664223481432982	KEGG_GENOME
ko:K20151		7.377155604867742e-07	0.0	0.7971919526595865	KEGG_GENOME
ko:K20158		0.0	6.393473542208113e-07	-0.7131215732398816	KEGG_GENOME
ko:K20169		0.0	6.393473542208113e-07	-0.7131215732398816	KEGG_GENOME
ko:K20171		0.0	6.393473542208113e-07	-0.7131215732398816	KEGG_GENOME
ko:K20172		0.0	6.393473542208113e-07	-0.7131215732398816	KEGG_GENOME
ko:K20199		0.0	2.0587586250433044e-05	-4.43213003675614	KEGG_GENOME
ko:K20200		0.0	1.7031600815749386e-05	-4.172455577427094	KEGG_GENOME
ko:K20201		6.7636571110744695e-06	4.550299017556384e-05	-2.5825151788850764	KEGG_GENOME
ko:K20218		1.5085868765010438e-06	7.914873947717509e-07	0.4857170093541498	KEGG_GENOME
ko:K20249		3.0033775310698716e-06	7.914873947717509e-07	1.1600597802905974	KEGG_GENOME
ko:K20257		3.2297237940211355e-06	2.7676673196102213e-05	-2.7612423036995177	KEGG_GENOME
ko:K20258		3.2297237940211355e-06	2.7676673196102213e-05	-2.7612423036995177	KEGG_GENOME
ko:K20259		3.2297237940211355e-06	2.8316020550323024e-05	-2.7930539189213546	KEGG_GENOME
ko:K20260		1.2918895176084542e-05	0.00011518531809724084	-3.061311166578886	KEGG_GENOME
ko:K20261		6.459447588042271e-06	5.98319717050364e-05	-3.027689065782722	KEGG_GENOME
ko:K20262		6.459447588042271e-06	5.98319717050364e-05	-3.027689065782722	KEGG_GENOME
ko:K20263		3.295703756868674e-05	1.752506199659057e-05	0.8742322321324861	KEGG_GENOME
ko:K20264		3.352543770419333e-05	2.4166094278648492e-05	0.45617837385890514	KEGG_GENOME
ko:K20265		9.152608047256174e-06	0.00017203362922857423	-4.091130168011592	KEGG_GENOME
ko:K20266		1.8793406796407074e-05	5.2539972820394966e-05	-1.4355964594290667	KEGG_GENOME
ko:K20267		0.0	3.572085580026326e-06	-2.1928524080852125	KEGG_GENOME
ko:K20268		1.2437751331246794e-05	1.164922109160244e-05	0.08724318822647711	KEGG_GENOME
ko:K20273		0.0	1.791450125132791e-05	-4.241420829946476	KEGG_GENOME
ko:K20274		0.0	1.0191811403627447e-05	-3.4843716514462058	KEGG_GENOME
ko:K20275		0.0	5.978740793486521e-07	-0.6761537209960984	KEGG_GENOME
ko:K20276		4.656189712042618e-05	0.00013191934983984214	-1.4826729746797294	KEGG_GENOME
ko:K20277		3.2297237940211355e-06	2.8281143495756275e-05	-2.7913365334326468	KEGG_GENOME
ko:K20320		3.2297237940211355e-06	2.7676673196102213e-05	-2.7612423036995177	KEGG_GENOME
ko:K20329		0.0	5.570140038890719e-06	-2.7159241211199094	KEGG_GENOME
ko:K20330		0.0	1.2708600128687143e-05	-3.7770093508685556	KEGG_GENOME
ko:K20331		2.888418444305032e-06	5.720291405228077e-06	-0.7893403124787649	KEGG_GENOME
ko:K20332		5.690884796004543e-07	0.0	0.6499267069788688	KEGG_GENOME
ko:K20333		5.690884796004543e-07	8.742848350049659e-07	-0.25641350899744175	KEGG_GENOME
ko:K20344		1.0562197036923732e-05	1.2849424024568099e-05	-0.2604104148064783	KEGG_GENOME
ko:K20345		4.882832083387759e-06	0.0	2.556510857274319	KEGG_GENOME
ko:K20370		3.0613994269060274e-06	0.00015515725864009502	-5.264878902190309	KEGG_GENOME
ko:K20391		1.045438958910067e-06	2.6408374276814553e-05	-3.7441343681844486	KEGG_GENOME
ko:K20420		5.592678512705447e-07	0.0	0.6408687756992674	KEGG_GENOME
ko:K20429		1.1176110291439437e-06	3.333175572004155e-05	-4.019034119296079	KEGG_GENOME
ko:K20449		2.0540585058393725e-06	0.0	1.6107276997496458	KEGG_GENOME
ko:K20455		2.6521016066593283e-05	0.0001107647844338186	-2.0218600462124035	KEGG_GENOME
ko:K20459		3.3905585546198244e-06	7.861106630298434e-06	-1.0130823957149984	KEGG_GENOME
ko:K20460		1.380102237973789e-06	0.0	1.2510235462432255	KEGG_GENOME
ko:K20461		3.3905585546198244e-06	7.861106630298434e-06	-1.0130823957149984	KEGG_GENOME
ko:K20468		1.380102237973789e-06	2.3951263968077757e-06	-0.5124417391703271	KEGG_GENOME
ko:K20469		0.0	4.790252793615551e-06	-2.5336263354570328	KEGG_GENOME
ko:K20480		0.0	6.9275864394207585e-06	-2.9868817030189656	KEGG_GENOME
ko:K20483		2.449480418987011e-05	1.048026879793413e-06	3.63789670199015	KEGG_GENOME
ko:K20484		1.5968964543555873e-05	0.0	4.084826628332829	KEGG_GENOME
ko:K20486		1.0116788203015611e-06	0.0	1.008399986382997	KEGG_GENOME
ko:K20509		6.606914033155591e-05	2.2381579498800452e-05	1.5202767184957315	KEGG_GENOME
ko:K20523		3.014540765106191e-06	1.048026879793413e-06	0.9710003126950421	KEGG_GENOME
ko:K20525		3.5237450969237426e-05	9.00655360264724e-06	1.8565363009396696	KEGG_GENOME
ko:K20527		1.2592660775743095e-05	1.5491516765493445e-05	-0.2788962004808979	KEGG_GENOME
ko:K20528		1.2592660775743095e-05	1.906360234551977e-05	-0.5617527671404025	KEGG_GENOME
ko:K20529		1.4738969388121778e-05	2.463374238441049e-05	-0.7037030454392199	KEGG_GENOME
ko:K20530		1.5298237239392324e-05	2.1061656804384162e-05	-0.4368252036722081	KEGG_GENOME
ko:K20531		1.5298237239392324e-05	2.1061656804384162e-05	-0.4368252036722081	KEGG_GENOME
ko:K20532		1.6369901576975164e-05	2.1061656804384162e-05	-0.3449515603597931	KEGG_GENOME
ko:K20533		1.6929169428245705e-05	2.0376800350296938e-05	-0.2537372719666182	KEGG_GENOME
ko:K20534		0.00011091814641164191	0.000188851276094586	-0.7624257222367992	KEGG_GENOME
ko:K20539		0.0	1.357925361632498e-06	-1.2375180516056703	KEGG_GENOME
ko:K20541		8.934240089609434e-05	6.61318878500067e-05	0.4284050409067294	KEGG_GENOME
ko:K20542		8.06635079453827e-05	4.21746031426454e-05	0.9195086247564417	KEGG_GENOME
ko:K20543		8.878759002002577e-05	7.948732091046744e-05	0.15775452206295898	KEGG_GENOME
ko:K20547		9.987774963444743e-07	1.048026879793413e-06	-0.03511677004726826	KEGG_GENOME
ko:K20552		5.442093943602491e-07	0.0	0.6268683949132385	KEGG_GENOME
ko:K20608		0.0	4.445983049131866e-06	-2.4451924919352432	KEGG_GENOME
ko:K20609		7.058577724822759e-07	2.221990147695685e-06	-0.9174547169360174	KEGG_GENOME
ko:K20628		1.3755465405584837e-05	1.0280495989872242e-05	0.38741892316818693	KEGG_GENOME
ko:K20712		2.5145306595874696e-06	3.333018223415486e-05	-3.288073569864289	KEGG_GENOME
ko:K20742		4.1538220490601405e-05	3.343192063056115e-05	0.3050130245901166	KEGG_GENOME
ko:K20749		0.0	4.478625312831978e-06	-2.4538139400550274	KEGG_GENOME
ko:K20755		0.0	1.0191811403627447e-05	-3.4843716514462058	KEGG_GENOME
ko:K20801		0.0	1.0191811403627447e-05	-3.4843716514462058	KEGG_GENOME
ko:K20807		2.0513221444496795e-05	1.1439492840279704e-05	0.7902959059566254	KEGG_GENOME
ko:K20810		6.716995648508877e-06	1.6586657343859043e-05	-1.1883701017399204	KEGG_GENOME
ko:K20814		0.0	5.607177115696474e-06	-2.724034018926188	KEGG_GENOME
ko:K20817		0.0	5.570140038890719e-06	-2.7159241211199094	KEGG_GENOME
ko:K20830		2.6568187252583753e-06	0.0	1.8705891115978557	KEGG_GENOME
ko:K20859		2.20967779951446e-06	0.0	1.682428481032004	KEGG_GENOME
ko:K20861		4.255233479491368e-05	1.616372995783786e-05	1.343386954243363	KEGG_GENOME
ko:K20862		9.306795959433645e-05	0.00016126491462180456	-0.786575773373869	KEGG_GENOME
ko:K20866		0.0001087099110417167	8.420020590923706e-05	0.36476504047528485	KEGG_GENOME
ko:K20881		8.367365513385805e-05	0.00012712073439987676	-0.5975189001272881	KEGG_GENOME
ko:K20884		0.0	0.00014324885875091395	-7.172416094566383	KEGG_GENOME
ko:K20885		4.37156261139409e-06	3.711673902048211e-06	0.18910214287375393	KEGG_GENOME
ko:K20901		0.0	4.542053167003347e-06	-2.470420551202611	KEGG_GENOME
ko:K20902		2.9167941766448324e-06	6.78962680816249e-07	1.2221031551030392	KEGG_GENOME
ko:K20903		1.9063886897771811e-06	0.0	1.5392276566236323	KEGG_GENOME
ko:K20904		1.9063886897771811e-06	0.0	1.5392276566236323	KEGG_GENOME
ko:K20918		2.037248519195814e-05	0.0	4.417682769176709	KEGG_GENOME
ko:K20919		2.206797945523487e-06	0.0	1.6811334550659343	KEGG_GENOME
ko:K20920		1.2546342641190165e-05	4.450383200088524e-06	1.3134738227325118	KEGG_GENOME
ko:K20921		1.4947906545688276e-06	0.0	1.3189187597361614	KEGG_GENOME
ko:K20922		1.4947906545688276e-06	0.0	1.3189187597361614	KEGG_GENOME
ko:K20938		3.7979267758457554e-05	0.0001398091058020415	-1.8529617384280526	KEGG_GENOME
ko:K20940		1.3129833652908886e-05	3.976329954303521e-05	-1.528526352410705	KEGG_GENOME
ko:K20941		1.7660192840764723e-05	6.133997491245624e-06	1.3871812819900877	KEGG_GENOME
ko:K20945		1.4947906545688276e-06	0.0	1.3189187597361614	KEGG_GENOME
ko:K20946		1.4947906545688276e-06	0.0	1.3189187597361614	KEGG_GENOME
ko:K20947		1.4947906545688276e-06	0.0	1.3189187597361614	KEGG_GENOME
ko:K20948		1.4947906545688276e-06	6.435192782287776e-07	0.6021303806273784	KEGG_GENOME
ko:K20949		2.232506215055602e-06	0.0	1.6926531438704178	KEGG_GENOME
ko:K20950		2.3141887574983395e-06	8.738974691055397e-07	0.8226137550317868	KEGG_GENOME
ko:K20951		1.4947906545688276e-06	0.0	1.3189187597361614	KEGG_GENOME
ko:K20952		1.4947906545688276e-06	0.0	1.3189187597361614	KEGG_GENOME
ko:K20953		1.4947906545688276e-06	0.0	1.3189187597361614	KEGG_GENOME
ko:K20954		1.4947906545688276e-06	0.0	1.3189187597361614	KEGG_GENOME
ko:K20955		2.206797945523487e-06	7.367899095148313e-07	0.8847102058146111	KEGG_GENOME
ko:K20956		1.4947906545688276e-06	0.0	1.3189187597361614	KEGG_GENOME
ko:K20957		1.4947906545688276e-06	7.367899095148313e-07	0.5224955104848382	KEGG_GENOME
ko:K20958		1.4947906545688276e-06	0.0	1.3189187597361614	KEGG_GENOME
ko:K20959		2.206797945523487e-06	0.0	1.6811334550659343	KEGG_GENOME
ko:K20960		1.4947906545688276e-06	0.0	1.3189187597361614	KEGG_GENOME
ko:K20961		1.4947906545688276e-06	0.0	1.3189187597361614	KEGG_GENOME
ko:K20962		2.206797945523487e-06	7.367899095148313e-07	0.8847102058146111	KEGG_GENOME
ko:K20963		1.4947906545688276e-06	0.0	1.3189187597361614	KEGG_GENOME
ko:K20964		1.6700015042901996e-05	0.0	4.1456786813148945	KEGG_GENOME
ko:K20965		2.206797945523487e-06	0.0	1.6811334550659343	KEGG_GENOME
ko:K20966		2.183325177689817e-06	1.9996465342518672e-05	-2.721540035942581	KEGG_GENOME
ko:K20968		1.1307404546837614e-05	3.0946690223591306e-05	-1.3761399207907683	KEGG_GENOME
ko:K20969		3.2297237940211355e-06	3.9154966865275497e-05	-3.246943087392876	KEGG_GENOME
ko:K20970		3.2297237940211355e-06	4.354944125318016e-05	-3.396771975492232	KEGG_GENOME
ko:K20971		3.306275416074135e-05	0.0001038488585382516	-1.6220441606189064	KEGG_GENOME
ko:K20972		8.177954301914109e-06	0.0001116358341620345	-3.6173494483280066	KEGG_GENOME
ko:K20973		3.2297237940211355e-06	6.191249343346566e-05	-3.894711180302927	KEGG_GENOME
ko:K20974		2.105321862775613e-05	0.0001113776182045033	-2.3492935934158963	KEGG_GENOME
ko:K20975		5.2066059854905145e-06	4.9439205683375577e-05	-3.0226690890796406	KEGG_GENOME
ko:K20976		1.0533321688522482e-05	8.395916096593229e-05	-2.880961438039631	KEGG_GENOME
ko:K20977		2.220655766792063e-05	7.013803029119456e-05	-1.6160884916507088	KEGG_GENOME
ko:K20978		2.1239136541765048e-05	7.013803029119456e-05	-1.6775202538485345	KEGG_GENOME
ko:K20987		3.2297237940211355e-06	5.301890864019742e-05	-3.674829131114676	KEGG_GENOME
ko:K20988		1.3284058201676941e-05	4.450383200088524e-06	1.3899763473115427	KEGG_GENOME
ko:K20989		0.0	2.2710265835016734e-06	-1.7097434841929906	KEGG_GENOME
ko:K20997		3.918258317142125e-06	6.403938900239268e-05	-3.7250942890326337	KEGG_GENOME
ko:K20998		3.2297237940211355e-06	4.1727203576860395e-05	-3.336519536323754	KEGG_GENOME
ko:K20999		3.2297237940211355e-06	4.1727203576860395e-05	-3.336519536323754	KEGG_GENOME
ko:K21000		5.759331446379567e-06	5.0856266874712964e-05	-2.9395658862785305	KEGG_GENOME
ko:K21001		3.2297237940211355e-06	5.117657013728909e-05	-3.624766748884912	KEGG_GENOME
ko:K21002		3.2297237940211355e-06	4.620582888969239e-05	-3.4803296501028598	KEGG_GENOME
ko:K21003		3.2297237940211355e-06	4.1727203576860395e-05	-3.336519536323754	KEGG_GENOME
ko:K21004		3.2297237940211355e-06	3.457489516932187e-05	-3.072224143645	KEGG_GENOME
ko:K21005		3.9674393545079095e-06	3.5408413621199856e-05	-2.873697621979307	KEGG_GENOME
ko:K21006		1.1975576974730322e-05	5.4368321688095444e-05	-2.0932621006988312	KEGG_GENOME
ko:K21007		9.270000511081094e-06	5.099672068335833e-05	-2.3399843851287905	KEGG_GENOME
ko:K21008		1.0622788742905708e-05	5.099672068335833e-05	-2.1614643716574737	KEGG_GENOME
ko:K21009		1.0622788742905708e-05	5.4368321688095444e-05	-2.2521045249665543	KEGG_GENOME
ko:K21010		1.0622788742905708e-05	5.099672068335833e-05	-2.1614643716574737	KEGG_GENOME
ko:K21011		1.0622788742905708e-05	5.5145463763655416e-05	-2.272213198801506	KEGG_GENOME
ko:K21012		1.0622788742905708e-05	5.5145463763655416e-05	-2.272213198801506	KEGG_GENOME
ko:K21014		2.0540585058393725e-06	1.581128108748418e-05	-2.4606300630870335	KEGG_GENOME
ko:K21019		7.008174889394674e-06	5.760569990020363e-05	-2.871495599328542	KEGG_GENOME
ko:K21020		3.918258317142125e-06	3.871217986606478e-05	-3.0133621395337404	KEGG_GENOME
ko:K21021		5.4604699789152014e-05	8.869396593222078e-05	-0.6898041058477123	KEGG_GENOME
ko:K21022		3.7626694271712067e-06	2.8550570665207752e-05	-2.6333436701904906	KEGG_GENOME
ko:K21023		2.5069188691348042e-05	7.441950184962164e-05	-1.532591936485072	KEGG_GENOME
ko:K21024		6.3106265021806755e-06	8.079553930909901e-05	-3.4839552165464305	KEGG_GENOME
ko:K21025		4.9482305078929745e-06	6.152284197246003e-05	-3.393850896049281	KEGG_GENOME
ko:K21028		3.156273782933792e-05	2.2416629725874128e-05	0.4756885557824032	KEGG_GENOME
ko:K21029		0.0001290729794440084	0.000502763452563696	-1.9534251634299131	KEGG_GENOME
ko:K21030		1.045438958910067e-06	2.3036773272077454e-05	-3.554760850476138	KEGG_GENOME
ko:K21034		0.0	3.572085580026326e-06	-2.1928524080852125	KEGG_GENOME
ko:K21053		2.0006720436202013e-05	0.00015085276605847738	-2.853750336483914	KEGG_GENOME
ko:K21054		3.8557741140623e-06	5.15792923245865e-06	-0.3427439775116878	KEGG_GENOME
ko:K21060		1.1230669219807121e-05	1.2498467636135473e-05	-0.14229229463123202	KEGG_GENOME
ko:K21061		2.6426203886963852e-05	9.352246703809223e-05	-1.785102334329494	KEGG_GENOME
ko:K21062		5.9406336886008077e-05	0.00012997698970937743	-1.1165415710199351	KEGG_GENOME
ko:K21064		1.045438958910067e-06	2.996435971149821e-05	-3.920126224668333	KEGG_GENOME
ko:K21065		8.538428304990609e-06	3.3190534632950863e-06	1.1430363906451415	KEGG_GENOME
ko:K21071		1.5071885330970793e-05	0.00020991695894098406	-3.7140640197527386	KEGG_GENOME
ko:K21084		3.245793274238804e-05	7.296206309723409e-05	-1.1444371591654765	KEGG_GENOME
ko:K21085		3.792120586025503e-05	2.022451005207725e-05	0.8748251576174959	KEGG_GENOME
ko:K21086		8.785515089540349e-05	3.6025999857751364e-05	1.2629167162224515	KEGG_GENOME
ko:K21087		7.436114031116322e-05	6.200065472990949e-05	0.25845397315284363	KEGG_GENOME
ko:K21088		3.3378478554713473e-05	1.246076261978419e-05	1.352745550499421	KEGG_GENOME
ko:K21089		1.7994783987642256e-05	8.972349245411194e-06	0.9295979914941697	KEGG_GENOME
ko:K21090		4.409996663585064e-05	1.676820025749192e-05	1.3438288081369636	KEGG_GENOME
ko:K21103		3.2297237940211355e-06	2.7676673196102213e-05	-2.7612423036995177	KEGG_GENOME
ko:K21116		5.592678512705447e-07	0.0	0.6408687756992674	KEGG_GENOME
ko:K21117		5.592678512705447e-07	0.0	0.6408687756992674	KEGG_GENOME
ko:K21118		5.592678512705447e-07	0.0	0.6408687756992674	KEGG_GENOME
ko:K21130		1.823375390846383e-06	0.0	1.4974209596439632	KEGG_GENOME
ko:K21131		1.823375390846383e-06	0.0	1.4974209596439632	KEGG_GENOME
ko:K21133		3.2297237940211355e-06	5.9437282557491626e-05	-3.836803432203702	KEGG_GENOME
ko:K21134		2.905299493381137e-05	8.54912462767466e-05	-1.5250453559033308	KEGG_GENOME
ko:K21135		3.2297237940211355e-06	6.658959096503016e-05	-3.99816572166142	KEGG_GENOME
ko:K21136		4.450624608375207e-06	7.773301111533142e-05	-3.852475186087755	KEGG_GENOME
ko:K21137		3.030445914694073e-05	8.613476555497537e-05	-1.4768802731466353	KEGG_GENOME
ko:K21138		0.0	8.738974691055397e-07	-0.9060420176397526	KEGG_GENOME
ko:K21140		0.0	1.7481823041105056e-06	-1.4584777103104687	KEGG_GENOME
ko:K21147		5.0596135437167674e-05	7.158214216749247e-05	-0.4923516252197302	KEGG_GENOME
ko:K21162		4.464273403649842e-05	1.9043589377810472e-05	1.1872443253400806	KEGG_GENOME
ko:K21163		0.0	1.7481823041105056e-06	-1.4584777103104687	KEGG_GENOME
ko:K21195		5.592678512705447e-07	8.742848350049659e-07	-0.2654714402770431	KEGG_GENOME
ko:K21196		1.6648059169303518e-05	1.0021160662468483e-05	0.6792333677559138	KEGG_GENOME
ko:K21210		5.592678512705447e-07	0.0	0.6408687756992674	KEGG_GENOME
ko:K21217		1.9299027582573733e-05	1.0928601313142279e-05	0.766985727393316	KEGG_GENOME
ko:K21218		2.321728589971586e-05	9.571683781006216e-05	-1.9977298888076471	KEGG_GENOME
ko:K21232		1.4749941117169171e-05	1.477173573936648e-05	-0.0019950079759863217	KEGG_GENOME
ko:K21252		5.592678512705447e-07	4.66603266143021e-06	-1.8614701423505917	KEGG_GENOME
ko:K21253		3.2297237940211355e-06	2.7676673196102213e-05	-2.7612423036995177	KEGG_GENOME
ko:K21264		1.158782055459219e-06	1.1378700440316332e-06	0.0140434425257322	KEGG_GENOME
ko:K21265		2.115643803285127e-05	7.595799321595e-06	1.36602225901505	KEGG_GENOME
ko:K21276		1.3527882318246136e-06	0.0	1.2343714732840911	KEGG_GENOME
ko:K21277		1.3527882318246136e-06	0.0	1.2343714732840911	KEGG_GENOME
ko:K21285		1.966408703212027e-06	2.3036773272077454e-05	-3.0184539528257246	KEGG_GENOME
ko:K21298		4.672581994020092e-06	0.0	2.50400555740334	KEGG_GENOME
ko:K21302		5.592678512705447e-07	0.0	0.6408687756992674	KEGG_GENOME
ko:K21307		4.850993050688805e-06	5.7249989132705195e-06	-0.20085252988836144	KEGG_GENOME
ko:K21308		4.850993050688805e-06	5.7249989132705195e-06	-0.20085252988836144	KEGG_GENOME
ko:K21309		4.850993050688805e-06	5.7249989132705195e-06	-0.20085252988836144	KEGG_GENOME
ko:K21310		2.381242052044359e-06	8.884819937697308e-06	-1.5476613882582513	KEGG_GENOME
ko:K21313		0.0	6.281485948315934e-07	-0.7032323748152548	KEGG_GENOME
ko:K21344		9.244854128202883e-06	8.995364839149302e-06	0.03556831000454962	KEGG_GENOME
ko:K21345		8.246076631858408e-06	3.658166498962499e-05	-2.0231157593912905	KEGG_GENOME
ko:K21363		5.442093943602491e-07	0.0	0.6268683949132385	KEGG_GENOME
ko:K21364		9.674211261555845e-07	0.0	0.9763057992981491	KEGG_GENOME
ko:K21379		5.5602131686305e-06	1.440121292675952e-06	1.4267898322322834	KEGG_GENOME
ko:K21393		8.499515998009995e-06	7.1959295320441245e-06	0.21294642952889944	KEGG_GENOME
ko:K21399		0.0	0.00014230783461552694	-7.1629736734291924	KEGG_GENOME
ko:K21400		0.0	0.00014230783461552694	-7.1629736734291924	KEGG_GENOME
ko:K21401		0.0	0.0001447029610123347	-7.186886386287681	KEGG_GENOME
ko:K21405		7.141860982078686e-05	0.00022251906925329783	-1.625965530815107	KEGG_GENOME
ko:K21416		3.148948991702537e-05	7.737004124590802e-05	-1.270329162681062	KEGG_GENOME
ko:K21417		3.223777783427071e-05	8.53288970631173e-05	-1.3770196251482694	KEGG_GENOME
ko:K21420		5.62243899959836e-05	0.00016706008472439153	-1.5542750325068468	KEGG_GENOME
ko:K21428		9.674211261555845e-07	0.0	0.9763057992981491	KEGG_GENOME
ko:K21429		4.728216126030314e-06	2.7676673196102213e-05	-2.323719833801113	KEGG_GENOME
ko:K21430		0.00010811017768196416	0.00015040857797936992	-0.47266126181941526	KEGG_GENOME
ko:K21449		6.257790868828039e-05	0.00024308635909358773	-1.9407942047183022	KEGG_GENOME
ko:K21465		1.045438958910067e-06	2.996435971149821e-05	-3.920126224668333	KEGG_GENOME
ko:K21467		1.045438958910067e-06	2.3036773272077454e-05	-3.554760850476138	KEGG_GENOME
ko:K21469		1.3262299661586175e-05	0.0001454006622519125	-3.359643553104282	KEGG_GENOME
ko:K21470		0.00013696409092807884	0.00012861505571580643	0.09005950621117685	KEGG_GENOME
ko:K21471		0.0	0.00015151604076283972	-7.252817174823957	KEGG_GENOME
ko:K21472		3.7786709770843424e-05	4.199392922210106e-05	-0.1485705654742509	KEGG_GENOME
ko:K21478		0.0	3.371601004737099e-06	-2.1281617324931017	KEGG_GENOME
ko:K21480		0.0	4.6661529803094495e-06	-2.502369553525821	KEGG_GENOME
ko:K21481		1.380102237973789e-06	4.6661529803094495e-06	-1.2513460072825953	KEGG_GENOME
ko:K21495		8.280964003846642e-06	2.2475696966407738e-05	-1.3388214210233385	KEGG_GENOME
ko:K21498		5.287993243053607e-05	6.978170855027364e-05	-0.3936285448384803	KEGG_GENOME
ko:K21514		0.0	2.2710265835016734e-06	-1.7097434841929906	KEGG_GENOME
ko:K21528		5.961288025815736e-06	4.958807702915578e-06	0.22433057732585734	KEGG_GENOME
ko:K21552		3.0613994269060274e-06	1.2849424024568099e-05	-1.7697771538951645	KEGG_GENOME
ko:K21555		5.846653959938726e-07	6.848564540872233e-07	-0.08844743660151445	KEGG_GENOME
ko:K21556		8.474748638955368e-07	0.0	0.8855547356948626	KEGG_GENOME
ko:K21562		5.415459457466011e-06	3.371601004737099e-06	0.5533908583512644	KEGG_GENOME
ko:K21563		2.5251674271904928e-05	0.00018386713296314654	-2.816007411993621	KEGG_GENOME
ko:K21564		0.0	2.2710265835016734e-06	-1.7097434841929906	KEGG_GENOME
ko:K21567		2.090877917820134e-06	5.992871942299642e-05	-4.301033841170187	KEGG_GENOME
ko:K21571		1.4838342410254965e-05	2.096053759586826e-06	2.3549189278823954	KEGG_GENOME
ko:K21572		0.0004671401173749173	2.887339952353418e-05	3.9700070749796943	KEGG_GENOME
ko:K21573		0.00023371831854002644	1.048026879793413e-05	4.353702114427416	KEGG_GENOME
ko:K21574		1.4820884191561704e-05	0.0	3.9837583257432603	KEGG_GENOME
ko:K21575		2.6470209750152996e-05	2.880806907505755e-05	-0.1178349963673496	KEGG_GENOME
ko:K21591		1.463571937103707e-06	0.0	1.300751599430696	KEGG_GENOME
ko:K21592		1.045438958910067e-06	2.3036773272077454e-05	-3.554760850476138	KEGG_GENOME
ko:K21600		8.947988453265752e-06	0.0001846257118928446	-4.22184791557141	KEGG_GENOME
ko:K21602		1.0468020045385875e-05	5.170183135732786e-06	0.8942311160245524	KEGG_GENOME
ko:K21603		5.592678512705447e-07	3.572085580026326e-06	-1.5519836323859453	KEGG_GENOME
ko:K21606		2.2210820286477387e-05	1.0191811403627447e-05	1.0523539528672528	KEGG_GENOME
ko:K21607		4.582512025845749e-06	4.5895975256292404e-05	-3.0704777529146328	KEGG_GENOME
ko:K21608		0.0	9.410241353870245e-07	-0.9568180571482727	KEGG_GENOME
ko:K21614		5.592678512705447e-07	0.0	0.6408687756992674	KEGG_GENOME
ko:K21615		7.482879172453427e-07	2.7760042195264137e-05	-4.040051092306171	KEGG_GENOME
ko:K21616		6.616329630835272e-07	0.0	0.7326017414236495	KEGG_GENOME
ko:K21617		6.616329630835272e-07	3.572085580026326e-06	-1.4602506666615631	KEGG_GENOME
ko:K21619		5.718218152164403e-06	1.6868632912180278e-05	-1.411278713088045	KEGG_GENOME
ko:K21620		4.0178353592035055e-06	3.4001782575677805e-05	-2.802291357506762	KEGG_GENOME
ko:K21621		2.1738563030743797e-05	6.6864601161231484e-06	1.564749840941274	KEGG_GENOME
ko:K21622		1.2209008143540719e-06	0.0	1.1511449634230426	KEGG_GENOME
ko:K21624		3.5488491604082e-06	5.320267884136832e-06	-0.4744841124990162	KEGG_GENOME
ko:K21636		7.915794990132252e-05	0.00029743099166884644	-1.8964798492414008	KEGG_GENOME
ko:K21637		5.442093943602491e-07	2.1824471233982884e-06	-1.0432681489243756	KEGG_GENOME
ko:K21638		3.238912517724381e-05	9.797337879937719e-06	1.6287026391860735	KEGG_GENOME
ko:K21645		6.78530110978887e-05	0.0002153112748224353	-1.6515172118831425	KEGG_GENOME
ko:K21672		0.0	0.00014230783461552694	-7.1629736734291924	KEGG_GENOME
ko:K21677		1.1617424277628558e-06	2.8214928400930926e-05	-3.7564392126808848	KEGG_GENOME
ko:K21678		0.0	6.025026244557509e-06	-2.8125036150591503	KEGG_GENOME
ko:K21686		2.229856572635815e-05	4.363572974798077e-06	2.1189748588492514	KEGG_GENOME
ko:K21687		2.760204475947578e-06	1.160333254412057e-05	-1.7449222368821997	KEGG_GENOME
ko:K21688		0.0	0.00014697398759583639	-7.209199776001768	KEGG_GENOME
ko:K21694		7.377155604867742e-07	6.848564540872233e-07	0.0445662703314892	KEGG_GENOME
ko:K21695		6.86258286576425e-05	7.469753874349592e-05	-0.12062379976665877	KEGG_GENOME
ko:K21698		6.25922109018764e-05	4.027756909964694e-05	0.6234920569845063	KEGG_GENOME
ko:K21699		2.1566394801430903e-05	7.942632181111227e-05	-1.8334917893137874	KEGG_GENOME
ko:K21700		3.78899164529168e-06	3.2526033789673655e-05	-2.8074879951246823	KEGG_GENOME
ko:K21703		2.7820884204790293e-05	2.8064379765908822e-05	-0.012137524697375942	KEGG_GENOME
ko:K21711		3.918258317142125e-06	8.843778627876427e-05	-4.184665064349934	KEGG_GENOME
ko:K21712		4.340693917846382e-06	1.4712678591600081e-05	-1.5568300335575271	KEGG_GENOME
ko:K21724		0.0	4.548862056667904e-07	-0.540906316748434	KEGG_GENOME
ko:K21725		0.0	1.282866632449589e-06	-1.1908465782118276	KEGG_GENOME
ko:K21738		0.0	7.943562576605733e-07	-0.8434663563296437	KEGG_GENOME
ko:K21739		3.334996956760094e-06	0.00020780145616121074	-5.589956982282063	KEGG_GENOME
ko:K21740		1.0716643375828397e-06	2.1824471233982884e-06	-0.61934627524058	KEGG_GENOME
ko:K21741		8.424234382356315e-06	2.163902792271511e-05	-1.2643646880826946	KEGG_GENOME
ko:K21742		8.382092429286717e-06	3.3533504108849036e-06	1.1077835633191113	KEGG_GENOME
ko:K21744		1.380102237973789e-06	2.3951263968077757e-06	-0.5124417391703271	KEGG_GENOME
ko:K21746		1.787919386290711e-06	2.1824471233982884e-06	-0.19094769808323137	KEGG_GENOME
ko:K21747		0.0	3.271119319553832e-06	-2.094614202200159	KEGG_GENOME
ko:K21748		1.0299721907508496e-06	0.0	1.0214599635973238	KEGG_GENOME
ko:K21755		1.045438958910067e-06	2.3036773272077454e-05	-3.554760850476138	KEGG_GENOME
ko:K21756		0.0	1.0310436946007334e-06	-1.0222212772045767	KEGG_GENOME
ko:K21757		7.95107736744392e-06	6.866431654176836e-05	-2.9602866247353794	KEGG_GENOME
ko:K21758		0.0	2.2727097869968324e-06	-1.710485674663798	KEGG_GENOME
ko:K21759		3.461236281348676e-05	1.3643922982430324e-05	1.2820760678553038	KEGG_GENOME
ko:K21778		0.0	7.603649143296851e-07	-0.8158745229101975	KEGG_GENOME
ko:K21779		9.674211261555845e-07	0.0	0.9763057992981491	KEGG_GENOME
ko:K21780		8.0226173628694e-06	0.0	3.173546004288033	KEGG_GENOME
ko:K21781		9.674211261555845e-07	0.0	0.9763057992981491	KEGG_GENOME
ko:K21782		8.990038489024985e-06	0.0	3.3204902363578848	KEGG_GENOME
ko:K21783		9.674211261555845e-07	0.0	0.9763057992981491	KEGG_GENOME
ko:K21784		9.674211261555845e-07	0.0	0.9763057992981491	KEGG_GENOME
ko:K21785		9.674211261555845e-07	0.0	0.9763057992981491	KEGG_GENOME
ko:K21787		9.674211261555845e-07	0.0	0.9763057992981491	KEGG_GENOME
ko:K21801		4.696235499130105e-06	9.455326143443451e-06	-0.8761573681521081	KEGG_GENOME
ko:K21802		0.0	3.674300178610582e-05	-5.238137263181058	KEGG_GENOME
ko:K21817		3.5294739008016905e-06	1.3355433060460749e-05	-1.6641814571644054	KEGG_GENOME
ko:K21822		1.2088098058651451e-06	1.0310436946007334e-06	0.12104792059754113	KEGG_GENOME
ko:K21825		3.2297237940211355e-06	0.0001047256945846943	-4.643618771502717	KEGG_GENOME
ko:K21826		1.5471309009138808e-05	0.00017743084878879542	-3.4373379446878927	KEGG_GENOME
ko:K21828		0.0	6.9275864394207585e-06	-2.9868817030189656	KEGG_GENOME
ko:K21829		5.011386243302377e-06	5.9212677695872505e-05	-3.3242976522862775	KEGG_GENOME
ko:K21830		3.2297237940211355e-06	6.30190730622954e-05	-3.9198664262912657	KEGG_GENOME
ko:K21831		3.2297237940211355e-06	3.482898160364075e-05	-3.0824916753969154	KEGG_GENOME
ko:K21832		5.519546557832302e-06	9.248047433840205e-05	-3.841821522745855	KEGG_GENOME
ko:K21833		4.29864574347823e-06	7.73852118856115e-05	-3.8868859217913414	KEGG_GENOME
ko:K21834		4.29864574347823e-06	7.73852118856115e-05	-3.8868859217913414	KEGG_GENOME
ko:K21883		6.1361838256624694e-06	1.5005299562611785e-05	-1.1653249951039408	KEGG_GENOME
ko:K21885		5.520408951895156e-06	7.061279377117225e-06	-0.3060463706250822	KEGG_GENOME
ko:K21886		0.0	5.908772926162801e-06	-2.7884294949055484	KEGG_GENOME
ko:K21898		3.028742195721922e-06	0.00014587992019555326	-5.188163881207253	KEGG_GENOME
ko:K21900		7.684791148817113e-06	2.7515398584909432e-05	-1.7151781380240791	KEGG_GENOME
ko:K21903		6.268765794049291e-06	7.006264708234525e-05	-3.2893091035508393	KEGG_GENOME
ko:K21904		3.918258317142125e-06	3.372118705535522e-05	-2.819596856414947	KEGG_GENOME
ko:K21908		2.2865555027525342e-05	1.1444802728840899e-05	0.9393865273662171	KEGG_GENOME
ko:K21909		3.8557741140623e-06	4.363572974798077e-06	-0.14349307011163454	KEGG_GENOME
ko:K21910		2.0780421128379203e-05	1.1403938432545003e-05	0.8122335788886845	KEGG_GENOME
ko:K21911		1.5085868765010438e-06	4.363572974798077e-06	-1.0963194786054655	KEGG_GENOME
ko:K21919		0.0	9.410241353870245e-07	-0.9568180571482727	KEGG_GENOME
ko:K21929		3.125007036630197e-05	0.0003288445317677332	-3.3544119743467844	KEGG_GENOME
ko:K21935		8.770905280114744e-06	0.0	3.2884922349293264	KEGG_GENOME
ko:K21936		2.6033748662251584e-05	2.6627734810879323e-05	-0.03135570237611649	KEGG_GENOME
ko:K21948		4.8444608067936713e-05	7.901298850757406e-05	-0.6944210079418341	KEGG_GENOME
ko:K21949		4.029817380600155e-06	0.00016147604859575556	-5.013577228191652	KEGG_GENOME
ko:K21962		9.674211261555845e-07	0.0	0.9763057992981491	KEGG_GENOME
ko:K21963		1.8168357006247365e-05	4.769338874245253e-06	1.732248772627407	KEGG_GENOME
ko:K21964		2.3203160850022437e-05	1.3325162634197764e-05	0.7566439527865619	KEGG_GENOME
ko:K21965		2.4449939269445807e-05	4.7779474480286676e-05	-0.9386120018809719	KEGG_GENOME
ko:K21966		2.4362127811873503e-05	3.56699635501588e-05	-0.5319230433653795	KEGG_GENOME
ko:K21967		2.3203160850022437e-05	1.3325162634197764e-05	0.7566439527865619	KEGG_GENOME
ko:K21968		2.3203160850022437e-05	1.3325162634197764e-05	0.7566439527865619	KEGG_GENOME
ko:K21972		3.691877703249428e-05	1.5155740423390827e-05	1.2308655634126298	KEGG_GENOME
ko:K21973		6.0782159326400734e-05	2.0949269256433368e-05	1.493017385172373	KEGG_GENOME
ko:K21974		4.7127677849855305e-05	1.5778148640862223e-05	1.5202832826721198	KEGG_GENOME
ko:K21975		4.1466503678155335e-05	1.2588208875640492e-05	1.6439700342736472	KEGG_GENOME
ko:K21976		4.957630279217237e-05	1.9003512694718132e-05	1.3382082124502699	KEGG_GENOME
ko:K21977		0.0	5.24415954643209e-06	-2.642507400529416	KEGG_GENOME
ko:K21990		6.910521023994187e-05	0.00011275166902674909	-0.6982941386230463	KEGG_GENOME
ko:K21993		1.3432529830992625e-05	2.5712923858576148e-05	-0.8882136872632491	KEGG_GENOME
ko:K22003		0.0	1.3998952338689527e-05	-3.906789828371003	KEGG_GENOME
ko:K22010		7.091703957889054e-06	0.00020302453492117124	-4.656155304753688	KEGG_GENOME
ko:K22015		0.0001083700856571449	5.9809259756726446e-05	0.8468552610330833	KEGG_GENOME
ko:K22024		6.140358070708792e-05	0.00019367016167606049	-1.6413310518551498	KEGG_GENOME
ko:K22025		9.291147094133936e-06	2.345103466858292e-05	-1.2484917154748472	KEGG_GENOME
ko:K22027		2.2516387557374542e-06	2.479824653457746e-06	-0.0978476226808847	KEGG_GENOME
ko:K22041		4.380905863587816e-05	2.721764300122939e-05	0.6671929324528012	KEGG_GENOME
ko:K22042		5.108134660122437e-05	0.00011405498728229674	-1.1434848653095913	KEGG_GENOME
ko:K22043		3.0613994269060274e-06	1.62210250293052e-05	-2.084122193095233	KEGG_GENOME
ko:K22044		5.544994010085736e-05	0.000313696718124574	-2.4789181780261007	KEGG_GENOME
ko:K22051		6.67138565632369e-05	4.403070541451803e-05	0.5885420106463939	KEGG_GENOME
ko:K22067		1.5866779808561993e-05	0.0001232563632794464	-2.881063268479983	KEGG_GENOME
ko:K22071		2.9157744568280346e-06	0.0	1.969297670103373	KEGG_GENOME
ko:K22081		5.539527573809795e-06	1.5485968102764378e-05	-1.3339802866908401	KEGG_GENOME
ko:K22082		5.539527573809795e-06	1.5485968102764378e-05	-1.3339802866908401	KEGG_GENOME
ko:K22083		1.5955328507913677e-05	1.9058053682790705e-05	-0.24244288526483096	KEGG_GENOME
ko:K22084		9.634539247383293e-06	1.5829747895435017e-06	2.0416520607841036	KEGG_GENOME
ko:K22085		9.634539247383293e-06	1.5829747895435017e-06	2.0416520607841036	KEGG_GENOME
ko:K22086		9.634539247383293e-06	1.5829747895435017e-06	2.0416520607841036	KEGG_GENOME
ko:K22087		9.634539247383293e-06	1.5829747895435017e-06	2.0416520607841036	KEGG_GENOME
ko:K22103		1.8929138228056038e-06	2.372162972616468e-05	-3.0951786008033544	KEGG_GENOME
ko:K22104		1.7909427511381396e-05	7.568955269140008e-06	1.1419144597742836	KEGG_GENOME
ko:K22105		8.781997897966293e-05	0.0001242634115157255	-0.4960089410202044	KEGG_GENOME
ko:K22106		9.987774963444743e-07	2.5791730469688173e-06	-0.8405084169146709	KEGG_GENOME
ko:K22108		6.642456407347447e-06	4.684234572394777e-05	-2.6461798039217563	KEGG_GENOME
ko:K22110		0.00014765287397822168	7.692001560068001e-05	0.9318814844585086	KEGG_GENOME
ko:K22111		5.442093943602491e-07	0.0	0.6268683949132385	KEGG_GENOME
ko:K22112		6.304286451580532e-06	5.986302305529613e-05	-3.0587507444398105	KEGG_GENOME
ko:K22113		1.2514642131293613e-06	0.0	1.1708635463223867	KEGG_GENOME
ko:K22114		1.2514642131293613e-06	0.0	1.1708635463223867	KEGG_GENOME
ko:K22116		1.0980583079629203e-05	0.0	3.5826262188420204	KEGG_GENOME
ko:K22129		6.00507924752633e-05	0.00019110945205220954	-1.653846575873435	KEGG_GENOME
ko:K22130		4.715626039958832e-05	6.24905617505024e-05	-0.39881877944362565	KEGG_GENOME
ko:K22131		5.2011994638833793e-05	8.840539997603755e-05	-0.7540431463089485	KEGG_GENOME
ko:K22132		0.0001262842280217955	0.00030613750648933924	-1.270831035797899	KEGG_GENOME
ko:K22135		5.080796178402289e-06	2.996435971149821e-05	-2.3482764760691603	KEGG_GENOME
ko:K22136		4.1791065340876386e-05	6.112525375855769e-05	-0.5378702423260887	KEGG_GENOME
ko:K22185		5.175922179317736e-06	2.519420374530736e-05	-2.0845211285220393	KEGG_GENOME
ko:K22186		8.532881412501822e-06	3.542624010233115e-05	-1.9339938337919973	KEGG_GENOME
ko:K22187		5.624820159499593e-06	3.973798917920455e-05	-2.620421574733213	KEGG_GENOME
ko:K22205		3.0874276063445568e-06	9.410241353870245e-07	1.0743751216844424	KEGG_GENOME
ko:K22209		6.27769984098153e-06	3.957263490189498e-05	-2.478952542803846	KEGG_GENOME
ko:K22210		0.0	8.742848350049659e-07	-0.9063402159763106	KEGG_GENOME
ko:K22213		1.0689219494570945e-06	6.8807631372742e-06	-1.9294561202434477	KEGG_GENOME
ko:K22214		0.0	2.78691742305235e-06	-1.9210239623758159	KEGG_GENOME
ko:K22215		5.129254154677616e-06	1.7212996999366177e-05	-1.5711849076268025	KEGG_GENOME
ko:K22217		5.592678512705447e-07	0.0	0.6408687756992674	KEGG_GENOME
ko:K22225		2.2142304121525566e-05	0.00018784093291107754	-3.0285670992437725	KEGG_GENOME
ko:K22226		5.548108760685657e-07	0.0	0.636739104631338	KEGG_GENOME
ko:K22227		0.0	0.00014923542105494772	-7.231081187418526	KEGG_GENOME
ko:K22230		6.009082022653583e-06	7.975613319214172e-06	-0.3567850168802765	KEGG_GENOME
ko:K22250		3.2297237940211355e-06	6.0584117701149664e-05	-3.8639229717429107	KEGG_GENOME
ko:K22252		2.5499067408841073e-05	7.36374587002849e-05	-1.4939582780173415	KEGG_GENOME
ko:K22253		6.885345231209893e-07	7.448394782168935e-06	-2.322905575048492	KEGG_GENOME
ko:K22268		3.3945342857451493e-06	0.0	2.1357102827187617	KEGG_GENOME
ko:K22270		1.1922181545357293e-05	1.0500006787811593e-05	0.16821493618858813	KEGG_GENOME
ko:K22278		8.486947470613282e-05	0.00047953305018570556	-2.4844183889027907	KEGG_GENOME
ko:K22292		2.8330200322445496e-05	0.000203793083516899	-2.803708162267298	KEGG_GENOME
ko:K22293		4.719102551658706e-05	1.676820025749192e-05	1.439466944237154	KEGG_GENOME
ko:K22294		0.0	1.4540864174264735e-05	-3.957994824196826	KEGG_GENOME
ko:K22295		2.043119281284719e-06	0.0	1.6055508843438822	KEGG_GENOME
ko:K22296		1.60135276511514e-05	4.6596508702133856e-05	-1.4841734468536008	KEGG_GENOME
ko:K22297		3.0613994269060274e-06	1.751557700487755e-05	-2.188690684979836	KEGG_GENOME
ko:K22298		0.0	2.756333105779015e-06	-1.909325004617551	KEGG_GENOME
ko:K22299		0.0	1.7984631184197921e-06	-1.4846347342536688	KEGG_GENOME
ko:K22300		1.3080718497705642e-06	6.862862170393888e-07	0.45283870662154685	KEGG_GENOME
ko:K22302		8.44459948713056e-06	1.915108349610486e-05	-1.0932958892654772	KEGG_GENOME
ko:K22303		6.573576034179206e-06	4.9145143776624197e-05	-2.727063425099173	KEGG_GENOME
ko:K22306		0.0	0.00014697398759583639	-7.209199776001768	KEGG_GENOME
ko:K22310		1.4991150450014493e-05	0.0001226551435889619	-2.95097661230974	KEGG_GENOME
ko:K22311		2.6568187252583753e-06	3.015516859207191e-05	-3.0908105071676415	KEGG_GENOME
ko:K22316		0.0	5.892265736827639e-06	-2.7849783268984116	KEGG_GENOME
ko:K22317		6.047384808863847e-06	2.3382229441803163e-05	-1.7906701510094798	KEGG_GENOME
ko:K22318		6.020070802714672e-06	2.111120285830149e-05	-1.6552200240930104	KEGG_GENOME
ko:K22319		4.667282570890058e-06	2.184799276781632e-05	-2.011338385642352	KEGG_GENOME
ko:K22320		6.047384808863847e-06	2.3382229441803163e-05	-1.7906701510094798	KEGG_GENOME
ko:K22336		0.0	3.2690238659133154e-06	-2.093906227972889	KEGG_GENOME
ko:K22342		3.562645382340416e-06	8.02002473489379e-06	-0.9832608605929734	KEGG_GENOME
ko:K22343		3.562645382340416e-06	7.565138529226999e-06	-0.9086060510071939	KEGG_GENOME
ko:K22344		3.562645382340416e-06	8.02002473489379e-06	-0.9832608605929734	KEGG_GENOME
ko:K22345		3.2297237940211355e-06	7.582590972967614e-05	-4.182957583674345	KEGG_GENOME
ko:K22347		0.0	6.8323887446685214e-06	-2.96945237194967	KEGG_GENOME
ko:K22348		9.727825109247391e-06	4.219817873515339e-05	-2.009612865699178	KEGG_GENOME
ko:K22349		0.0	1.5281716484222678e-05	-4.025180897239504	KEGG_GENOME
ko:K22350		0.0	2.2697743076714407e-05	-4.566677761307241	KEGG_GENOME
ko:K22373		2.6568187252583753e-06	2.4942716512082394e-06	0.06559734117469958	KEGG_GENOME
ko:K22396		2.080301216708605e-05	2.8909210210709066e-05	-0.45606235238438764	KEGG_GENOME
ko:K22397		4.915024300442812e-05	2.583461897387702e-05	0.9021612881182579	KEGG_GENOME
ko:K22405		0.0	1.013038822686802e-06	-1.0093749957851508	KEGG_GENOME
ko:K22424		7.377155604867742e-07	1.1430795113903823e-05	-2.838654721015508	KEGG_GENOME
ko:K22441		4.161145298359375e-05	3.3667230762626735e-05	0.29766864811531024	KEGG_GENOME
ko:K22443		2.044802799834937e-05	3.089602011905754e-05	-0.5725314127223972	KEGG_GENOME
ko:K22444		1.8953237343780544e-05	2.9864976424456806e-05	-0.6293478516686277	KEGG_GENOME
ko:K22445		0.0	1.013038822686802e-06	-1.0093749957851508	KEGG_GENOME
ko:K22446		5.718218152164403e-06	1.2849424024568099e-05	-1.0436754298896807	KEGG_GENOME
ko:K22450		0.0	6.044702996540616e-07	-0.6820970841423878	KEGG_GENOME
ko:K22451		5.077162695667744e-06	1.3790448159955124e-05	-1.283195946835424	KEGG_GENOME
ko:K22452		2.444159051937396e-05	0.0001192780142830281	-2.241112184393153	KEGG_GENOME
ko:K22463		5.846653959938726e-07	0.0	0.6641782457265831	KEGG_GENOME
ko:K22468		8.164398633588068e-05	0.00035742601275896347	-2.1166935953067294	KEGG_GENOME
ko:K22473		1.0689219494570945e-06	1.12163013236918e-06	-0.03629395029699225	KEGG_GENOME
ko:K22474		1.0689219494570945e-06	1.12163013236918e-06	-0.03629395029699225	KEGG_GENOME
ko:K22476		0.0	4.6661529803094495e-06	-2.502369553525821	KEGG_GENOME
ko:K22477		5.4365217395446224e-06	4.0468901303630606e-05	-2.6876766446424667	KEGG_GENOME
ko:K22478		0.0	5.5725723942358625e-06	-2.7164581276352373	KEGG_GENOME
ko:K22479		4.673435712410665e-05	0.00014050078641322038	-1.5677101364265325	KEGG_GENOME
ko:K22486		0.0	1.739829392329788e-06	-1.4540860601555343	KEGG_GENOME
ko:K22487		7.47054182753866e-06	6.356155407982048e-06	0.20350229727792007	KEGG_GENOME
ko:K22488		5.2608640280242e-06	6.356155407982048e-06	-0.2325901893618979	KEGG_GENOME
ko:K22489		3.587323099326965e-05	2.1024595995603317e-05	0.7434582816407983	KEGG_GENOME
ko:K22491		5.0898347171876804e-05	0.00021811538398524598	-2.0779302804840256	KEGG_GENOME
ko:K22504		7.47054182753866e-06	1.5329561925475787e-05	-0.9469599269189338	KEGG_GENOME
ko:K22505		7.47054182753866e-06	6.356155407982048e-06	0.20350229727792007	KEGG_GENOME
ko:K22506		7.47054182753866e-06	6.356155407982048e-06	0.20350229727792007	KEGG_GENOME
ko:K22507		7.47054182753866e-06	6.356155407982048e-06	0.20350229727792007	KEGG_GENOME
ko:K22508		7.47054182753866e-06	6.356155407982048e-06	0.20350229727792007	KEGG_GENOME
ko:K22509		7.47054182753866e-06	6.356155407982048e-06	0.20350229727792007	KEGG_GENOME
ko:K22510		7.47054182753866e-06	6.356155407982048e-06	0.20350229727792007	KEGG_GENOME
ko:K22511		7.47054182753866e-06	6.356155407982048e-06	0.20350229727792007	KEGG_GENOME
ko:K22512		7.47054182753866e-06	5.857992108048359e-06	0.30466801201806604	KEGG_GENOME
ko:K22513		0.0	1.739829392329788e-06	-1.4540860601555343	KEGG_GENOME
ko:K22515		1.2372265426155877e-05	2.538954603752121e-05	-0.9807226367053258	KEGG_GENOME
ko:K22516		0.0	8.073625001110124e-07	-0.8538858945049956	KEGG_GENOME
ko:K22548		5.945415262944035e-06	4.513246268644481e-05	-2.7316494498396136	KEGG_GENOME
ko:K22549		2.591803972148121e-05	9.579349362159391e-05	-1.8463367230011958	KEGG_GENOME
ko:K22550		2.3196480092942715e-05	9.289464713107993e-05	-1.9562457219494394	KEGG_GENOME
ko:K22551		5.512626013772334e-06	2.5052526958104763e-05	-2.000112025427054	KEGG_GENOME
ko:K22552		1.380102237973789e-06	0.0	1.2510235462432255	KEGG_GENOME
ko:K22553		0.0	1.2716678730603709e-06	-1.1837519224682806	KEGG_GENOME
ko:K22579		3.936093058953276e-06	1.6140771685908612e-05	-1.7959905631149569	KEGG_GENOME
ko:K22589		1.2224098866345226e-05	7.685715711275777e-05	-2.557660251179598	KEGG_GENOME
ko:K22597		2.306284543712524e-05	1.4626729943560359e-05	0.6227913407122138	KEGG_GENOME
ko:K22601		4.571049967235919e-05	2.2054616955231768e-05	1.0186911819905813	KEGG_GENOME
ko:K22602		4.827695466451085e-05	3.0156094557797465e-05	0.6613986979403937	KEGG_GENOME
ko:K22609		0.0	8.738974691055397e-07	-0.9060420176397526	KEGG_GENOME
ko:K22616		3.848700606625239e-06	5.6559851010337295e-06	-0.4570540299108663	KEGG_GENOME
ko:K22617		1.6066816642181126e-05	0.00015545236889097957	-3.1964576105827893	KEGG_GENOME
ko:K22622		7.980650405084105e-06	1.6143200406800324e-05	-0.9327446284346048	KEGG_GENOME
ko:K22650		3.7191416461114546e-05	1.5924135243054737e-05	1.174166308676832	KEGG_GENOME
ko:K22692		8.770905280114744e-06	0.0	3.2884922349293264	KEGG_GENOME
ko:K22704		2.015763268761717e-06	4.548862056667904e-07	1.0516168676977036	KEGG_GENOME
ko:K22718		3.29424280596447e-05	1.4177032034986238e-05	1.1612000810969973	KEGG_GENOME
ko:K22719		0.00013920246707703165	0.00020569395058698918	-0.5599844293197747	KEGG_GENOME
ko:K22720		3.942815785574418e-05	1.3120977908339932e-05	1.5175204656214127	KEGG_GENOME
ko:K22723		2.0104563166460354e-06	1.048026879793413e-06	0.5557475328455012	KEGG_GENOME
ko:K22736		7.356208556921987e-05	0.00025078708302814456	-1.75569015385315	KEGG_GENOME
ko:K22737		4.850993050688805e-06	4.363572974798077e-06	0.12548712416630653	KEGG_GENOME
ko:K22745		7.482879172453427e-07	0.0	0.8059427950083903	KEGG_GENOME
ko:K22747		3.572329232570143e-06	2.9421737713325017e-06	0.21393791728637715	KEGG_GENOME
ko:K22757		2.9767344886020792e-05	0.00011861319755725011	-1.958904723866475	KEGG_GENOME
ko:K22769		1.9640141238079868e-05	4.2923400535768366e-05	-1.0895369086715343	KEGG_GENOME
ko:K22770		1.9640141238079868e-05	4.2923400535768366e-05	-1.0895369086715343	KEGG_GENOME
ko:K22818		5.010304526309109e-06	1.9057679840065803e-06	1.0485185772214918	KEGG_GENOME
ko:K22819		5.010304526309109e-06	6.435192782287776e-07	1.870649711239611	KEGG_GENOME
ko:K22838		0.0	1.739829392329788e-06	-1.4540860601555343	KEGG_GENOME
ko:K22839		0.0	1.739829392329788e-06	-1.4540860601555343	KEGG_GENOME
ko:K22840		0.0	1.739829392329788e-06	-1.4540860601555343	KEGG_GENOME
ko:K22843		0.0	8.738974691055397e-07	-0.9060420176397526	KEGG_GENOME
ko:K22874		2.1894971597052813e-05	4.89455826040491e-05	-1.1253263104443298	KEGG_GENOME
ko:K22879		6.152852544161216e-06	1.456580634791374e-05	-1.1217897081440065	KEGG_GENOME
ko:K22881		0.0	5.5725723942358625e-06	-2.7164581276352373	KEGG_GENOME
ko:K22893		0.0	8.742848350049659e-07	-0.9063402159763106	KEGG_GENOME
ko:K22896		0.0	6.848564540872233e-07	-0.7526256823280975	KEGG_GENOME
ko:K22897		0.0	6.848564540872233e-07	-0.7526256823280975	KEGG_GENOME
ko:K22898		0.0	6.848564540872233e-07	-0.7526256823280975	KEGG_GENOME
ko:K22899		0.0	6.848564540872233e-07	-0.7526256823280975	KEGG_GENOME
ko:K22900		9.136275327639675e-05	0.00019559304414427914	-1.0898291924307812	KEGG_GENOME
ko:K22903		0.0	6.848564540872233e-07	-0.7526256823280975	KEGG_GENOME
ko:K22905		6.107134886418594e-06	1.641252793317117e-05	-1.292785681596874	KEGG_GENOME
ko:K22907		0.0	3.145311418506639e-06	-2.051480488948646	KEGG_GENOME
ko:K22917		0.0	4.548862056667904e-07	-0.540906316748434	KEGG_GENOME
ko:K22927		2.9518276486872484e-06	2.996435971149821e-05	-2.9700166809118036	KEGG_GENOME
ko:K22933		1.5085868765010438e-06	7.914873947717509e-07	0.4857170093541498	KEGG_GENOME
ko:K22935		4.222491794810589e-06	7.914873947717509e-07	1.5435804281173797	KEGG_GENOME
ko:K22952		2.0400180942483982e-05	4.958492995826991e-05	-1.241084652583099	KEGG_GENOME
ko:K22954		7.482879172453427e-07	0.0	0.8059427950083903	KEGG_GENOME
ko:K22955		1.1185357025410894e-06	3.572085580026326e-06	-1.1097849662160943	KEGG_GENOME
ko:K22956		1.8435159570038923e-05	1.7010040425928377e-05	0.10986753323125831	KEGG_GENOME
ko:K22958		2.9300954776629832e-05	1.1101361395757352e-05	1.324193894487897	KEGG_GENOME
ko:K22969		0.0	9.410241353870245e-07	-0.9568180571482727	KEGG_GENOME
ko:K22994		2.1856381384740343e-05	1.5980220568793803e-05	0.42874181533837596	KEGG_GENOME
ko:K23007		3.7903257511808406e-05	2.0422654261316994e-05	0.8607537216885185	KEGG_GENOME
ko:K23015		3.8458068387876976e-05	2.0422654261316994e-05	0.8811830920562496	KEGG_GENOME
ko:K23016		2.482645240934809e-05	8.903999710383103e-06	1.3827663071349352	KEGG_GENOME
ko:K23036		3.0613994269060274e-06	1.4664345629060664e-05	-1.947435678792588	KEGG_GENOME
ko:K23050		0.0	4.3944743879046485e-06	-2.4314823971730366	KEGG_GENOME
ko:K23054		2.6568187252583753e-06	3.3179691643483136e-05	-3.224478364902026	KEGG_GENOME
ko:K23055		8.559491028550274e-06	0.00025985239471824087	-4.770156060134864	KEGG_GENOME
ko:K23056		5.465335887611507e-06	0.000129426496559982	-4.3343678542483355	KEGG_GENOME
ko:K23057		5.465335887611507e-06	0.00013198720618383297	-4.362418327082746	KEGG_GENOME
ko:K23058		5.465335887611507e-06	0.00013198720618383297	-4.362418327082746	KEGG_GENOME
ko:K23059		2.9518276486872484e-06	3.689194615091897e-05	-3.2612993062939144	KEGG_GENOME
ko:K23060		2.9518276486872484e-06	2.996435971149821e-05	-2.9700166809118036	KEGG_GENOME
ko:K23061		4.55298972018819e-06	4.4377721755379664e-05	-3.030647548243128	KEGG_GENOME
ko:K23062		4.55298972018819e-06	4.5017069109600475e-05	-3.0508324689601705	KEGG_GENOME
ko:K23063		4.55298972018819e-06	4.5017069109600475e-05	-3.0508324689601705	KEGG_GENOME
ko:K23064		4.55298972018819e-06	4.5017069109600475e-05	-3.0508324689601705	KEGG_GENOME
ko:K23067		1.1799744181546145e-06	1.2381585610616468e-06	-0.03800104166150985	KEGG_GENOME
ko:K23078		2.425281246913543e-06	0.0	1.776222451392563	KEGG_GENOME
ko:K23079		0.0	7.943562576605733e-07	-0.8434663563296437	KEGG_GENOME
ko:K23107		6.757578617226095e-05	8.817950880555426e-05	-0.3790129967776911	KEGG_GENOME
ko:K23120		3.7981239295277278e-06	2.7676673196102213e-05	-2.5793353393064655	KEGG_GENOME
ko:K23122		3.7981239295277278e-06	2.7676673196102213e-05	-2.5793353393064655	KEGG_GENOME
ko:K23123		9.167177747391235e-05	0.00014004222671827282	-0.6059252082324004	KEGG_GENOME
ko:K23124		0.00011122709734407232	0.0001552919525264276	-0.47782243771672234	KEGG_GENOME
ko:K23127		6.109972935655829e-06	6.849217029793451e-05	-3.2889344648410277	KEGG_GENOME
ko:K23148		7.377155604867742e-07	1.0191811403627447e-05	-2.687179698786619	KEGG_GENOME
ko:K23149		8.72655175543315e-07	0.00014230783461552694	-6.257888402429471	KEGG_GENOME
ko:K23150		7.377155604867742e-07	1.1430795113903823e-05	-2.838654721015508	KEGG_GENOME
ko:K23151		0.0	8.738974691055397e-07	-0.9060420176397526	KEGG_GENOME
ko:K23163		7.403971091861147e-05	0.00017476074508694374	-1.227886715607069	KEGG_GENOME
ko:K23169		0.0	5.5725723942358625e-06	-2.7164581276352373	KEGG_GENOME
ko:K23170		0.0	5.5725723942358625e-06	-2.7164581276352373	KEGG_GENOME
ko:K23181		2.7086974123640785e-05	5.179684325665304e-05	-0.9105504650006547	KEGG_GENOME
ko:K23182		2.7086974123640785e-05	5.179684325665304e-05	-0.9105504650006547	KEGG_GENOME
ko:K23183		2.7086974123640785e-05	5.101970118109307e-05	-0.8891569040960204	KEGG_GENOME
ko:K23184		2.6041535164730717e-05	2.7982927909015623e-05	-0.10002628934230257	KEGG_GENOME
ko:K23185		5.0807901165087055e-05	5.934699648369352e-05	-0.22010983022912356	KEGG_GENOME
ko:K23186		5.493334064462871e-05	9.756922625206061e-05	-0.8174288026084678	KEGG_GENOME
ko:K23187		5.427170768154518e-05	9.756922625206061e-05	-0.8345961142076703	KEGG_GENOME
ko:K23188		5.3583173158424196e-05	9.192659866382184e-05	-0.7676353355030759	KEGG_GENOME
ko:K23227		6.980375264417906e-05	5.702750254165985e-05	0.2870889883337743	KEGG_GENOME
ko:K23228		6.85522884310497e-05	5.702750254165985e-05	0.2613611457890099	KEGG_GENOME
ko:K23237		2.579848143502695e-05	2.1127948043376672e-05	0.2762815769783809	KEGG_GENOME
ko:K23238		1.0251444856446824e-05	2.4988614644842723e-06	1.6851528292025935	KEGG_GENOME
ko:K23239		6.048196708642838e-05	4.0192562648069416e-05	0.5777794429978057	KEGG_GENOME
ko:K23240		3.3822305598062185e-05	1.4389759401343277e-05	1.1780410503352536	KEGG_GENOME
ko:K23241		2.7591559234166795e-05	8.122689285130156e-06	1.648058213692412	KEGG_GENOME
ko:K23242		7.772643748649863e-05	9.8355833843333e-05	-0.33575648505999145	KEGG_GENOME
ko:K23243		4.591759443190327e-05	4.781848113987089e-05	-0.05729836499184233	KEGG_GENOME
ko:K23244		4.493322453719887e-06	1.9993595184620752e-05	-1.9341983669521188	KEGG_GENOME
ko:K23245		3.2198424131045705e-06	3.572085580026326e-06	-0.11566328452659047	KEGG_GENOME
ko:K23246		1.4319230268138598e-06	3.572085580026326e-06	-0.9107548415534344	KEGG_GENOME
ko:K23247		2.2410521905856555e-06	3.572085580026326e-06	-0.4963901555587818	KEGG_GENOME
ko:K23248		1.2338659935451136e-05	2.2710265835016734e-06	2.0277983445639243	KEGG_GENOME
ko:K23254		4.388066003438142e-06	3.2703602992235525e-06	0.33540972564661103	KEGG_GENOME
ko:K23256		7.829696134015779e-05	0.00017058247134249513	-1.1135646883648183	KEGG_GENOME
ko:K23257		1.045438958910067e-06	3.352034514618187e-05	-4.076964499846576	KEGG_GENOME
ko:K23258		1.380102237973789e-06	0.00014697398759583639	-5.958176229758542	KEGG_GENOME
ko:K23264		1.1852719163828699e-05	0.0001891630269124311	-3.887091254453219	KEGG_GENOME
ko:K23265		1.75709373159931e-05	0.00020470165737649672	-3.469434879760956	KEGG_GENOME
ko:K23269		1.1852719163828699e-05	0.0001891630269124311	-3.887091254453219	KEGG_GENOME
ko:K23270		5.718218152164403e-06	1.553863046406563e-05	-1.2996892240770686	KEGG_GENOME
ko:K23271		2.980835002696369e-06	2.8950568935477637e-05	-2.9114404273607137	KEGG_GENOME
ko:K23273		5.0202444498611e-06	5.063400180284217e-06	-0.010304974183960081	KEGG_GENOME
ko:K23274		1.5575822273274863e-05	1.569304964881241e-05	-0.010167104775376157	KEGG_GENOME
ko:K23275		6.876992253716082e-06	7.937078459097045e-06	-0.18215843289549583	KEGG_GENOME
ko:K23349		5.845227154013299e-05	0.00017398063916281844	-1.5573914647034575	KEGG_GENOME
ko:K23351		1.9063886897771811e-06	0.0	1.5392276566236323	KEGG_GENOME
ko:K23352		1.9063886897771811e-06	0.0	1.5392276566236323	KEGG_GENOME
ko:K23356		1.18968306843057e-05	1.0280495989872242e-05	0.19318607319531625	KEGG_GENOME
ko:K23359		4.846453825082151e-06	1.5894663431058446e-05	-1.5309338836252264	KEGG_GENOME
ko:K23371		0.0	0.00014230783461552694	-7.1629736734291924	KEGG_GENOME
ko:K23374		0.0	5.646614718994257e-06	-2.732619728334275	KEGG_GENOME
ko:K23375		0.0	6.285962073215068e-06	-2.8651194852087554	KEGG_GENOME
ko:K23376		9.209697443019601e-07	5.646614718994257e-06	-1.7907849319176465	KEGG_GENOME
ko:K23385		4.893775704556889e-07	4.3944743879046485e-06	-1.8567728608671166	KEGG_GENOME
ko:K23393		0.0	0.0001447029610123347	-7.186886386287681	KEGG_GENOME
ko:K23424		9.67808537361711e-06	8.742848350049659e-07	2.5102408677331423	KEGG_GENOME
ko:K23446		4.068312520793597e-06	0.0	2.34150548625813	KEGG_GENOME
ko:K23462		2.063879134169282e-06	0.0	1.6153593860442264	KEGG_GENOME
ko:K23463		5.522446642102242e-06	3.7796507179670605e-05	-2.5724416314999363	KEGG_GENOME
ko:K23464		4.8608136790187155e-06	2.650284305702388e-05	-2.2304078838596144	KEGG_GENOME
ko:K23465		6.355604333587543e-06	2.650284305702388e-05	-1.902664979630897	KEGG_GENOME
ko:K23466		5.690884796004543e-07	2.571135566225213e-05	-4.089454585805013	KEGG_GENOME
ko:K23467		5.690884796004543e-07	1.7652736314261796e-05	-3.5713886740160703	KEGG_GENOME
ko:K23470		0.0	1.0216341608176356e-05	-3.4875302891592437	KEGG_GENOME
ko:K23475		3.2297237940211355e-06	2.7676673196102213e-05	-2.7612423036995177	KEGG_GENOME
ko:K23476		3.2297237940211355e-06	2.7676673196102213e-05	-2.7612423036995177	KEGG_GENOME
ko:K23492		0.0	1.0216341608176356e-05	-3.4875302891592437	KEGG_GENOME
ko:K23508		4.9446665965671675e-05	2.3745161307502956e-05	1.0276124775588034	KEGG_GENOME
ko:K23509		9.889333193134335e-05	4.749032261500591e-05	1.0426915263309997	KEGG_GENOME
ko:K23514		0.0001483858337953346	0.0005343483564255408	-1.8414346285289829	KEGG_GENOME
ko:K23518		5.440601040045318e-05	0.0002300447497414719	-2.0600579137893216	KEGG_GENOME
ko:K23519		0.0	1.739829392329788e-06	-1.4540860601555343	KEGG_GENOME
ko:K23535		2.8363921047220734e-05	0.000305464312655709	-3.3836025505634844	KEGG_GENOME
ko:K23536		2.8363921047220734e-05	0.000305464312655709	-3.3836025505634844	KEGG_GENOME
ko:K23537		2.685533417071969e-05	0.0003033821649531012	-3.4498582989537834	KEGG_GENOME
ko:K23541		2.6680223775176712e-05	0.00013550658029071018	-2.302042986529791	KEGG_GENOME
ko:K23548		5.985337850924138e-06	6.583178861577521e-06	-0.11847285730912749	KEGG_GENOME
ko:K23549		5.985337850924138e-06	7.596217684264323e-06	-0.2993721226587007	KEGG_GENOME
ko:K23550		1.4947906545688276e-06	0.0	1.3189187597361614	KEGG_GENOME
ko:K23556		2.015763268761717e-06	0.0	1.5925231844461378	KEGG_GENOME
ko:K23557		2.015763268761717e-06	0.0	1.5925231844461378	KEGG_GENOME
ko:K23648		5.442093943602491e-07	0.0	0.6268683949132385	KEGG_GENOME
ko:K23650		5.442093943602491e-07	0.0	0.6268683949132385	KEGG_GENOME
ko:K23651		5.442093943602491e-07	0.0	0.6268683949132385	KEGG_GENOME
ko:K23653		1.0884187887204983e-06	0.0	1.0624110432430072	KEGG_GENOME
ko:K23654		5.442093943602491e-07	0.0	0.6268683949132385	KEGG_GENOME
ko:K23655		5.442093943602491e-07	0.0	0.6268683949132385	KEGG_GENOME
ko:K23657		5.442093943602491e-07	0.0	0.6268683949132385	KEGG_GENOME
ko:K23658		5.442093943602491e-07	0.0	0.6268683949132385	KEGG_GENOME
ko:K23659		5.442093943602491e-07	0.0	0.6268683949132385	KEGG_GENOME
ko:K23661		5.442093943602491e-07	0.0	0.6268683949132385	KEGG_GENOME
ko:K23675		2.9518276486872484e-06	2.996435971149821e-05	-2.9700166809118036	KEGG_GENOME
ko:K23676		5.718136302735867e-05	3.081284654008341e-05	0.8709476284869271	KEGG_GENOME
ko:K23677		0.0	1.7481823041105056e-06	-1.4584777103104687	KEGG_GENOME
ko:K23721		3.008469107012569e-05	9.376348969172091e-06	1.582905335871056	KEGG_GENOME
ko:K23722		4.367212409128182e-06	4.968720758007203e-05	-3.2393767968259075	KEGG_GENOME
ko:K23723		1.0689219494570945e-06	1.12163013236918e-06	-0.03629395029699225	KEGG_GENOME
ko:K23725		1.0689219494570945e-06	1.12163013236918e-06	-0.03629395029699225	KEGG_GENOME
ko:K23734		4.106838385816094e-06	4.550299017556384e-05	-3.1868211770665518	KEGG_GENOME
ko:K23743		1.5957627811408794e-06	1.3435875938495934e-05	-2.4754281989557696	KEGG_GENOME
ko:K23753		7.840410275681021e-06	9.157950794107243e-05	-3.3885076642505467	KEGG_GENOME
ko:K23755		0.0	3.572085580026326e-06	-2.1928524080852125	KEGG_GENOME
ko:K23773		9.928471459534096e-05	0.00011229707088789863	-0.17600883609223708	KEGG_GENOME
ko:K23774		5.6349578182437595e-06	2.996435971149821e-05	-2.2224494151667504	KEGG_GENOME
ko:K23775		7.189900579687762e-05	0.00046847201592477614	-2.6870681207337936	KEGG_GENOME
ko:K23776		1.045438958910067e-06	2.996435971149821e-05	-3.920126224668333	KEGG_GENOME
ko:K23777		4.5853357024214605e-05	5.770980999515287e-05	-0.32544916753512537	KEGG_GENOME
ko:K23778		3.743711031917489e-05	1.794932385756459e-05	1.020353507539337	KEGG_GENOME
ko:K23779		5.9266348574633565e-05	2.9172366265897617e-05	0.9981248130575455	KEGG_GENOME
ko:K23786		0.0	6.9275864394207585e-06	-2.9868817030189656	KEGG_GENOME
ko:K23832		0.0	5.794320175591078e-07	-0.6594058414589148	KEGG_GENOME
ko:K23842		1.380102237973789e-06	0.00014697398759583639	-5.958176229758542	KEGG_GENOME
ko:K23866		0.0	1.270049316014941e-06	-1.1827236398938792	KEGG_GENOME
ko:K23876		1.9063886897771811e-06	0.0	1.5392276566236323	KEGG_GENOME
ko:K23886		9.209697443019601e-07	0.0	0.9418347964166282	KEGG_GENOME
ko:K23916		3.5765057750299335e-05	2.475359763693319e-05	0.5135612681114246	KEGG_GENOME
ko:K23948		4.438533599886281e-06	3.540582810965388e-05	-2.7428798130677046	KEGG_GENOME
ko:K23978		0.0	8.742848350049659e-07	-0.9063402159763106	KEGG_GENOME
ko:K23985		0.0	1.718110698552632e-05	-4.184368137868719	KEGG_GENOME
ko:K23987		0.0	2.2710265835016734e-06	-1.7097434841929906	KEGG_GENOME
ko:K23988		6.328360785011994e-06	3.292210648961308e-05	-2.210663324827606	KEGG_GENOME
ko:K23989		1.045438958910067e-06	2.3036773272077454e-05	-3.554760850476138	KEGG_GENOME
ko:K23991		4.141204882551175e-05	1.242182635539142e-05	1.6598931802807981	KEGG_GENOME
ko:K23993		1.1182417131031353e-05	0.0001396408882970654	-3.529143773808072	KEGG_GENOME
ko:K23995		6.289228755719345e-06	2.026077645373604e-06	1.2683171710245065	KEGG_GENOME
ko:K23997		0.00010042880137086011	0.0003841381647948086	-1.9249087191185388	KEGG_GENOME
ko:K24003		4.120200471016488e-06	4.363572974798077e-06	-0.06699408336582581	KEGG_GENOME
ko:K24004		4.120200471016488e-06	4.363572974798077e-06	-0.06699408336582581	KEGG_GENOME
ko:K24012		8.913399096231715e-06	5.120360695210365e-05	-2.396697774539247	KEGG_GENOME
ko:K24017		1.380102237973789e-06	0.00014697398759583639	-5.958176229758542	KEGG_GENOME
ko:K24018		3.265584284341222e-06	0.0001087638791070078	-4.6855161925796684	KEGG_GENOME
ko:K24033		0.0	2.2710265835016734e-06	-1.7097434841929906	KEGG_GENOME
ko:K24040		0.0	0.00014924501417933804	-7.231173306248016	KEGG_GENOME
ko:K24071		0.0	3.572085580026326e-06	-2.1928524080852125	KEGG_GENOME
ko:K24073		3.3372379016782965e-06	7.754103885892045e-06	-1.0131829261111696	KEGG_GENOME
ko:K24078		3.3372379016782965e-06	6.81307975050502e-06	-0.84911476171225	KEGG_GENOME
ko:K24083		0.0	9.410241353870245e-07	-0.9568180571482727	KEGG_GENOME
ko:K24084		1.0299721907508496e-06	0.0	1.0214599635973238	KEGG_GENOME
ko:K24087		2.45085796410023e-05	1.2187791279042196e-05	0.9517796105725521	KEGG_GENOME
ko:K24090		5.442093943602491e-07	0.0	0.6268683949132385	KEGG_GENOME
ko:K24101		1.7816624492812415e-06	8.011318390622271e-07	0.6270435741911132	KEGG_GENOME
ko:K24116		2.9132717188209814e-06	2.1998571640464566e-05	-2.5550970706369425	KEGG_GENOME
ko:K24117		3.3788066342275744e-05	1.70567557219314e-05	0.9460537850896019	KEGG_GENOME
ko:K24118		4.155874531669099e-05	2.82531892346435e-05	0.5408617006245652	KEGG_GENOME
ko:K24119		9.158164470508729e-05	0.0004000315132755947	-2.11491751157438	KEGG_GENOME
ko:K24120		0.0	2.3951263968077757e-06	-1.7634652854135529	KEGG_GENOME
ko:K24126		3.1990405920646244e-06	1.8364758187687918e-05	-2.2053018463397467	KEGG_GENOME
ko:K24129		5.034134715836696e-06	1.048026879793413e-06	1.5589122554739732	KEGG_GENOME
ko:K24131		2.425541196883856e-06	0.00018205983249189707	-5.739839519764548	KEGG_GENOME
ko:K24136		2.9655368696578296e-05	7.453647281999787e-05	-1.3010336623677095	KEGG_GENOME
ko:K24138		3.206687550129507e-05	6.196508867326443e-05	-0.9291654090909275	KEGG_GENOME
ko:K24147		3.7786873819415284e-05	1.4863318252025629e-05	1.2898739186732715	KEGG_GENOME
ko:K24157		6.800973682120723e-06	5.376611797484879e-06	0.29086415199280735	KEGG_GENOME
ko:K24158		2.7871053321053086e-05	0.00012988740279712755	-2.180630603978837	KEGG_GENOME
ko:K24160		2.450587951612706e-05	9.430214683898848e-05	-1.9016788637314368	KEGG_GENOME
ko:K24163		9.371575325680939e-05	0.000169251254337887	-0.8459891256080626	KEGG_GENOME
ko:K24180		5.369099110862208e-05	0.0001700195587015262	-1.6447862168570673	KEGG_GENOME
ko:K24204		0.0001019172895046798	4.7643199394627326e-05	1.0811753399837853	KEGG_GENOME
ko:K24205		0.0	8.738974691055397e-07	-0.9060420176397526	KEGG_GENOME
ko:K24206		1.6451819561470655e-05	0.00014875085234784653	-3.101114846881694	KEGG_GENOME
ko:K24217		8.85408252414776e-05	0.00028472955767553455	-1.6740327656802167	KEGG_GENOME
ko:K24258		3.7810655186517865e-05	5.8287466759002596e-05	-0.611274366071655	KEGG_GENOME
ko:K24264		1.8514860640233335e-05	0.0	4.286501255109159	KEGG_GENOME
ko:K24268		5.592678512705447e-07	0.0	0.6408687756992674	KEGG_GENOME
ko:K24269		0.0	6.108351154447827e-07	-0.6878088278096713	KEGG_GENOME
ko:K24280		2.1761056153978954e-06	0.0	1.6672588873792822	KEGG_GENOME
ko:K24281		2.1761056153978954e-06	0.0	1.6672588873792822	KEGG_GENOME
ko:K24282		1.3896205743433762e-06	0.0	1.256781564244174	KEGG_GENOME
ko:K24283		2.1761056153978954e-06	0.0	1.6672588873792822	KEGG_GENOME
ko:K24284		2.1761056153978954e-06	0.0	1.6672588873792822	KEGG_GENOME
ko:K24285		7.120072909546594e-07	0.0	0.7756888457821279	KEGG_GENOME
ko:K24290		2.0540585058393725e-06	1.3959103410538147e-06	0.3501537786585303	KEGG_GENOME
ko:K24291		2.0540585058393725e-06	4.548862056667904e-07	1.0698213830012115	KEGG_GENOME
ko:K24293		0.0	4.548862056667904e-07	-0.540906316748434	KEGG_GENOME
ko:K24300		2.049058577912555e-05	0.0001395586447706129	-2.709395473801145	KEGG_GENOME
ko:K24310		6.701896857722835e-06	2.9364211446800626e-05	-1.979086195048824	KEGG_GENOME
ko:K24312		3.2297237940211355e-06	2.7676673196102213e-05	-2.7612423036995177	KEGG_GENOME
ko:K24326		3.2297237940211355e-06	2.7676673196102213e-05	-2.7612423036995177	KEGG_GENOME
ko:K24336		1.3896205743433762e-06	0.0	1.256781564244174	KEGG_GENOME
ko:K24343		2.206797945523487e-06	0.0	1.6811334550659343	KEGG_GENOME
ko:K24344		3.682229066497035e-06	1.0928601313142279e-05	-1.3491574683167902	KEGG_GENOME
ko:K24411		0.0	1.013038822686802e-06	-1.0093749957851508	KEGG_GENOME
ko:K24448		0.0	3.2042289020797395e-06	-2.071841219943566	KEGG_GENOME
ko:K24449		0.0	3.2042289020797395e-06	-2.071841219943566	KEGG_GENOME
ko:K24451		0.0	8.742848350049659e-07	-0.9063402159763106	KEGG_GENOME
ko:K24452		0.0	8.210382850152301e-06	-3.2032611264074284	KEGG_GENOME
ko:K24453		0.0	8.210382850152301e-06	-3.2032611264074284	KEGG_GENOME
ko:K24619		6.616329630835272e-07	0.0	0.7326017414236495	KEGG_GENOME
ko:K24620		5.592678512705447e-07	9.198613022922432e-06	-2.7094322830506425	KEGG_GENOME
ko:K24655		3.2297237940211355e-06	2.9416502588431997e-05	-2.846218913894682	KEGG_GENOME
ko:K24656		3.2297237940211355e-06	2.7676673196102213e-05	-2.7612423036995177	KEGG_GENOME
ko:K24657		3.2297237940211355e-06	2.7676673196102213e-05	-2.7612423036995177	KEGG_GENOME
ko:K24666		1.2883476683483899e-06	3.572085580026326e-06	-0.9985461508562696	KEGG_GENOME
ko:K24671		4.882832083387759e-06	0.0	2.556510857274319	KEGG_GENOME
ko:K24672		1.8586347212791369e-06	0.0	1.5153262829745937	KEGG_GENOME
ko:K24700		2.7921710783281237e-05	7.915475743249588e-05	-1.4706352579073467	KEGG_GENOME
ko:K24707		0.0	8.97340651749374e-06	-3.3180863558260385	KEGG_GENOME
ko:K24708		1.045438958910067e-06	2.996435971149821e-05	-3.920126224668333	KEGG_GENOME
ko:K24819		5.592678512705447e-07	0.0	0.6408687756992674	KEGG_GENOME
ko:K24821		1.5825352580443006e-05	5.0919559189704535e-05	-1.6256413972692336	KEGG_GENOME
ko:K24843		7.39286191248643e-05	0.0001268633886642332	-0.7710144649869376	KEGG_GENOME
ko:K24844		7.39286191248643e-05	0.00013428156302185113	-0.8523764645258717	KEGG_GENOME
ko:K24845		7.39286191248643e-05	0.00013350442094629114	-0.84406482354956	KEGG_GENOME
ko:K24846		0.0	6.848564540872233e-07	-0.7526256823280975	KEGG_GENOME
ko:K24847		6.676409574895783e-05	0.0001306899045216883	-0.9585517706461829	KEGG_GENOME
ko:K24866		2.3905223915242077e-05	8.001695730547423e-06	1.4681796762754646	KEGG_GENOME
ko:K24867		6.07468193479448e-06	4.929337301559456e-05	-2.829631120107378	KEGG_GENOME
ko:K24868		6.07468193479448e-06	4.949904933817036e-05	-2.835519035399833	KEGG_GENOME
ko:K24872		1.045438958910067e-06	2.996435971149821e-05	-3.920126224668333	KEGG_GENOME
ko:K24873		1.045438958910067e-06	2.996435971149821e-05	-3.920126224668333	KEGG_GENOME
ko:K24914		9.987774963444743e-07	1.048026879793413e-06	-0.03511677004726826	KEGG_GENOME
ko:K24915		1.8497756377284606e-05	3.0887655929629775e-05	-0.7096899271464592	KEGG_GENOME
ko:K24954		4.746915176281351e-06	3.0118772488066432e-05	-2.436925492406817	KEGG_GENOME
ko:K24955		4.746915176281351e-06	3.136161217790336e-05	-2.4934238207125774	KEGG_GENOME
ko:K24956		2.015763268761717e-06	3.374062893584753e-06	-0.536450780249536	KEGG_GENOME
ko:K24966		0.0	3.5559854346836596e-06	-2.187763134810897	KEGG_GENOME
ko:K24967		1.0756078750909268e-05	0.0003111307361491842	-4.730671595885589	KEGG_GENOME
ko:K25010		3.598191663342282e-05	3.328031743212447e-05	0.10943952741260309	KEGG_GENOME
ko:K25026		6.021228298667076e-05	0.00035767880227079965	-2.550799403964377	KEGG_GENOME
ko:K25027		2.4174252608315416e-05	0.00017557475091428421	-2.810258209169654	KEGG_GENOME
ko:K25028		2.4174252608315416e-05	0.00017470046607927925	-2.8030971661859825	KEGG_GENOME
ko:K25031		1.0191484772460965e-05	3.32834131747933e-05	-1.615109296747706	KEGG_GENOME
ko:K25034		2.7678546197469328e-05	0.00031875687036481614	-3.478931561078867	KEGG_GENOME
ko:K25044		1.380102237973789e-06	2.2710265835016734e-06	-0.45871993794976484	KEGG_GENOME
ko:K25062		0.0	2.2710265835016734e-06	-1.7097434841929906	KEGG_GENOME
ko:K25063		0.0	2.2710265835016734e-06	-1.7097434841929906	KEGG_GENOME
ko:K25064		0.0	2.2710265835016734e-06	-1.7097434841929906	KEGG_GENOME
ko:K25086		1.045438958910067e-06	2.996435971149821e-05	-3.920126224668333	KEGG_GENOME
ko:K25087		1.045438958910067e-06	2.996435971149821e-05	-3.920126224668333	KEGG_GENOME
ko:K25088		1.045438958910067e-06	2.996435971149821e-05	-3.920126224668333	KEGG_GENOME
ko:K25096		5.592678512705447e-07	0.0	0.6408687756992674	KEGG_GENOME
ko:K25097		5.592678512705447e-07	0.0	0.6408687756992674	KEGG_GENOME
ko:K25098		5.592678512705447e-07	0.0	0.6408687756992674	KEGG_GENOME
ko:K25099		5.592678512705447e-07	0.0	0.6408687756992674	KEGG_GENOME
ko:K25109		2.391580354429208e-06	2.675068923916172e-05	-3.0324940247496115	KEGG_GENOME
ko:K25110		2.391580354429208e-06	2.3178603659135395e-05	-2.833701350642613	KEGG_GENOME
ko:K25111		2.391580354429208e-06	2.3178603659135395e-05	-2.833701350642613	KEGG_GENOME
ko:K25130		2.391580354429208e-06	2.3178603659135395e-05	-2.833701350642613	KEGG_GENOME
ko:K25132		9.458262044603514e-05	0.0002477724459820774	-1.380006476064244	KEGG_GENOME
ko:K25133		9.407550861684624e-05	0.00025670005347599415	-1.438547179730608	KEGG_GENOME
ko:K25135		2.7917190445024524e-05	0.0001327420153959882	-2.209453469053438	KEGG_GENOME
ko:K25137		3.837732495816603e-05	6.669414479099164e-05	-0.7816659460453782	KEGG_GENOME
ko:K25142		0.0	6.9275864394207585e-06	-2.9868817030189656	KEGG_GENOME
ko:K25143		3.0613994269060274e-06	4.747743183279036e-05	-3.577264447582082	KEGG_GENOME
ko:K25144		3.0613994269060274e-06	5.1033417267474016e-05	-3.6793896344248327	KEGG_GENOME
ko:K25147		6.013227075593275e-06	4.550299017556384e-05	-2.7291731397945163	KEGG_GENOME
ko:K25148		6.013227075593275e-06	4.550299017556384e-05	-2.7291731397945163	KEGG_GENOME
ko:K25149		2.760204475947578e-06	4.6661529803094495e-06	-0.5915584372573208	KEGG_GENOME
ko:K25150		4.140306713921368e-06	4.6661529803094495e-06	-0.140515108221144	KEGG_GENOME
ko:K25151		6.904163753646017e-05	0.00013556453006610547	-0.9632981020716498	KEGG_GENOME
ko:K25152		7.004041503280463e-05	0.0001366125569458989	-0.9539002045248404	KEGG_GENOME
ko:K25153		6.738359630754626e-05	0.0001348643746417884	-0.9904450112869524	KEGG_GENOME
ko:K25154		5.718218152164403e-06	1.6821839657786483e-05	-1.407495718362506	KEGG_GENOME
ko:K25155		5.718218152164403e-06	1.6821839657786483e-05	-1.407495718362506	KEGG_GENOME
ko:K25156		5.718218152164403e-06	1.6821839657786483e-05	-1.407495718362506	KEGG_GENOME
ko:K25157		1.045438958910067e-06	2.996435971149821e-05	-3.920126224668333	KEGG_GENOME
ko:K25158		1.045438958910067e-06	2.996435971149821e-05	-3.920126224668333	KEGG_GENOME
ko:K25169		3.0613994269060274e-06	1.4597218962779179e-05	-1.9412399903387527	KEGG_GENOME
ko:K25170		3.0613994269060274e-06	1.372332149367364e-05	-1.8580543472801934	KEGG_GENOME
ko:K25171		3.0613994269060274e-06	1.372332149367364e-05	-1.8580543472801934	KEGG_GENOME
ko:K25180		6.999495780032977e-05	2.9672943923189808e-05	1.2107499252368568	KEGG_GENOME
ko:K25181		6.999495780032977e-05	3.148786552768237e-05	1.1278156044057732	KEGG_GENOME
ko:K25182		8.368322008179131e-05	3.31125661765878e-05	1.311772840652671	KEGG_GENOME
ko:K25183		6.999495780032977e-05	3.2362150362687334e-05	1.0895042843373701	KEGG_GENOME
ko:K25187		0.0	2.9482996853441464e-05	-4.929932839354505	KEGG_GENOME
ko:K25188		0.0	2.9482996853441464e-05	-4.929932839354505	KEGG_GENOME
ko:K25189		0.0	2.9482996853441464e-05	-4.929932839354505	KEGG_GENOME
ko:K25190		0.0	2.9482996853441464e-05	-4.929932839354505	KEGG_GENOME
ko:K25196		5.548108760685657e-07	0.0	0.636739104631338	KEGG_GENOME
ko:K25199		5.548108760685657e-07	0.0	0.636739104631338	KEGG_GENOME
ko:K25205		3.2297237940211355e-06	3.5408413621199856e-05	-3.1056365195472675	KEGG_GENOME
ko:K25223		2.650741925255841e-05	2.7387542203118e-05	-0.0454371534731741	KEGG_GENOME
ko:K25224		2.650741925255841e-05	2.871174601142603e-05	-0.11121259538844186	KEGG_GENOME
ko:K25227		5.52577463865398e-05	9.837837786548359e-05	-0.8208802319515943	KEGG_GENOME
ko:K25231		1.8586347212791369e-06	0.0	1.5153262829745937	KEGG_GENOME
ko:K25232		3.997266607597315e-06	7.39144420020035e-05	-3.906032774157689	KEGG_GENOME
ko:K25233		3.2297237940211355e-06	2.7676673196102213e-05	-2.7612423036995177	KEGG_GENOME
ko:K25234		3.2297237940211355e-06	2.7676673196102213e-05	-2.7612423036995177	KEGG_GENOME
ko:K25260		4.724514448589963e-06	5.017433187548001e-05	-3.160195127159807	KEGG_GENOME
ko:K25261		1.18968306843057e-05	1.0280495989872242e-05	0.19318607319531625	KEGG_GENOME
ko:K25262		1.18968306843057e-05	1.0280495989872242e-05	0.19318607319531625	KEGG_GENOME
ko:K25271		2.277503127770962e-06	1.4755646952634233e-06	0.40483950471540153	KEGG_GENOME
ko:K25272		2.8323140038395274e-06	1.4755646952634233e-06	0.6304581218187373	KEGG_GENOME
ko:K25282		2.5524682489243378e-05	8.763427324779003e-05	-1.7405291887540872	KEGG_GENOME
ko:K25283		2.260914691724664e-05	8.437418489600424e-05	-1.8544539866528764	KEGG_GENOME
ko:K25284		2.260914691724664e-05	8.100258389126715e-05	-1.7963234568024102	KEGG_GENOME
ko:K25285		2.260914691724664e-05	8.437418489600424e-05	-1.8544539866528764	KEGG_GENOME
ko:K25286		4.018617392526696e-06	3.8222229768367074e-05	-2.966309686750049	KEGG_GENOME
ko:K25288		1.045438958910067e-06	2.3036773272077454e-05	-3.554760850476138	KEGG_GENOME
ko:K25289		1.045438958910067e-06	2.3036773272077454e-05	-3.554760850476138	KEGG_GENOME
ko:K25290		1.045438958910067e-06	2.6408374276814553e-05	-3.7441343681844486	KEGG_GENOME
ko:K25307		0.00016010101532955696	0.0004830691991731941	-1.5872477133402032	KEGG_GENOME
ko:K25308		1.045438958910067e-06	2.3036773272077454e-05	-3.554760850476138	KEGG_GENOME
ko:K25316		5.904621486903317e-05	6.587091860574425e-05	-0.1553056300706648	KEGG_GENOME
ko:K25317		4.410326226565564e-06	1.5033094449343118e-05	-1.5672654060948674	KEGG_GENOME
ko:K25422		8.61733500440034e-05	0.00017134237613037652	-0.983318421897946	KEGG_GENOME
ko:K25494		4.77803988187094e-05	1.9583824808201355e-05	1.2447904701079462	KEGG_GENOME
ko:K25495		4.3504433164493514e-05	1.4740142997187197e-05	1.4995004050106002	KEGG_GENOME
ko:K25524		3.2297237940211355e-06	2.7676673196102213e-05	-2.7612423036995177	KEGG_GENOME
ko:K25525		3.2297237940211355e-06	2.7676673196102213e-05	-2.7612423036995177	KEGG_GENOME
ko:K25555		2.6044124067059587e-06	4.787336700022802e-06	-0.6831354910510544	KEGG_GENOME
ko:K25564		0.0	6.393473542208113e-07	-0.7131215732398816	KEGG_GENOME
ko:K25575		1.045438958910067e-06	2.996435971149821e-05	-3.920126224668333	KEGG_GENOME
ko:K25578		2.3526011620535307e-06	3.10583067929021e-05	-3.257345459356888	KEGG_GENOME
ko:K25587		1.2883476683483899e-06	0.0	1.1943062572289431	KEGG_GENOME
ko:K25588		1.380102237973789e-06	7.061279377117225e-06	-1.7599852757046068	KEGG_GENOME
ko:K25589		5.922305896639102e-06	5.65509283628812e-06	0.05679390420959248	KEGG_GENOME
ko:K25590		2.1305008659410652e-05	0.00010274997976601809	-2.217671441778349	KEGG_GENOME
ko:K25596		1.7739903749909487e-05	5.41285815247403e-06	1.5470741418561818	KEGG_GENOME
ko:K25602		1.934833142440198e-05	6.6864601161231484e-06	1.4045192527769972	KEGG_GENOME
ko:K25617		0.0	3.371601004737099e-06	-2.1281617324931017	KEGG_GENOME
ko:K25619		0.0	3.371601004737099e-06	-2.1281617324931017	KEGG_GENOME
ko:K25621		5.010304526309109e-06	1.45088177833979e-06	1.294137194848819	KEGG_GENOME
ko:K25622		5.010304526309109e-06	1.45088177833979e-06	1.294137194848819	KEGG_GENOME
ko:K25623		5.010304526309109e-06	1.45088177833979e-06	1.294137194848819	KEGG_GENOME
ko:K25649		1.5085868765010438e-06	4.363572974798077e-06	-1.0963194786054655	KEGG_GENOME
ko:K25656		5.3418057832686125e-05	6.134293624710623e-05	-0.19614063699609102	KEGG_GENOME
ko:K25673		0.0	2.2710265835016734e-06	-1.7097434841929906	KEGG_GENOME
ko:K25674		0.0	2.2710265835016734e-06	-1.7097434841929906	KEGG_GENOME
ko:K25675		0.0	2.2710265835016734e-06	-1.7097434841929906	KEGG_GENOME
ko:K25676		0.0	2.2710265835016734e-06	-1.7097434841929906	KEGG_GENOME
ko:K25677		0.0	2.2710265835016734e-06	-1.7097434841929906	KEGG_GENOME
ko:K25678		0.0	2.2710265835016734e-06	-1.7097434841929906	KEGG_GENOME
ko:K25706		0.0001549599770725429	0.0004695400897837248	-1.5931417973371014	KEGG_GENOME
ko:K25766		4.1614795402933815e-06	1.048026879793413e-06	1.3335500236350306	KEGG_GENOME
ko:K25775		9.844836320844459e-06	1.1783799356010216e-05	-0.23730839136376614	KEGG_GENOME
ko:K25814		0.0	3.5559854346836596e-06	-2.187763134810897	KEGG_GENOME
ko:K25859		5.995208707458703e-05	3.0942498945859546e-05	0.9321984383488765	KEGG_GENOME
ko:K25864		6.145472228676935e-05	3.0085757696019497e-05	1.0065569159992873	KEGG_GENOME
ko:K25873		3.0033775310698716e-06	7.914873947717509e-07	1.1600597802905974	KEGG_GENOME
ko:K25875		2.276618047771041e-05	1.0924562958150756e-05	0.9949736711564061	KEGG_GENOME
ko:K25883		0.0	3.572085580026326e-06	-2.1928524080852125	KEGG_GENOME
ko:K25885		5.592678512705447e-07	3.572085580026326e-06	-1.5519836323859453	KEGG_GENOME
ko:K25886		1.4947906545688276e-06	0.0	1.3189187597361614	KEGG_GENOME
ko:K25901		6.012862116938352e-06	7.98770045091271e-05	-3.527654296334433	KEGG_GENOME
ko:K25952		1.787919386290711e-06	2.9647960480712135e-06	-0.5080578088245358	KEGG_GENOME
ko:K25957		3.039383599420072e-06	0.0	2.014135157851501	KEGG_GENOME
ko:K25958		3.039383599420072e-06	0.0	2.014135157851501	KEGG_GENOME
ko:K25960		4.29864574347823e-06	6.402977882515074e-05	-3.617404936886103	KEGG_GENOME
ko:K25961		4.29864574347823e-06	7.73852118856115e-05	-3.8868859217913414	KEGG_GENOME
ko:K25986		4.488542299588756e-05	6.056565526128834e-05	-0.4240898527768839	KEGG_GENOME
ko:K25995		1.605883143984031e-06	0.0	1.3817723903624253	KEGG_GENOME
ko:K25996		2.39236818503855e-06	0.0	1.762292758905506	KEGG_GENOME
ko:K26005		6.616329630835272e-07	6.025026244557509e-06	-2.0799018736355004	KEGG_GENOME
ko:K26057		2.7969345448494337e-06	4.363572974798077e-06	-0.4983592518525106	KEGG_GENOME
ko:K26058		5.959636588798341e-06	4.363572974798077e-06	0.3758175943816729	KEGG_GENOME
ko:K26059		4.300328809144286e-05	3.144080639380239e-06	3.4084873496719914	KEGG_GENOME
ko:K26060		4.01330779232106e-05	1.048026879793413e-06	4.3279924749141045	KEGG_GENOME
ko:K26061		4.2922098549106646e-05	0.00013729708891183724	-1.654751897291416	KEGG_GENOME
ko:K26062		0.0	1.6947521385478952e-05	-4.1657127115380606	KEGG_GENOME
ko:K26063		8.10561097062578e-05	7.060878084843393e-05	0.1964742522174756	KEGG_GENOME
ko:K26064		2.6411359001730033e-06	1.6707075593995074e-05	-2.2818654705355175	KEGG_GENOME
ko:K26065		6.012862116938352e-06	7.141422115967088e-05	-3.36819778272703	KEGG_GENOME
ko:K26080		1.3527882318246136e-06	0.0	1.2343714732840911	KEGG_GENOME
ko:K26081		1.823973721976613e-05	5.890969006614433e-06	1.4813103208399276	KEGG_GENOME
ko:K26110		0.0	0.00014697398759583639	-7.209199776001768	KEGG_GENOME
ko:K26138		1.2401947041218593e-05	5.872852977925112e-05	-2.1559775988770635	KEGG_GENOME
ko:K26139		1.6091869666937516e-05	6.929996656989224e-05	-2.0402137822596096	KEGG_GENOME
ko:K26148		0.00016731428388950772	0.00017350021557286342	-0.05207120340063387	KEGG_GENOME
ko:K26149		0.00012363766765424914	4.69104958118448e-05	1.3793264929067381	KEGG_GENOME
ko:K26179		1.823973721976613e-05	1.3264256497125247e-05	0.4316845440465988	KEGG_GENOME
ko:K26180		0.0	1.739829392329788e-06	-1.4540860601555343	KEGG_GENOME
ko:K26181		1.878394661412638e-05	1.387509161257003e-05	0.4114316981096731	KEGG_GENOME
ko:K26182		0.0	8.439008811622386e-06	-3.238635370430821	KEGG_GENOME
ko:K26183		0.0	8.627641884184374e-06	-3.2671824794193896	KEGG_GENOME
ko:K26184		1.878394661412638e-05	1.387509161257003e-05	0.4114316981096731	KEGG_GENOME
ko:K26185		0.0	1.513643101349413e-05	-4.0122496196924375	KEGG_GENOME
ko:K26209		0.0	1.241666092396099e-06	-1.1645713973581848	KEGG_GENOME
ko:K26249		1.380102237973789e-06	0.00014697398759583639	-5.958176229758542	KEGG_GENOME
ko:K26252		1.380102237973789e-06	0.00014697398759583639	-5.958176229758542	KEGG_GENOME
ko:K26272		3.358558201580166e-05	2.9762475301623103e-05	0.1689991403180894	KEGG_GENOME
ko:K26273		1.2209008143540719e-06	3.572085580026326e-06	-1.04170744466217	KEGG_GENOME
ko:K26289		3.7296132988973675e-06	1.253879479707361e-06	1.0693118579845127	KEGG_GENOME
ko:K26290		1.110009126541548e-06	5.675932626679722e-07	0.42869796158426243	KEGG_GENOME
ko:K26318		1.605883143984031e-06	0.0	1.3817723903624253	KEGG_GENOME
ko:K26365		1.4947906545688276e-06	0.0	1.3189187597361614	KEGG_GENOME
ko:K26399		6.1742589768558605e-06	5.0073478061598574e-05	-2.8316725788891377	KEGG_GENOME
ko:K26400		3.1071183796189986e-05	9.613614434129101e-05	-1.5987306152714817	KEGG_GENOME
ko:K26441		2.1737733617840496e-05	3.6364856431749635e-06	2.2939848681113646	KEGG_GENOME
ko:K26565		7.253217638932594e-06	1.1709032874866152e-06	1.926661228885232	KEGG_GENOME
ko:K26566		7.253217638932594e-06	1.1709032874866152e-06	1.926661228885232	KEGG_GENOME
ko:K26567		7.253217638932594e-06	1.1709032874866152e-06	1.926661228885232	KEGG_GENOME
ko:K26568		7.253217638932594e-06	1.1709032874866152e-06	1.926661228885232	KEGG_GENOME
ko:K26569		7.253217638932594e-06	1.1709032874866152e-06	1.926661228885232	KEGG_GENOME
ko:K26570		7.253217638932594e-06	1.1709032874866152e-06	1.926661228885232	KEGG_GENOME
ko:K26571		7.253217638932594e-06	1.1709032874866152e-06	1.926661228885232	KEGG_GENOME
ko:K26572		7.253217638932594e-06	1.1709032874866152e-06	1.926661228885232	KEGG_GENOME
ko:K26573		7.253217638932594e-06	1.1709032874866152e-06	1.926661228885232	KEGG_GENOME
ko:K26574		7.253217638932594e-06	1.1709032874866152e-06	1.926661228885232	KEGG_GENOME
ko:K26575		7.253217638932594e-06	1.1709032874866152e-06	1.926661228885232	KEGG_GENOME
ko:K26576		7.253217638932594e-06	1.1709032874866152e-06	1.926661228885232	KEGG_GENOME
ko:K26577		7.253217638932594e-06	1.1709032874866152e-06	1.926661228885232	KEGG_GENOME
ko:K26578		7.253217638932594e-06	1.1709032874866152e-06	1.926661228885232	KEGG_GENOME
ko:K26579		7.253217638932594e-06	1.1709032874866152e-06	1.926661228885232	KEGG_GENOME
ko:K26580		3.494046664759112e-05	7.473883995390043e-05	-1.0754241837180716	KEGG_GENOME
ko:K26601		6.136167248565185e-06	4.517492919992373e-06	0.37113655448685134	KEGG_GENOME
ko:K26602		2.699055369970149e-06	0.0001606833000983546	-5.449869967718552	KEGG_GENOME
ko:K26603		8.869091370875683e-06	3.3533504108849036e-06	1.1807911139704872	KEGG_GENOME
ko:K26604		1.6958967385244362e-05	0.0001621040007193035	-3.183015865141259	KEGG_GENOME
ko:K26605		0.00014255079569679756	0.00022252885173089487	-0.6388997302667861	KEGG_GENOME
ko:K26606		0.00014223597946038337	0.00021985202500214994	-0.6246861317347433	KEGG_GENOME
ko:K26607		1.7664825157726638e-05	1.1826344847844838e-05	0.5412118933286821	KEGG_GENOME
ko:K26730		8.474748638955368e-07	1.8149216044925643e-06	-0.6075400081436019	KEGG_GENOME
ko:K26731		2.9271993975331497e-05	4.862529686102237e-05	-0.7130920258878776	KEGG_GENOME
ko:K26732		2.090877917820134e-06	5.3001132983575665e-05	-4.126901098919368	KEGG_GENOME
ko:K26735		8.087620272603216e-05	0.00021270552620820016	-1.3841081157385042	KEGG_GENOME
ko:K26744		2.186114765080091e-05	5.285154213202697e-05	-1.2360898294296352	KEGG_GENOME
ko:K26745		1.8701302639397435e-05	9.13423312104183e-06	0.9590541019101165	KEGG_GENOME
ko:K26858		5.710356256073659e-06	2.9628886908841773e-05	-2.190431671637759	KEGG_GENOME
ko:K26913		5.435514861463383e-06	1.0983298798399197e-05	-0.8968976338904353	KEGG_GENOME
ko:K26932		1.045438958910067e-06	2.996435971149821e-05	-3.920126224668333	KEGG_GENOME
ko:K26933		0.0001020056085692547	4.8225389112242244e-05	1.0652483777206896	KEGG_GENOME
ko:K26937		0.00022394280114011256	0.0005269924631032234	-1.2309591388061212	KEGG_GENOME
ko:K26939		0.000171757556141057	0.0004373547933671142	-1.3433502105994444	KEGG_GENOME
ko:K26958		4.0943590476980846e-05	6.112525375855769e-05	-0.5667294745100175	KEGG_GENOME
ko:K26959		4.0943590476980846e-05	5.419766731913693e-05	-0.3961569342323617	KEGG_GENOME
ko:K26960		2.1242049411513473e-05	3.1012386591291627e-05	-0.5253405108736002	KEGG_GENOME
ko:K26967		5.162401796837385e-06	3.4713385440114305e-06	0.4627859685114374	KEGG_GENOME
ko:K26968		5.162401796837385e-06	3.4713385440114305e-06	0.4627859685114374	KEGG_GENOME
ko:K26969		3.982427378682772e-06	2.233179982949784e-06	0.6238949563489805	KEGG_GENOME
ko:K26970		2.1945079923920607e-06	2.233179982949784e-06	-0.0173600717430042	KEGG_GENOME
ko:K26972		8.06097604176031e-06	4.53215553504054e-06	0.7118247466692493	KEGG_GENOME
ko:K26973		2.3701548233186952e-05	3.968473606056485e-05	-0.7198861620703288	KEGG_GENOME
ko:K26974		2.1900709502471145e-05	4.849239763319518e-05	-1.111814638369169	KEGG_GENOME
ko:K26975		1.8274205879743194e-05	4.962758415853112e-05	-1.3932522229181317	KEGG_GENOME
ko:K26976		2.2835681203606365e-05	5.581547486031213e-05	-1.2531610738481211	KEGG_GENOME
ko:K26977		1.613047052883001e-05	3.251841964851347e-05	-0.9683893503846989	KEGG_GENOME
ko:K26987		1.380102237973789e-06	0.0	1.2510235462432255	KEGG_GENOME
ko:K26993		1.4747176107343197e-05	3.457312194576916e-05	-1.175694455100547	KEGG_GENOME
ko:K26996		2.918067510078742e-06	2.938474284416957e-05	-2.9551329207218506	KEGG_GENOME
ko:K27000		1.045438958910067e-06	2.996435971149821e-05	-3.920126224668333	KEGG_GENOME
ko:K27041		4.9482305078929745e-06	5.663512603231138e-05	-3.2764158764266185	KEGG_GENOME
ko:K27042		3.918258317142125e-06	9.254895106068124e-05	-4.2495020616272345	KEGG_GENOME
ko:K27043		1.380102237973789e-06	0.00014697398759583639	-5.958176229758542	KEGG_GENOME
ko:K27069		7.888678471551657e-05	2.8947050497660316e-05	1.4155429466857778	KEGG_GENOME
ko:K27076		3.2297237940211355e-06	4.736307132234249e-05	-3.5152705047685333	KEGG_GENOME
ko:K27077		3.2297237940211355e-06	5.6812437882771164e-05	-3.7727445485601327	KEGG_GENOME
ko:K27078		0.00012397461051838344	0.00033133199252871886	-1.4109901524227033	KEGG_GENOME
ko:K27079		5.612484216596599e-06	4.861496590591206e-05	-2.9075110834144455	KEGG_GENOME
ko:K27080		6.171752067867144e-06	6.0780609334964136e-05	-3.1067565808938635	KEGG_GENOME
ko:K27094		1.380102237973789e-06	0.00014697398759583639	-5.958176229758542	KEGG_GENOME
ko:K27095		1.380102237973789e-06	0.0	1.2510235462432255	KEGG_GENOME
ko:K27108		2.686924667565966e-06	2.3127929014734492e-05	-2.710214245027841	KEGG_GENOME
ko:K27109		1.380102237973789e-06	0.00014697398759583639	-5.958176229758542	KEGG_GENOME
ko:K27184		1.045438958910067e-06	2.3036773272077454e-05	-3.554760850476138	KEGG_GENOME
ko:K27243		1.5628317838375675e-05	8.340832925592237e-06	0.8320191229758946	KEGG_GENOME
ko:K27247		0.0	2.3951263968077757e-06	-1.7634652854135529	KEGG_GENOME
ko:K27259		2.714290350686447e-05	8.122689285130156e-06	1.6252400938130778	KEGG_GENOME
ko:K27260		2.714290350686447e-05	9.804306767449042e-06	1.3811646711965688	KEGG_GENOME
ko:K27261		2.714290350686447e-05	8.766208563358934e-06	1.5269006862280843	KEGG_GENOME
ko:K27263		2.714290350686447e-05	1.0842404971539148e-05	1.2488090841091213	KEGG_GENOME
ko:K27264		2.714290350686447e-05	9.160787489220264e-06	1.4697589599688814	KEGG_GENOME
ko:K27265		2.714290350686447e-05	9.160787489220264e-06	1.4697589599688814	KEGG_GENOME
ko:K27266		2.714290350686447e-05	8.122689285130156e-06	1.6252400938130778	KEGG_GENOME
ko:K27267		2.714290350686447e-05	8.122689285130156e-06	1.6252400938130778	KEGG_GENOME
ko:K27268		2.714290350686447e-05	8.122689285130156e-06	1.6252400938130778	KEGG_GENOME
ko:K27269		2.714290350686447e-05	8.122689285130156e-06	1.6252400938130778	KEGG_GENOME
ko:K27270		2.714290350686447e-05	8.122689285130156e-06	1.6252400938130778	KEGG_GENOME
ko:K27271		2.8211825456321563e-05	1.0282417621589443e-05	1.3724762706872247	KEGG_GENOME
ko:K27272		2.8211825456321563e-05	1.0282417621589443e-05	1.3724762706872247	KEGG_GENOME
ko:K27292		0.0	4.478625312831978e-06	-2.4538139400550274	KEGG_GENOME
ko:K27311		6.551204537140465e-05	5.780822753506226e-05	0.17759762851875588	KEGG_GENOME
ko:K27343		2.9518276486872484e-06	2.996435971149821e-05	-2.9700166809118036	KEGG_GENOME
ko:K27475		3.6555962216028494e-06	1.048026879793413e-06	1.1847312887438615	KEGG_GENOME
ko:K27492		3.2297237940211355e-06	6.870195210774485e-05	-4.0425636996616685	KEGG_GENOME
ko:K27494		4.073078247207589e-06	1.3790448159955124e-05	-1.5437324497781062	KEGG_GENOME
ko:K27497		3.6650104941533983e-06	4.363572974798077e-06	-0.2013140539927718	KEGG_GENOME
ko:K27501		8.076774708228338e-06	5.231941320619555e-05	-2.554409249010616	KEGG_GENOME
ko:K27502		1.8098827392858415e-05	0.0	4.255412158989227	KEGG_GENOME
ko:K27545		0.0	8.259346478388249e-06	-3.210910372139939	KEGG_GENOME
ko:K27597		8.62775735839997e-06	2.3237704721191235e-05	-1.3319813957991624	KEGG_GENOME
ko:K27603		1.380102237973789e-06	8.210382850152301e-06	-1.952237580164203	KEGG_GENOME
ko:K27604		0.0	4.3944743879046485e-06	-2.4314823971730366	KEGG_GENOME
ko:K27672		1.0716643375828397e-06	0.0	1.050790268597034	KEGG_GENOME
ko:K27681		3.3905585546198244e-06	0.00014575098789212812	-5.062821917939147	KEGG_GENOME
ko:K27683		1.4947906545688276e-06	0.0	1.3189187597361614	KEGG_GENOME
ko:K27684		1.8098827392858415e-05	0.0	4.255412158989227	KEGG_GENOME
ko:K27802		0.0001309764927679116	0.0004135942958647542	-1.6514192832487353	KEGG_GENOME
ko:K27837		8.948792794013905e-06	9.308371102547561e-05	-3.2413515848196353	KEGG_GENOME
ko:K27838		6.548205877792415e-06	2.792607855787757e-05	-1.9381650754800208	KEGG_GENOME
ko:K27848		8.116060206450695e-06	1.3505798593715122e-05	-0.6701473650709837	KEGG_GENOME
ko:K27862		0.0	1.0697080017993744e-05	-3.548076524753781	KEGG_GENOME
ko:K27863		1.2883476683483899e-06	0.0	1.1943062572289431	KEGG_GENOME
ko:K27877		2.315197836528857e-05	4.1266396254274504e-05	-0.8073697399474092	KEGG_GENOME
ko:K27882		6.438425952302208e-05	4.6589884591955225e-05	0.45828841008985266	KEGG_GENOME
ko:K27883		6.520365762595158e-05	4.6589884591955225e-05	0.47625596949762206	KEGG_GENOME
ko:K27884		5.9177219158998396e-05	3.872060217087008e-05	0.5993299455077178	KEGG_GENOME
ko:K27885		5.9177219158998396e-05	3.9480967085199764e-05	0.5719736837876451	KEGG_GENOME
ko:K27888		2.235835979072575e-05	3.0303088122853186e-05	-0.42236601677877855	KEGG_GENOME
ko:K27956		3.8899374021726305e-05	3.5685439561501924e-05	0.12115854079108893	KEGG_GENOME
ko:K27969		6.616329630835272e-07	0.0	0.7326017414236495	KEGG_GENOME
ko:K28013		0.0	2.68920643949753e-06	-1.8833105211840613	KEGG_GENOME
ko:K28029		2.2028728865057806e-05	4.8954009635435224e-05	-1.1171657030519249	KEGG_GENOME
ko:K28061		1.7574564725780837e-06	9.254881368625338e-06	-1.8949007847495676	KEGG_GENOME
ko:K28067		3.0033775310698716e-06	7.914873947717509e-07	1.1600597802905974	KEGG_GENOME
ko:K28068		2.7831383229172176e-06	0.0	1.9195835266221424	KEGG_GENOME
ko:K28138		0.0	1.5407226625974256e-05	-4.0362594902839275	KEGG_GENOME
ko:K28139		8.72655175543315e-07	5.57171352477741e-06	-1.8111843204582176	KEGG_GENOME
ko:K28140		0.0	3.271119319553832e-06	-2.094614202200159	KEGG_GENOME
ko:K28141		0.0	0.0001447029610123347	-7.186886386287681	KEGG_GENOME
ko:K28143		1.380102237973789e-06	0.0	1.2510235462432255	KEGG_GENOME
ko:K28144		1.380102237973789e-06	0.0	1.2510235462432255	KEGG_GENOME
ko:K28147		0.0	2.3951263968077757e-06	-1.7634652854135529	KEGG_GENOME
ko:K28152		0.0	2.3951263968077757e-06	-1.7634652854135529	KEGG_GENOME
ko:K28156		5.446187767034776e-05	2.6999433453251682e-05	0.9860988242113247	KEGG_GENOME
ko:K28162		2.206797945523487e-06	0.0	1.6811334550659343	KEGG_GENOME
ko:K28163		1.4947906545688276e-06	0.0	1.3189187597361614	KEGG_GENOME
ko:K28164		1.1725991142883572e-05	0.0	3.6697061174938836	KEGG_GENOME
ko:K28165		2.2602757749451156e-05	1.9769860671586826e-05	0.1844638957960025	KEGG_GENOME
ko:K28166		1.045438958910067e-06	2.996435971149821e-05	-3.920126224668333	KEGG_GENOME
ko:K28178		4.953358162501788e-06	4.363572974798077e-06	0.15050931108273624	KEGG_GENOME
ko:K28179		4.953358162501788e-06	4.363572974798077e-06	0.15050931108273624	KEGG_GENOME
ko:K28180		4.953358162501788e-06	4.363572974798077e-06	0.15050931108273624	KEGG_GENOME
ko:K28181		7.253217638932594e-06	1.1709032874866152e-06	1.926661228885232	KEGG_GENOME
ko:K28182		7.253217638932594e-06	1.1709032874866152e-06	1.926661228885232	KEGG_GENOME
ko:K28186		1.8586347212791369e-06	7.59946141286153e-06	-1.5889200231976226	KEGG_GENOME
ko:K28187		1.8586347212791369e-06	7.59946141286153e-06	-1.5889200231976226	KEGG_GENOME
ko:K28188		1.380102237973789e-06	0.0	1.2510235462432255	KEGG_GENOME
ko:K28189		1.380102237973789e-06	2.3951263968077757e-06	-0.5124417391703271	KEGG_GENOME
ko:K28190		6.616329630835272e-07	0.0	0.7326017414236495	KEGG_GENOME
ko:K28191		6.616329630835272e-07	0.0	0.7326017414236495	KEGG_GENOME
ko:K28192		1.980096773995688e-06	1.089992906397706e-05	-1.9975218877550038	KEGG_GENOME
ko:K28207		6.224386015290687e-05	4.5824899247976444e-05	0.4336495364742295	KEGG_GENOME
ko:K28220		5.010304526309109e-06	1.304762154767471e-05	-1.2248158878785556	KEGG_GENOME
ko:K28221		5.010304526309109e-06	7.475908022897299e-06	-0.4959298419074751	KEGG_GENOME
ko:K28222		5.010304526309109e-06	7.475908022897299e-06	-0.4959298419074751	KEGG_GENOME
ko:K28223		8.216075327946416e-06	1.1378700440316332e-06	2.107978350983177	KEGG_GENOME
ko:K28224		6.363092758133723e-06	5.698173954290295e-05	-2.9772148357604755	KEGG_GENOME
ko:K28225		5.010304526309109e-06	1.304762154767471e-05	-1.2248158878785556	KEGG_GENOME
ko:K28226		5.010304526309109e-06	7.475908022897299e-06	-0.4959298419074751	KEGG_GENOME
ko:K28227		5.010304526309109e-06	1.304762154767471e-05	-1.2248158878785556	KEGG_GENOME
ko:K28228		5.010304526309109e-06	7.475908022897299e-06	-0.4959298419074751	KEGG_GENOME
ko:K28229		5.010304526309109e-06	1.304762154767471e-05	-1.2248158878785556	KEGG_GENOME
ko:K28230		5.010304526309109e-06	1.304762154767471e-05	-1.2248158878785556	KEGG_GENOME
ko:K28231		5.010304526309109e-06	7.475908022897299e-06	-0.4959298419074751	KEGG_GENOME
ko:K28232		5.844614001728683e-06	1.304762154767471e-05	-1.0372847944492436	KEGG_GENOME
ko:K28257		0.0	0.0001447029610123347	-7.186886386287681	KEGG_GENOME
ko:K28262		1.380102237973789e-06	0.0	1.2510235462432255	KEGG_GENOME
ko:K28263		1.380102237973789e-06	0.0	1.2510235462432255	KEGG_GENOME
ko:K28274		5.722383527818952e-05	2.530786939343842e-05	1.1461154616701752	KEGG_GENOME
ko:K28275		0.0	2.3951263968077757e-06	-1.7634652854135529	KEGG_GENOME
ko:K28276		0.0	2.3951263968077757e-06	-1.7634652854135529	KEGG_GENOME
ko:K28279		5.577193160100006e-06	1.1348765480263476e-05	-0.9088228758861793	KEGG_GENOME
ko:K28280		7.361356709815067e-06	1.7314670000164172e-05	-1.131190748887216	KEGG_GENOME
ko:K28298		3.2297237940211355e-06	2.7676673196102213e-05	-2.7612423036995177	KEGG_GENOME
ko:K28299		3.7845346700897013e-06	4.0716791916811865e-05	-3.124177692406536	KEGG_GENOME
ko:K28300		3.2297237940211355e-06	3.202032311814218e-05	-2.9647188758781677	KEGG_GENOME
ko:K28358		6.890647460172227e-05	0.00013862199522935052	-0.9980282466467824	KEGG_GENOME
ko:K28369		9.205301635312223e-05	0.00016380885766494827	-0.8246689606339689	KEGG_GENOME
ko:K28370		5.750197833734885e-05	9.961954914233803e-05	-0.7823533126412043	KEGG_GENOME
ko:K28371		5.4427473542688764e-05	2.446829423721207e-05	1.1218989121814953	KEGG_GENOME
ko:K28379		3.1788532260930696e-06	0.0	2.063107087756693	KEGG_GENOME
ko:K28380		3.211766287968062e-06	1.0191811403627447e-05	-1.4099462683931814	KEGG_GENOME
ko:K28381		4.031164390897574e-06	1.0191811403627447e-05	-1.1534793216800725	KEGG_GENOME
ko:K28382		1.605883143984031e-06	0.0	1.3817723903624253	KEGG_GENOME
ko:K28383		7.86485041054519e-07	0.0	0.8371238337178565	KEGG_GENOME
ko:K28462		8.855599908583545e-05	5.483151544030569e-05	0.6817103613679111	KEGG_GENOME
ko:K28465		0.0	3.572085580026326e-06	-2.1928524080852125	KEGG_GENOME
ko:K28466		8.193981029295121e-07	0.0	0.8634612539744068	KEGG_GENOME
ko:K28467		8.193981029295121e-07	0.0	0.8634612539744068	KEGG_GENOME
ko:K28482		3.653864549518386e-05	1.3529622602748383e-05	1.3693793640081908	KEGG_GENOME
ko:K28483		8.193981029295121e-07	0.0	0.8634612539744068	KEGG_GENOME
ko:K28484		1.605883143984031e-06	0.0	1.3817723903624253	KEGG_GENOME
ko:K28519		3.219218286238622e-06	4.749137703436387e-05	-3.522680589131079	KEGG_GENOME
ko:K28525		3.235460890135689e-05	3.156405012043421e-05	0.0346059806355938	KEGG_GENOME
ko:K28556		4.370422884934005e-06	5.626322857436096e-05	-3.4145014132342064	KEGG_GENOME
ko:K28560		1.3988685786784738e-05	1.9206111351078927e-05	-0.43091781017359865	KEGG_GENOME
ko:K28561		1.2989908290440265e-05	1.7518737117064704e-05	-0.40459921246808134	KEGG_GENOME
ko:K28571		0.0	6.848564540872233e-07	-0.7526256823280975	KEGG_GENOME
ko:K28572		0.0	6.848564540872233e-07	-0.7526256823280975	KEGG_GENOME
ko:K28614		6.6136844499268155e-06	1.0048765351722697e-05	-0.5372184805634618	KEGG_GENOME
ko:K28615		3.918258317142125e-06	5.9689133510618174e-05	-3.625218807302698	KEGG_GENOME
ko:K28635		0.0	9.410241353870245e-07	-0.9568180571482727	KEGG_GENOME
ko:K28636		2.302027789225807e-06	2.1824471233982884e-06	0.05321571790645853	KEGG_GENOME
ko:K28637		4.953358162501788e-06	4.363572974798077e-06	0.15050931108273624	KEGG_GENOME
ko:K28642		3.0033775310698716e-06	7.914873947717509e-07	1.1600597802905974	KEGG_GENOME
ko:K28643		3.0033775310698716e-06	7.914873947717509e-07	1.1600597802905974	KEGG_GENOME
ko:K28660		7.120072909546594e-07	2.8561174034326365e-05	-4.109942816960935	KEGG_GENOME
ko:K28678		0.0	8.210382850152301e-06	-3.2032611264074284	KEGG_GENOME
ko:K28682		5.77987153618891e-06	1.0954875536266338e-05	-0.8182692672438544	KEGG_GENOME
ko:K28683		6.885345231209893e-07	8.33875817756164e-06	-2.467459043721275	KEGG_GENOME
ko:K28684		6.885345231209893e-07	6.641032282057923e-06	-2.177995879057221	KEGG_GENOME
ko:K28690		1.18968306843057e-05	1.1074852247532816e-05	0.0950110400904411	KEGG_GENOME
ko:K28691		1.092213484420616e-06	9.029554673851066e-06	-2.2611555763770896	KEGG_GENOME
ko:K28692		4.183604879608485e-05	3.276737060615511e-05	0.34319556770387943	KEGG_GENOME
ko:K28693		4.183604879608485e-05	3.5328080230006074e-05	0.23774028375827466	KEGG_GENOME
ko:K28700		0.0	1.6977258955037175e-06	-1.4317437696031745	KEGG_GENOME
ko:K28704		0.0	1.3921267753936621e-05	-3.8992982112189467	KEGG_GENOME
ko:K28705		0.0	1.3184477844421788e-05	-3.8262411383351336	KEGG_GENOME
ko:K28747		5.853699293870496e-06	0.00016130937103947778	-4.5657195920374996	KEGG_GENOME
ko:K28749		1.4175977228112927e-05	0.0	3.9237175139554243	KEGG_GENOME
ko:K28761		0.0	1.057106006053723e-05	-3.532449135134321	KEGG_GENOME
ko:K28762		1.1515978319691963e-05	6.84659538361927e-05	-2.4725350028850976	KEGG_GENOME
ko:K28789		0.0	4.548862056667904e-07	-0.540906316748434	KEGG_GENOME
ko:K28794		1.1701091011248863e-05	4.959041877642983e-06	1.0918001371534927	KEGG_GENOME
ko:K28795		1.1701091011248863e-05	4.959041877642983e-06	1.0918001371534927	KEGG_GENOME
ko:K28797		0.0	2.5607096238509617e-06	-1.8321647886042622	KEGG_GENOME
ko:K28818		1.8168357006247365e-05	4.769338874245253e-06	1.732248772627407	KEGG_GENOME
ko:K28825		4.6375065125326785e-05	2.1694207484413778e-05	1.0618038184300984	KEGG_GENOME
ko:K28829		7.761381804415238e-06	1.1709032874866152e-06	2.0128629667907285	KEGG_GENOME
ko:K28842		2.455015616969903e-05	0.0002661394208696853	-3.3861888709001655	KEGG_GENOME
ko:K28853		6.586504851333492e-05	4.249955924734262e-05	0.6202515037577124	KEGG_GENOME
ko:K28854		7.052244926259257e-05	4.369123536252424e-05	0.6784042174819522	KEGG_GENOME
ko:K28868		2.695973920985391e-05	0.00032255540372927156	-3.532589962632757	KEGG_GENOME
ko:K28880		1.0116788203015611e-06	3.371601004737099e-06	-1.1197617461101044	KEGG_GENOME
ko:K28919		7.084570658323404e-05	3.793097045051841e-05	0.8839836375948883	KEGG_GENOME
ko:K28933		2.9518276486872484e-06	2.996435971149821e-05	-2.9700166809118036	KEGG_GENOME
ko:K28939		3.918258317142125e-06	3.752019437507892e-05	-2.969395567743853	KEGG_GENOME
ko:K28955		1.3071622031434636e-06	0.0	1.2061194350761926	KEGG_GENOME
ko:K28956		1.2291670719702034e-05	8.324653248955474e-05	-2.6640948494262253	KEGG_GENOME
ko:K28958		3.2297237940211355e-06	2.7676673196102213e-05	-2.7612423036995177	KEGG_GENOME
ko:K28959		1.2088098058651451e-06	0.0	1.1432691978021177	KEGG_GENOME
ko:K28979		3.0033775310698716e-06	6.925791175006187e-06	-0.9853372835480897	KEGG_GENOME
ko:K28981		7.440586392664792e-05	8.987886405784514e-05	-0.2692680831220991	KEGG_GENOME
ko:K28983		0.0	6.9275864394207585e-06	-2.9868817030189656	KEGG_GENOME
ko:K29026		9.987774963444743e-07	1.048026879793413e-06	-0.03511677004726826	KEGG_GENOME
ko:K29027		1.0476041966757102e-05	1.907689806312965e-05	-0.8069112370670205	KEGG_GENOME
ko:K29028		4.2888673308957484e-05	1.86225615815858e-05	1.161335273160684	KEGG_GENOME
ko:K29029		7.979453033341617e-05	0.00012028614166536677	-0.5860851822581421	KEGG_GENOME
ko:K29042		6.885345231209893e-07	6.812979728727645e-06	-2.2101011946017324	KEGG_GENOME
ko:K29066		3.2297237940211355e-06	3.3463377921016084e-05	-3.026428752118868	KEGG_GENOME
ko:K29069		3.2887555421256604e-06	4.363572974798077e-06	-0.3226352953810896	KEGG_GENOME
ko:K29070		3.2887555421256604e-06	4.363572974798077e-06	-0.3226352953810896	KEGG_GENOME
ko:K29114		2.3885361665600283e-06	5.675932626679722e-07	1.1121108921903184	KEGG_GENOME
ko:K29125		0.00010855282408349642	0.0002564413766024026	-1.2326172706342609	KEGG_GENOME
ko:K29130		2.7831383229172176e-06	0.0	1.9195835266221424	KEGG_GENOME
ko:K29131		0.0	5.570140038890719e-06	-2.7159241211199094	KEGG_GENOME
ko:K29146		4.984366259445885e-06	6.862862170393888e-07	1.8273490459358852	KEGG_GENOME
ko:K29147		4.984366259445885e-06	6.862862170393888e-07	1.8273490459358852	KEGG_GENOME
ko:K29154		1.045438958910067e-06	2.996435971149821e-05	-3.920126224668333	KEGG_GENOME
ko:K29155		1.045438958910067e-06	2.996435971149821e-05	-3.920126224668333	KEGG_GENOME
