pathway_id	pathway_name	source	jumper_idx	laggard_idx	log2_ratio_idx	n_contributing_taxa_jumper	n_contributing_taxa_laggard	top_jumper_taxa	top_laggard_taxa	method_note
map00010	Glycolysis / Gluconeogenesis	KEGG_GENOME	0.005755615381593019	0.0154233827823569	-1.4219200306755835	79	111	Klebsiella variicola (1.05e-03); Pectobacterium cacticida (4.04e-04); Citrobacter koseri (3.99e-04); Flavobacterium jumunjinense (2.81e-04); Arcticibacterium luteifluviistationis (2.71e-04)	Cutibacterium acnes (4.79e-03); Moraxella osloensis (9.66e-04); Exiguobacterium aestuarii (9.00e-04); Cutibacterium namnetense (4.74e-04); Pseudomonas oryzihabitans (4.67e-04)	Genome-resolved functional index: sum over taxa of (pool rel. abundance x pathway genes / genome total genes). DESCRIPTIVE ONLY (n=1 pooled per group; no statistical inference).
map00020	Citrate cycle (TCA cycle)	KEGG_GENOME	0.0038289046961339102	0.010921392807231582	-1.5119085496977762	79	111	Klebsiella variicola (5.67e-04); Pectobacterium cacticida (3.21e-04); Flavobacterium jumunjinense (2.56e-04); Citrobacter koseri (2.54e-04); Arcticibacterium luteifluviistationis (2.03e-04)	Cutibacterium acnes (2.85e-03); Moraxella osloensis (9.66e-04); Exiguobacterium aestuarii (5.05e-04); Flavobacterium haoranii (4.02e-04); Pseudomonas oryzihabitans (3.87e-04)	Genome-resolved functional index: sum over taxa of (pool rel. abundance x pathway genes / genome total genes). DESCRIPTIVE ONLY (n=1 pooled per group; no statistical inference).
map00030	Pentose phosphate pathway	KEGG_GENOME	0.004331786403055942	0.01106268311644691	-1.3524647190936663	79	111	Klebsiella variicola (8.07e-04); Citrobacter koseri (3.05e-04); Pectobacterium cacticida (2.97e-04); Arcticibacterium luteifluviistationis (2.81e-04); Flavobacterium jumunjinense (1.53e-04)	Cutibacterium acnes (3.50e-03); Pseudomonas oryzihabitans (5.74e-04); Exiguobacterium aestuarii (4.61e-04); Moraxella osloensis (3.98e-04); Cutibacterium namnetense (3.46e-04)	Genome-resolved functional index: sum over taxa of (pool rel. abundance x pathway genes / genome total genes). DESCRIPTIVE ONLY (n=1 pooled per group; no statistical inference).
map00040	Pentose and glucuronate interconversions	KEGG_GENOME	0.0028286389071639313	0.005005169773634284	-0.8230892566440412	79	111	Klebsiella variicola (5.84e-04); Citrobacter koseri (3.19e-04); Pectobacterium cacticida (2.86e-04); Arcticibacterium luteifluviistationis (2.52e-04); Emticicia soli (7.27e-05)	Cutibacterium acnes (1.94e-03); Pectobacterium cacticida (2.47e-04); Mariniblastus fucicola (1.93e-04); Cutibacterium namnetense (1.92e-04); Moraxella osloensis (1.70e-04)	Genome-resolved functional index: sum over taxa of (pool rel. abundance x pathway genes / genome total genes). DESCRIPTIVE ONLY (n=1 pooled per group; no statistical inference).
map00051	Fructose and mannose metabolism	KEGG_GENOME	0.003802388952637038	0.008416943991794107	-1.1461824274726873	79	111	Klebsiella variicola (9.62e-04); Citrobacter koseri (3.41e-04); Pectobacterium cacticida (2.62e-04); Arcticibacterium luteifluviistationis (2.42e-04); Flavobacterium jumunjinense (1.28e-04)	Cutibacterium acnes (3.11e-03); Cutibacterium namnetense (3.07e-04); Pseudomonas oryzihabitans (2.94e-04); Mariniblastus fucicola (2.70e-04); Klebsiella variicola (2.67e-04)	Genome-resolved functional index: sum over taxa of (pool rel. abundance x pathway genes / genome total genes). DESCRIPTIVE ONLY (n=1 pooled per group; no statistical inference).
map00052	Galactose metabolism	KEGG_GENOME	0.002520569991039595	0.006395932501678901	-1.343057989866672	79	110	Klebsiella variicola (5.32e-04); Arcticibacterium luteifluviistationis (2.23e-04); Pectobacterium cacticida (2.02e-04); Citrobacter koseri (1.96e-04); Pseudoalteromonas phenolica (1.04e-04)	Cutibacterium acnes (2.72e-03); Exiguobacterium aestuarii (3.95e-04); Cutibacterium namnetense (2.69e-04); Pectobacterium cacticida (1.75e-04); Pseudomonas oryzihabitans (1.60e-04)	Genome-resolved functional index: sum over taxa of (pool rel. abundance x pathway genes / genome total genes). DESCRIPTIVE ONLY (n=1 pooled per group; no statistical inference).
map00053	Ascorbate and aldarate metabolism	KEGG_GENOME	0.0015931569587451153	0.0031995100442779993	-1.0055081539618826	78	110	Klebsiella variicola (4.46e-04); Citrobacter koseri (1.45e-04); Arcticibacterium luteifluviistationis (1.35e-04); Pectobacterium cacticida (8.33e-05); Emticicia soli (4.74e-05)	Cutibacterium acnes (1.04e-03); Pseudomonas oryzihabitans (2.67e-04); Exiguobacterium aestuarii (1.76e-04); Klebsiella variicola (1.24e-04); Mariniblastus fucicola (1.03e-04)	Genome-resolved functional index: sum over taxa of (pool rel. abundance x pathway genes / genome total genes). DESCRIPTIVE ONLY (n=1 pooled per group; no statistical inference).
map00061	Fatty acid biosynthesis	KEGG_GENOME	0.0030913437255927502	0.007527821407343463	-1.283723348024002	79	111	Klebsiella variicola (3.26e-04); Flavobacterium jumunjinense (2.81e-04); Arcticibacterium luteifluviistationis (2.71e-04); Pectobacterium cacticida (2.26e-04); Pseudoalteromonas phenolica (1.60e-04)	Cutibacterium acnes (9.07e-04); Moraxella osloensis (7.39e-04); Flavobacterium haoranii (4.42e-04); Exiguobacterium aestuarii (3.51e-04); Mariniblastus fucicola (3.08e-04)	Genome-resolved functional index: sum over taxa of (pool rel. abundance x pathway genes / genome total genes). DESCRIPTIVE ONLY (n=1 pooled per group; no statistical inference).
map00071	Fatty acid degradation	KEGG_GENOME	0.0018695043646550667	0.0053830662737179135	-1.5252688362318583	78	111	Klebsiella variicola (2.58e-04); Arcticibacterium luteifluviistationis (1.06e-04); Pseudoalteromonas phenolica (9.63e-05); Flavobacterium jumunjinense (8.94e-05); Citrobacter koseri (8.70e-05)	Moraxella osloensis (3.98e-04); Cutibacterium acnes (3.89e-04); Cupriavidus necator (2.46e-04); Exiguobacterium aestuarii (2.19e-04); Pseudomonas azotoformans (2.07e-04)	Genome-resolved functional index: sum over taxa of (pool rel. abundance x pathway genes / genome total genes). DESCRIPTIVE ONLY (n=1 pooled per group; no statistical inference).
map00073	Cutin, suberine and wax biosynthesis	KEGG_GENOME	4.479677127514397e-06	0.00015112372353988702	-4.7950104577164145	3	26	Alcanivorax jadensis (2.06e-06); Moraxella osloensis (1.55e-06); Runella soli (8.73e-07)	Moraxella osloensis (5.68e-05); Aeromonas dhakensis (1.23e-05); Lysobacter brunescens (8.96e-06); Pseudomonas alkylphenolica (8.21e-06); Aeromonas lusitana (8.09e-06)	Genome-resolved functional index: sum over taxa of (pool rel. abundance x pathway genes / genome total genes). DESCRIPTIVE ONLY (n=1 pooled per group; no statistical inference).
map00074	Mycolic acid biosynthesis	KEGG_GENOME	0.0004169127061000862	0.001455498016676104	-1.8012302092182813	79	110	Klebsiella variicola (5.15e-05); Flavobacterium jumunjinense (3.83e-05); Pectobacterium cacticida (3.57e-05); Citrobacter koseri (2.18e-05); Arcticibacterium luteifluviistationis (1.94e-05)	Cutibacterium acnes (6.48e-04); Exiguobacterium aestuarii (6.58e-05); Cutibacterium namnetense (6.40e-05); Flavobacterium haoranii (6.03e-05); Moraxella osloensis (5.68e-05)	Genome-resolved functional index: sum over taxa of (pool rel. abundance x pathway genes / genome total genes). DESCRIPTIVE ONLY (n=1 pooled per group; no statistical inference).
map00100	Steroid biosynthesis	KEGG_GENOME	1.4786442366085212e-05	4.8603847614676264e-05	-1.6517659483179281	8	14	Methylococcus capsulatus (6.05e-06); Ruegeria pomeroyi (2.99e-06); Exiguobacterium aestuarii (1.05e-06); Alcanivorax jadensis (1.03e-06); Mucilaginibacter koreensis (9.99e-07)	Exiguobacterium aestuarii (2.19e-05); Brevundimonas aurantiaca (5.68e-06); Lysobacter brunescens (4.48e-06); Cupriavidus necator (3.90e-06); Roseibium sediminis (3.57e-06)	Genome-resolved functional index: sum over taxa of (pool rel. abundance x pathway genes / genome total genes). DESCRIPTIVE ONLY (n=1 pooled per group; no statistical inference).
map00120	Primary bile acid biosynthesis	KEGG_GENOME	1.5676483817972397e-05	9.867143248596351e-05	-2.579364929813496	14	39	Ralstonia pickettii (2.71e-06); Sphingomonas koreensis (1.67e-06); Marivita roseacus (1.51e-06); Ruegeria pomeroyi (1.49e-06); Pelagerythrobacter marensis (1.21e-06)	Cupriavidus necator (1.56e-05); Stutzerimonas stutzeri (1.33e-05); Pseudomonas azotoformans (7.15e-06); Brevundimonas aurantiaca (5.68e-06); Janibacter endophyticus (4.79e-06)	Genome-resolved functional index: sum over taxa of (pool rel. abundance x pathway genes / genome total genes). DESCRIPTIVE ONLY (n=1 pooled per group; no statistical inference).
map00121	Secondary bile acid biosynthesis	KEGG_GENOME	1.125201035715929e-05	9.914445149770198e-06	0.1667797007375191	9	5	Salipiger aestuarii (2.58e-06); Pseudoalteromonas fenneropenaei (1.67e-06); Marivita roseacus (1.51e-06); Ruegeria pomeroyi (1.49e-06); Pseudoalteromonas arabiensis (8.35e-07)	Stutzerimonas stutzeri (6.64e-06); Acinetobacter chinensis (1.03e-06); Pseudomonas phenolilytica (8.07e-07); Marivita roseacus (7.91e-07); Pseudomonas psychrophila (6.44e-07)	Genome-resolved functional index: sum over taxa of (pool rel. abundance x pathway genes / genome total genes). DESCRIPTIVE ONLY (n=1 pooled per group; no statistical inference).
map00130	Ubiquinone and other terpenoid-quinone biosynthesis	KEGG_GENOME	0.0025052019169713746	0.005766255900870264	-1.202382385287483	77	111	Klebsiella variicola (4.29e-04); Pectobacterium cacticida (2.62e-04); Citrobacter koseri (1.74e-04); Flavobacterium jumunjinense (1.15e-04); Pseudoalteromonas phenolica (1.12e-04)	Cutibacterium acnes (1.04e-03); Moraxella osloensis (4.55e-04); Pectobacterium cacticida (2.26e-04); Exiguobacterium aestuarii (2.19e-04); Pseudomonas oryzihabitans (2.00e-04)	Genome-resolved functional index: sum over taxa of (pool rel. abundance x pathway genes / genome total genes). DESCRIPTIVE ONLY (n=1 pooled per group; no statistical inference).
map00140	Steroid hormone biosynthesis	KEGG_GENOME	5.010304526309109e-06	1.58008530183151e-05	-1.4830244883793786	5	5	Pseudoalteromonas fenneropenaei (1.67e-06); Pseudoalteromonas arabiensis (8.35e-07); Pseudoalteromonas peptidolytica (8.35e-07); Pseudoalteromonas telluritireducens (8.35e-07); Pseudoalteromonas translucida (8.35e-07)	Luminiphilus syltensis (5.57e-06); Pseudomonas marincola (4.39e-06); Exiguobacterium alkaliphilum (3.37e-06); Paraburkholderia pallida (1.82e-06); Pseudomonas psychrophila (6.44e-07)	Genome-resolved functional index: sum over taxa of (pool rel. abundance x pathway genes / genome total genes). DESCRIPTIVE ONLY (n=1 pooled per group; no statistical inference).
map00190	Oxidative phosphorylation	KEGG_GENOME	0.006835083096712258	0.021746959588819243	-1.6696382134319894	79	111	Klebsiella variicola (7.90e-04); Arcticibacterium luteifluviistationis (5.71e-04); Flavobacterium jumunjinense (5.11e-04); Pectobacterium cacticida (5.00e-04); Citrobacter koseri (3.41e-04)	Cutibacterium acnes (6.22e-03); Moraxella osloensis (2.16e-03); Flavobacterium haoranii (8.04e-04); Cutibacterium namnetense (6.15e-04); Exiguobacterium aestuarii (6.14e-04)	Genome-resolved functional index: sum over taxa of (pool rel. abundance x pathway genes / genome total genes). DESCRIPTIVE ONLY (n=1 pooled per group; no statistical inference).
map00195	Photosynthesis	KEGG_GENOME	0.0013865479488676703	0.0038443704883425306	-1.470584976749439	78	111	Arcticibacterium luteifluviistationis (1.55e-04); Klebsiella variicola (1.37e-04); Flavobacterium jumunjinense (1.02e-04); Pectobacterium cacticida (9.52e-05); Pseudoalteromonas phenolica (6.42e-05)	Cutibacterium acnes (1.04e-03); Moraxella osloensis (4.55e-04); Exiguobacterium aestuarii (1.76e-04); Flavobacterium haoranii (1.61e-04); Pseudomonas oryzihabitans (1.07e-04)	Genome-resolved functional index: sum over taxa of (pool rel. abundance x pathway genes / genome total genes). DESCRIPTIVE ONLY (n=1 pooled per group; no statistical inference).
map00220	Arginine biosynthesis	KEGG_GENOME	0.0028807652340624196	0.008800577424187708	-1.6108092979461353	79	111	Klebsiella variicola (4.64e-04); Pectobacterium cacticida (2.50e-04); Pseudoalteromonas phenolica (1.60e-04); Citrobacter koseri (1.60e-04); Arcticibacterium luteifluviistationis (1.35e-04)	Cutibacterium acnes (2.07e-03); Moraxella osloensis (6.25e-04); Exiguobacterium aestuarii (4.17e-04); Pseudomonas oryzihabitans (3.47e-04); Pseudomonas alkylphenolica (2.63e-04)	Genome-resolved functional index: sum over taxa of (pool rel. abundance x pathway genes / genome total genes). DESCRIPTIVE ONLY (n=1 pooled per group; no statistical inference).
map00230	Purine metabolism	KEGG_GENOME	0.00866760123361801	0.02324307023529545	-1.422991595171641	79	111	Klebsiella variicola (1.36e-03); Pectobacterium cacticida (7.61e-04); Citrobacter koseri (5.00e-04); Pseudoalteromonas phenolica (4.09e-04); Flavobacterium jumunjinense (3.96e-04)	Cutibacterium acnes (5.31e-03); Moraxella osloensis (1.87e-03); Exiguobacterium aestuarii (1.01e-03); Pseudomonas oryzihabitans (9.22e-04); Pectobacterium cacticida (6.58e-04)	Genome-resolved functional index: sum over taxa of (pool rel. abundance x pathway genes / genome total genes). DESCRIPTIVE ONLY (n=1 pooled per group; no statistical inference).
map00232	Caffeine metabolism	KEGG_GENOME	5.718218152164403e-06	1.6516360949123586e-05	-1.3825525357100457	2	4	Mariniblastus fucicola (3.06e-06); Phycisphaera mikurensis (2.66e-06)	Mariniblastus fucicola (1.28e-05); Brachybacterium aquaticum (2.27e-06); Anatilimnocola aggregata (9.41e-07); Paraburkholderia pallida (4.55e-07)	Genome-resolved functional index: sum over taxa of (pool rel. abundance x pathway genes / genome total genes). DESCRIPTIVE ONLY (n=1 pooled per group; no statistical inference).
map00240	Pyrimidine metabolism	KEGG_GENOME	0.005754347554947168	0.015321622518187129	-1.4126882826621152	79	111	Klebsiella variicola (9.27e-04); Pectobacterium cacticida (4.40e-04); Flavobacterium jumunjinense (3.71e-04); Citrobacter koseri (3.48e-04); Arcticibacterium luteifluviistationis (2.61e-04)	Cutibacterium acnes (4.01e-03); Moraxella osloensis (1.31e-03); Exiguobacterium aestuarii (6.58e-04); Flavobacterium haoranii (5.83e-04); Pseudomonas oryzihabitans (4.01e-04)	Genome-resolved functional index: sum over taxa of (pool rel. abundance x pathway genes / genome total genes). DESCRIPTIVE ONLY (n=1 pooled per group; no statistical inference).
map00250	Alanine, aspartate and glutamate metabolism	KEGG_GENOME	0.004281379559061006	0.011968899194386047	-1.482926426016084	79	111	Klebsiella variicola (6.35e-04); Pectobacterium cacticida (3.57e-04); Arcticibacterium luteifluviistationis (2.52e-04); Citrobacter koseri (2.32e-04); Flavobacterium jumunjinense (2.30e-04)	Cutibacterium acnes (2.98e-03); Moraxella osloensis (9.09e-04); Exiguobacterium aestuarii (5.70e-04); Pseudomonas oryzihabitans (4.54e-04); Flavobacterium haoranii (3.62e-04)	Genome-resolved functional index: sum over taxa of (pool rel. abundance x pathway genes / genome total genes). DESCRIPTIVE ONLY (n=1 pooled per group; no statistical inference).
map00253	Tetracycline biosynthesis	KEGG_GENOME	0.0	1.7481823041105056e-06	-1.4584777103104687	0	2		Limnoglobus roseus (8.74e-07); Gemmata massiliana (8.74e-07)	Genome-resolved functional index: sum over taxa of (pool rel. abundance x pathway genes / genome total genes). DESCRIPTIVE ONLY (n=1 pooled per group; no statistical inference).
map00260	Glycine, serine and threonine metabolism	KEGG_GENOME	0.0051432345814287905	0.014946640341258323	-1.538889418831938	79	111	Klebsiella variicola (8.07e-04); Pectobacterium cacticida (3.09e-04); Flavobacterium jumunjinense (3.07e-04); Citrobacter koseri (2.97e-04); Arcticibacterium luteifluviistationis (2.52e-04)	Cutibacterium acnes (3.11e-03); Moraxella osloensis (1.31e-03); Pseudomonas oryzihabitans (6.68e-04); Pseudomonas alkylphenolica (5.34e-04); Exiguobacterium aestuarii (5.27e-04)	Genome-resolved functional index: sum over taxa of (pool rel. abundance x pathway genes / genome total genes). DESCRIPTIVE ONLY (n=1 pooled per group; no statistical inference).
map00261	Monobactam biosynthesis	KEGG_GENOME	0.0013933841193718632	0.00322330095235661	-1.209358365734372	79	111	Klebsiella variicola (2.23e-04); Pectobacterium cacticida (1.43e-04); Pseudoalteromonas phenolica (8.82e-05); Arcticibacterium luteifluviistationis (6.77e-05); Flavobacterium jumunjinense (6.39e-05)	Cutibacterium acnes (6.48e-04); Moraxella osloensis (3.41e-04); Pseudomonas oryzihabitans (1.34e-04); Pectobacterium cacticida (1.23e-04); Exiguobacterium aestuarii (1.10e-04)	Genome-resolved functional index: sum over taxa of (pool rel. abundance x pathway genes / genome total genes). DESCRIPTIVE ONLY (n=1 pooled per group; no statistical inference).
map00270	Cysteine and methionine metabolism	KEGG_GENOME	0.005871269037045715	0.0136479151092237	-1.216796310727272	79	111	Klebsiella variicola (9.79e-04); Pectobacterium cacticida (4.40e-04); Citrobacter koseri (3.84e-04); Flavobacterium jumunjinense (3.45e-04); Pseudoalteromonas phenolica (3.29e-04)	Cutibacterium acnes (2.46e-03); Moraxella osloensis (1.25e-03); Exiguobacterium aestuarii (7.24e-04); Flavobacterium haoranii (5.43e-04); Pseudomonas oryzihabitans (5.21e-04)	Genome-resolved functional index: sum over taxa of (pool rel. abundance x pathway genes / genome total genes). DESCRIPTIVE ONLY (n=1 pooled per group; no statistical inference).
map00280	Valine, leucine and isoleucine degradation	KEGG_GENOME	0.002394027133976255	0.008880297794584917	-1.8907285074441469	79	111	Klebsiella variicola (2.75e-04); Flavobacterium jumunjinense (2.30e-04); Pseudoalteromonas phenolica (1.60e-04); Arcticibacterium luteifluviistationis (8.71e-05); Flavobacterium haoranii (8.62e-05)	Cutibacterium acnes (1.42e-03); Exiguobacterium aestuarii (4.39e-04); Pseudomonas oryzihabitans (4.14e-04); Moraxella osloensis (3.98e-04); Flavobacterium haoranii (3.62e-04)	Genome-resolved functional index: sum over taxa of (pool rel. abundance x pathway genes / genome total genes). DESCRIPTIVE ONLY (n=1 pooled per group; no statistical inference).
map00290	Valine, leucine and isoleucine biosynthesis	KEGG_GENOME	0.0023924013607098497	0.005370269696512185	-1.1662008129213022	79	111	Klebsiella variicola (3.43e-04); Pectobacterium cacticida (2.38e-04); Arcticibacterium luteifluviistationis (1.45e-04); Citrobacter koseri (1.23e-04); Flavobacterium jumunjinense (1.15e-04)	Cutibacterium acnes (7.77e-04); Moraxella osloensis (6.82e-04); Pseudomonas oryzihabitans (2.14e-04); Pectobacterium cacticida (2.06e-04); Flavobacterium haoranii (1.81e-04)	Genome-resolved functional index: sum over taxa of (pool rel. abundance x pathway genes / genome total genes). DESCRIPTIVE ONLY (n=1 pooled per group; no statistical inference).
map00300	Lysine biosynthesis	KEGG_GENOME	0.002428967934149575	0.0066021197903669915	-1.4422105426548386	79	111	Klebsiella variicola (3.61e-04); Pectobacterium cacticida (2.26e-04); Pseudoalteromonas phenolica (1.60e-04); Flavobacterium jumunjinense (1.53e-04); Arcticibacterium luteifluviistationis (1.16e-04)	Cutibacterium acnes (1.81e-03); Moraxella osloensis (6.25e-04); Exiguobacterium aestuarii (3.07e-04); Flavobacterium haoranii (2.41e-04); Pseudomonas oryzihabitans (2.00e-04)	Genome-resolved functional index: sum over taxa of (pool rel. abundance x pathway genes / genome total genes). DESCRIPTIVE ONLY (n=1 pooled per group; no statistical inference).
map00310	Lysine degradation	KEGG_GENOME	0.002043037647848021	0.005033231732716611	-1.3003498586789781	79	111	Klebsiella variicola (3.95e-04); Pectobacterium cacticida (1.55e-04); Citrobacter koseri (1.52e-04); Flavobacterium jumunjinense (1.15e-04); Arcticibacterium luteifluviistationis (8.71e-05)	Cutibacterium acnes (3.89e-04); Pseudomonas oryzihabitans (3.07e-04); Moraxella osloensis (2.84e-04); Pseudomonas azotoformans (2.43e-04); Pseudomonas alkylphenolica (2.38e-04)	Genome-resolved functional index: sum over taxa of (pool rel. abundance x pathway genes / genome total genes). DESCRIPTIVE ONLY (n=1 pooled per group; no statistical inference).
map00311	Penicillin and cephalosporin biosynthesis	KEGG_GENOME	0.00017156557292990506	0.0003492472905837809	-1.0212292168388484	49	84	Arcticibacterium luteifluviistationis (4.84e-05); Pseudoalteromonas phenolica (1.60e-05); Flavobacterium jumunjinense (1.28e-05); Emticicia soli (1.27e-05); Citrobacter koseri (7.25e-06)	Moraxella osloensis (5.68e-05); Flavobacterium haoranii (2.01e-05); Lysobacter brunescens (1.79e-05); Massilia arenae (1.57e-05); Stutzerimonas stutzeri (1.33e-05)	Genome-resolved functional index: sum over taxa of (pool rel. abundance x pathway genes / genome total genes). DESCRIPTIVE ONLY (n=1 pooled per group; no statistical inference).
map00330	Arginine and proline metabolism	KEGG_GENOME	0.0033377841172157053	0.00858155848125723	-1.362084969639978	79	111	Klebsiella variicola (6.87e-04); Pectobacterium cacticida (2.38e-04); Pseudoalteromonas phenolica (2.09e-04); Citrobacter koseri (1.38e-04); Arcticibacterium luteifluviistationis (1.35e-04)	Cutibacterium acnes (1.30e-03); Pseudomonas oryzihabitans (4.27e-04); Pseudomonas alkylphenolica (3.86e-04); Exiguobacterium aestuarii (3.73e-04); Moraxella osloensis (3.41e-04)	Genome-resolved functional index: sum over taxa of (pool rel. abundance x pathway genes / genome total genes). DESCRIPTIVE ONLY (n=1 pooled per group; no statistical inference).
map00331	Clavulanic acid biosynthesis	KEGG_GENOME	0.0	7.943562576605733e-07	-0.8434663563296437	0	1		Halopseudomonas pelagia (7.94e-07)	Genome-resolved functional index: sum over taxa of (pool rel. abundance x pathway genes / genome total genes). DESCRIPTIVE ONLY (n=1 pooled per group; no statistical inference).
map00332	Carbapenem biosynthesis	KEGG_GENOME	0.0003411228308463575	0.0007489866283412799	-1.1323504912124152	71	95	Pectobacterium cacticida (8.33e-05); Klebsiella variicola (3.43e-05); Arcticibacterium luteifluviistationis (2.90e-05); Pseudoalteromonas phenolica (2.41e-05); Citrobacter koseri (1.45e-05)	Cutibacterium acnes (2.59e-04); Pectobacterium cacticida (7.20e-05); Pseudomonas oryzihabitans (2.67e-05); Mariniblastus fucicola (2.57e-05); Cutibacterium namnetense (2.56e-05)	Genome-resolved functional index: sum over taxa of (pool rel. abundance x pathway genes / genome total genes). DESCRIPTIVE ONLY (n=1 pooled per group; no statistical inference).
map00333	Prodigiosin biosynthesis	KEGG_GENOME	0.0008744903070821182	0.0023318653677800202	-1.413939939028666	79	110	Pectobacterium cacticida (9.52e-05); Arcticibacterium luteifluviistationis (8.71e-05); Klebsiella variicola (8.59e-05); Pseudoalteromonas phenolica (5.62e-05); Flavobacterium jumunjinense (3.83e-05)	Cutibacterium acnes (2.59e-04); Moraxella osloensis (2.27e-04); Pseudomonas oryzihabitans (1.20e-04); Exiguobacterium aestuarii (1.10e-04); Pseudomonas azotoformans (9.30e-05)	Genome-resolved functional index: sum over taxa of (pool rel. abundance x pathway genes / genome total genes). DESCRIPTIVE ONLY (n=1 pooled per group; no statistical inference).
map00340	Histidine metabolism	KEGG_GENOME	0.0022802666856206752	0.007941984975179825	-1.7998461632560716	79	111	Klebsiella variicola (2.40e-04); Pectobacterium cacticida (1.90e-04); Flavobacterium jumunjinense (1.79e-04); Citrobacter koseri (1.09e-04); Arcticibacterium luteifluviistationis (1.06e-04)	Cutibacterium acnes (1.94e-03); Moraxella osloensis (8.52e-04); Exiguobacterium aestuarii (3.29e-04); Pseudomonas oryzihabitans (3.07e-04); Flavobacterium haoranii (2.82e-04)	Genome-resolved functional index: sum over taxa of (pool rel. abundance x pathway genes / genome total genes). DESCRIPTIVE ONLY (n=1 pooled per group; no statistical inference).
map00350	Tyrosine metabolism	KEGG_GENOME	0.0020734999519753613	0.0052777313721105185	-1.3474276271595054	79	111	Klebsiella variicola (4.98e-04); Pectobacterium cacticida (1.67e-04); Citrobacter koseri (1.02e-04); Pseudoalteromonas phenolica (9.63e-05); Flavobacterium jumunjinense (7.67e-05)	Cutibacterium acnes (7.77e-04); Moraxella osloensis (4.55e-04); Pseudomonas oryzihabitans (2.27e-04); Pseudomonas azotoformans (2.15e-04); Exiguobacterium aestuarii (1.54e-04)	Genome-resolved functional index: sum over taxa of (pool rel. abundance x pathway genes / genome total genes). DESCRIPTIVE ONLY (n=1 pooled per group; no statistical inference).
map00360	Phenylalanine metabolism	KEGG_GENOME	0.0022398057197373575	0.005439040901078258	-1.2795999273928862	79	111	Klebsiella variicola (6.35e-04); Pectobacterium cacticida (1.43e-04); Flavobacterium jumunjinense (1.28e-04); Arcticibacterium luteifluviistationis (1.06e-04); Pseudoalteromonas phenolica (5.62e-05)	Cutibacterium acnes (6.48e-04); Pseudomonas oryzihabitans (3.34e-04); Exiguobacterium aestuarii (2.41e-04); Moraxella osloensis (2.27e-04); Cupriavidus necator (2.11e-04)	Genome-resolved functional index: sum over taxa of (pool rel. abundance x pathway genes / genome total genes). DESCRIPTIVE ONLY (n=1 pooled per group; no statistical inference).
map00361	Chlorocyclohexane and chlorobenzene degradation	KEGG_GENOME	0.00022210068595999215	0.0008663508940279271	-1.9589208164407619	56	90	Klebsiella variicola (5.15e-05); Arcticibacterium luteifluviistationis (1.94e-05); Ralstonia pickettii (1.76e-05); Marivita roseacus (1.06e-05); Citrobacter koseri (7.25e-06)	Pseudomonas alkylphenolica (9.85e-05); Cupriavidus necator (8.19e-05); Pseudomonas oryzihabitans (6.68e-05); Exiguobacterium aestuarii (6.58e-05); Pseudomonas azotoformans (2.86e-05)	Genome-resolved functional index: sum over taxa of (pool rel. abundance x pathway genes / genome total genes). DESCRIPTIVE ONLY (n=1 pooled per group; no statistical inference).
map00362	Benzoate degradation	KEGG_GENOME	0.002410804385032747	0.0059220993468770446	-1.2962393854825134	78	109	Klebsiella variicola (7.56e-04); Flavobacterium jumunjinense (1.02e-04); Arcticibacterium luteifluviistationis (8.71e-05); Pseudoalteromonas phenolica (8.02e-05); Ralstonia pickettii (7.44e-05)	Pseudomonas alkylphenolica (4.11e-04); Cupriavidus necator (4.09e-04); Pseudomonas oryzihabitans (3.07e-04); Moraxella osloensis (2.84e-04); Pseudomonas azotoformans (2.72e-04)	Genome-resolved functional index: sum over taxa of (pool rel. abundance x pathway genes / genome total genes). DESCRIPTIVE ONLY (n=1 pooled per group; no statistical inference).
map00363	Bisphenol degradation	KEGG_GENOME	6.421302887246193e-06	6.0488999092212974e-05	-3.0505839286781686	7	28	Salipiger aestuarii (1.29e-06); Pseudomonas alcaligenes (1.08e-06); Pseudomonas arcuscaelestis (1.08e-06); Pluralibacter pyrinus (1.07e-06); Sphingomonas koreensis (8.34e-07)	Pseudomonas alkylphenolica (1.64e-05); Pseudomonas aeruginosa (4.52e-06); Lysobacter brunescens (4.48e-06); Pseudomonas marincola (4.39e-06); Pseudomonas alcaligenes (2.82e-06)	Genome-resolved functional index: sum over taxa of (pool rel. abundance x pathway genes / genome total genes). DESCRIPTIVE ONLY (n=1 pooled per group; no statistical inference).
map00364	Fluorobenzoate degradation	KEGG_GENOME	0.0002688128207208539	0.0005842199435235999	-1.1170200328686655	47	75	Klebsiella variicola (1.55e-04); Ralstonia pickettii (9.47e-06); Pluralibacter pyrinus (8.55e-06); Citrobacter koseri (7.25e-06); Pseudomonas alcaligenes (6.46e-06)	Pseudomonas alkylphenolica (5.75e-05); Cupriavidus necator (5.46e-05); Klebsiella variicola (4.29e-05); Pseudomonas azotoformans (4.29e-05); Stutzerimonas stutzeri (3.98e-05)	Genome-resolved functional index: sum over taxa of (pool rel. abundance x pathway genes / genome total genes). DESCRIPTIVE ONLY (n=1 pooled per group; no statistical inference).
map00365	Furfural degradation	KEGG_GENOME	6.2454624027180285e-06	3.4330612644677887e-05	-2.28576909616719	2	4	Ralstonia pickettii (5.41e-06); Sphingomonas koreensis (8.34e-07)	Cupriavidus necator (2.34e-05); Cupriavidus plantarum (6.68e-06); Cupriavidus yeoncheonensis (3.34e-06); Paraburkholderia pallida (9.10e-07)	Genome-resolved functional index: sum over taxa of (pool rel. abundance x pathway genes / genome total genes). DESCRIPTIVE ONLY (n=1 pooled per group; no statistical inference).
map00380	Tryptophan metabolism	KEGG_GENOME	0.0018654215185906463	0.005574210218247766	-1.5787513583163946	79	111	Klebsiella variicola (2.75e-04); Flavobacterium jumunjinense (1.66e-04); Arcticibacterium luteifluviistationis (1.06e-04); Citrobacter koseri (8.70e-05); Pseudoalteromonas phenolica (7.22e-05)	Cutibacterium acnes (6.48e-04); Moraxella osloensis (2.84e-04); Exiguobacterium aestuarii (2.63e-04); Flavobacterium haoranii (2.61e-04); Pseudomonas oryzihabitans (2.54e-04)	Genome-resolved functional index: sum over taxa of (pool rel. abundance x pathway genes / genome total genes). DESCRIPTIVE ONLY (n=1 pooled per group; no statistical inference).
map00400	Phenylalanine, tyrosine and tryptophan biosynthesis	KEGG_GENOME	0.003444935240698373	0.009259569242288285	-1.4262052885951244	79	111	Klebsiella variicola (5.15e-04); Pectobacterium cacticida (2.97e-04); Flavobacterium jumunjinense (2.30e-04); Arcticibacterium luteifluviistationis (1.94e-04); Pseudoalteromonas phenolica (1.52e-04)	Cutibacterium acnes (1.81e-03); Moraxella osloensis (9.66e-04); Exiguobacterium aestuarii (4.17e-04); Flavobacterium haoranii (3.62e-04); Pseudomonas oryzihabitans (3.61e-04)	Genome-resolved functional index: sum over taxa of (pool rel. abundance x pathway genes / genome total genes). DESCRIPTIVE ONLY (n=1 pooled per group; no statistical inference).
map00401	Novobiocin biosynthesis	KEGG_GENOME	0.000726588386133832	0.001815082996441275	-1.3196357166607717	79	110	Klebsiella variicola (1.37e-04); Pectobacterium cacticida (1.07e-04); Flavobacterium jumunjinense (3.83e-05); Arcticibacterium luteifluviistationis (2.90e-05); Citrobacter koseri (2.90e-05)	Cutibacterium acnes (3.89e-04); Moraxella osloensis (1.70e-04); Pectobacterium cacticida (9.25e-05); Pseudomonas oryzihabitans (8.01e-05); Flavobacterium haoranii (6.03e-05)	Genome-resolved functional index: sum over taxa of (pool rel. abundance x pathway genes / genome total genes). DESCRIPTIVE ONLY (n=1 pooled per group; no statistical inference).
map00404	Staurosporine biosynthesis	KEGG_GENOME	4.411202739004832e-05	0.000156362446944249	-1.8025072673100533	13	16	Pseudoalteromonas phenolica (1.60e-05); Sphingomonas koreensis (6.67e-06); Pseudoalteromonas xiamenensis (5.80e-06); Thalassotalea marina (3.68e-06); Shewanella maritima (3.28e-06)	Massilia arenae (3.91e-05); Massilia terrae (2.85e-05); Massilia niastensis (2.14e-05); Massilia agri (1.42e-05); Brevundimonas aurantiaca (1.14e-05)	Genome-resolved functional index: sum over taxa of (pool rel. abundance x pathway genes / genome total genes). DESCRIPTIVE ONLY (n=1 pooled per group; no statistical inference).
map00405	Phenazine biosynthesis	KEGG_GENOME	0.00035493944617495085	0.0012583337392038855	-1.8229569357730009	78	106	Pseudomonas alcaligenes (2.58e-05); Pseudomonas arcuscaelestis (2.58e-05); Flavobacterium jumunjinense (2.56e-05); Pseudoalteromonas phenolica (2.41e-05); Arcticibacterium luteifluviistationis (1.94e-05)	Moraxella osloensis (1.14e-04); Pseudomonas aeruginosa (1.08e-04); Pseudomonas alcaligenes (6.78e-05); Pseudomonas guangdongensis (5.42e-05); Pseudomonas zeshuii (5.42e-05)	Genome-resolved functional index: sum over taxa of (pool rel. abundance x pathway genes / genome total genes). DESCRIPTIVE ONLY (n=1 pooled per group; no statistical inference).
map00410	beta-Alanine metabolism	KEGG_GENOME	0.001076762708632024	0.0030960244573112455	-1.5228432016574347	79	111	Klebsiella variicola (2.06e-04); Pectobacterium cacticida (7.14e-05); Citrobacter koseri (6.53e-05); Arcticibacterium luteifluviistationis (4.84e-05); Flavobacterium jumunjinense (3.83e-05)	Cutibacterium acnes (2.59e-04); Moraxella osloensis (1.70e-04); Pseudomonas azotoformans (1.43e-04); Pseudomonas oryzihabitans (1.34e-04); Pseudomonas alkylphenolica (1.31e-04)	Genome-resolved functional index: sum over taxa of (pool rel. abundance x pathway genes / genome total genes). DESCRIPTIVE ONLY (n=1 pooled per group; no statistical inference).
map00430	Taurine and hypotaurine metabolism	KEGG_GENOME	0.0006954206221823101	0.0018604221898808595	-1.4183744813732053	78	110	Klebsiella variicola (1.20e-04); Arcticibacterium luteifluviistationis (4.84e-05); Pectobacterium cacticida (4.76e-05); Pseudoalteromonas phenolica (4.01e-05); Citrobacter koseri (2.90e-05)	Cutibacterium acnes (3.89e-04); Moraxella osloensis (1.14e-04); Exiguobacterium aestuarii (8.78e-05); Cupriavidus necator (5.46e-05); Stutzerimonas stutzeri (5.31e-05)	Genome-resolved functional index: sum over taxa of (pool rel. abundance x pathway genes / genome total genes). DESCRIPTIVE ONLY (n=1 pooled per group; no statistical inference).
map00440	Phosphonate and phosphinate metabolism	KEGG_GENOME	0.0006819341881565937	0.000973758797263414	-0.513298712075814	59	86	Klebsiella variicola (1.20e-04); Pectobacterium cacticida (1.07e-04); Citrobacter koseri (5.80e-05); Arcticibacterium luteifluviistationis (2.90e-05); Pectobacterium polaris (2.79e-05)	Pectobacterium cacticida (9.25e-05); Pseudomonas azotoformans (7.87e-05); Cupriavidus necator (4.29e-05); Pseudomonas aeruginosa (4.07e-05); Mariniblastus fucicola (3.85e-05)	Genome-resolved functional index: sum over taxa of (pool rel. abundance x pathway genes / genome total genes). DESCRIPTIVE ONLY (n=1 pooled per group; no statistical inference).
map00450	Selenocompound metabolism	KEGG_GENOME	0.0018070566661256206	0.0033066413776246853	-0.8713629287228519	79	111	Klebsiella variicola (2.92e-04); Citrobacter koseri (1.45e-04); Pectobacterium cacticida (1.19e-04); Arcticibacterium luteifluviistationis (1.16e-04); Pseudoalteromonas phenolica (9.63e-05)	Cutibacterium acnes (3.89e-04); Moraxella osloensis (3.41e-04); Mariniblastus fucicola (1.28e-04); Flavobacterium haoranii (1.21e-04); Aeromonas dhakensis (1.04e-04)	Genome-resolved functional index: sum over taxa of (pool rel. abundance x pathway genes / genome total genes). DESCRIPTIVE ONLY (n=1 pooled per group; no statistical inference).
map00460	Cyanoamino acid metabolism	KEGG_GENOME	0.000905641459651491	0.0022329656503139402	-1.301002962365555	79	111	Klebsiella variicola (1.37e-04); Flavobacterium jumunjinense (5.11e-05); Citrobacter koseri (5.08e-05); Arcticibacterium luteifluviistationis (4.84e-05); Pseudoalteromonas phenolica (4.81e-05)	Cutibacterium acnes (3.89e-04); Pseudomonas alkylphenolica (1.23e-04); Moraxella osloensis (1.14e-04); Exiguobacterium aestuarii (8.78e-05); Flavobacterium haoranii (8.04e-05)	Genome-resolved functional index: sum over taxa of (pool rel. abundance x pathway genes / genome total genes). DESCRIPTIVE ONLY (n=1 pooled per group; no statistical inference).
map00470	D-Amino acid metabolism	KEGG_GENOME	0.0020809652057990485	0.005856573436181298	-1.492357177972921	79	111	Klebsiella variicola (3.95e-04); Pectobacterium cacticida (1.67e-04); Arcticibacterium luteifluviistationis (1.35e-04); Pseudoalteromonas phenolica (1.20e-04); Citrobacter koseri (1.09e-04)	Cutibacterium acnes (1.55e-03); Moraxella osloensis (3.98e-04); Pseudomonas oryzihabitans (2.27e-04); Exiguobacterium aestuarii (1.76e-04); Pseudomonas alkylphenolica (1.64e-04)	Genome-resolved functional index: sum over taxa of (pool rel. abundance x pathway genes / genome total genes). DESCRIPTIVE ONLY (n=1 pooled per group; no statistical inference).
map00480	Glutathione metabolism	KEGG_GENOME	0.003088178069167031	0.007357783933508025	-1.2522443407615416	79	111	Klebsiella variicola (5.15e-04); Pectobacterium cacticida (2.50e-04); Pseudoalteromonas phenolica (2.49e-04); Citrobacter koseri (1.96e-04); Arcticibacterium luteifluviistationis (7.74e-05)	Cutibacterium acnes (9.07e-04); Moraxella osloensis (5.68e-04); Pseudomonas oryzihabitans (4.14e-04); Pseudomonas azotoformans (2.29e-04); Pseudomonas alkylphenolica (2.22e-04)	Genome-resolved functional index: sum over taxa of (pool rel. abundance x pathway genes / genome total genes). DESCRIPTIVE ONLY (n=1 pooled per group; no statistical inference).
map00500	Starch and sucrose metabolism	KEGG_GENOME	0.004407109202407382	0.009831016976525098	-1.1573274424126945	79	110	Klebsiella variicola (1.20e-03); Citrobacter koseri (3.19e-04); Pectobacterium cacticida (2.62e-04); Arcticibacterium luteifluviistationis (1.94e-04); Pseudoalteromonas phenolica (1.68e-04)	Cutibacterium acnes (3.50e-03); Exiguobacterium aestuarii (7.46e-04); Pseudomonas oryzihabitans (3.87e-04); Cutibacterium namnetense (3.46e-04); Klebsiella variicola (3.34e-04)	Genome-resolved functional index: sum over taxa of (pool rel. abundance x pathway genes / genome total genes). DESCRIPTIVE ONLY (n=1 pooled per group; no statistical inference).
map00510	N-Glycan biosynthesis	KEGG_GENOME	7.154668774594996e-05	0.0002641678483453965	-1.869924207011478	20	32	Arcticibacterium luteifluviistationis (1.94e-05); Flavobacterium jumunjinense (1.28e-05); Emticicia soli (6.33e-06); Mariniblastus fucicola (6.12e-06); Flavobacterium haoranii (4.79e-06)	Cutibacterium acnes (1.30e-04); Mariniblastus fucicola (2.57e-05); Flavobacterium haoranii (2.01e-05); Pseudomonas oryzihabitans (1.34e-05); Cutibacterium namnetense (1.28e-05)	Genome-resolved functional index: sum over taxa of (pool rel. abundance x pathway genes / genome total genes). DESCRIPTIVE ONLY (n=1 pooled per group; no statistical inference).
map00511	Other glycan degradation	KEGG_GENOME	0.0004270059418756466	0.0018915985687118838	-2.1446657090137	49	41	Arcticibacterium luteifluviistationis (1.16e-04); Emticicia soli (3.80e-05); Phycisphaera mikurensis (2.66e-05); Pseudoalteromonas phenolica (2.41e-05); Mariniblastus fucicola (2.14e-05)	Cutibacterium acnes (1.42e-03); Cutibacterium namnetense (1.41e-04); Mariniblastus fucicola (8.99e-05); Aeromonas dhakensis (3.07e-05); Brachybacterium aquaticum (2.95e-05)	Genome-resolved functional index: sum over taxa of (pool rel. abundance x pathway genes / genome total genes). DESCRIPTIVE ONLY (n=1 pooled per group; no statistical inference).
map00513	Various types of N-glycan biosynthesis	KEGG_GENOME	9.705806842390091e-05	0.000214264513016344	-1.1344022582224373	35	21	Arcticibacterium luteifluviistationis (1.94e-05); Emticicia soli (9.49e-06); Pseudoalteromonas phenolica (8.02e-06); Cyclobacterium qasimii (4.84e-06); Pontibacter roseus (4.05e-06)	Cutibacterium acnes (1.30e-04); Mariniblastus fucicola (1.28e-05); Cutibacterium namnetense (1.28e-05); Aeromonas dhakensis (1.23e-05); Lysobacter brunescens (8.96e-06)	Genome-resolved functional index: sum over taxa of (pool rel. abundance x pathway genes / genome total genes). DESCRIPTIVE ONLY (n=1 pooled per group; no statistical inference).
map00514	Other types of O-glycan biosynthesis	KEGG_GENOME	8.616490484544798e-06	0.00014917705610561368	-3.9650101241117874	5	7	Methylococcus capsulatus (4.03e-06); Kytococcus sedentarius (1.38e-06); Pelagerythrobacter marensis (1.21e-06); Methylotenera mobilis (1.16e-06); Sphingomonas koreensis (8.34e-07)	Cutibacterium acnes (1.30e-04); Cutibacterium namnetense (1.28e-05); Janibacter endophyticus (2.40e-06); Brachybacterium aquaticum (2.27e-06); Limnoglobus roseus (8.74e-07)	Genome-resolved functional index: sum over taxa of (pool rel. abundance x pathway genes / genome total genes). DESCRIPTIVE ONLY (n=1 pooled per group; no statistical inference).
map00515	Mannose type O-glycan biosynthesis	KEGG_GENOME	5.438984788020225e-06	0.00014697398759583639	-4.522366534361411	4	4	Methylococcus capsulatus (2.02e-06); Kytococcus sedentarius (1.38e-06); Pelagerythrobacter marensis (1.21e-06); Sphingomonas koreensis (8.34e-07)	Cutibacterium acnes (1.30e-04); Cutibacterium namnetense (1.28e-05); Janibacter endophyticus (2.40e-06); Brachybacterium aquaticum (2.27e-06)	Genome-resolved functional index: sum over taxa of (pool rel. abundance x pathway genes / genome total genes). DESCRIPTIVE ONLY (n=1 pooled per group; no statistical inference).
map00520	Amino sugar and nucleotide sugar metabolism	KEGG_GENOME	0.0049982897672422024	0.013792861417983708	-1.464231322130768	79	111	Klebsiella variicola (7.38e-04); Citrobacter koseri (3.41e-04); Pectobacterium cacticida (3.33e-04); Arcticibacterium luteifluviistationis (3.29e-04); Pseudoalteromonas phenolica (2.73e-04)	Cutibacterium acnes (4.66e-03); Moraxella osloensis (8.52e-04); Exiguobacterium aestuarii (7.24e-04); Cutibacterium namnetense (4.61e-04); Mariniblastus fucicola (3.73e-04)	Genome-resolved functional index: sum over taxa of (pool rel. abundance x pathway genes / genome total genes). DESCRIPTIVE ONLY (n=1 pooled per group; no statistical inference).
map00521	Streptomycin biosynthesis	KEGG_GENOME	0.0011840544708978712	0.0030164793930363924	-1.3483905445983126	79	110	Klebsiella variicola (1.72e-04); Arcticibacterium luteifluviistationis (9.68e-05); Flavobacterium jumunjinense (8.94e-05); Pectobacterium cacticida (7.14e-05); Pseudoalteromonas phenolica (6.42e-05)	Cutibacterium acnes (6.48e-04); Pseudomonas oryzihabitans (1.60e-04); Flavobacterium haoranii (1.41e-04); Mariniblastus fucicola (1.16e-04); Stutzerimonas stutzeri (8.63e-05)	Genome-resolved functional index: sum over taxa of (pool rel. abundance x pathway genes / genome total genes). DESCRIPTIVE ONLY (n=1 pooled per group; no statistical inference).
map00523	Polyketide sugar unit biosynthesis	KEGG_GENOME	0.000578292776639453	0.001312289376364594	-1.1808202606023797	64	101	Flavobacterium jumunjinense (7.67e-05); Arcticibacterium luteifluviistationis (5.81e-05); Pectobacterium cacticida (4.76e-05); Klebsiella variicola (3.43e-05); Flavobacterium haoranii (2.87e-05)	Cutibacterium acnes (1.30e-04); Flavobacterium haoranii (1.21e-04); Pseudomonas oryzihabitans (1.07e-04); Stutzerimonas stutzeri (4.65e-05); Pectobacterium cacticida (4.11e-05)	Genome-resolved functional index: sum over taxa of (pool rel. abundance x pathway genes / genome total genes). DESCRIPTIVE ONLY (n=1 pooled per group; no statistical inference).
map00524	Neomycin, kanamycin and gentamicin biosynthesis	KEGG_GENOME	0.00016036813959443481	0.0005690875898770048	-1.8208278339773405	62	90	Arcticibacterium luteifluviistationis (2.90e-05); Pseudoalteromonas phenolica (2.41e-05); Klebsiella variicola (1.72e-05); Citrobacter koseri (7.25e-06); Emticicia soli (6.33e-06)	Cutibacterium acnes (2.59e-04); Mariniblastus fucicola (2.57e-05); Cutibacterium namnetense (2.56e-05); Exiguobacterium aestuarii (2.19e-05); Massilia arenae (1.57e-05)	Genome-resolved functional index: sum over taxa of (pool rel. abundance x pathway genes / genome total genes). DESCRIPTIVE ONLY (n=1 pooled per group; no statistical inference).
map00525	Acarbose and validamycin biosynthesis	KEGG_GENOME	0.00036341443582497203	0.0007118180148492027	-0.9679536873035759	63	100	Flavobacterium jumunjinense (5.11e-05); Klebsiella variicola (3.43e-05); Arcticibacterium luteifluviistationis (2.90e-05); Pectobacterium cacticida (2.38e-05); Flavobacterium haoranii (1.92e-05)	Cutibacterium acnes (1.30e-04); Flavobacterium haoranii (8.04e-05); Pseudomonas oryzihabitans (2.67e-05); Mariniblastus fucicola (2.57e-05); Pectobacterium cacticida (2.06e-05)	Genome-resolved functional index: sum over taxa of (pool rel. abundance x pathway genes / genome total genes). DESCRIPTIVE ONLY (n=1 pooled per group; no statistical inference).
map00531	Glycosaminoglycan degradation	KEGG_GENOME	0.00034670715719747273	0.0010840059727908657	-1.641758315614797	73	103	Arcticibacterium luteifluviistationis (8.71e-05); Mariniblastus fucicola (2.76e-05); Klebsiella variicola (1.72e-05); Cyclobacterium qasimii (1.65e-05); Pseudoalteromonas phenolica (1.60e-05)	Cutibacterium acnes (5.18e-04); Mariniblastus fucicola (1.16e-04); Moraxella osloensis (5.68e-05); Cutibacterium namnetense (5.12e-05); Exiguobacterium aestuarii (4.39e-05)	Genome-resolved functional index: sum over taxa of (pool rel. abundance x pathway genes / genome total genes). DESCRIPTIVE ONLY (n=1 pooled per group; no statistical inference).
map00532	Glycosaminoglycan biosynthesis - chondroitin sulfate / dermatan sulfate	KEGG_GENOME	0.0	9.410241353870245e-07	-0.9568180571482727	0	1		Anatilimnocola aggregata (9.41e-07)	Genome-resolved functional index: sum over taxa of (pool rel. abundance x pathway genes / genome total genes). DESCRIPTIVE ONLY (n=1 pooled per group; no statistical inference).
map00540	Lipopolysaccharide biosynthesis	KEGG_GENOME	0.002336320954146105	0.004278360122196944	-0.8725392371623459	73	103	Klebsiella variicola (3.95e-04); Pectobacterium cacticida (2.38e-04); Citrobacter koseri (1.89e-04); Flavobacterium jumunjinense (1.28e-04); Pseudoalteromonas phenolica (8.02e-05)	Moraxella osloensis (5.68e-04); Pseudomonas oryzihabitans (2.27e-04); Pectobacterium cacticida (2.06e-04); Flavobacterium haoranii (2.01e-04); Pseudomonas alkylphenolica (1.56e-04)	Genome-resolved functional index: sum over taxa of (pool rel. abundance x pathway genes / genome total genes). DESCRIPTIVE ONLY (n=1 pooled per group; no statistical inference).
map00541	Biosynthesis of various nucleotide sugars	KEGG_GENOME	0.0033938542996308947	0.00782278516227786	-1.204517096850903	79	111	Klebsiella variicola (3.95e-04); Flavobacterium jumunjinense (2.94e-04); Arcticibacterium luteifluviistationis (2.32e-04); Pectobacterium cacticida (2.26e-04); Citrobacter koseri (1.67e-04)	Cutibacterium acnes (1.04e-03); Flavobacterium haoranii (4.63e-04); Moraxella osloensis (3.98e-04); Pseudomonas oryzihabitans (3.21e-04); Mariniblastus fucicola (2.70e-04)	Genome-resolved functional index: sum over taxa of (pool rel. abundance x pathway genes / genome total genes). DESCRIPTIVE ONLY (n=1 pooled per group; no statistical inference).
map00542	O-Antigen repeat unit biosynthesis	KEGG_GENOME	0.00014544228003267467	0.00025125009051795853	-0.7845226460650645	46	34	Klebsiella variicola (3.43e-05); Pectobacterium cacticida (2.38e-05); Arcticibacterium luteifluviistationis (9.68e-06); Pseudoalteromonas phenolica (8.02e-06); Citrobacter koseri (7.25e-06)	Cutibacterium acnes (1.30e-04); Exiguobacterium aestuarii (2.19e-05); Pectobacterium cacticida (2.06e-05); Mariniblastus fucicola (1.28e-05); Cutibacterium namnetense (1.28e-05)	Genome-resolved functional index: sum over taxa of (pool rel. abundance x pathway genes / genome total genes). DESCRIPTIVE ONLY (n=1 pooled per group; no statistical inference).
map00543	Exopolysaccharide biosynthesis	KEGG_GENOME	0.0010891297395445132	0.00232714356489594	-1.0946801801337163	79	110	Klebsiella variicola (1.55e-04); Citrobacter koseri (9.43e-05); Pectobacterium cacticida (8.33e-05); Arcticibacterium luteifluviistationis (7.74e-05); Flavobacterium jumunjinense (7.67e-05)	Cutibacterium acnes (3.89e-04); Pseudomonas azotoformans (1.43e-04); Pseudomonas alkylphenolica (1.31e-04); Flavobacterium haoranii (1.21e-04); Pseudomonas oryzihabitans (8.01e-05)	Genome-resolved functional index: sum over taxa of (pool rel. abundance x pathway genes / genome total genes). DESCRIPTIVE ONLY (n=1 pooled per group; no statistical inference).
map00550	Peptidoglycan biosynthesis	KEGG_GENOME	0.0034481168233487787	0.009370176821418112	-1.442003236771584	79	111	Klebsiella variicola (4.81e-04); Flavobacterium jumunjinense (2.56e-04); Pectobacterium cacticida (2.50e-04); Citrobacter koseri (2.03e-04); Arcticibacterium luteifluviistationis (1.94e-04)	Cutibacterium acnes (2.46e-03); Moraxella osloensis (9.09e-04); Exiguobacterium aestuarii (5.48e-04); Flavobacterium haoranii (4.02e-04); Pseudomonas oryzihabitans (3.07e-04)	Genome-resolved functional index: sum over taxa of (pool rel. abundance x pathway genes / genome total genes). DESCRIPTIVE ONLY (n=1 pooled per group; no statistical inference).
map00552	Teichoic acid biosynthesis	KEGG_GENOME	0.00048350061936066577	0.0015573737338386833	-1.685470851302655	79	110	Klebsiella variicola (6.87e-05); Pectobacterium cacticida (3.57e-05); Arcticibacterium luteifluviistationis (2.90e-05); Flavobacterium jumunjinense (2.56e-05); Pseudoalteromonas phenolica (2.41e-05)	Exiguobacterium aestuarii (4.39e-04); Cutibacterium acnes (3.89e-04); Moraxella osloensis (5.68e-05); Exiguobacterium alkaliphilum (5.06e-05); Flavobacterium haoranii (4.02e-05)	Genome-resolved functional index: sum over taxa of (pool rel. abundance x pathway genes / genome total genes). DESCRIPTIVE ONLY (n=1 pooled per group; no statistical inference).
map00561	Glycerolipid metabolism	KEGG_GENOME	0.001661436927614569	0.0048864417747238095	-1.5557799091358009	78	111	Klebsiella variicola (3.43e-04); Citrobacter koseri (1.09e-04); Pectobacterium cacticida (1.07e-04); Arcticibacterium luteifluviistationis (9.68e-05); Flavobacterium jumunjinense (5.11e-05)	Cutibacterium acnes (1.42e-03); Exiguobacterium aestuarii (3.95e-04); Pseudomonas oryzihabitans (1.47e-04); Cutibacterium namnetense (1.41e-04); Pseudomonas alkylphenolica (1.15e-04)	Genome-resolved functional index: sum over taxa of (pool rel. abundance x pathway genes / genome total genes). DESCRIPTIVE ONLY (n=1 pooled per group; no statistical inference).
map00562	Inositol phosphate metabolism	KEGG_GENOME	0.0009474605244010254	0.0027928267528002978	-1.5585829269581606	79	110	Klebsiella variicola (2.92e-04); Citrobacter koseri (5.80e-05); Arcticibacterium luteifluviistationis (4.84e-05); Pseudoalteromonas phenolica (3.21e-05); Pantoea dispersa (3.04e-05)	Cutibacterium acnes (1.04e-03); Moraxella osloensis (1.14e-04); Cutibacterium namnetense (1.02e-04); Pseudomonas azotoformans (1.00e-04); Klebsiella variicola (8.11e-05)	Genome-resolved functional index: sum over taxa of (pool rel. abundance x pathway genes / genome total genes). DESCRIPTIVE ONLY (n=1 pooled per group; no statistical inference).
map00564	Glycerophospholipid metabolism	KEGG_GENOME	0.002830959625345013	0.00786857915521017	-1.4744857888203435	79	110	Klebsiella variicola (5.15e-04); Pectobacterium cacticida (2.50e-04); Citrobacter koseri (2.03e-04); Arcticibacterium luteifluviistationis (1.55e-04); Pseudoalteromonas phenolica (1.12e-04)	Cutibacterium acnes (1.94e-03); Moraxella osloensis (5.11e-04); Exiguobacterium aestuarii (4.61e-04); Pseudomonas oryzihabitans (3.21e-04); Pectobacterium cacticida (2.16e-04)	Genome-resolved functional index: sum over taxa of (pool rel. abundance x pathway genes / genome total genes). DESCRIPTIVE ONLY (n=1 pooled per group; no statistical inference).
map00565	Ether lipid metabolism	KEGG_GENOME	0.00011258670014720188	0.00031179367671109427	-1.4614174283539971	55	67	Klebsiella variicola (1.72e-05); Pectobacterium cacticida (1.19e-05); Pseudoalteromonas phenolica (8.02e-06); Citrobacter koseri (7.25e-06); Ralstonia pickettii (4.06e-06)	Moraxella osloensis (5.68e-05); Cupriavidus necator (2.34e-05); Massilia arenae (1.57e-05); Pseudomonas aeruginosa (1.36e-05); Lysobacter brunescens (1.34e-05)	Genome-resolved functional index: sum over taxa of (pool rel. abundance x pathway genes / genome total genes). DESCRIPTIVE ONLY (n=1 pooled per group; no statistical inference).
map00566	Sulfoquinovose metabolism	KEGG_GENOME	0.0002559397668181751	0.0005362092201857888	-1.0640538712870273	69	84	Citrobacter koseri (4.35e-05); Klebsiella variicola (1.72e-05); Leclercia pneumoniae (1.49e-05); Flavobacterium jumunjinense (1.28e-05); Marivita roseacus (1.21e-05)	Cutibacterium acnes (1.30e-04); Moraxella osloensis (5.68e-05); Exiguobacterium aestuarii (2.19e-05); Roseibium sediminis (2.14e-05); Flavobacterium haoranii (2.01e-05)	Genome-resolved functional index: sum over taxa of (pool rel. abundance x pathway genes / genome total genes). DESCRIPTIVE ONLY (n=1 pooled per group; no statistical inference).
map00571	Lipoarabinomannan (LAM) biosynthesis	KEGG_GENOME	4.265964465418651e-05	0.0005580508170602536	-3.6786071349122533	16	53	Arcticibacterium luteifluviistationis (9.68e-06); Kytococcus sedentarius (6.90e-06); Phycisphaera mikurensis (5.31e-06); Emticicia soli (3.16e-06); Mariniblastus fucicola (3.06e-06)	Cutibacterium acnes (3.89e-04); Cutibacterium namnetense (3.84e-05); Janibacter endophyticus (1.44e-05); Mariniblastus fucicola (1.28e-05); Pseudomonas alkylphenolica (8.21e-06)	Genome-resolved functional index: sum over taxa of (pool rel. abundance x pathway genes / genome total genes). DESCRIPTIVE ONLY (n=1 pooled per group; no statistical inference).
map00572	Arabinogalactan biosynthesis - Mycobacterium	KEGG_GENOME	0.00012798272631577432	0.00025985557695467476	-1.016073408441015	47	35	Pectobacterium cacticida (2.38e-05); Klebsiella variicola (1.72e-05); Arcticibacterium luteifluviistationis (9.68e-06); Pseudoalteromonas phenolica (8.02e-06); Citrobacter koseri (7.25e-06)	Cutibacterium acnes (1.30e-04); Exiguobacterium aestuarii (2.19e-05); Pectobacterium cacticida (2.06e-05); Mariniblastus fucicola (1.28e-05); Cutibacterium namnetense (1.28e-05)	Genome-resolved functional index: sum over taxa of (pool rel. abundance x pathway genes / genome total genes). DESCRIPTIVE ONLY (n=1 pooled per group; no statistical inference).
map00590	Arachidonic acid metabolism	KEGG_GENOME	0.00011666903974574258	0.0001886035129609702	-0.6882509161566358	51	61	Klebsiella variicola (1.72e-05); Pseudoalteromonas phenolica (1.60e-05); Pectobacterium cacticida (1.19e-05); Citrobacter koseri (7.25e-06); Pseudoalteromonas fenneropenaei (3.34e-06)	Moraxella osloensis (5.68e-05); Mariniblastus fucicola (1.28e-05); Pectobacterium cacticida (1.03e-05); Lysobacter brunescens (8.96e-06); Massilia arenae (7.83e-06)	Genome-resolved functional index: sum over taxa of (pool rel. abundance x pathway genes / genome total genes). DESCRIPTIVE ONLY (n=1 pooled per group; no statistical inference).
map00591	Linoleic acid metabolism	KEGG_GENOME	8.722480648569651e-05	0.00010593619379882007	-0.277493966951054	44	27	Klebsiella variicola (1.72e-05); Pectobacterium cacticida (1.19e-05); Pseudoalteromonas phenolica (8.02e-06); Citrobacter koseri (7.25e-06); Leclercia pneumoniae (2.48e-06)	Moraxella osloensis (5.68e-05); Pectobacterium cacticida (1.03e-05); Klebsiella variicola (4.77e-06); Lysobacter brunescens (4.48e-06); Moraxella atlantae (3.25e-06)	Genome-resolved functional index: sum over taxa of (pool rel. abundance x pathway genes / genome total genes). DESCRIPTIVE ONLY (n=1 pooled per group; no statistical inference).
map00592	alpha-Linolenic acid metabolism	KEGG_GENOME	0.00032589671506734827	0.0006097345387045144	-0.9017105560621591	69	101	Klebsiella variicola (5.15e-05); Pseudoalteromonas phenolica (2.41e-05); Citrobacter koseri (2.18e-05); Arcticibacterium luteifluviistationis (1.94e-05); Flavobacterium jumunjinense (1.28e-05)	Moraxella osloensis (1.14e-04); Cupriavidus necator (2.34e-05); Exiguobacterium aestuarii (2.19e-05); Flavobacterium haoranii (2.01e-05); Pseudomonas alkylphenolica (1.64e-05)	Genome-resolved functional index: sum over taxa of (pool rel. abundance x pathway genes / genome total genes). DESCRIPTIVE ONLY (n=1 pooled per group; no statistical inference).
map00600	Sphingolipid metabolism	KEGG_GENOME	0.00042593828070665855	0.0013583664332140085	-1.670834973615914	63	80	Arcticibacterium luteifluviistationis (5.81e-05); Klebsiella variicola (5.15e-05); Emticicia soli (2.85e-05); Phycisphaera mikurensis (2.66e-05); Mariniblastus fucicola (1.84e-05)	Cutibacterium acnes (7.77e-04); Mariniblastus fucicola (7.71e-05); Cutibacterium namnetense (7.68e-05); Pseudomonas marincola (3.52e-05); Pseudomonas alkylphenolica (3.28e-05)	Genome-resolved functional index: sum over taxa of (pool rel. abundance x pathway genes / genome total genes). DESCRIPTIVE ONLY (n=1 pooled per group; no statistical inference).
map00603	Glycosphingolipid biosynthesis - globo and isoglobo series	KEGG_GENOME	0.00018006969360315295	0.0004230733943567332	-1.227768876989575	46	31	Klebsiella variicola (3.43e-05); Arcticibacterium luteifluviistationis (2.90e-05); Emticicia soli (1.90e-05); Pseudoalteromonas phenolica (8.02e-06); Mucilaginibacter koreensis (5.99e-06)	Cutibacterium acnes (2.59e-04); Cutibacterium namnetense (2.56e-05); Exiguobacterium aestuarii (2.19e-05); Aeromonas dhakensis (1.84e-05); Mariniblastus fucicola (1.28e-05)	Genome-resolved functional index: sum over taxa of (pool rel. abundance x pathway genes / genome total genes). DESCRIPTIVE ONLY (n=1 pooled per group; no statistical inference).
map00604	Glycosphingolipid biosynthesis - ganglio series	KEGG_GENOME	9.433474747545815e-05	0.000214264513016344	-1.1750364600462044	35	21	Arcticibacterium luteifluviistationis (1.94e-05); Emticicia soli (9.49e-06); Pseudoalteromonas phenolica (8.02e-06); Pontibacter roseus (4.05e-06); Mucilaginibacter koreensis (4.00e-06)	Cutibacterium acnes (1.30e-04); Mariniblastus fucicola (1.28e-05); Cutibacterium namnetense (1.28e-05); Aeromonas dhakensis (1.23e-05); Lysobacter brunescens (8.96e-06)	Genome-resolved functional index: sum over taxa of (pool rel. abundance x pathway genes / genome total genes). DESCRIPTIVE ONLY (n=1 pooled per group; no statistical inference).
map00620	Pyruvate metabolism	KEGG_GENOME	0.0067821023940394	0.016816911925578958	-1.3099814186839844	79	111	Klebsiella variicola (1.39e-03); Pectobacterium cacticida (5.12e-04); Citrobacter koseri (4.50e-04); Arcticibacterium luteifluviistationis (3.10e-04); Pseudoalteromonas phenolica (3.05e-04)	Cutibacterium acnes (3.11e-03); Moraxella osloensis (1.42e-03); Exiguobacterium aestuarii (7.24e-04); Pseudomonas oryzihabitans (7.08e-04); Pseudomonas alkylphenolica (4.43e-04)	Genome-resolved functional index: sum over taxa of (pool rel. abundance x pathway genes / genome total genes). DESCRIPTIVE ONLY (n=1 pooled per group; no statistical inference).
map00621	Dioxin degradation	KEGG_GENOME	0.00020848208916132786	0.00037341074836750015	-0.8377949536268594	43	56	Klebsiella variicola (8.59e-05); Pectobacterium cacticida (2.38e-05); Arcticibacterium luteifluviistationis (9.68e-06); Pluralibacter pyrinus (9.62e-06); Ralstonia pickettii (9.47e-06)	Pseudomonas alkylphenolica (4.93e-05); Cupriavidus necator (4.68e-05); Pseudomonas oryzihabitans (2.67e-05); Klebsiella variicola (2.38e-05); Exiguobacterium aestuarii (2.19e-05)	Genome-resolved functional index: sum over taxa of (pool rel. abundance x pathway genes / genome total genes). DESCRIPTIVE ONLY (n=1 pooled per group; no statistical inference).
map00622	Xylene degradation	KEGG_GENOME	0.00038177178308925266	0.0009088071250912574	-1.2490762509107418	54	92	Klebsiella variicola (1.89e-04); Pectobacterium cacticida (2.38e-05); Ralstonia pickettii (1.89e-05); Pluralibacter pyrinus (1.71e-05); Arcticibacterium luteifluviistationis (9.68e-06)	Pseudomonas alkylphenolica (1.23e-04); Cupriavidus necator (7.80e-05); Klebsiella variicola (5.25e-05); Exiguobacterium aestuarii (4.39e-05); Pseudomonas azotoformans (3.58e-05)	Genome-resolved functional index: sum over taxa of (pool rel. abundance x pathway genes / genome total genes). DESCRIPTIVE ONLY (n=1 pooled per group; no statistical inference).
map00623	Toluene degradation	KEGG_GENOME	0.00019192026595138168	0.0005826142193076464	-1.5970103297796874	49	81	Klebsiella variicola (8.59e-05); Ralstonia pickettii (2.03e-05); Citrobacter koseri (7.25e-06); Pluralibacter pyrinus (5.34e-06); Marivita roseacus (4.53e-06)	Pseudomonas alkylphenolica (1.48e-04); Cupriavidus necator (7.41e-05); Klebsiella variicola (2.38e-05); Massilia arenae (2.35e-05); Cupriavidus plantarum (2.12e-05)	Genome-resolved functional index: sum over taxa of (pool rel. abundance x pathway genes / genome total genes). DESCRIPTIVE ONLY (n=1 pooled per group; no statistical inference).
map00624	Polycyclic aromatic hydrocarbon degradation	KEGG_GENOME	0.00010080052590518431	0.00028401779477111244	-1.4853069807127925	28	55	Klebsiella variicola (3.43e-05); Pseudoalteromonas phenolica (8.02e-06); Emticicia soli (6.33e-06); Marivita roseacus (6.03e-06); Kluyvera ascorbata (4.29e-06)	Pseudomonas alkylphenolica (3.28e-05); Pseudomonas oryzihabitans (2.67e-05); Pseudomonas marincola (1.76e-05); Pseudomonas azotoformans (1.43e-05); Stutzerimonas stutzeri (1.33e-05)	Genome-resolved functional index: sum over taxa of (pool rel. abundance x pathway genes / genome total genes). DESCRIPTIVE ONLY (n=1 pooled per group; no statistical inference).
map00625	Chloroalkane and chloroalkene degradation	KEGG_GENOME	0.0006405629748346751	0.0016237109259478145	-1.340520261698199	75	110	Klebsiella variicola (1.20e-04); Pectobacterium cacticida (5.95e-05); Arcticibacterium luteifluviistationis (2.90e-05); Citrobacter koseri (2.90e-05); Pseudoalteromonas phenolica (2.41e-05)	Exiguobacterium aestuarii (1.54e-04); Pseudomonas oryzihabitans (1.47e-04); Cutibacterium acnes (1.30e-04); Cupriavidus necator (6.24e-05); Moraxella osloensis (5.68e-05)	Genome-resolved functional index: sum over taxa of (pool rel. abundance x pathway genes / genome total genes). DESCRIPTIVE ONLY (n=1 pooled per group; no statistical inference).
map00626	Naphthalene degradation	KEGG_GENOME	0.0003393865533911001	0.0007431744580585984	-1.128466828370795	65	102	Klebsiella variicola (6.87e-05); Citrobacter koseri (2.90e-05); Pseudoalteromonas phenolica (2.41e-05); Pectobacterium cacticida (2.38e-05); Rahnella inusitata (1.14e-05)	Cutibacterium acnes (1.30e-04); Moraxella osloensis (5.68e-05); Exiguobacterium aestuarii (4.39e-05); Pseudomonas oryzihabitans (4.01e-05); Cupriavidus necator (3.51e-05)	Genome-resolved functional index: sum over taxa of (pool rel. abundance x pathway genes / genome total genes). DESCRIPTIVE ONLY (n=1 pooled per group; no statistical inference).
map00627	Aminobenzoate degradation	KEGG_GENOME	0.0007315616945289663	0.0020484020519759226	-1.4841808702641186	69	98	Klebsiella variicola (2.40e-04); Citrobacter koseri (5.08e-05); Pectobacterium cacticida (4.76e-05); Pseudoalteromonas phenolica (2.41e-05); Salipiger aestuarii (1.93e-05)	Pseudomonas oryzihabitans (1.60e-04); Cutibacterium acnes (1.30e-04); Cupriavidus necator (1.09e-04); Pseudomonas azotoformans (7.87e-05); Roseibium sediminis (7.50e-05)	Genome-resolved functional index: sum over taxa of (pool rel. abundance x pathway genes / genome total genes). DESCRIPTIVE ONLY (n=1 pooled per group; no statistical inference).
map00630	Glyoxylate and dicarboxylate metabolism	KEGG_GENOME	0.004576669372237767	0.01507233890394315	-1.7193138531835614	79	111	Klebsiella variicola (7.21e-04); Pectobacterium cacticida (2.86e-04); Citrobacter koseri (2.76e-04); Arcticibacterium luteifluviistationis (2.61e-04); Flavobacterium jumunjinense (2.04e-04)	Cutibacterium acnes (3.24e-03); Moraxella osloensis (8.52e-04); Pseudomonas oryzihabitans (6.94e-04); Pseudomonas alkylphenolica (5.34e-04); Exiguobacterium aestuarii (4.39e-04)	Genome-resolved functional index: sum over taxa of (pool rel. abundance x pathway genes / genome total genes). DESCRIPTIVE ONLY (n=1 pooled per group; no statistical inference).
map00633	Nitrotoluene degradation	KEGG_GENOME	0.00029782773175754526	0.00037664303441226906	-0.3377091376979966	65	70	Klebsiella variicola (6.87e-05); Citrobacter koseri (3.63e-05); Rahnella inusitata (9.09e-06); Kluyvera ascorbata (8.57e-06); Pseudoalteromonas phenolica (8.02e-06)	Cupriavidus necator (4.68e-05); Mariniblastus fucicola (2.57e-05); Aeromonas dhakensis (2.46e-05); Klebsiella variicola (1.91e-05); Citrobacter freundii (1.75e-05)	Genome-resolved functional index: sum over taxa of (pool rel. abundance x pathway genes / genome total genes). DESCRIPTIVE ONLY (n=1 pooled per group; no statistical inference).
map00640	Propanoate metabolism	KEGG_GENOME	0.003806118512014558	0.01109044162826072	-1.5426755088838608	79	111	Klebsiella variicola (7.04e-04); Citrobacter koseri (3.12e-04); Pectobacterium cacticida (2.26e-04); Pseudoalteromonas phenolica (2.17e-04); Flavobacterium jumunjinense (1.92e-04)	Cutibacterium acnes (2.59e-03); Exiguobacterium aestuarii (5.92e-04); Moraxella osloensis (5.68e-04); Pseudomonas oryzihabitans (4.41e-04); Flavobacterium haoranii (3.02e-04)	Genome-resolved functional index: sum over taxa of (pool rel. abundance x pathway genes / genome total genes). DESCRIPTIVE ONLY (n=1 pooled per group; no statistical inference).
map00642	Ethylbenzene degradation	KEGG_GENOME	0.00022642118586142042	0.0005141471657345071	-1.1796179785301288	67	99	Klebsiella variicola (3.43e-05); Pseudoalteromonas phenolica (1.60e-05); Citrobacter koseri (1.45e-05); Flavobacterium jumunjinense (1.28e-05); Arcticibacterium luteifluviistationis (9.68e-06)	Moraxella osloensis (5.68e-05); Cupriavidus necator (2.73e-05); Exiguobacterium aestuarii (2.19e-05); Flavobacterium haoranii (2.01e-05); Pseudomonas alkylphenolica (1.64e-05)	Genome-resolved functional index: sum over taxa of (pool rel. abundance x pathway genes / genome total genes). DESCRIPTIVE ONLY (n=1 pooled per group; no statistical inference).
map00643	Styrene degradation	KEGG_GENOME	0.0004478680222783854	0.0016963392339212787	-1.918911707612784	62	100	Klebsiella variicola (1.20e-04); Pseudoalteromonas phenolica (3.21e-05); Flavobacterium jumunjinense (2.56e-05); Ruegeria pomeroyi (1.64e-05); Marivita roseacus (1.51e-05)	Cutibacterium acnes (1.30e-04); Moraxella osloensis (1.14e-04); Pseudomonas oryzihabitans (9.35e-05); Pseudomonas alkylphenolica (9.03e-05); Cupriavidus necator (5.85e-05)	Genome-resolved functional index: sum over taxa of (pool rel. abundance x pathway genes / genome total genes). DESCRIPTIVE ONLY (n=1 pooled per group; no statistical inference).
map00650	Butanoate metabolism	KEGG_GENOME	0.003979286528888141	0.01020707535029295	-1.358766688512803	79	111	Klebsiella variicola (8.07e-04); Pectobacterium cacticida (3.45e-04); Citrobacter koseri (2.25e-04); Flavobacterium jumunjinense (1.92e-04); Pseudoalteromonas phenolica (1.68e-04)	Cutibacterium acnes (1.55e-03); Moraxella osloensis (7.39e-04); Pseudomonas oryzihabitans (4.81e-04); Exiguobacterium aestuarii (4.61e-04); Pseudomonas alkylphenolica (3.28e-04)	Genome-resolved functional index: sum over taxa of (pool rel. abundance x pathway genes / genome total genes). DESCRIPTIVE ONLY (n=1 pooled per group; no statistical inference).
map00660	C5-Branched dibasic acid metabolism	KEGG_GENOME	0.0016645092984287598	0.0038565458781102	-1.2117199064825688	79	111	Klebsiella variicola (2.58e-04); Pectobacterium cacticida (1.90e-04); Citrobacter koseri (1.16e-04); Arcticibacterium luteifluviistationis (8.71e-05); Pseudoalteromonas phenolica (7.22e-05)	Cutibacterium acnes (6.48e-04); Moraxella osloensis (3.41e-04); Pectobacterium cacticida (1.64e-04); Pseudomonas oryzihabitans (1.47e-04); Exiguobacterium aestuarii (1.10e-04)	Genome-resolved functional index: sum over taxa of (pool rel. abundance x pathway genes / genome total genes). DESCRIPTIVE ONLY (n=1 pooled per group; no statistical inference).
map00670	One carbon pool by folate	KEGG_GENOME	0.0029786186021207926	0.009001999287705726	-1.5952780312180088	79	111	Klebsiella variicola (3.95e-04); Flavobacterium jumunjinense (2.17e-04); Pectobacterium cacticida (1.90e-04); Arcticibacterium luteifluviistationis (1.65e-04); Citrobacter koseri (1.60e-04)	Cutibacterium acnes (2.07e-03); Moraxella osloensis (7.39e-04); Exiguobacterium aestuarii (3.95e-04); Flavobacterium haoranii (3.42e-04); Pseudomonas oryzihabitans (3.34e-04)	Genome-resolved functional index: sum over taxa of (pool rel. abundance x pathway genes / genome total genes). DESCRIPTIVE ONLY (n=1 pooled per group; no statistical inference).
map00680	Methane metabolism	KEGG_GENOME	0.0038274904338148792	0.009190250772562048	-1.2634855486017076	79	111	Klebsiella variicola (5.84e-04); Pectobacterium cacticida (2.50e-04); Citrobacter koseri (2.47e-04); Arcticibacterium luteifluviistationis (1.84e-04); Pseudoalteromonas phenolica (1.44e-04)	Cutibacterium acnes (1.68e-03); Moraxella osloensis (9.09e-04); Exiguobacterium aestuarii (3.95e-04); Mariniblastus fucicola (3.85e-04); Pseudomonas oryzihabitans (3.21e-04)	Genome-resolved functional index: sum over taxa of (pool rel. abundance x pathway genes / genome total genes). DESCRIPTIVE ONLY (n=1 pooled per group; no statistical inference).
map00710	Carbon fixation by Calvin cycle	KEGG_GENOME	0.0028783783415697083	0.006478831941930302	-1.17019902938773	79	111	Klebsiella variicola (5.15e-04); Flavobacterium jumunjinense (1.92e-04); Pectobacterium cacticida (1.90e-04); Citrobacter koseri (1.81e-04); Pseudoalteromonas phenolica (1.36e-04)	Cutibacterium acnes (1.55e-03); Moraxella osloensis (6.25e-04); Exiguobacterium aestuarii (3.07e-04); Flavobacterium haoranii (3.02e-04); Pseudomonas oryzihabitans (2.27e-04)	Genome-resolved functional index: sum over taxa of (pool rel. abundance x pathway genes / genome total genes). DESCRIPTIVE ONLY (n=1 pooled per group; no statistical inference).
map00720	Other carbon fixation pathways	KEGG_GENOME	0.004440689447151285	0.012099999638395942	-1.4459457988978714	79	111	Klebsiella variicola (7.04e-04); Pectobacterium cacticida (3.69e-04); Citrobacter koseri (2.83e-04); Flavobacterium jumunjinense (2.56e-04); Arcticibacterium luteifluviistationis (2.03e-04)	Cutibacterium acnes (2.85e-03); Moraxella osloensis (1.02e-03); Exiguobacterium aestuarii (5.05e-04); Flavobacterium haoranii (4.02e-04); Pseudomonas oryzihabitans (4.01e-04)	Genome-resolved functional index: sum over taxa of (pool rel. abundance x pathway genes / genome total genes). DESCRIPTIVE ONLY (n=1 pooled per group; no statistical inference).
map00730	Thiamine metabolism	KEGG_GENOME	0.0021021365466781707	0.0058768494950923855	-1.4827458981695334	79	111	Klebsiella variicola (3.09e-04); Pectobacterium cacticida (1.78e-04); Flavobacterium jumunjinense (1.53e-04); Citrobacter koseri (1.09e-04); Arcticibacterium luteifluviistationis (1.06e-04)	Cutibacterium acnes (1.55e-03); Moraxella osloensis (5.68e-04); Exiguobacterium aestuarii (3.29e-04); Flavobacterium haoranii (2.41e-04); Mariniblastus fucicola (1.80e-04)	Genome-resolved functional index: sum over taxa of (pool rel. abundance x pathway genes / genome total genes). DESCRIPTIVE ONLY (n=1 pooled per group; no statistical inference).
map00740	Riboflavin metabolism	KEGG_GENOME	0.0018325006987156048	0.004339847423288537	-1.2433758982698049	79	110	Klebsiella variicola (3.61e-04); Pectobacterium cacticida (1.55e-04); Citrobacter koseri (1.16e-04); Pseudoalteromonas phenolica (9.63e-05); Arcticibacterium luteifluviistationis (6.77e-05)	Cutibacterium acnes (9.07e-04); Moraxella osloensis (3.41e-04); Exiguobacterium aestuarii (1.97e-04); Pseudomonas oryzihabitans (1.60e-04); Pectobacterium cacticida (1.34e-04)	Genome-resolved functional index: sum over taxa of (pool rel. abundance x pathway genes / genome total genes). DESCRIPTIVE ONLY (n=1 pooled per group; no statistical inference).
map00750	Vitamin B6 metabolism	KEGG_GENOME	0.001219550083665304	0.0030896635455766905	-1.3403851133013756	79	110	Klebsiella variicola (2.06e-04); Pectobacterium cacticida (1.19e-04); Citrobacter koseri (8.70e-05); Pseudoalteromonas phenolica (6.42e-05); Arcticibacterium luteifluviistationis (3.87e-05)	Cutibacterium acnes (7.77e-04); Moraxella osloensis (3.41e-04); Pseudomonas oryzihabitans (1.20e-04); Pectobacterium cacticida (1.03e-04); Exiguobacterium aestuarii (8.78e-05)	Genome-resolved functional index: sum over taxa of (pool rel. abundance x pathway genes / genome total genes). DESCRIPTIVE ONLY (n=1 pooled per group; no statistical inference).
map00760	Nicotinate and nicotinamide metabolism	KEGG_GENOME	0.0027764705751979744	0.007987701899881424	-1.5241894681610542	79	111	Klebsiella variicola (4.12e-04); Pectobacterium cacticida (2.50e-04); Citrobacter koseri (1.74e-04); Arcticibacterium luteifluviistationis (1.26e-04); Pseudoalteromonas phenolica (1.20e-04)	Cutibacterium acnes (1.81e-03); Moraxella osloensis (7.95e-04); Pseudomonas oryzihabitans (3.34e-04); Exiguobacterium aestuarii (2.63e-04); Pectobacterium cacticida (2.16e-04)	Genome-resolved functional index: sum over taxa of (pool rel. abundance x pathway genes / genome total genes). DESCRIPTIVE ONLY (n=1 pooled per group; no statistical inference).
map00770	Pantothenate and CoA biosynthesis	KEGG_GENOME	0.0032865939373693358	0.008172889461310303	-1.313990615828546	79	111	Klebsiella variicola (4.29e-04); Pectobacterium cacticida (2.86e-04); Flavobacterium jumunjinense (2.30e-04); Arcticibacterium luteifluviistationis (1.74e-04); Citrobacter koseri (1.74e-04)	Cutibacterium acnes (1.42e-03); Moraxella osloensis (7.95e-04); Flavobacterium haoranii (3.62e-04); Exiguobacterium aestuarii (3.51e-04); Pseudomonas oryzihabitans (2.80e-04)	Genome-resolved functional index: sum over taxa of (pool rel. abundance x pathway genes / genome total genes). DESCRIPTIVE ONLY (n=1 pooled per group; no statistical inference).
map00780	Biotin metabolism	KEGG_GENOME	0.002439573567106312	0.006221373632821048	-1.3502447864333904	79	111	Klebsiella variicola (3.09e-04); Pectobacterium cacticida (2.26e-04); Flavobacterium jumunjinense (1.53e-04); Pseudoalteromonas phenolica (1.36e-04); Arcticibacterium luteifluviistationis (1.35e-04)	Cutibacterium acnes (1.04e-03); Moraxella osloensis (6.82e-04); Mariniblastus fucicola (2.96e-04); Pseudomonas oryzihabitans (2.67e-04); Flavobacterium haoranii (2.41e-04)	Genome-resolved functional index: sum over taxa of (pool rel. abundance x pathway genes / genome total genes). DESCRIPTIVE ONLY (n=1 pooled per group; no statistical inference).
map00785	Lipoic acid metabolism	KEGG_GENOME	0.002014874817037612	0.006859204611042014	-1.7668455542564587	79	111	Klebsiella variicola (2.23e-04); Flavobacterium jumunjinense (1.79e-04); Pectobacterium cacticida (1.31e-04); Arcticibacterium luteifluviistationis (1.26e-04); Pseudoalteromonas phenolica (1.04e-04)	Cutibacterium acnes (1.68e-03); Moraxella osloensis (5.68e-04); Exiguobacterium aestuarii (4.83e-04); Flavobacterium haoranii (2.82e-04); Pseudomonas oryzihabitans (2.54e-04)	Genome-resolved functional index: sum over taxa of (pool rel. abundance x pathway genes / genome total genes). DESCRIPTIVE ONLY (n=1 pooled per group; no statistical inference).
map00790	Folate biosynthesis	KEGG_GENOME	0.003468571469520406	0.010030272138565395	-1.531675186088044	79	111	Klebsiella variicola (4.46e-04); Pectobacterium cacticida (2.74e-04); Arcticibacterium luteifluviistationis (2.23e-04); Pseudoalteromonas phenolica (2.01e-04); Citrobacter koseri (1.96e-04)	Cutibacterium acnes (1.81e-03); Moraxella osloensis (1.31e-03); Exiguobacterium aestuarii (3.73e-04); Pseudomonas oryzihabitans (3.61e-04); Mariniblastus fucicola (3.08e-04)	Genome-resolved functional index: sum over taxa of (pool rel. abundance x pathway genes / genome total genes). DESCRIPTIVE ONLY (n=1 pooled per group; no statistical inference).
map00791	Atrazine degradation	KEGG_GENOME	0.0004117553017938242	0.0005546376706447454	-0.4288576667247572	48	64	Klebsiella variicola (1.20e-04); Pectobacterium cacticida (7.14e-05); Pseudoalteromonas phenolica (2.41e-05); Citrobacter koseri (2.18e-05); Pantoea dispersa (1.07e-05)	Pectobacterium cacticida (6.17e-05); Stutzerimonas stutzeri (4.65e-05); Pseudomonas oryzihabitans (4.01e-05); Klebsiella variicola (3.34e-05); Pseudomonas viridiflava (2.99e-05)	Genome-resolved functional index: sum over taxa of (pool rel. abundance x pathway genes / genome total genes). DESCRIPTIVE ONLY (n=1 pooled per group; no statistical inference).
map00830	Retinol metabolism	KEGG_GENOME	0.00019184047250765315	0.0005686942091993592	-1.5627798718282744	63	102	Klebsiella variicola (3.43e-05); Pseudoalteromonas phenolica (1.60e-05); Pectobacterium cacticida (1.19e-05); Citrobacter koseri (7.25e-06); Pseudoalteromonas fenneropenaei (5.01e-06)	Cutibacterium acnes (1.30e-04); Moraxella osloensis (5.68e-05); Pseudomonas oryzihabitans (4.01e-05); Exiguobacterium aestuarii (2.19e-05); Cupriavidus necator (1.95e-05)	Genome-resolved functional index: sum over taxa of (pool rel. abundance x pathway genes / genome total genes). DESCRIPTIVE ONLY (n=1 pooled per group; no statistical inference).
map00860	Porphyrin metabolism	KEGG_GENOME	0.0038732947243518808	0.01522095059506703	-1.9741476312236779	79	111	Klebsiella variicola (6.52e-04); Citrobacter koseri (2.76e-04); Flavobacterium jumunjinense (2.43e-04); Pectobacterium cacticida (2.14e-04); Pseudoalteromonas phenolica (2.09e-04)	Cutibacterium acnes (5.31e-03); Moraxella osloensis (8.52e-04); Pseudomonas oryzihabitans (5.34e-04); Cutibacterium namnetense (5.25e-04); Flavobacterium haoranii (3.82e-04)	Genome-resolved functional index: sum over taxa of (pool rel. abundance x pathway genes / genome total genes). DESCRIPTIVE ONLY (n=1 pooled per group; no statistical inference).
map00900	Terpenoid backbone biosynthesis	KEGG_GENOME	0.002031075974954505	0.005945858483853361	-1.5491734022244859	79	111	Klebsiella variicola (2.75e-04); Pectobacterium cacticida (1.43e-04); Flavobacterium jumunjinense (1.28e-04); Arcticibacterium luteifluviistationis (1.26e-04); Citrobacter koseri (1.09e-04)	Cutibacterium acnes (1.30e-03); Moraxella osloensis (6.25e-04); Exiguobacterium aestuarii (2.63e-04); Pseudomonas oryzihabitans (2.14e-04); Flavobacterium haoranii (2.01e-04)	Genome-resolved functional index: sum over taxa of (pool rel. abundance x pathway genes / genome total genes). DESCRIPTIVE ONLY (n=1 pooled per group; no statistical inference).
map00901	Indole alkaloid biosynthesis	KEGG_GENOME	1.6962700651176978e-05	7.27758599324222e-06	1.117722273784929	5	6	Arcticibacterium luteifluviistationis (9.68e-06); Emticicia soli (3.16e-06); Marivita roseacus (1.51e-06); Ruegeria pomeroyi (1.49e-06); Mesorhizobium septentrionale (1.12e-06)	Roseibium sediminis (3.57e-06); Gemmata massiliana (8.74e-07); Yersinia ruckeri (8.01e-07); Marivita roseacus (7.91e-07); Pseudomonas putida (6.28e-07)	Genome-resolved functional index: sum over taxa of (pool rel. abundance x pathway genes / genome total genes). DESCRIPTIVE ONLY (n=1 pooled per group; no statistical inference).
map00903	Limonene degradation	KEGG_GENOME	0.00010059788858555727	0.0003289797756023571	-1.6995071844440603	39	73	Flavobacterium jumunjinense (1.28e-05); Arcticibacterium luteifluviistationis (9.68e-06); Salipiger aestuarii (7.73e-06); Marivita roseacus (7.54e-06); Flavobacterium haoranii (4.79e-06)	Exiguobacterium aestuarii (6.58e-05); Cupriavidus necator (2.73e-05); Pseudomonas oryzihabitans (2.67e-05); Flavobacterium haoranii (2.01e-05); Pseudomonas alkylphenolica (1.64e-05)	Genome-resolved functional index: sum over taxa of (pool rel. abundance x pathway genes / genome total genes). DESCRIPTIVE ONLY (n=1 pooled per group; no statistical inference).
map00906	Carotenoid biosynthesis	KEGG_GENOME	0.00022752421914119052	0.0005243536999360466	-1.2009419884776382	31	49	Flavobacterium jumunjinense (3.83e-05); Arcticibacterium luteifluviistationis (2.90e-05); Emticicia soli (1.58e-05); Flavobacterium haoranii (1.44e-05); Leclercia pneumoniae (1.24e-05)	Exiguobacterium aestuarii (1.10e-04); Pseudomonas oryzihabitans (6.68e-05); Flavobacterium haoranii (6.03e-05); Brevundimonas aurantiaca (5.11e-05); Stutzerimonas stutzeri (3.32e-05)	Genome-resolved functional index: sum over taxa of (pool rel. abundance x pathway genes / genome total genes). DESCRIPTIVE ONLY (n=1 pooled per group; no statistical inference).
map00907	Pinene, camphor and geraniol degradation	KEGG_GENOME	0.0006091489560038636	0.0016239036085426615	-1.4131207413485216	73	106	Klebsiella variicola (1.03e-04); Pseudoalteromonas phenolica (4.01e-05); Citrobacter koseri (3.63e-05); Flavobacterium jumunjinense (2.56e-05); Ralstonia pickettii (1.62e-05)	Moraxella osloensis (1.14e-04); Pseudomonas azotoformans (1.00e-04); Pseudomonas oryzihabitans (9.35e-05); Pseudomonas aeruginosa (6.78e-05); Cupriavidus necator (6.63e-05)	Genome-resolved functional index: sum over taxa of (pool rel. abundance x pathway genes / genome total genes). DESCRIPTIVE ONLY (n=1 pooled per group; no statistical inference).
map00908	Zeatin biosynthesis	KEGG_GENOME	0.00016325528978914083	0.00047151503825430124	-1.5244204124196081	79	110	Klebsiella variicola (1.72e-05); Flavobacterium jumunjinense (1.28e-05); Pectobacterium cacticida (1.19e-05); Arcticibacterium luteifluviistationis (9.68e-06); Pseudoalteromonas phenolica (8.02e-06)	Cutibacterium acnes (1.30e-04); Moraxella osloensis (5.68e-05); Exiguobacterium aestuarii (2.19e-05); Flavobacterium haoranii (2.01e-05); Pseudomonas oryzihabitans (1.34e-05)	Genome-resolved functional index: sum over taxa of (pool rel. abundance x pathway genes / genome total genes). DESCRIPTIVE ONLY (n=1 pooled per group; no statistical inference).
map00909	Sesquiterpenoid and triterpenoid biosynthesis	KEGG_GENOME	1.385658307550393e-05	7.114482859894392e-05	-2.2797936419769522	4	12	Mariniblastus fucicola (6.12e-06); Methylococcus capsulatus (4.03e-06); Phycisphaera mikurensis (2.66e-06); Exiguobacterium aestuarii (1.05e-06)	Mariniblastus fucicola (2.57e-05); Exiguobacterium aestuarii (2.19e-05); Cupriavidus necator (7.80e-06); Anatilimnocola aggregata (2.82e-06); Gemmata massiliana (2.62e-06)	Genome-resolved functional index: sum over taxa of (pool rel. abundance x pathway genes / genome total genes). DESCRIPTIVE ONLY (n=1 pooled per group; no statistical inference).
map00910	Nitrogen metabolism	KEGG_GENOME	0.0023713610983790183	0.007855152300528901	-1.7274992782245897	78	111	Klebsiella variicola (4.29e-04); Pectobacterium cacticida (2.26e-04); Citrobacter koseri (1.96e-04); Arcticibacterium luteifluviistationis (1.06e-04); Leclercia pneumoniae (5.71e-05)	Cutibacterium acnes (1.68e-03); Moraxella osloensis (7.95e-04); Pseudomonas alkylphenolica (2.63e-04); Stutzerimonas stutzeri (2.52e-04); Massilia arenae (2.19e-04)	Genome-resolved functional index: sum over taxa of (pool rel. abundance x pathway genes / genome total genes). DESCRIPTIVE ONLY (n=1 pooled per group; no statistical inference).
map00920	Sulfur metabolism	KEGG_GENOME	0.003890489776610319	0.009657240099710317	-1.3114377617339257	79	111	Klebsiella variicola (7.73e-04); Pectobacterium cacticida (4.28e-04); Citrobacter koseri (2.61e-04); Arcticibacterium luteifluviistationis (1.45e-04); Pseudoalteromonas phenolica (1.28e-04)	Moraxella osloensis (8.52e-04); Pseudomonas oryzihabitans (5.48e-04); Cutibacterium acnes (5.18e-04); Pseudomonas azotoformans (4.72e-04); Pseudomonas alkylphenolica (4.27e-04)	Genome-resolved functional index: sum over taxa of (pool rel. abundance x pathway genes / genome total genes). DESCRIPTIVE ONLY (n=1 pooled per group; no statistical inference).
map00930	Caprolactam degradation	KEGG_GENOME	0.0003518469647818984	0.0008032057182764371	-1.188521994541898	68	94	Klebsiella variicola (6.87e-05); Arcticibacterium luteifluviistationis (2.90e-05); Pseudoalteromonas phenolica (1.60e-05); Emticicia soli (1.58e-05); Citrobacter koseri (1.45e-05)	Pseudomonas oryzihabitans (1.07e-04); Moraxella osloensis (5.68e-05); Pseudomonas azotoformans (4.29e-05); Mariniblastus fucicola (3.85e-05); Pseudomonas aeruginosa (3.16e-05)	Genome-resolved functional index: sum over taxa of (pool rel. abundance x pathway genes / genome total genes). DESCRIPTIVE ONLY (n=1 pooled per group; no statistical inference).
map00940	Phenylpropanoid biosynthesis	KEGG_GENOME	0.0003171261140169573	0.00038332246986266653	-0.27271852447942363	73	97	Klebsiella variicola (6.87e-05); Pectobacterium cacticida (2.38e-05); Citrobacter koseri (2.18e-05); Pseudoalteromonas phenolica (1.60e-05); Flavobacterium jumunjinense (1.28e-05)	Mariniblastus fucicola (3.85e-05); Pseudomonas oryzihabitans (2.67e-05); Pectobacterium cacticida (2.06e-05); Flavobacterium haoranii (2.01e-05); Klebsiella variicola (1.91e-05)	Genome-resolved functional index: sum over taxa of (pool rel. abundance x pathway genes / genome total genes). DESCRIPTIVE ONLY (n=1 pooled per group; no statistical inference).
map00944	Flavone and flavonol biosynthesis	KEGG_GENOME	1.7201300394388519e-06	0.00014587992019555326	-5.754817746696143	2	3	Runella soli (8.73e-07); Dyadobacter sediminis (8.47e-07)	Cutibacterium acnes (1.30e-04); Cutibacterium namnetense (1.28e-05); Roseibium sediminis (3.57e-06)	Genome-resolved functional index: sum over taxa of (pool rel. abundance x pathway genes / genome total genes). DESCRIPTIVE ONLY (n=1 pooled per group; no statistical inference).
map00946	Degradation of flavonoids	KEGG_GENOME	0.0002503241137538472	0.0003305458194206106	-0.39965916376403443	53	72	Klebsiella variicola (8.59e-05); Arcticibacterium luteifluviistationis (1.94e-05); Emticicia soli (1.27e-05); Pectobacterium cacticida (1.19e-05); Rahnella inusitata (9.09e-06)	Pseudomonas marincola (2.64e-05); Klebsiella variicola (2.38e-05); Exiguobacterium aestuarii (2.19e-05); Brevundimonas aurantiaca (1.70e-05); Pseudomonas azotoformans (1.43e-05)	Genome-resolved functional index: sum over taxa of (pool rel. abundance x pathway genes / genome total genes). DESCRIPTIVE ONLY (n=1 pooled per group; no statistical inference).
map00950	Isoquinoline alkaloid biosynthesis	KEGG_GENOME	0.00044244968988167764	0.0009398511100212324	-1.0851959964662534	78	109	Klebsiella variicola (1.20e-04); Pectobacterium cacticida (5.95e-05); Flavobacterium jumunjinense (2.56e-05); Arcticibacterium luteifluviistationis (1.94e-05); Citrobacter koseri (1.45e-05)	Cutibacterium acnes (1.30e-04); Moraxella osloensis (5.68e-05); Pseudomonas oryzihabitans (5.34e-05); Pectobacterium cacticida (5.14e-05); Flavobacterium haoranii (4.02e-05)	Genome-resolved functional index: sum over taxa of (pool rel. abundance x pathway genes / genome total genes). DESCRIPTIVE ONLY (n=1 pooled per group; no statistical inference).
map00960	Tropane, piperidine and pyridine alkaloid biosynthesis	KEGG_GENOME	0.0007475878232485946	0.0016226836738516192	-1.1170271077296205	79	110	Klebsiella variicola (1.89e-04); Pectobacterium cacticida (9.52e-05); Flavobacterium jumunjinense (3.83e-05); Arcticibacterium luteifluviistationis (2.90e-05); Citrobacter koseri (2.90e-05)	Cutibacterium acnes (2.59e-04); Moraxella osloensis (1.14e-04); Pectobacterium cacticida (8.22e-05); Pseudomonas oryzihabitans (8.01e-05); Pseudomonas azotoformans (6.44e-05)	Genome-resolved functional index: sum over taxa of (pool rel. abundance x pathway genes / genome total genes). DESCRIPTIVE ONLY (n=1 pooled per group; no statistical inference).
map00965	Betalain biosynthesis	KEGG_GENOME	0.00010181011633096193	0.000155213808537976	-0.6035397561947109	48	72	Klebsiella variicola (1.72e-05); Pectobacterium cacticida (1.19e-05); Arcticibacterium luteifluviistationis (9.68e-06); Emticicia soli (9.49e-06); Citrobacter koseri (7.25e-06)	Pseudomonas oryzihabitans (1.34e-05); Pectobacterium cacticida (1.03e-05); Pseudomonas alkylphenolica (8.21e-06); Pseudomonas azotoformans (7.15e-06); Roseibium sediminis (7.14e-06)	Genome-resolved functional index: sum over taxa of (pool rel. abundance x pathway genes / genome total genes). DESCRIPTIVE ONLY (n=1 pooled per group; no statistical inference).
map00966	Glucosinolate biosynthesis	KEGG_GENOME	0.00038243986778256146	0.00101206946816949	-1.4016608532593215	79	111	Flavobacterium jumunjinense (3.83e-05); Klebsiella variicola (3.43e-05); Arcticibacterium luteifluviistationis (2.90e-05); Pectobacterium cacticida (2.38e-05); Pseudoalteromonas phenolica (1.60e-05)	Cutibacterium acnes (2.59e-04); Moraxella osloensis (1.14e-04); Flavobacterium haoranii (6.03e-05); Pseudomonas oryzihabitans (2.67e-05); Mariniblastus fucicola (2.57e-05)	Genome-resolved functional index: sum over taxa of (pool rel. abundance x pathway genes / genome total genes). DESCRIPTIVE ONLY (n=1 pooled per group; no statistical inference).
map00970	Aminoacyl-tRNA biosynthesis	KEGG_GENOME	0.014731708359215194	0.03985934811915276	-1.435931640132565	79	111	Klebsiella variicola (1.92e-03); Pectobacterium cacticida (1.19e-03); Pseudoalteromonas phenolica (1.08e-03); Flavobacterium jumunjinense (9.07e-04); Citrobacter koseri (7.91e-04)	Cutibacterium acnes (9.19e-03); Moraxella osloensis (4.26e-03); Exiguobacterium aestuarii (2.08e-03); Flavobacterium haoranii (1.43e-03); Pseudomonas oryzihabitans (1.27e-03)	Genome-resolved functional index: sum over taxa of (pool rel. abundance x pathway genes / genome total genes). DESCRIPTIVE ONLY (n=1 pooled per group; no statistical inference).
map00975	Biosynthesis of various siderophores	KEGG_GENOME	0.00024050202586696026	0.000980445359714844	-2.022872659036304	43	89	Pectobacterium cacticida (7.14e-05); Klebsiella variicola (3.43e-05); Citrobacter koseri (2.90e-05); Rahnella inusitata (1.14e-05); Erwinia piriflorinigrans (9.11e-06)	Cutibacterium acnes (3.89e-04); Moraxella osloensis (1.14e-04); Pectobacterium cacticida (6.17e-05); Cutibacterium namnetense (3.84e-05); Stutzerimonas stutzeri (3.32e-05)	Genome-resolved functional index: sum over taxa of (pool rel. abundance x pathway genes / genome total genes). DESCRIPTIVE ONLY (n=1 pooled per group; no statistical inference).
map00980	Metabolism of xenobiotics by cytochrome P450	KEGG_GENOME	0.0007272143771338633	0.0020059796213314444	-1.462590838495723	65	102	Klebsiella variicola (1.55e-04); Pseudoalteromonas phenolica (6.42e-05); Pectobacterium cacticida (4.76e-05); Citrobacter koseri (3.63e-05); Ruegeria pomeroyi (2.69e-05)	Pseudomonas oryzihabitans (1.74e-04); Cutibacterium acnes (1.30e-04); Moraxella osloensis (1.14e-04); Massilia arenae (7.83e-05); Pseudomonas azotoformans (7.15e-05)	Genome-resolved functional index: sum over taxa of (pool rel. abundance x pathway genes / genome total genes). DESCRIPTIVE ONLY (n=1 pooled per group; no statistical inference).
map00981	Insect hormone biosynthesis	KEGG_GENOME	9.732122405192056e-05	0.000326939045744258	-1.7378529032489223	38	73	Flavobacterium jumunjinense (1.28e-05); Arcticibacterium luteifluviistationis (9.68e-06); Salipiger aestuarii (7.73e-06); Marivita roseacus (6.03e-06); Flavobacterium haoranii (4.79e-06)	Exiguobacterium aestuarii (6.58e-05); Cupriavidus necator (2.73e-05); Pseudomonas oryzihabitans (2.67e-05); Flavobacterium haoranii (2.01e-05); Pseudomonas alkylphenolica (1.64e-05)	Genome-resolved functional index: sum over taxa of (pool rel. abundance x pathway genes / genome total genes). DESCRIPTIVE ONLY (n=1 pooled per group; no statistical inference).
map00982	Drug metabolism - cytochrome P450	KEGG_GENOME	0.0007407161534160308	0.002258145387841396	-1.6068380245950786	67	104	Klebsiella variicola (1.55e-04); Pseudoalteromonas phenolica (6.42e-05); Pectobacterium cacticida (4.76e-05); Citrobacter koseri (3.63e-05); Ruegeria pomeroyi (2.69e-05)	Cutibacterium acnes (2.59e-04); Pseudomonas oryzihabitans (1.87e-04); Moraxella osloensis (1.14e-04); Pseudomonas azotoformans (7.87e-05); Massilia arenae (7.83e-05)	Genome-resolved functional index: sum over taxa of (pool rel. abundance x pathway genes / genome total genes). DESCRIPTIVE ONLY (n=1 pooled per group; no statistical inference).
map00983	Drug metabolism - other enzymes	KEGG_GENOME	0.002273617650319945	0.006183833595956558	-1.4431107225111228	79	111	Klebsiella variicola (3.61e-04); Pectobacterium cacticida (1.67e-04); Flavobacterium jumunjinense (1.41e-04); Citrobacter koseri (1.31e-04); Pseudoalteromonas phenolica (1.20e-04)	Cutibacterium acnes (1.42e-03); Moraxella osloensis (3.98e-04); Pseudomonas oryzihabitans (2.54e-04); Flavobacterium haoranii (2.21e-04); Exiguobacterium aestuarii (1.97e-04)	Genome-resolved functional index: sum over taxa of (pool rel. abundance x pathway genes / genome total genes). DESCRIPTIVE ONLY (n=1 pooled per group; no statistical inference).
map00984	Steroid degradation	KEGG_GENOME	0.00039895717453491	0.0010186695953476965	-1.3501843132415874	71	103	Pseudoalteromonas fenneropenaei (5.34e-05); Klebsiella variicola (3.43e-05); Pseudoalteromonas arabiensis (2.67e-05); Pseudoalteromonas peptidolytica (2.67e-05); Pseudoalteromonas telluritireducens (2.67e-05)	Cupriavidus necator (1.56e-04); Luminiphilus syltensis (6.69e-05); Moraxella osloensis (5.68e-05); Pseudomonas alkylphenolica (4.93e-05); Cupriavidus plantarum (4.46e-05)	Genome-resolved functional index: sum over taxa of (pool rel. abundance x pathway genes / genome total genes). DESCRIPTIVE ONLY (n=1 pooled per group; no statistical inference).
map00996	Biosynthesis of various alkaloids	KEGG_GENOME	1.3935773266901188e-06	3.982898705314474e-05	-4.092353455963693	2	14	Sphingomonas koreensis (8.34e-07); Mesorhizobium septentrionale (5.59e-07)	Pseudomonas oryzihabitans (1.34e-05); Pseudomonas azotoformans (7.15e-06); Brevundimonas aurantiaca (5.68e-06); Pseudomonas savastanoi (2.56e-06); Pseudomonas viridiflava (2.49e-06)	Genome-resolved functional index: sum over taxa of (pool rel. abundance x pathway genes / genome total genes). DESCRIPTIVE ONLY (n=1 pooled per group; no statistical inference).
map00997	Biosynthesis of various other secondary metabolites	KEGG_GENOME	5.013470236555285e-05	0.0003008578465503599	-2.561494695336731	12	28	Pectobacterium cacticida (2.38e-05); Erwinia piriflorinigrans (4.56e-06); Pseudomonas alcaligenes (4.31e-06); Pseudomonas arcuscaelestis (4.31e-06); Pectobacterium polaris (3.72e-06)	Cutibacterium acnes (1.30e-04); Pectobacterium cacticida (2.06e-05); Pseudomonas aeruginosa (1.81e-05); Cutibacterium namnetense (1.28e-05); Aeromonas dhakensis (1.23e-05)	Genome-resolved functional index: sum over taxa of (pool rel. abundance x pathway genes / genome total genes). DESCRIPTIVE ONLY (n=1 pooled per group; no statistical inference).
map00998	Biosynthesis of various antibiotics	KEGG_GENOME	0.0003992130453547668	0.0010729319095613003	-1.4240624258706054	79	111	Arcticibacterium luteifluviistationis (3.87e-05); Flavobacterium jumunjinense (3.83e-05); Pectobacterium cacticida (3.57e-05); Citrobacter koseri (2.18e-05); Klebsiella variicola (1.72e-05)	Cutibacterium acnes (2.59e-04); Flavobacterium haoranii (6.03e-05); Moraxella osloensis (5.68e-05); Mariniblastus fucicola (5.14e-05); Pseudomonas oryzihabitans (4.01e-05)	Genome-resolved functional index: sum over taxa of (pool rel. abundance x pathway genes / genome total genes). DESCRIPTIVE ONLY (n=1 pooled per group; no statistical inference).
map00999	Biosynthesis of various plant secondary metabolites	KEGG_GENOME	0.0004646414823146297	0.0012115130064732796	-1.3807087294250076	79	111	Klebsiella variicola (8.59e-05); Pectobacterium cacticida (3.57e-05); Pseudoalteromonas phenolica (3.21e-05); Citrobacter koseri (2.18e-05); Arcticibacterium luteifluviistationis (1.94e-05)	Cutibacterium acnes (2.59e-04); Moraxella osloensis (1.14e-04); Exiguobacterium aestuarii (6.58e-05); Pseudomonas oryzihabitans (5.34e-05); Pseudomonas alkylphenolica (3.28e-05)	Genome-resolved functional index: sum over taxa of (pool rel. abundance x pathway genes / genome total genes). DESCRIPTIVE ONLY (n=1 pooled per group; no statistical inference).
map01040	Biosynthesis of unsaturated fatty acids	KEGG_GENOME	0.0005023243860593046	0.0011554912045157273	-1.2001938906652503	78	108	Arcticibacterium luteifluviistationis (5.81e-05); Klebsiella variicola (5.15e-05); Pseudoalteromonas phenolica (4.81e-05); Pectobacterium cacticida (3.57e-05); Flavobacterium jumunjinense (2.56e-05)	Cutibacterium acnes (1.30e-04); Moraxella osloensis (1.14e-04); Pseudomonas oryzihabitans (5.34e-05); Flavobacterium haoranii (4.02e-05); Pseudomonas alkylphenolica (3.28e-05)	Genome-resolved functional index: sum over taxa of (pool rel. abundance x pathway genes / genome total genes). DESCRIPTIVE ONLY (n=1 pooled per group; no statistical inference).
map01051	Biosynthesis of ansamycins	KEGG_GENOME	0.00046595317409892887	0.0006987077960195568	-0.5834746817593014	79	109	Klebsiella variicola (1.20e-04); Pectobacterium cacticida (3.57e-05); Citrobacter koseri (2.90e-05); Flavobacterium jumunjinense (2.56e-05); Pseudoalteromonas phenolica (2.41e-05)	Cutibacterium acnes (1.30e-04); Moraxella osloensis (5.68e-05); Pseudomonas oryzihabitans (5.34e-05); Flavobacterium haoranii (4.02e-05); Klebsiella variicola (3.34e-05)	Genome-resolved functional index: sum over taxa of (pool rel. abundance x pathway genes / genome total genes). DESCRIPTIVE ONLY (n=1 pooled per group; no statistical inference).
map01053	Biosynthesis of siderophore group nonribosomal peptides	KEGG_GENOME	0.0006826152820035515	0.001122468424745451	-0.7167030244406244	62	96	Klebsiella variicola (1.37e-04); Citrobacter koseri (1.31e-04); Pectobacterium cacticida (7.14e-05); Pseudoalteromonas phenolica (4.81e-05); Leclercia pneumoniae (1.98e-05)	Cutibacterium acnes (2.59e-04); Pseudomonas oryzihabitans (8.01e-05); Pectobacterium cacticida (6.17e-05); Klebsiella variicola (3.82e-05); Aeromonas dhakensis (3.69e-05)	Genome-resolved functional index: sum over taxa of (pool rel. abundance x pathway genes / genome total genes). DESCRIPTIVE ONLY (n=1 pooled per group; no statistical inference).
map01054	Nonribosomal peptide structures	KEGG_GENOME	0.0001708124291921444	8.846388477845227e-05	0.941457096398997	16	21	Citrobacter koseri (1.16e-04); Pectobacterium cacticida (2.38e-05); Arcticibacterium luteifluviistationis (9.68e-06); Pectobacterium polaris (3.72e-06); Mariniblastus fucicola (3.06e-06)	Pectobacterium cacticida (2.06e-05); Citrobacter koseri (1.87e-05); Mariniblastus fucicola (1.28e-05); Pseudomonas azotoformans (7.15e-06); Brevundimonas aurantiaca (5.68e-06)	Genome-resolved functional index: sum over taxa of (pool rel. abundance x pathway genes / genome total genes). DESCRIPTIVE ONLY (n=1 pooled per group; no statistical inference).
map01055	Biosynthesis of vancomycin group antibiotics	KEGG_GENOME	0.00018795358269316247	0.0003499562321466683	-0.8932592494590327	62	99	Flavobacterium jumunjinense (2.56e-05); Arcticibacterium luteifluviistationis (1.94e-05); Klebsiella variicola (1.72e-05); Pectobacterium cacticida (1.19e-05); Flavobacterium haoranii (9.58e-06)	Flavobacterium haoranii (4.02e-05); Massilia arenae (2.35e-05); Massilia terrae (1.71e-05); Pseudomonas oryzihabitans (1.34e-05); Mariniblastus fucicola (1.28e-05)	Genome-resolved functional index: sum over taxa of (pool rel. abundance x pathway genes / genome total genes). DESCRIPTIVE ONLY (n=1 pooled per group; no statistical inference).
map01057	Biosynthesis of type II polyketide products	KEGG_GENOME	0.0	1.7481823041105056e-06	-1.4584777103104687	0	2		Limnoglobus roseus (8.74e-07); Gemmata massiliana (8.74e-07)	Genome-resolved functional index: sum over taxa of (pool rel. abundance x pathway genes / genome total genes). DESCRIPTIVE ONLY (n=1 pooled per group; no statistical inference).
map01059	Biosynthesis of enediyne antibiotics	KEGG_GENOME	4.7777033007801225e-05	2.0791771681920978e-05	1.1624185120073702	9	4	Arcticibacterium luteifluviistationis (2.90e-05); Emticicia soli (6.33e-06); Mariniblastus fucicola (3.06e-06); Runella soli (2.62e-06); Methylococcus capsulatus (2.02e-06)	Mariniblastus fucicola (1.28e-05); Roseibium sediminis (3.57e-06); Gemmata massiliana (2.62e-06); Limnoglobus roseus (1.75e-06)	Genome-resolved functional index: sum over taxa of (pool rel. abundance x pathway genes / genome total genes). DESCRIPTIVE ONLY (n=1 pooled per group; no statistical inference).
map01100	Metabolic pathways	KEGG_GENOME	0.11513187979466215	0.3108863076008225	-1.4330918188827548	79	111	Klebsiella variicola (1.94e-02); Pectobacterium cacticida (8.76e-03); Citrobacter koseri (7.01e-03); Arcticibacterium luteifluviistationis (6.25e-03); Flavobacterium jumunjinense (5.52e-03)	Cutibacterium acnes (7.08e-02); Moraxella osloensis (2.36e-02); Pseudomonas oryzihabitans (1.22e-02); Exiguobacterium aestuarii (1.18e-02); Flavobacterium haoranii (8.69e-03)	Genome-resolved functional index: sum over taxa of (pool rel. abundance x pathway genes / genome total genes). DESCRIPTIVE ONLY (n=1 pooled per group; no statistical inference).
map01110	Biosynthesis of secondary metabolites	KEGG_GENOME	0.049348438869163985	0.13676942241197865	-1.4706506851356749	79	111	Klebsiella variicola (7.28e-03); Pectobacterium cacticida (3.94e-03); Citrobacter koseri (2.78e-03); Arcticibacterium luteifluviistationis (2.78e-03); Flavobacterium jumunjinense (2.66e-03)	Cutibacterium acnes (3.22e-02); Moraxella osloensis (1.12e-02); Exiguobacterium aestuarii (6.06e-03); Pseudomonas oryzihabitans (5.12e-03); Flavobacterium haoranii (4.18e-03)	Genome-resolved functional index: sum over taxa of (pool rel. abundance x pathway genes / genome total genes). DESCRIPTIVE ONLY (n=1 pooled per group; no statistical inference).
map01120	Microbial metabolism in diverse environments	KEGG_GENOME	0.03443617365031869	0.08743373139543452	-1.3442397285237242	79	111	Klebsiella variicola (6.82e-03); Pectobacterium cacticida (2.57e-03); Citrobacter koseri (2.20e-03); Arcticibacterium luteifluviistationis (1.69e-03); Pseudoalteromonas phenolica (1.38e-03)	Cutibacterium acnes (1.80e-02); Moraxella osloensis (5.68e-03); Pseudomonas oryzihabitans (3.85e-03); Exiguobacterium aestuarii (2.74e-03); Pseudomonas alkylphenolica (2.58e-03)	Genome-resolved functional index: sum over taxa of (pool rel. abundance x pathway genes / genome total genes). DESCRIPTIVE ONLY (n=1 pooled per group; no statistical inference).
map01200	Carbon metabolism	KEGG_GENOME	0.015116229411876852	0.04232737873280505	-1.4854314754564064	79	111	Klebsiella variicola (2.34e-03); Pectobacterium cacticida (9.99e-04); Citrobacter koseri (9.28e-04); Flavobacterium jumunjinense (8.43e-04); Arcticibacterium luteifluviistationis (8.32e-04)	Cutibacterium acnes (1.01e-02); Moraxella osloensis (3.30e-03); Pseudomonas oryzihabitans (1.67e-03); Exiguobacterium aestuarii (1.67e-03); Flavobacterium haoranii (1.33e-03)	Genome-resolved functional index: sum over taxa of (pool rel. abundance x pathway genes / genome total genes). DESCRIPTIVE ONLY (n=1 pooled per group; no statistical inference).
map01210	2-Oxocarboxylic acid metabolism	KEGG_GENOME	0.0056043961917463265	0.015230190039607268	-1.4421404144884962	79	111	Klebsiella variicola (8.07e-04); Pectobacterium cacticida (5.23e-04); Arcticibacterium luteifluviistationis (3.19e-04); Flavobacterium jumunjinense (3.07e-04); Pseudoalteromonas phenolica (2.89e-04)	Cutibacterium acnes (3.50e-03); Moraxella osloensis (1.31e-03); Exiguobacterium aestuarii (6.58e-04); Pseudomonas oryzihabitans (6.01e-04); Flavobacterium haoranii (4.83e-04)	Genome-resolved functional index: sum over taxa of (pool rel. abundance x pathway genes / genome total genes). DESCRIPTIVE ONLY (n=1 pooled per group; no statistical inference).
map01212	Fatty acid metabolism	KEGG_GENOME	0.004185897578651383	0.010647233576745463	-1.3466605913608771	79	111	Klebsiella variicola (4.81e-04); Arcticibacterium luteifluviistationis (3.48e-04); Flavobacterium jumunjinense (3.32e-04); Pseudoalteromonas phenolica (2.41e-04); Pectobacterium cacticida (2.38e-04)	Moraxella osloensis (9.66e-04); Cutibacterium acnes (9.07e-04); Flavobacterium haoranii (5.23e-04); Exiguobacterium aestuarii (4.17e-04); Pseudomonas oryzihabitans (4.14e-04)	Genome-resolved functional index: sum over taxa of (pool rel. abundance x pathway genes / genome total genes). DESCRIPTIVE ONLY (n=1 pooled per group; no statistical inference).
map01220	Degradation of aromatic compounds	KEGG_GENOME	0.002006215747233042	0.0044670723136573855	-1.154456841057302	73	104	Klebsiella variicola (7.73e-04); Citrobacter koseri (7.25e-05); Ralstonia pickettii (6.90e-05); Pseudoalteromonas phenolica (6.42e-05); Pectobacterium cacticida (5.95e-05)	Pseudomonas alkylphenolica (3.28e-04); Cupriavidus necator (2.89e-04); Cutibacterium acnes (2.59e-04); Pseudomonas oryzihabitans (2.54e-04); Klebsiella variicola (2.15e-04)	Genome-resolved functional index: sum over taxa of (pool rel. abundance x pathway genes / genome total genes). DESCRIPTIVE ONLY (n=1 pooled per group; no statistical inference).
map01230	Biosynthesis of amino acids	KEGG_GENOME	0.01804271118284929	0.04890736424680928	-1.4385851153474236	79	111	Klebsiella variicola (2.66e-03); Pectobacterium cacticida (1.48e-03); Flavobacterium jumunjinense (9.84e-04); Arcticibacterium luteifluviistationis (9.77e-04); Citrobacter koseri (9.50e-04)	Cutibacterium acnes (1.13e-02); Moraxella osloensis (4.77e-03); Exiguobacterium aestuarii (2.02e-03); Pseudomonas oryzihabitans (1.80e-03); Flavobacterium haoranii (1.55e-03)	Genome-resolved functional index: sum over taxa of (pool rel. abundance x pathway genes / genome total genes). DESCRIPTIVE ONLY (n=1 pooled per group; no statistical inference).
map01232	Nucleotide metabolism	KEGG_GENOME	0.00669639869592741	0.017955483888223534	-1.4228321200783085	79	111	Klebsiella variicola (1.05e-03); Pectobacterium cacticida (5.35e-04); Flavobacterium jumunjinense (3.96e-04); Citrobacter koseri (3.92e-04); Arcticibacterium luteifluviistationis (3.19e-04)	Cutibacterium acnes (4.66e-03); Moraxella osloensis (1.36e-03); Exiguobacterium aestuarii (7.90e-04); Flavobacterium haoranii (6.23e-04); Pseudomonas oryzihabitans (6.14e-04)	Genome-resolved functional index: sum over taxa of (pool rel. abundance x pathway genes / genome total genes). DESCRIPTIVE ONLY (n=1 pooled per group; no statistical inference).
map01240	Biosynthesis of cofactors	KEGG_GENOME	0.02139290139790415	0.0632164271494192	-1.563122724231774	79	111	Klebsiella variicola (2.95e-03); Pectobacterium cacticida (1.70e-03); Flavobacterium jumunjinense (1.39e-03); Citrobacter koseri (1.21e-03); Arcticibacterium luteifluviistationis (1.17e-03)	Cutibacterium acnes (1.59e-02); Moraxella osloensis (5.91e-03); Exiguobacterium aestuarii (2.59e-03); Pseudomonas oryzihabitans (2.20e-03); Flavobacterium haoranii (2.19e-03)	Genome-resolved functional index: sum over taxa of (pool rel. abundance x pathway genes / genome total genes). DESCRIPTIVE ONLY (n=1 pooled per group; no statistical inference).
map01250	Biosynthesis of nucleotide sugars	KEGG_GENOME	0.005706382714762847	0.014890899921422618	-1.3836266130809658	79	111	Klebsiella variicola (6.70e-04); Flavobacterium jumunjinense (4.22e-04); Arcticibacterium luteifluviistationis (4.16e-04); Pectobacterium cacticida (3.81e-04); Pseudoalteromonas phenolica (2.81e-04)	Cutibacterium acnes (3.11e-03); Moraxella osloensis (1.02e-03); Flavobacterium haoranii (6.64e-04); Exiguobacterium aestuarii (6.14e-04); Pseudomonas oryzihabitans (5.21e-04)	Genome-resolved functional index: sum over taxa of (pool rel. abundance x pathway genes / genome total genes). DESCRIPTIVE ONLY (n=1 pooled per group; no statistical inference).
map01310	Nitrogen cycle	KEGG_GENOME	0.0008470621339957522	0.0026621153872193326	-1.650873064804832	61	93	Klebsiella variicola (1.72e-04); Pectobacterium cacticida (1.07e-04); Citrobacter koseri (9.43e-05); Arcticibacterium luteifluviistationis (3.87e-05); Methylococcus capsulatus (2.82e-05)	Cutibacterium acnes (6.48e-04); Moraxella osloensis (2.84e-04); Stutzerimonas stutzeri (1.13e-04); Massilia arenae (1.02e-04); Pectobacterium cacticida (9.25e-05)	Genome-resolved functional index: sum over taxa of (pool rel. abundance x pathway genes / genome total genes). DESCRIPTIVE ONLY (n=1 pooled per group; no statistical inference).
map01320	Sulfur cycle	KEGG_GENOME	0.0010576586983752283	0.002444762613126379	-1.208046829046905	75	104	Klebsiella variicola (1.20e-04); Pectobacterium cacticida (9.52e-05); Pseudoalteromonas phenolica (6.42e-05); Arcticibacterium luteifluviistationis (5.81e-05); Citrobacter koseri (5.08e-05)	Moraxella osloensis (2.84e-04); Cutibacterium acnes (1.30e-04); Mariniblastus fucicola (1.03e-04); Pseudomonas alkylphenolica (9.85e-05); Pseudomonas oryzihabitans (9.35e-05)	Genome-resolved functional index: sum over taxa of (pool rel. abundance x pathway genes / genome total genes). DESCRIPTIVE ONLY (n=1 pooled per group; no statistical inference).
map01501	beta-Lactam resistance	KEGG_GENOME	0.0034279680107145026	0.00815452944450592	-1.2500040922863225	79	111	Klebsiella variicola (4.64e-04); Arcticibacterium luteifluviistationis (2.90e-04); Pseudoalteromonas phenolica (2.01e-04); Flavobacterium jumunjinense (1.79e-04); Pectobacterium cacticida (1.78e-04)	Cutibacterium acnes (1.04e-03); Moraxella osloensis (7.95e-04); Exiguobacterium aestuarii (3.07e-04); Pseudomonas oryzihabitans (2.94e-04); Massilia arenae (2.82e-04)	Genome-resolved functional index: sum over taxa of (pool rel. abundance x pathway genes / genome total genes). DESCRIPTIVE ONLY (n=1 pooled per group; no statistical inference).
map01502	Vancomycin resistance	KEGG_GENOME	0.0009699475902626755	0.002791716656806908	-1.5242038790478023	79	111	Klebsiella variicola (1.20e-04); Flavobacterium jumunjinense (7.67e-05); Pectobacterium cacticida (7.14e-05); Arcticibacterium luteifluviistationis (5.81e-05); Citrobacter koseri (5.80e-05)	Cutibacterium acnes (7.77e-04); Moraxella osloensis (2.84e-04); Exiguobacterium aestuarii (1.76e-04); Flavobacterium haoranii (1.21e-04); Cutibacterium namnetense (7.68e-05)	Genome-resolved functional index: sum over taxa of (pool rel. abundance x pathway genes / genome total genes). DESCRIPTIVE ONLY (n=1 pooled per group; no statistical inference).
map01503	Cationic antimicrobial peptide (CAMP) resistance	KEGG_GENOME	0.003981177872199421	0.006187808451896145	-0.6361040067287745	79	111	Klebsiella variicola (7.38e-04); Pectobacterium cacticida (2.74e-04); Pseudoalteromonas phenolica (2.49e-04); Citrobacter koseri (2.32e-04); Arcticibacterium luteifluviistationis (1.74e-04)	Moraxella osloensis (3.41e-04); Pseudomonas oryzihabitans (3.21e-04); Mariniblastus fucicola (3.08e-04); Aeromonas dhakensis (2.46e-04); Flavobacterium haoranii (2.41e-04)	Genome-resolved functional index: sum over taxa of (pool rel. abundance x pathway genes / genome total genes). DESCRIPTIVE ONLY (n=1 pooled per group; no statistical inference).
map01523	Antifolate resistance	KEGG_GENOME	0.0007858388540057157	0.0022494137223600906	-1.5160501503300197	79	111	Klebsiella variicola (8.59e-05); Pectobacterium cacticida (5.95e-05); Flavobacterium jumunjinense (5.11e-05); Arcticibacterium luteifluviistationis (4.84e-05); Pseudoalteromonas phenolica (4.81e-05)	Cutibacterium acnes (5.18e-04); Moraxella osloensis (2.27e-04); Exiguobacterium aestuarii (8.78e-05); Flavobacterium haoranii (8.04e-05); Pseudomonas oryzihabitans (8.01e-05)	Genome-resolved functional index: sum over taxa of (pool rel. abundance x pathway genes / genome total genes). DESCRIPTIVE ONLY (n=1 pooled per group; no statistical inference).
map01524	Platinum drug resistance	KEGG_GENOME	0.0008465109084138743	0.002509039402500806	-1.566406169143509	78	110	Klebsiella variicola (1.37e-04); Pseudoalteromonas phenolica (5.62e-05); Arcticibacterium luteifluviistationis (4.84e-05); Pectobacterium cacticida (4.76e-05); Citrobacter koseri (3.63e-05)	Cutibacterium acnes (2.59e-04); Pseudomonas oryzihabitans (1.60e-04); Massilia arenae (1.33e-04); Moraxella osloensis (1.14e-04); Pseudomonas azotoformans (1.00e-04)	Genome-resolved functional index: sum over taxa of (pool rel. abundance x pathway genes / genome total genes). DESCRIPTIVE ONLY (n=1 pooled per group; no statistical inference).
map02010	ABC transporters	KEGG_GENOME	0.020517822058213363	0.05044512978538588	-1.2977956790914513	79	111	Klebsiella variicola (4.89e-03); Pectobacterium cacticida (2.44e-03); Citrobacter koseri (1.70e-03); Rahnella inusitata (5.32e-04); Leclercia pneumoniae (5.28e-04)	Cutibacterium acnes (9.45e-03); Moraxella osloensis (2.90e-03); Pseudomonas oryzihabitans (2.38e-03); Exiguobacterium aestuarii (2.37e-03); Pectobacterium cacticida (2.11e-03)	Genome-resolved functional index: sum over taxa of (pool rel. abundance x pathway genes / genome total genes). DESCRIPTIVE ONLY (n=1 pooled per group; no statistical inference).
map02020	Two-component system	KEGG_GENOME	0.019008249642949365	0.050539278469670185	-1.410732028112736	79	111	Klebsiella variicola (2.68e-03); Pectobacterium cacticida (1.93e-03); Citrobacter koseri (1.57e-03); Pseudoalteromonas phenolica (1.13e-03); Arcticibacterium luteifluviistationis (5.71e-04)	Cutibacterium acnes (5.05e-03); Pseudomonas oryzihabitans (2.62e-03); Pseudomonas azotoformans (2.05e-03); Pseudomonas alkylphenolica (1.99e-03); Moraxella osloensis (1.87e-03)	Genome-resolved functional index: sum over taxa of (pool rel. abundance x pathway genes / genome total genes). DESCRIPTIVE ONLY (n=1 pooled per group; no statistical inference).
map02024	Quorum sensing	KEGG_GENOME	0.009421016388396836	0.02425474015808236	-1.3642184571920948	79	111	Klebsiella variicola (1.73e-03); Pectobacterium cacticida (1.34e-03); Citrobacter koseri (4.28e-04); Rahnella inusitata (3.25e-04); Salipiger aestuarii (2.54e-04)	Cutibacterium acnes (4.14e-03); Moraxella osloensis (1.59e-03); Pectobacterium cacticida (1.16e-03); Pseudomonas oryzihabitans (1.07e-03); Exiguobacterium aestuarii (9.87e-04)	Genome-resolved functional index: sum over taxa of (pool rel. abundance x pathway genes / genome total genes). DESCRIPTIVE ONLY (n=1 pooled per group; no statistical inference).
map02025	Biofilm formation - Pseudomonas aeruginosa	KEGG_GENOME	0.002611441955230764	0.010107826212196285	-1.9521446002077958	79	111	Klebsiella variicola (3.26e-04); Pectobacterium cacticida (2.26e-04); Pseudoalteromonas phenolica (1.44e-04); Pseudomonas alcaligenes (1.23e-04); Pseudomonas arcuscaelestis (1.23e-04)	Pseudomonas azotoformans (6.22e-04); Pseudomonas oryzihabitans (5.88e-04); Pseudomonas aeruginosa (5.15e-04); Pseudomonas alkylphenolica (4.02e-04); Moraxella osloensis (3.41e-04)	Genome-resolved functional index: sum over taxa of (pool rel. abundance x pathway genes / genome total genes). DESCRIPTIVE ONLY (n=1 pooled per group; no statistical inference).
map02026	Biofilm formation - Escherichia coli	KEGG_GENOME	0.00403282722042372	0.00799075406785616	-0.9863628966180606	78	111	Klebsiella variicola (7.38e-04); Citrobacter koseri (4.64e-04); Pectobacterium cacticida (4.28e-04); Pseudoalteromonas phenolica (1.76e-04); Leclercia pneumoniae (1.27e-04)	Cutibacterium acnes (1.04e-03); Moraxella osloensis (4.55e-04); Pectobacterium cacticida (3.70e-04); Pseudomonas oryzihabitans (3.61e-04); Pseudomonas alkylphenolica (3.45e-04)	Genome-resolved functional index: sum over taxa of (pool rel. abundance x pathway genes / genome total genes). DESCRIPTIVE ONLY (n=1 pooled per group; no statistical inference).
map02030	Bacterial chemotaxis	KEGG_GENOME	0.0033745262282835484	0.00962352322199677	-1.5116026455764018	69	94	Pseudoalteromonas phenolica (4.89e-04); Pectobacterium cacticida (4.28e-04); Citrobacter koseri (2.68e-04); Klebsiella variicola (1.37e-04); Pectobacterium polaris (9.85e-05)	Pseudomonas oryzihabitans (9.62e-04); Massilia arenae (4.62e-04); Exiguobacterium aestuarii (4.61e-04); Pseudomonas alkylphenolica (4.19e-04); Aeromonas dhakensis (4.12e-04)	Genome-resolved functional index: sum over taxa of (pool rel. abundance x pathway genes / genome total genes). DESCRIPTIVE ONLY (n=1 pooled per group; no statistical inference).
map02040	Flagellar assembly	KEGG_GENOME	0.004755373626710077	0.011832539530859925	-1.3149477103881413	79	111	Citrobacter koseri (5.73e-04); Pectobacterium cacticida (5.71e-04); Pseudoalteromonas phenolica (3.77e-04); Erwinia piriflorinigrans (1.91e-04); Pantoea dispersa (1.54e-04)	Exiguobacterium aestuarii (7.90e-04); Massilia arenae (7.75e-04); Pseudomonas oryzihabitans (6.14e-04); Mariniblastus fucicola (5.65e-04); Massilia terrae (5.64e-04)	Genome-resolved functional index: sum over taxa of (pool rel. abundance x pathway genes / genome total genes). DESCRIPTIVE ONLY (n=1 pooled per group; no statistical inference).
map02060	Phosphotransferase system (PTS)	KEGG_GENOME	0.0033715391093586513	0.006989505022281655	-1.051561512116109	65	97	Klebsiella variicola (1.30e-03); Citrobacter koseri (3.63e-04); Pectobacterium cacticida (2.74e-04); Rahnella inusitata (1.20e-04); Leclercia pneumoniae (9.67e-05)	Cutibacterium acnes (3.63e-03); Klebsiella variicola (3.62e-04); Cutibacterium namnetense (3.59e-04); Exiguobacterium aestuarii (3.29e-04); Pectobacterium cacticida (2.36e-04)	Genome-resolved functional index: sum over taxa of (pool rel. abundance x pathway genes / genome total genes). DESCRIPTIVE ONLY (n=1 pooled per group; no statistical inference).
map03008	Ribosome biogenesis in eukaryotes	KEGG_GENOME	0.0002654350080691326	0.0009590763788456737	-1.8493655270381217	79	111	Klebsiella variicola (3.43e-05); Pectobacterium cacticida (2.38e-05); Pseudoalteromonas phenolica (1.60e-05); Flavobacterium jumunjinense (1.28e-05); Arcticibacterium luteifluviistationis (9.68e-06)	Cutibacterium acnes (2.59e-04); Moraxella osloensis (1.14e-04); Pseudomonas oryzihabitans (4.01e-05); Cutibacterium namnetense (2.56e-05); Pseudomonas alkylphenolica (2.46e-05)	Genome-resolved functional index: sum over taxa of (pool rel. abundance x pathway genes / genome total genes). DESCRIPTIVE ONLY (n=1 pooled per group; no statistical inference).
map03010	Ribosome	KEGG_GENOME	0.011274053792566581	0.032625200294346665	-1.5328966618638957	79	111	Klebsiella variicola (1.37e-03); Pectobacterium cacticida (9.28e-04); Flavobacterium jumunjinense (9.20e-04); Pseudoalteromonas phenolica (6.42e-04); Arcticibacterium luteifluviistationis (5.81e-04)	Cutibacterium acnes (8.42e-03); Moraxella osloensis (3.75e-03); Exiguobacterium aestuarii (1.82e-03); Flavobacterium haoranii (1.45e-03); Pseudomonas oryzihabitans (9.35e-04)	Genome-resolved functional index: sum over taxa of (pool rel. abundance x pathway genes / genome total genes). DESCRIPTIVE ONLY (n=1 pooled per group; no statistical inference).
map03018	RNA degradation	KEGG_GENOME	0.0026693981494680837	0.007202766459285737	-1.4316965508544053	79	111	Klebsiella variicola (3.09e-04); Arcticibacterium luteifluviistationis (2.13e-04); Pectobacterium cacticida (1.90e-04); Flavobacterium jumunjinense (1.79e-04); Pseudoalteromonas phenolica (1.60e-04)	Cutibacterium acnes (1.68e-03); Moraxella osloensis (7.39e-04); Exiguobacterium aestuarii (3.51e-04); Flavobacterium haoranii (2.82e-04); Mariniblastus fucicola (2.31e-04)	Genome-resolved functional index: sum over taxa of (pool rel. abundance x pathway genes / genome total genes). DESCRIPTIVE ONLY (n=1 pooled per group; no statistical inference).
map03020	RNA polymerase	KEGG_GENOME	0.0005950442711401483	0.001907252859155228	-1.678760957098559	79	111	Klebsiella variicola (6.87e-05); Pectobacterium cacticida (4.76e-05); Flavobacterium jumunjinense (3.83e-05); Pseudoalteromonas phenolica (3.21e-05); Arcticibacterium luteifluviistationis (2.90e-05)	Cutibacterium acnes (5.18e-04); Moraxella osloensis (2.27e-04); Exiguobacterium aestuarii (1.10e-04); Mariniblastus fucicola (6.42e-05); Flavobacterium haoranii (6.03e-05)	Genome-resolved functional index: sum over taxa of (pool rel. abundance x pathway genes / genome total genes). DESCRIPTIVE ONLY (n=1 pooled per group; no statistical inference).
map03022	Basal transcription factors	KEGG_GENOME	5.298360555115913e-06	0.00026514219549739285	-5.401077102095101	6	58	Kytococcus sedentarius (1.38e-06); Pseudomonas alcaligenes (1.08e-06); Pseudomonas arcuscaelestis (1.08e-06); Stutzerimonas kunmingensis (6.89e-07); Pseudomonas saponiphila (5.38e-07)	Cutibacterium acnes (1.30e-04); Pseudomonas oryzihabitans (1.34e-05); Cutibacterium namnetense (1.28e-05); Pseudomonas alkylphenolica (8.21e-06); Massilia arenae (7.83e-06)	Genome-resolved functional index: sum over taxa of (pool rel. abundance x pathway genes / genome total genes). DESCRIPTIVE ONLY (n=1 pooled per group; no statistical inference).
map03030	DNA replication	KEGG_GENOME	0.002678395913649119	0.007162787249892454	-1.418814719971996	79	110	Klebsiella variicola (3.26e-04); Pectobacterium cacticida (2.26e-04); Flavobacterium jumunjinense (2.17e-04); Arcticibacterium luteifluviistationis (1.74e-04); Pseudoalteromonas phenolica (1.28e-04)	Cutibacterium acnes (1.94e-03); Moraxella osloensis (6.82e-04); Flavobacterium haoranii (3.42e-04); Exiguobacterium aestuarii (3.29e-04); Pseudomonas oryzihabitans (2.00e-04)	Genome-resolved functional index: sum over taxa of (pool rel. abundance x pathway genes / genome total genes). DESCRIPTIVE ONLY (n=1 pooled per group; no statistical inference).
map03050	Proteasome	KEGG_GENOME	0.0	0.00029407207500497883	-8.20492358340766	0	4		Cutibacterium acnes (2.59e-04); Cutibacterium namnetense (2.56e-05); Janibacter endophyticus (7.19e-06); Brachybacterium aquaticum (2.27e-06)	Genome-resolved functional index: sum over taxa of (pool rel. abundance x pathway genes / genome total genes). DESCRIPTIVE ONLY (n=1 pooled per group; no statistical inference).
map03060	Protein export	KEGG_GENOME	0.002688397862421956	0.007721819451274999	-1.5218444440826298	79	111	Klebsiella variicola (3.26e-04); Pectobacterium cacticida (2.26e-04); Flavobacterium jumunjinense (1.79e-04); Pseudoalteromonas phenolica (1.44e-04); Citrobacter koseri (1.38e-04)	Cutibacterium acnes (1.94e-03); Moraxella osloensis (9.09e-04); Exiguobacterium aestuarii (3.51e-04); Flavobacterium haoranii (2.82e-04); Mariniblastus fucicola (2.31e-04)	Genome-resolved functional index: sum over taxa of (pool rel. abundance x pathway genes / genome total genes). DESCRIPTIVE ONLY (n=1 pooled per group; no statistical inference).
map03070	Bacterial secretion system	KEGG_GENOME	0.005112735886536921	0.014396672531321653	-1.4933860548347482	79	111	Pectobacterium cacticida (7.26e-04); Klebsiella variicola (6.87e-04); Citrobacter koseri (2.90e-04); Pseudoalteromonas phenolica (2.17e-04); Flavobacterium jumunjinense (2.04e-04)	Cutibacterium acnes (1.68e-03); Moraxella osloensis (8.52e-04); Pseudomonas azotoformans (6.94e-04); Pectobacterium cacticida (6.27e-04); Massilia arenae (4.85e-04)	Genome-resolved functional index: sum over taxa of (pool rel. abundance x pathway genes / genome total genes). DESCRIPTIVE ONLY (n=1 pooled per group; no statistical inference).
map03083	Polycomb repressive complex	KEGG_GENOME	3.1775056965245726e-06	2.203068509777296e-06	0.38318713962184436	2	3	Methylococcus capsulatus (2.02e-06); Methylotenera mobilis (1.16e-06)	Limnoglobus roseus (8.74e-07); Gemmata massiliana (8.74e-07); Paraburkholderia pallida (4.55e-07)	Genome-resolved functional index: sum over taxa of (pool rel. abundance x pathway genes / genome total genes). DESCRIPTIVE ONLY (n=1 pooled per group; no statistical inference).
map03240	Viral replication	KEGG_GENOME	0.0	6.281485948315934e-07	-0.7032323748152548	0	1		Pseudomonas putida (6.28e-07)	Genome-resolved functional index: sum over taxa of (pool rel. abundance x pathway genes / genome total genes). DESCRIPTIVE ONLY (n=1 pooled per group; no statistical inference).
map03250	Viral life cycle - HIV-1	KEGG_GENOME	0.00013825849929659072	0.00037245733687767536	-1.4231780598727688	61	97	Klebsiella variicola (1.72e-05); Pseudoalteromonas phenolica (1.60e-05); Flavobacterium jumunjinense (1.28e-05); Pectobacterium cacticida (1.19e-05); Citrobacter koseri (7.25e-06)	Cutibacterium acnes (1.30e-04); Flavobacterium haoranii (2.01e-05); Pseudomonas oryzihabitans (1.34e-05); Mariniblastus fucicola (1.28e-05); Cutibacterium namnetense (1.28e-05)	Genome-resolved functional index: sum over taxa of (pool rel. abundance x pathway genes / genome total genes). DESCRIPTIVE ONLY (n=1 pooled per group; no statistical inference).
map03258	Virion - Bacteriophage lambda	KEGG_GENOME	0.00012740533035434756	0.00024207980495007965	-0.9207249465886019	19	31	Rahnella inusitata (1.82e-05); Kluyvera georgiana (1.53e-05); Proteus faecis (1.33e-05); Franconibacter helveticus (1.20e-05); Pantoea dispersa (8.94e-06)	Pseudomonas alkylphenolica (2.46e-05); Pseudomonas aeruginosa (2.26e-05); Citrobacter freundii (1.75e-05); Kluyvera georgiana (1.61e-05); Pseudomonas alcaligenes (1.41e-05)	Genome-resolved functional index: sum over taxa of (pool rel. abundance x pathway genes / genome total genes). DESCRIPTIVE ONLY (n=1 pooled per group; no statistical inference).
map03264	Virion - Flavivirus and Alphavirus	KEGG_GENOME	8.72655175543315e-07	0.0	0.9050852709997209	1	0	Runella soli (8.73e-07)		Genome-resolved functional index: sum over taxa of (pool rel. abundance x pathway genes / genome total genes). DESCRIPTIVE ONLY (n=1 pooled per group; no statistical inference).
map03266	Virion - Herpesvirus	KEGG_GENOME	1.5669600676881396e-05	1.0928601313142279e-05	0.48279465483438605	9	3	Pseudoalteromonas phenolica (8.02e-06); Pseudoalteromonas fenneropenaei (1.67e-06); Pseudoalteromonas xiamenensis (9.67e-07); Thalassotalea marina (9.21e-07); Pseudoalteromonas arabiensis (8.35e-07)	Aeromonas dhakensis (6.14e-06); Aeromonas lusitana (4.05e-06); Moritella profunda (7.37e-07)	Genome-resolved functional index: sum over taxa of (pool rel. abundance x pathway genes / genome total genes). DESCRIPTIVE ONLY (n=1 pooled per group; no statistical inference).
map03272	Virion - Hepatitis viruses	KEGG_GENOME	9.394556648671028e-05	0.00011951303912533079	-0.3440167099303107	24	26	Flavobacterium jumunjinense (2.56e-05); Arcticibacterium luteifluviistationis (9.68e-06); Flavobacterium haoranii (9.58e-06); Pseudoalteromonas phenolica (8.02e-06); Flavobacterium silvisoli (6.39e-06)	Flavobacterium haoranii (4.02e-05); Mariniblastus fucicola (1.28e-05); Massilia arenae (7.83e-06); Massilia terrae (5.69e-06); Brevundimonas aurantiaca (5.68e-06)	Genome-resolved functional index: sum over taxa of (pool rel. abundance x pathway genes / genome total genes). DESCRIPTIVE ONLY (n=1 pooled per group; no statistical inference).
map03320	PPAR signaling pathway	KEGG_GENOME	0.0007090597329448604	0.0026939180619605973	-1.9242291091387365	78	111	Arcticibacterium luteifluviistationis (8.71e-05); Klebsiella variicola (8.59e-05); Pectobacterium cacticida (3.57e-05); Emticicia soli (3.16e-05); Flavobacterium jumunjinense (2.56e-05)	Cutibacterium acnes (3.89e-04); Moraxella osloensis (2.84e-04); Cupriavidus necator (1.09e-04); Exiguobacterium aestuarii (8.78e-05); Pseudomonas alkylphenolica (8.21e-05)	Genome-resolved functional index: sum over taxa of (pool rel. abundance x pathway genes / genome total genes). DESCRIPTIVE ONLY (n=1 pooled per group; no statistical inference).
map03410	Base excision repair	KEGG_GENOME	0.0018325558290745042	0.005569912049847133	-1.603269345129638	79	111	Klebsiella variicola (2.40e-04); Pectobacterium cacticida (1.55e-04); Flavobacterium jumunjinense (1.02e-04); Citrobacter koseri (1.02e-04); Arcticibacterium luteifluviistationis (9.68e-05)	Cutibacterium acnes (1.42e-03); Moraxella osloensis (5.68e-04); Exiguobacterium aestuarii (2.19e-04); Mariniblastus fucicola (2.06e-04); Pseudomonas oryzihabitans (2.00e-04)	Genome-resolved functional index: sum over taxa of (pool rel. abundance x pathway genes / genome total genes). DESCRIPTIVE ONLY (n=1 pooled per group; no statistical inference).
map03420	Nucleotide excision repair	KEGG_GENOME	0.0012866282467731626	0.004265981224110801	-1.7284996315411092	79	111	Klebsiella variicola (1.55e-04); Flavobacterium jumunjinense (1.15e-04); Pectobacterium cacticida (9.52e-05); Arcticibacterium luteifluviistationis (7.74e-05); Citrobacter koseri (6.53e-05)	Cutibacterium acnes (1.42e-03); Moraxella osloensis (3.41e-04); Flavobacterium haoranii (1.81e-04); Exiguobacterium aestuarii (1.76e-04); Mariniblastus fucicola (1.54e-04)	Genome-resolved functional index: sum over taxa of (pool rel. abundance x pathway genes / genome total genes). DESCRIPTIVE ONLY (n=1 pooled per group; no statistical inference).
map03430	Mismatch repair	KEGG_GENOME	0.0031824337969491977	0.007899389883045659	-1.311340089744822	79	110	Klebsiella variicola (4.12e-04); Pectobacterium cacticida (2.86e-04); Flavobacterium jumunjinense (2.30e-04); Arcticibacterium luteifluviistationis (1.74e-04); Citrobacter koseri (1.74e-04)	Cutibacterium acnes (2.07e-03); Moraxella osloensis (6.25e-04); Exiguobacterium aestuarii (3.73e-04); Flavobacterium haoranii (3.62e-04); Pectobacterium cacticida (2.47e-04)	Genome-resolved functional index: sum over taxa of (pool rel. abundance x pathway genes / genome total genes). DESCRIPTIVE ONLY (n=1 pooled per group; no statistical inference).
map03440	Homologous recombination	KEGG_GENOME	0.003885342926591687	0.010532354284135254	-1.4384798137352297	79	111	Klebsiella variicola (4.81e-04); Pectobacterium cacticida (3.33e-04); Flavobacterium jumunjinense (2.94e-04); Arcticibacterium luteifluviistationis (2.13e-04); Pseudoalteromonas phenolica (2.09e-04)	Cutibacterium acnes (2.85e-03); Moraxella osloensis (1.19e-03); Flavobacterium haoranii (4.63e-04); Exiguobacterium aestuarii (4.17e-04); Pseudomonas oryzihabitans (3.07e-04)	Genome-resolved functional index: sum over taxa of (pool rel. abundance x pathway genes / genome total genes). DESCRIPTIVE ONLY (n=1 pooled per group; no statistical inference).
map03450	Non-homologous end-joining	KEGG_GENOME	2.7882591698921096e-05	0.0002615345294332169	-3.184235074043541	14	59	Mesorhizobium septentrionale (3.36e-06); Kytococcus sedentarius (2.76e-06); Ralstonia pickettii (2.71e-06); Dyadobacter sediminis (2.54e-06); Pelagerythrobacter marensis (2.42e-06)	Pseudomonas oryzihabitans (2.67e-05); Stutzerimonas stutzeri (1.99e-05); Massilia arenae (1.57e-05); Pseudomonas azotoformans (1.43e-05); Lysobacter brunescens (1.34e-05)	Genome-resolved functional index: sum over taxa of (pool rel. abundance x pathway genes / genome total genes). DESCRIPTIVE ONLY (n=1 pooled per group; no statistical inference).
map03460	Fanconi anemia pathway	KEGG_GENOME	5.548108760685657e-07	0.0	0.636739104631338	1	0	Mangrovibacter plantisponsor (5.55e-07)		Genome-resolved functional index: sum over taxa of (pool rel. abundance x pathway genes / genome total genes). DESCRIPTIVE ONLY (n=1 pooled per group; no statistical inference).
map04011	MAPK signaling pathway - yeast	KEGG_GENOME	0.0001359253322716177	0.0006716282027040168	-2.296419889751138	57	99	Klebsiella variicola (1.72e-05); Pectobacterium cacticida (1.19e-05); Arcticibacterium luteifluviistationis (9.68e-06); Pseudoalteromonas phenolica (8.02e-06); Citrobacter koseri (7.25e-06)	Cutibacterium acnes (1.30e-04); Moraxella osloensis (5.68e-05); Pseudomonas azotoformans (3.58e-05); Pseudomonas oryzihabitans (2.67e-05); Massilia arenae (2.35e-05)	Genome-resolved functional index: sum over taxa of (pool rel. abundance x pathway genes / genome total genes). DESCRIPTIVE ONLY (n=1 pooled per group; no statistical inference).
map04013	MAPK signaling pathway - fly	KEGG_GENOME	0.00021864011045283273	0.0005697799382377945	-1.3777930859885765	77	110	Klebsiella variicola (3.43e-05); Pseudoalteromonas phenolica (1.60e-05); Citrobacter koseri (1.45e-05); Flavobacterium jumunjinense (1.28e-05); Pectobacterium cacticida (1.19e-05)	Cutibacterium acnes (1.30e-04); Moraxella osloensis (5.68e-05); Exiguobacterium aestuarii (2.19e-05); Flavobacterium haoranii (2.01e-05); Pseudomonas alkylphenolica (1.64e-05)	Genome-resolved functional index: sum over taxa of (pool rel. abundance x pathway genes / genome total genes). DESCRIPTIVE ONLY (n=1 pooled per group; no statistical inference).
map04014	Ras signaling pathway	KEGG_GENOME	0.0	5.570140038890719e-06	-2.7159241211199094	0	3		Cupriavidus necator (3.90e-06); Cupriavidus plantarum (1.11e-06); Cupriavidus yeoncheonensis (5.57e-07)	Genome-resolved functional index: sum over taxa of (pool rel. abundance x pathway genes / genome total genes). DESCRIPTIVE ONLY (n=1 pooled per group; no statistical inference).
map04016	MAPK signaling pathway - plant	KEGG_GENOME	0.0004619111312434486	0.0018435784843438055	-1.9944840156190111	78	111	Klebsiella variicola (5.15e-05); Arcticibacterium luteifluviistationis (3.87e-05); Pectobacterium cacticida (3.57e-05); Flavobacterium jumunjinense (2.56e-05); Citrobacter koseri (2.18e-05)	Cutibacterium acnes (5.18e-04); Moraxella osloensis (1.70e-04); Exiguobacterium aestuarii (6.58e-05); Pseudomonas azotoformans (6.44e-05); Pseudomonas oryzihabitans (5.34e-05)	Genome-resolved functional index: sum over taxa of (pool rel. abundance x pathway genes / genome total genes). DESCRIPTIVE ONLY (n=1 pooled per group; no statistical inference).
map04020	Calcium signaling pathway	KEGG_GENOME	1.6967564663775912e-06	4.478625312831978e-06	-1.0225886967956204	3	1	Serratia ficaria (5.69e-07); Serratia ureilytica (5.68e-07); Mesorhizobium septentrionale (5.59e-07)	Lysobacter brunescens (4.48e-06)	Genome-resolved functional index: sum over taxa of (pool rel. abundance x pathway genes / genome total genes). DESCRIPTIVE ONLY (n=1 pooled per group; no statistical inference).
map04024	cAMP signaling pathway	KEGG_GENOME	1.289926074082834e-05	1.0236293019200168e-05	0.3068419998924043	4	5	Arcticibacterium luteifluviistationis (9.68e-06); Kytococcus sedentarius (1.38e-06); Cyclobacterium qasimii (9.68e-07); Runella soli (8.73e-07)	Cupriavidus necator (3.90e-06); Janibacter endophyticus (2.40e-06); Brachybacterium aquaticum (2.27e-06); Cupriavidus plantarum (1.11e-06); Cupriavidus yeoncheonensis (5.57e-07)	Genome-resolved functional index: sum over taxa of (pool rel. abundance x pathway genes / genome total genes). DESCRIPTIVE ONLY (n=1 pooled per group; no statistical inference).
map04066	HIF-1 signaling pathway	KEGG_GENOME	0.0009674040790230626	0.0027498163221974154	-1.5061787498317256	79	111	Klebsiella variicola (1.37e-04); Flavobacterium jumunjinense (1.02e-04); Citrobacter koseri (6.53e-05); Arcticibacterium luteifluviistationis (5.81e-05); Pectobacterium cacticida (4.76e-05)	Cutibacterium acnes (1.04e-03); Moraxella osloensis (2.27e-04); Flavobacterium haoranii (1.61e-04); Exiguobacterium aestuarii (1.54e-04); Cutibacterium namnetense (1.02e-04)	Genome-resolved functional index: sum over taxa of (pool rel. abundance x pathway genes / genome total genes). DESCRIPTIVE ONLY (n=1 pooled per group; no statistical inference).
map04068	FoxO signaling pathway	KEGG_GENOME	0.00035746530852674436	0.0013583044639691305	-1.9229632245311428	78	110	Klebsiella variicola (5.15e-05); Pseudoalteromonas phenolica (2.41e-05); Pectobacterium cacticida (2.38e-05); Citrobacter koseri (2.18e-05); Arcticibacterium luteifluviistationis (1.94e-05)	Cutibacterium acnes (2.59e-04); Moraxella osloensis (1.70e-04); Pseudomonas azotoformans (5.01e-05); Exiguobacterium aestuarii (4.39e-05); Pseudomonas oryzihabitans (4.01e-05)	Genome-resolved functional index: sum over taxa of (pool rel. abundance x pathway genes / genome total genes). DESCRIPTIVE ONLY (n=1 pooled per group; no statistical inference).
map04070	Phosphatidylinositol signaling system	KEGG_GENOME	0.0005021588809780798	0.001202303763155146	-1.257914951218981	79	110	Klebsiella variicola (8.59e-05); Pectobacterium cacticida (3.57e-05); Flavobacterium jumunjinense (2.56e-05); Citrobacter koseri (2.18e-05); Arcticibacterium luteifluviistationis (1.94e-05)	Cutibacterium acnes (1.30e-04); Moraxella osloensis (1.14e-04); Mariniblastus fucicola (7.71e-05); Pseudomonas oryzihabitans (5.34e-05); Exiguobacterium aestuarii (4.39e-05)	Genome-resolved functional index: sum over taxa of (pool rel. abundance x pathway genes / genome total genes). DESCRIPTIVE ONLY (n=1 pooled per group; no statistical inference).
map04071	Sphingolipid signaling pathway	KEGG_GENOME	1.923945943849519e-05	4.697595135592985e-05	-1.2451406565125345	17	30	Emticicia soli (3.16e-06); Rahnella inusitata (2.27e-06); Mucilaginibacter koreensis (2.00e-06); Pelagerythrobacter marensis (1.21e-06); Pseudomonas alcaligenes (1.08e-06)	Pseudomonas aeruginosa (4.52e-06); Lysobacter brunescens (4.48e-06); Cupriavidus necator (3.90e-06); Pseudomonas alcaligenes (2.82e-06); Janibacter endophyticus (2.40e-06)	Genome-resolved functional index: sum over taxa of (pool rel. abundance x pathway genes / genome total genes). DESCRIPTIVE ONLY (n=1 pooled per group; no statistical inference).
map04072	Phospholipase D signaling pathway	KEGG_GENOME	0.00013436380770844787	0.00022241322964694667	-0.7228725626908122	60	91	Klebsiella variicola (1.72e-05); Flavobacterium jumunjinense (1.28e-05); Pectobacterium cacticida (1.19e-05); Arcticibacterium luteifluviistationis (9.68e-06); Citrobacter koseri (7.25e-06)	Flavobacterium haoranii (2.01e-05); Pseudomonas oryzihabitans (1.34e-05); Stutzerimonas stutzeri (1.33e-05); Pectobacterium cacticida (1.03e-05); Pseudomonas marincola (8.79e-06)	Genome-resolved functional index: sum over taxa of (pool rel. abundance x pathway genes / genome total genes). DESCRIPTIVE ONLY (n=1 pooled per group; no statistical inference).
map04075	Plant hormone signal transduction	KEGG_GENOME	0.00023783344722075434	0.0011608194574372003	-2.2823090997157145	76	111	Klebsiella variicola (1.72e-05); Flavobacterium jumunjinense (1.28e-05); Emticicia soli (1.27e-05); Pectobacterium cacticida (1.19e-05); Marivita roseacus (1.06e-05)	Cutibacterium acnes (2.59e-04); Pseudomonas oryzihabitans (6.68e-05); Pseudomonas alkylphenolica (6.57e-05); Moraxella osloensis (5.68e-05); Pseudomonas azotoformans (4.29e-05)	Genome-resolved functional index: sum over taxa of (pool rel. abundance x pathway genes / genome total genes). DESCRIPTIVE ONLY (n=1 pooled per group; no statistical inference).
map04080	Neuroactive ligand-receptor interaction	KEGG_GENOME	3.964832824537913e-05	8.721228588259253e-05	-1.1177835836162426	10	23	Flavobacterium jumunjinense (1.28e-05); Arcticibacterium luteifluviistationis (9.68e-06); Flavobacterium haoranii (4.79e-06); Flavobacterium silvisoli (3.19e-06); Mariniblastus fucicola (3.06e-06)	Flavobacterium haoranii (2.01e-05); Mariniblastus fucicola (1.28e-05); Brevundimonas aurantiaca (1.14e-05); Pseudomonas azotoformans (7.15e-06); Anatilimnocola aggregata (5.65e-06)	Genome-resolved functional index: sum over taxa of (pool rel. abundance x pathway genes / genome total genes). DESCRIPTIVE ONLY (n=1 pooled per group; no statistical inference).
map04082	Neuroactive ligand signaling	KEGG_GENOME	9.684179536941271e-07	0.0	0.9770365802818481	1	0	Cyclobacterium qasimii (9.68e-07)		Genome-resolved functional index: sum over taxa of (pool rel. abundance x pathway genes / genome total genes). DESCRIPTIVE ONLY (n=1 pooled per group; no statistical inference).
map04112	Cell cycle - Caulobacter	KEGG_GENOME	0.001990444841875195	0.005952657100614313	-1.5799606111593911	79	111	Klebsiella variicola (2.06e-04); Pectobacterium cacticida (1.55e-04); Flavobacterium jumunjinense (1.41e-04); Arcticibacterium luteifluviistationis (1.16e-04); Pseudoalteromonas phenolica (1.12e-04)	Cutibacterium acnes (1.30e-03); Moraxella osloensis (6.25e-04); Exiguobacterium aestuarii (2.63e-04); Flavobacterium haoranii (2.21e-04); Pseudomonas oryzihabitans (2.14e-04)	Genome-resolved functional index: sum over taxa of (pool rel. abundance x pathway genes / genome total genes). DESCRIPTIVE ONLY (n=1 pooled per group; no statistical inference).
map04113	Meiosis - yeast	KEGG_GENOME	6.914481464680868e-05	0.00024132873005674235	-1.788557094477509	23	54	Pseudoalteromonas phenolica (1.60e-05); Ruegeria pomeroyi (1.05e-05); Arcticibacterium luteifluviistationis (9.68e-06); Mariniblastus fucicola (6.12e-06); Methylotenera mobilis (3.49e-06)	Roseibium sediminis (5.36e-05); Mariniblastus fucicola (2.57e-05); Cupriavidus necator (1.95e-05); Massilia arenae (1.57e-05); Pseudomonas oryzihabitans (1.34e-05)	Genome-resolved functional index: sum over taxa of (pool rel. abundance x pathway genes / genome total genes). DESCRIPTIVE ONLY (n=1 pooled per group; no statistical inference).
map04115	p53 signaling pathway	KEGG_GENOME	0.00014020443400061168	0.0003772016974782905	-1.4213704467357353	29	64	Arcticibacterium luteifluviistationis (2.90e-05); Emticicia soli (1.58e-05); Flavobacterium jumunjinense (1.28e-05); Ruegeria pomeroyi (1.05e-05); Pseudoalteromonas phenolica (8.02e-06)	Massilia arenae (5.48e-05); Massilia terrae (3.99e-05); Massilia niastensis (2.99e-05); Flavobacterium haoranii (2.01e-05); Massilia agri (1.99e-05)	Genome-resolved functional index: sum over taxa of (pool rel. abundance x pathway genes / genome total genes). DESCRIPTIVE ONLY (n=1 pooled per group; no statistical inference).
map04122	Sulfur relay system	KEGG_GENOME	0.002191721671972278	0.005873507820534778	-1.4217452860167534	79	111	Klebsiella variicola (3.78e-04); Pectobacterium cacticida (2.14e-04); Citrobacter koseri (1.45e-04); Pseudoalteromonas phenolica (9.63e-05); Arcticibacterium luteifluviistationis (8.71e-05)	Cutibacterium acnes (9.07e-04); Moraxella osloensis (8.52e-04); Pseudomonas oryzihabitans (2.54e-04); Mariniblastus fucicola (2.06e-04); Pseudomonas alkylphenolica (1.89e-04)	Genome-resolved functional index: sum over taxa of (pool rel. abundance x pathway genes / genome total genes). DESCRIPTIVE ONLY (n=1 pooled per group; no statistical inference).
map04137	Mitophagy - animal	KEGG_GENOME	0.0001722209854995481	0.00029183568015220046	-0.7574776261821152	75	100	Klebsiella variicola (3.43e-05); Flavobacterium jumunjinense (1.28e-05); Pectobacterium cacticida (1.19e-05); Arcticibacterium luteifluviistationis (9.68e-06); Pseudoalteromonas phenolica (8.02e-06)	Moraxella osloensis (5.68e-05); Flavobacterium haoranii (2.01e-05); Pseudomonas oryzihabitans (1.34e-05); Pectobacterium cacticida (1.03e-05); Klebsiella variicola (9.54e-06)	Genome-resolved functional index: sum over taxa of (pool rel. abundance x pathway genes / genome total genes). DESCRIPTIVE ONLY (n=1 pooled per group; no statistical inference).
map04138	Autophagy - yeast	KEGG_GENOME	5.9912450219950397e-05	0.00020173259929407382	-1.7347690485495042	23	24	Flavobacterium jumunjinense (1.28e-05); Arcticibacterium luteifluviistationis (9.68e-06); Emticicia soli (6.33e-06); Flavobacterium haoranii (4.79e-06); Flavobacterium silvisoli (3.19e-06)	Cutibacterium acnes (1.30e-04); Flavobacterium haoranii (2.01e-05); Cutibacterium namnetense (1.28e-05); Pseudomonas azotoformans (7.15e-06); Cupriavidus necator (3.90e-06)	Genome-resolved functional index: sum over taxa of (pool rel. abundance x pathway genes / genome total genes). DESCRIPTIVE ONLY (n=1 pooled per group; no statistical inference).
map04141	Protein processing in endoplasmic reticulum	KEGG_GENOME	0.0002126631590027399	0.0005682048836889868	-1.4136098681246616	76	101	Arcticibacterium luteifluviistationis (1.94e-05); Klebsiella variicola (1.72e-05); Flavobacterium jumunjinense (1.28e-05); Methylococcus capsulatus (1.21e-05); Pectobacterium cacticida (1.19e-05)	Cutibacterium acnes (1.30e-04); Moraxella osloensis (5.68e-05); Mariniblastus fucicola (2.57e-05); Exiguobacterium aestuarii (2.19e-05); Flavobacterium haoranii (2.01e-05)	Genome-resolved functional index: sum over taxa of (pool rel. abundance x pathway genes / genome total genes). DESCRIPTIVE ONLY (n=1 pooled per group; no statistical inference).
map04142	Lysosome biogenesis	KEGG_GENOME	0.00046690342910106996	0.0015325926927740325	-1.7126326611575997	50	47	Arcticibacterium luteifluviistationis (1.74e-04); Mariniblastus fucicola (4.29e-05); Emticicia soli (3.48e-05); Pseudoalteromonas phenolica (3.21e-05); Phycisphaera mikurensis (2.39e-05)	Cutibacterium acnes (1.04e-03); Mariniblastus fucicola (1.80e-04); Cutibacterium namnetense (1.02e-04); Lysobacter brunescens (2.69e-05); Brachybacterium aquaticum (2.50e-05)	Genome-resolved functional index: sum over taxa of (pool rel. abundance x pathway genes / genome total genes). DESCRIPTIVE ONLY (n=1 pooled per group; no statistical inference).
map04144	Endocytosis	KEGG_GENOME	1.4947906545688276e-06	5.570140038890719e-06	-1.397005361383748	1	3	Ruegeria pomeroyi (1.49e-06)	Cupriavidus necator (3.90e-06); Cupriavidus plantarum (1.11e-06); Cupriavidus yeoncheonensis (5.57e-07)	Genome-resolved functional index: sum over taxa of (pool rel. abundance x pathway genes / genome total genes). DESCRIPTIVE ONLY (n=1 pooled per group; no statistical inference).
map04145	Phagocytosis	KEGG_GENOME	0.00014076262682418715	0.00023815981683524042	-0.7544977690848892	53	61	Arcticibacterium luteifluviistationis (1.94e-05); Klebsiella variicola (1.72e-05); Pseudoalteromonas phenolica (1.60e-05); Pectobacterium cacticida (1.19e-05); Citrobacter koseri (7.25e-06)	Massilia arenae (3.13e-05); Massilia terrae (2.28e-05); Exiguobacterium aestuarii (2.19e-05); Massilia niastensis (1.71e-05); Aeromonas dhakensis (1.23e-05)	Genome-resolved functional index: sum over taxa of (pool rel. abundance x pathway genes / genome total genes). DESCRIPTIVE ONLY (n=1 pooled per group; no statistical inference).
map04146	Peroxisome	KEGG_GENOME	0.0011171060615524438	0.0038528489317423693	-1.785242973919403	78	111	Klebsiella variicola (1.20e-04); Arcticibacterium luteifluviistationis (8.71e-05); Flavobacterium jumunjinense (7.67e-05); Pectobacterium cacticida (7.14e-05); Pseudoalteromonas phenolica (5.62e-05)	Cutibacterium acnes (7.77e-04); Moraxella osloensis (3.41e-04); Pseudomonas azotoformans (1.36e-04); Pseudomonas oryzihabitans (1.34e-04); Flavobacterium haoranii (1.21e-04)	Genome-resolved functional index: sum over taxa of (pool rel. abundance x pathway genes / genome total genes). DESCRIPTIVE ONLY (n=1 pooled per group; no statistical inference).
map04148	Efferocytosis	KEGG_GENOME	0.0001887501938102481	0.0005738951255642332	-1.599197439237331	62	93	Klebsiella variicola (3.43e-05); Citrobacter koseri (2.18e-05); Pseudoalteromonas phenolica (1.60e-05); Pectobacterium cacticida (1.19e-05); Marivita roseacus (6.03e-06)	Moraxella osloensis (1.70e-04); Pseudomonas oryzihabitans (2.67e-05); Exiguobacterium aestuarii (2.19e-05); Pseudomonas alkylphenolica (1.64e-05); Massilia arenae (1.57e-05)	Genome-resolved functional index: sum over taxa of (pool rel. abundance x pathway genes / genome total genes). DESCRIPTIVE ONLY (n=1 pooled per group; no statistical inference).
map04149	Peroxisome - yeast	KEGG_GENOME	0.0010991573848344453	0.0037372464841068883	-1.7646517717677486	77	111	Klebsiella variicola (1.37e-04); Pectobacterium cacticida (9.52e-05); Arcticibacterium luteifluviistationis (6.77e-05); Pseudoalteromonas phenolica (5.62e-05); Flavobacterium jumunjinense (5.11e-05)	Cutibacterium acnes (7.77e-04); Moraxella osloensis (4.55e-04); Exiguobacterium aestuarii (1.10e-04); Pseudomonas azotoformans (1.07e-04); Massilia arenae (9.40e-05)	Genome-resolved functional index: sum over taxa of (pool rel. abundance x pathway genes / genome total genes). DESCRIPTIVE ONLY (n=1 pooled per group; no statistical inference).
map04151	PI3K-Akt signaling pathway	KEGG_GENOME	0.0001688202890275084	0.00042998341723497345	-1.3436235273793875	70	101	Arcticibacterium luteifluviistationis (1.94e-05); Klebsiella variicola (1.72e-05); Flavobacterium jumunjinense (1.28e-05); Pectobacterium cacticida (1.19e-05); Pseudoalteromonas phenolica (8.02e-06)	Moraxella osloensis (1.14e-04); Exiguobacterium aestuarii (2.19e-05); Flavobacterium haoranii (2.01e-05); Massilia arenae (1.57e-05); Pseudomonas oryzihabitans (1.34e-05)	Genome-resolved functional index: sum over taxa of (pool rel. abundance x pathway genes / genome total genes). DESCRIPTIVE ONLY (n=1 pooled per group; no statistical inference).
map04152	AMPK signaling pathway	KEGG_GENOME	0.0003881515600946688	0.0009079289177523134	-1.2238353328720815	73	109	Klebsiella variicola (5.15e-05); Arcticibacterium luteifluviistationis (4.84e-05); Flavobacterium jumunjinense (2.56e-05); Pseudoalteromonas phenolica (2.41e-05); Pectobacterium cacticida (2.38e-05)	Moraxella osloensis (1.70e-04); Cutibacterium acnes (1.30e-04); Flavobacterium haoranii (4.02e-05); Massilia arenae (3.13e-05); Pseudomonas oryzihabitans (2.67e-05)	Genome-resolved functional index: sum over taxa of (pool rel. abundance x pathway genes / genome total genes). DESCRIPTIVE ONLY (n=1 pooled per group; no statistical inference).
map04156	Integrated stress response (ISR) signaling pathway	KEGG_GENOME	0.0014138651729307555	0.0035590949484807163	-1.3312511381448542	79	111	Klebsiella variicola (1.72e-04); Pectobacterium cacticida (1.31e-04); Flavobacterium jumunjinense (8.94e-05); Citrobacter koseri (7.98e-05); Pseudoalteromonas phenolica (7.22e-05)	Cutibacterium acnes (7.77e-04); Moraxella osloensis (3.41e-04); Exiguobacterium aestuarii (1.97e-04); Flavobacterium haoranii (1.41e-04); Pectobacterium cacticida (1.13e-04)	Genome-resolved functional index: sum over taxa of (pool rel. abundance x pathway genes / genome total genes). DESCRIPTIVE ONLY (n=1 pooled per group; no statistical inference).
map04210	Apoptosis	KEGG_GENOME	0.00019607872071629933	0.00059470718285826	-1.5958313428448752	34	76	Arcticibacterium luteifluviistationis (3.87e-05); Flavobacterium jumunjinense (2.56e-05); Emticicia soli (2.21e-05); Ruegeria pomeroyi (1.05e-05); Flavobacterium haoranii (9.58e-06)	Massilia arenae (6.26e-05); Moraxella osloensis (5.68e-05); Massilia terrae (4.56e-05); Flavobacterium haoranii (4.02e-05); Massilia niastensis (3.42e-05)	Genome-resolved functional index: sum over taxa of (pool rel. abundance x pathway genes / genome total genes). DESCRIPTIVE ONLY (n=1 pooled per group; no statistical inference).
map04211	Longevity regulating pathway	KEGG_GENOME	0.00035456544272445046	0.0012414081409418104	-1.804952167111262	78	110	Klebsiella variicola (5.15e-05); Pseudoalteromonas phenolica (2.41e-05); Pectobacterium cacticida (2.38e-05); Citrobacter koseri (2.18e-05); Arcticibacterium luteifluviistationis (1.94e-05)	Cutibacterium acnes (2.59e-04); Moraxella osloensis (1.14e-04); Pseudomonas azotoformans (5.01e-05); Exiguobacterium aestuarii (4.39e-05); Pseudomonas oryzihabitans (4.01e-05)	Genome-resolved functional index: sum over taxa of (pool rel. abundance x pathway genes / genome total genes). DESCRIPTIVE ONLY (n=1 pooled per group; no statistical inference).
map04212	Longevity regulating pathway - worm	KEGG_GENOME	0.001484344854285136	0.004779372008355629	-1.6863249709018908	79	111	Klebsiella variicola (2.23e-04); Pseudoalteromonas phenolica (1.04e-04); Pectobacterium cacticida (9.52e-05); Arcticibacterium luteifluviistationis (7.74e-05); Citrobacter koseri (7.25e-05)	Cutibacterium acnes (9.07e-04); Moraxella osloensis (3.98e-04); Pseudomonas oryzihabitans (2.40e-04); Pseudomonas azotoformans (1.43e-04); Massilia arenae (1.41e-04)	Genome-resolved functional index: sum over taxa of (pool rel. abundance x pathway genes / genome total genes). DESCRIPTIVE ONLY (n=1 pooled per group; no statistical inference).
map04213	Longevity regulating pathway - multiple species	KEGG_GENOME	0.0006651361841803582	0.0020675757064945624	-1.6347487032051562	79	110	Klebsiella variicola (8.59e-05); Arcticibacterium luteifluviistationis (4.84e-05); Pseudoalteromonas phenolica (4.81e-05); Flavobacterium jumunjinense (3.83e-05); Citrobacter koseri (3.63e-05)	Cutibacterium acnes (3.89e-04); Moraxella osloensis (1.70e-04); Pseudomonas oryzihabitans (8.01e-05); Exiguobacterium aestuarii (6.58e-05); Pseudomonas azotoformans (6.44e-05)	Genome-resolved functional index: sum over taxa of (pool rel. abundance x pathway genes / genome total genes). DESCRIPTIVE ONLY (n=1 pooled per group; no statistical inference).
map04214	Apoptosis - fly	KEGG_GENOME	0.0003360344060390688	0.0006925553688193803	-1.041115186322103	68	92	Flavobacterium jumunjinense (5.11e-05); Arcticibacterium luteifluviistationis (4.84e-05); Flavobacterium haoranii (1.92e-05); Klebsiella variicola (1.72e-05); Pseudoalteromonas phenolica (1.60e-05)	Flavobacterium haoranii (8.04e-05); Massilia arenae (5.48e-05); Massilia terrae (3.99e-05); Mariniblastus fucicola (3.85e-05); Massilia niastensis (2.99e-05)	Genome-resolved functional index: sum over taxa of (pool rel. abundance x pathway genes / genome total genes). DESCRIPTIVE ONLY (n=1 pooled per group; no statistical inference).
map04215	Apoptosis - multiple species	KEGG_GENOME	0.00013945614608336634	0.0003772016974782905	-1.4290360832042934	28	64	Arcticibacterium luteifluviistationis (2.90e-05); Emticicia soli (1.58e-05); Flavobacterium jumunjinense (1.28e-05); Ruegeria pomeroyi (1.05e-05); Pseudoalteromonas phenolica (8.02e-06)	Massilia arenae (5.48e-05); Massilia terrae (3.99e-05); Massilia niastensis (2.99e-05); Flavobacterium haoranii (2.01e-05); Massilia agri (1.99e-05)	Genome-resolved functional index: sum over taxa of (pool rel. abundance x pathway genes / genome total genes). DESCRIPTIVE ONLY (n=1 pooled per group; no statistical inference).
map04216	Ferroptosis	KEGG_GENOME	0.00034156660637422916	0.001173477216424763	-1.7775622984185513	75	106	Pectobacterium cacticida (3.57e-05); Klebsiella variicola (3.43e-05); Arcticibacterium luteifluviistationis (2.90e-05); Flavobacterium jumunjinense (2.56e-05); Emticicia soli (1.27e-05)	Cutibacterium acnes (2.59e-04); Moraxella osloensis (1.14e-04); Exiguobacterium aestuarii (6.58e-05); Flavobacterium haoranii (4.02e-05); Cupriavidus necator (3.51e-05)	Genome-resolved functional index: sum over taxa of (pool rel. abundance x pathway genes / genome total genes). DESCRIPTIVE ONLY (n=1 pooled per group; no statistical inference).
map04217	Necroptosis	KEGG_GENOME	0.0007637138066131318	0.002277060067026771	-1.5748139612529335	79	111	Klebsiella variicola (1.37e-04); Pectobacterium cacticida (4.76e-05); Pseudoalteromonas phenolica (4.01e-05); Flavobacterium jumunjinense (3.83e-05); Citrobacter koseri (3.63e-05)	Cutibacterium acnes (5.18e-04); Moraxella osloensis (1.14e-04); Pseudomonas oryzihabitans (1.07e-04); Pseudomonas alkylphenolica (9.03e-05); Exiguobacterium aestuarii (6.58e-05)	Genome-resolved functional index: sum over taxa of (pool rel. abundance x pathway genes / genome total genes). DESCRIPTIVE ONLY (n=1 pooled per group; no statistical inference).
map04260	Cardiac muscle contraction	KEGG_GENOME	0.0001462532538129043	0.0006345820294927612	-2.109778821138802	36	69	Pseudoalteromonas phenolica (2.41e-05); Citrobacter koseri (2.18e-05); Methylococcus capsulatus (6.05e-06); Ralstonia pickettii (5.41e-06); Pseudoalteromonas fenneropenaei (5.01e-06)	Moraxella osloensis (1.70e-04); Pseudomonas oryzihabitans (4.01e-05); Pseudomonas alkylphenolica (2.46e-05); Massilia arenae (2.35e-05); Pseudomonas azotoformans (2.15e-05)	Genome-resolved functional index: sum over taxa of (pool rel. abundance x pathway genes / genome total genes). DESCRIPTIVE ONLY (n=1 pooled per group; no statistical inference).
map04340	Hedgehog signaling pathway	KEGG_GENOME	0.0	4.478625312831978e-06	-2.4538139400550274	0	1		Lysobacter brunescens (4.48e-06)	Genome-resolved functional index: sum over taxa of (pool rel. abundance x pathway genes / genome total genes). DESCRIPTIVE ONLY (n=1 pooled per group; no statistical inference).
map04341	Hedgehog signaling pathway - fly	KEGG_GENOME	0.0	4.478625312831978e-06	-2.4538139400550274	0	1		Lysobacter brunescens (4.48e-06)	Genome-resolved functional index: sum over taxa of (pool rel. abundance x pathway genes / genome total genes). DESCRIPTIVE ONLY (n=1 pooled per group; no statistical inference).
map04361	Axon regeneration	KEGG_GENOME	0.00015132650835962484	0.0002250616997366852	-0.5695495595126714	61	94	Arcticibacterium luteifluviistationis (1.94e-05); Klebsiella variicola (1.72e-05); Flavobacterium jumunjinense (1.28e-05); Pectobacterium cacticida (1.19e-05); Citrobacter koseri (7.25e-06)	Flavobacterium haoranii (2.01e-05); Pseudomonas oryzihabitans (1.34e-05); Stutzerimonas stutzeri (1.33e-05); Pectobacterium cacticida (1.03e-05); Pseudomonas marincola (8.79e-06)	Genome-resolved functional index: sum over taxa of (pool rel. abundance x pathway genes / genome total genes). DESCRIPTIVE ONLY (n=1 pooled per group; no statistical inference).
map04380	Osteoclast differentiation	KEGG_GENOME	2.1336159020533873e-05	1.048026879793413e-06	3.4470745622978853	6	1	Arcticibacterium luteifluviistationis (9.68e-06); Pseudoalteromonas phenolica (8.02e-06); Mucilaginibacter koreensis (9.99e-07); Pseudoalteromonas xiamenensis (9.67e-07); Thalassotalea marina (9.21e-07)	Mucilaginibacter koreensis (1.05e-06)	Genome-resolved functional index: sum over taxa of (pool rel. abundance x pathway genes / genome total genes). DESCRIPTIVE ONLY (n=1 pooled per group; no statistical inference).
map04382	Cornified envelope formation	KEGG_GENOME	0.00026045786485895395	0.0006752919594972924	-1.3710677332741548	64	93	Flavobacterium jumunjinense (5.11e-05); Klebsiella variicola (3.43e-05); Flavobacterium haoranii (1.92e-05); Citrobacter koseri (1.45e-05); Flavobacterium silvisoli (1.28e-05)	Cutibacterium acnes (1.30e-04); Flavobacterium haoranii (8.04e-05); Moraxella osloensis (5.68e-05); Pseudomonas azotoformans (2.86e-05); Pseudomonas oryzihabitans (2.67e-05)	Genome-resolved functional index: sum over taxa of (pool rel. abundance x pathway genes / genome total genes). DESCRIPTIVE ONLY (n=1 pooled per group; no statistical inference).
map04510	Focal adhesion	KEGG_GENOME	1.0299721907508496e-06	0.0	1.0214599635973238	1	0	Alcanivorax jadensis (1.03e-06)		Genome-resolved functional index: sum over taxa of (pool rel. abundance x pathway genes / genome total genes). DESCRIPTIVE ONLY (n=1 pooled per group; no statistical inference).
map04512	ECM-receptor interaction	KEGG_GENOME	1.0299721907508496e-06	0.0	1.0214599635973238	1	0	Alcanivorax jadensis (1.03e-06)		Genome-resolved functional index: sum over taxa of (pool rel. abundance x pathway genes / genome total genes). DESCRIPTIVE ONLY (n=1 pooled per group; no statistical inference).
map04518	Integrin signaling	KEGG_GENOME	1.0299721907508496e-06	0.0	1.0214599635973238	1	0	Alcanivorax jadensis (1.03e-06)		Genome-resolved functional index: sum over taxa of (pool rel. abundance x pathway genes / genome total genes). DESCRIPTIVE ONLY (n=1 pooled per group; no statistical inference).
map04611	Platelet activation	KEGG_GENOME	0.0	9.410241353870245e-07	-0.9568180571482727	0	1		Anatilimnocola aggregata (9.41e-07)	Genome-resolved functional index: sum over taxa of (pool rel. abundance x pathway genes / genome total genes). DESCRIPTIVE ONLY (n=1 pooled per group; no statistical inference).
map04612	Antigen processing and presentation	KEGG_GENOME	0.0001476727148522003	0.0003130870942076532	-1.079024762887143	69	97	Klebsiella variicola (1.72e-05); Flavobacterium jumunjinense (1.28e-05); Pectobacterium cacticida (1.19e-05); Arcticibacterium luteifluviistationis (9.68e-06); Pseudoalteromonas phenolica (8.02e-06)	Moraxella osloensis (5.68e-05); Exiguobacterium aestuarii (2.19e-05); Flavobacterium haoranii (2.01e-05); Pseudomonas oryzihabitans (1.34e-05); Pectobacterium cacticida (1.03e-05)	Genome-resolved functional index: sum over taxa of (pool rel. abundance x pathway genes / genome total genes). DESCRIPTIVE ONLY (n=1 pooled per group; no statistical inference).
map04613	Neutrophil extracellular trap formation	KEGG_GENOME	0.0	1.8149216044925643e-06	-1.4930947438384645	0	2		Anatilimnocola aggregata (9.41e-07); Gemmata massiliana (8.74e-07)	Genome-resolved functional index: sum over taxa of (pool rel. abundance x pathway genes / genome total genes). DESCRIPTIVE ONLY (n=1 pooled per group; no statistical inference).
map04614	Renin-angiotensin system	KEGG_GENOME	5.7830216340835234e-05	0.0002080167071124198	-1.8289890176332049	25	30	Pseudoalteromonas phenolica (2.41e-05); Emticicia soli (3.16e-06); Mariniblastus fucicola (3.06e-06); Pontibacter roseus (3.04e-06); Pelagerythrobacter marensis (2.42e-06)	Moraxella osloensis (5.68e-05); Massilia arenae (2.35e-05); Massilia terrae (1.71e-05); Mariniblastus fucicola (1.28e-05); Massilia niastensis (1.28e-05)	Genome-resolved functional index: sum over taxa of (pool rel. abundance x pathway genes / genome total genes). DESCRIPTIVE ONLY (n=1 pooled per group; no statistical inference).
map04621	NOD-like receptor signaling pathway	KEGG_GENOME	0.0007381404195933655	0.0016479185872538963	-1.1575997955196138	78	110	Pectobacterium cacticida (9.52e-05); Arcticibacterium luteifluviistationis (6.77e-05); Flavobacterium jumunjinense (6.39e-05); Pseudoalteromonas phenolica (5.62e-05); Citrobacter koseri (3.63e-05)	Cutibacterium acnes (2.59e-04); Moraxella osloensis (1.14e-04); Mariniblastus fucicola (1.03e-04); Flavobacterium haoranii (1.01e-04); Exiguobacterium aestuarii (8.78e-05)	Genome-resolved functional index: sum over taxa of (pool rel. abundance x pathway genes / genome total genes). DESCRIPTIVE ONLY (n=1 pooled per group; no statistical inference).
map04626	Plant-pathogen interaction	KEGG_GENOME	0.0013489646876960045	0.0027127318132152164	-1.0073564824439307	79	111	Klebsiella variicola (1.55e-04); Pectobacterium cacticida (1.19e-04); Arcticibacterium luteifluviistationis (1.16e-04); Pseudoalteromonas phenolica (8.02e-05); Flavobacterium jumunjinense (7.67e-05)	Cutibacterium acnes (2.59e-04); Moraxella osloensis (2.27e-04); Exiguobacterium aestuarii (1.32e-04); Mariniblastus fucicola (1.28e-04); Flavobacterium haoranii (1.21e-04)	Genome-resolved functional index: sum over taxa of (pool rel. abundance x pathway genes / genome total genes). DESCRIPTIVE ONLY (n=1 pooled per group; no statistical inference).
map04657	IL-17 signaling pathway	KEGG_GENOME	0.0001476727148522003	0.0003130870942076532	-1.079024762887143	69	97	Klebsiella variicola (1.72e-05); Flavobacterium jumunjinense (1.28e-05); Pectobacterium cacticida (1.19e-05); Arcticibacterium luteifluviistationis (9.68e-06); Pseudoalteromonas phenolica (8.02e-06)	Moraxella osloensis (5.68e-05); Exiguobacterium aestuarii (2.19e-05); Flavobacterium haoranii (2.01e-05); Pseudomonas oryzihabitans (1.34e-05); Pectobacterium cacticida (1.03e-05)	Genome-resolved functional index: sum over taxa of (pool rel. abundance x pathway genes / genome total genes). DESCRIPTIVE ONLY (n=1 pooled per group; no statistical inference).
map04659	Th17 cell differentiation	KEGG_GENOME	0.0001476727148522003	0.0003130870942076532	-1.079024762887143	69	97	Klebsiella variicola (1.72e-05); Flavobacterium jumunjinense (1.28e-05); Pectobacterium cacticida (1.19e-05); Arcticibacterium luteifluviistationis (9.68e-06); Pseudoalteromonas phenolica (8.02e-06)	Moraxella osloensis (5.68e-05); Exiguobacterium aestuarii (2.19e-05); Flavobacterium haoranii (2.01e-05); Pseudomonas oryzihabitans (1.34e-05); Pectobacterium cacticida (1.03e-05)	Genome-resolved functional index: sum over taxa of (pool rel. abundance x pathway genes / genome total genes). DESCRIPTIVE ONLY (n=1 pooled per group; no statistical inference).
map04666	Fc gamma R-mediated phagosome formation	KEGG_GENOME	0.0	5.570140038890719e-06	-2.7159241211199094	0	3		Cupriavidus necator (3.90e-06); Cupriavidus plantarum (1.11e-06); Cupriavidus yeoncheonensis (5.57e-07)	Genome-resolved functional index: sum over taxa of (pool rel. abundance x pathway genes / genome total genes). DESCRIPTIVE ONLY (n=1 pooled per group; no statistical inference).
map04714	Thermogenesis	KEGG_GENOME	0.0006734289723613683	0.0027423933322045834	-2.0242230639289067	78	111	Pseudoalteromonas phenolica (5.62e-05); Arcticibacterium luteifluviistationis (4.84e-05); Flavobacterium jumunjinense (3.83e-05); Pectobacterium cacticida (3.57e-05); Klebsiella variicola (3.43e-05)	Cutibacterium acnes (6.48e-04); Moraxella osloensis (2.84e-04); Pseudomonas alkylphenolica (9.03e-05); Exiguobacterium aestuarii (8.78e-05); Pseudomonas azotoformans (7.87e-05)	Genome-resolved functional index: sum over taxa of (pool rel. abundance x pathway genes / genome total genes). DESCRIPTIVE ONLY (n=1 pooled per group; no statistical inference).
map04723	Retrograde endocannabinoid signaling	KEGG_GENOME	4.795707727118419e-06	2.443937220847228e-06	0.750925998532849	5	3	Alcanivorax jadensis (1.03e-06); Pontibacter roseus (1.01e-06); Mucilaginibacter koreensis (9.99e-07); Thalassotalea marina (9.21e-07); Sphingomonas koreensis (8.34e-07)	Mucilaginibacter koreensis (1.05e-06); Anatilimnocola aggregata (9.41e-07); Paraburkholderia pallida (4.55e-07)	Genome-resolved functional index: sum over taxa of (pool rel. abundance x pathway genes / genome total genes). DESCRIPTIVE ONLY (n=1 pooled per group; no statistical inference).
map04724	Glutamatergic synapse	KEGG_GENOME	0.00032720052721867327	0.001329438658220742	-2.0192525328732454	76	111	Klebsiella variicola (3.43e-05); Arcticibacterium luteifluviistationis (1.94e-05); Pseudoalteromonas phenolica (1.60e-05); Citrobacter koseri (1.45e-05); Flavobacterium jumunjinense (1.28e-05)	Cutibacterium acnes (2.59e-04); Pseudomonas oryzihabitans (8.01e-05); Pseudomonas alkylphenolica (6.57e-05); Moraxella osloensis (5.68e-05); Pseudomonas azotoformans (5.01e-05)	Genome-resolved functional index: sum over taxa of (pool rel. abundance x pathway genes / genome total genes). DESCRIPTIVE ONLY (n=1 pooled per group; no statistical inference).
map04725	Cholinergic synapse	KEGG_GENOME	9.684179536941271e-07	0.0	0.9770365802818481	1	0	Cyclobacterium qasimii (9.68e-07)		Genome-resolved functional index: sum over taxa of (pool rel. abundance x pathway genes / genome total genes). DESCRIPTIVE ONLY (n=1 pooled per group; no statistical inference).
map04726	Serotonergic synapse	KEGG_GENOME	3.04644769333446e-05	0.0002594433525031947	-3.0491737497339453	15	51	Arcticibacterium luteifluviistationis (9.68e-06); Emticicia soli (6.33e-06); Dyadobacter sediminis (1.69e-06); Mesorhizobium septentrionale (1.68e-06); Marivita roseacus (1.51e-06)	Cutibacterium acnes (1.30e-04); Pseudomonas oryzihabitans (1.34e-05); Cutibacterium namnetense (1.28e-05); Pseudomonas alkylphenolica (8.21e-06); Cupriavidus necator (7.80e-06)	Genome-resolved functional index: sum over taxa of (pool rel. abundance x pathway genes / genome total genes). DESCRIPTIVE ONLY (n=1 pooled per group; no statistical inference).
map04727	GABAergic synapse	KEGG_GENOME	0.00033005437885236195	0.0013361094510024238	-2.013977446038672	76	111	Klebsiella variicola (3.43e-05); Arcticibacterium luteifluviistationis (1.94e-05); Pseudoalteromonas phenolica (1.60e-05); Citrobacter koseri (1.45e-05); Flavobacterium jumunjinense (1.28e-05)	Cutibacterium acnes (2.59e-04); Pseudomonas oryzihabitans (8.01e-05); Pseudomonas alkylphenolica (6.57e-05); Moraxella osloensis (5.68e-05); Pseudomonas azotoformans (5.01e-05)	Genome-resolved functional index: sum over taxa of (pool rel. abundance x pathway genes / genome total genes). DESCRIPTIVE ONLY (n=1 pooled per group; no statistical inference).
map04728	Dopaminergic synapse	KEGG_GENOME	3.04644769333446e-05	0.0002594433525031947	-3.0491737497339453	15	51	Arcticibacterium luteifluviistationis (9.68e-06); Emticicia soli (6.33e-06); Dyadobacter sediminis (1.69e-06); Mesorhizobium septentrionale (1.68e-06); Marivita roseacus (1.51e-06)	Cutibacterium acnes (1.30e-04); Pseudomonas oryzihabitans (1.34e-05); Cutibacterium namnetense (1.28e-05); Pseudomonas alkylphenolica (8.21e-06); Cupriavidus necator (7.80e-06)	Genome-resolved functional index: sum over taxa of (pool rel. abundance x pathway genes / genome total genes). DESCRIPTIVE ONLY (n=1 pooled per group; no statistical inference).
map04820	Cytoskeleton in muscle cells	KEGG_GENOME	0.00017421944570860225	0.0004880390884997091	-1.4807868903147146	79	111	Klebsiella variicola (1.72e-05); Citrobacter koseri (1.45e-05); Flavobacterium jumunjinense (1.28e-05); Pectobacterium cacticida (1.19e-05); Arcticibacterium luteifluviistationis (9.68e-06)	Cutibacterium acnes (1.30e-04); Moraxella osloensis (5.68e-05); Exiguobacterium aestuarii (2.19e-05); Flavobacterium haoranii (2.01e-05); Pseudomonas oryzihabitans (1.34e-05)	Genome-resolved functional index: sum over taxa of (pool rel. abundance x pathway genes / genome total genes). DESCRIPTIVE ONLY (n=1 pooled per group; no statistical inference).
map04910	Insulin signaling pathway	KEGG_GENOME	0.00036316022364797195	0.0007877139536250637	-1.1149288177262888	72	109	Klebsiella variicola (6.87e-05); Arcticibacterium luteifluviistationis (2.90e-05); Pectobacterium cacticida (2.38e-05); Citrobacter koseri (2.18e-05); Pseudoalteromonas phenolica (1.60e-05)	Cutibacterium acnes (1.30e-04); Moraxella osloensis (1.14e-04); Exiguobacterium aestuarii (4.39e-05); Pseudomonas oryzihabitans (2.67e-05); Pectobacterium cacticida (2.06e-05)	Genome-resolved functional index: sum over taxa of (pool rel. abundance x pathway genes / genome total genes). DESCRIPTIVE ONLY (n=1 pooled per group; no statistical inference).
map04912	GnRH signaling pathway	KEGG_GENOME	0.0	5.570140038890719e-06	-2.7159241211199094	0	3		Cupriavidus necator (3.90e-06); Cupriavidus plantarum (1.11e-06); Cupriavidus yeoncheonensis (5.57e-07)	Genome-resolved functional index: sum over taxa of (pool rel. abundance x pathway genes / genome total genes). DESCRIPTIVE ONLY (n=1 pooled per group; no statistical inference).
map04914	Progesterone-mediated oocyte maturation	KEGG_GENOME	0.0001476727148522003	0.0003130870942076532	-1.079024762887143	69	97	Klebsiella variicola (1.72e-05); Flavobacterium jumunjinense (1.28e-05); Pectobacterium cacticida (1.19e-05); Arcticibacterium luteifluviistationis (9.68e-06); Pseudoalteromonas phenolica (8.02e-06)	Moraxella osloensis (5.68e-05); Exiguobacterium aestuarii (2.19e-05); Flavobacterium haoranii (2.01e-05); Pseudomonas oryzihabitans (1.34e-05); Pectobacterium cacticida (1.03e-05)	Genome-resolved functional index: sum over taxa of (pool rel. abundance x pathway genes / genome total genes). DESCRIPTIVE ONLY (n=1 pooled per group; no statistical inference).
map04915	Estrogen signaling pathway	KEGG_GENOME	0.0001476727148522003	0.0003130870942076532	-1.079024762887143	69	97	Klebsiella variicola (1.72e-05); Flavobacterium jumunjinense (1.28e-05); Pectobacterium cacticida (1.19e-05); Arcticibacterium luteifluviistationis (9.68e-06); Pseudoalteromonas phenolica (8.02e-06)	Moraxella osloensis (5.68e-05); Exiguobacterium aestuarii (2.19e-05); Flavobacterium haoranii (2.01e-05); Pseudomonas oryzihabitans (1.34e-05); Pectobacterium cacticida (1.03e-05)	Genome-resolved functional index: sum over taxa of (pool rel. abundance x pathway genes / genome total genes). DESCRIPTIVE ONLY (n=1 pooled per group; no statistical inference).
map04916	Melanogenesis	KEGG_GENOME	3.090553435709707e-06	8.924608361963844e-06	-1.2787141254357168	3	3	Ruegeria pomeroyi (1.49e-06); Dyadobacter sediminis (8.47e-07); Pseudoalteromonas luteoviolacea (7.48e-07)	Lysobacter brunescens (4.48e-06); Roseibium sediminis (3.57e-06); Gemmata massiliana (8.74e-07)	Genome-resolved functional index: sum over taxa of (pool rel. abundance x pathway genes / genome total genes). DESCRIPTIVE ONLY (n=1 pooled per group; no statistical inference).
map04917	Prolactin signaling pathway	KEGG_GENOME	8.694583410705669e-05	8.444656398822281e-05	0.04159276168052299	42	28	Klebsiella variicola (1.72e-05); Pectobacterium cacticida (1.19e-05); Pseudoalteromonas phenolica (8.02e-06); Citrobacter koseri (7.25e-06); Mariniblastus fucicola (3.06e-06)	Exiguobacterium aestuarii (2.19e-05); Mariniblastus fucicola (1.28e-05); Pectobacterium cacticida (1.03e-05); Aeromonas dhakensis (6.14e-06); Klebsiella variicola (4.77e-06)	Genome-resolved functional index: sum over taxa of (pool rel. abundance x pathway genes / genome total genes). DESCRIPTIVE ONLY (n=1 pooled per group; no statistical inference).
map04918	Thyroid hormone synthesis	KEGG_GENOME	0.0003532063964288611	0.0007908824959002542	-1.1606961055574954	77	108	Klebsiella variicola (5.15e-05); Pseudoalteromonas phenolica (3.21e-05); Pectobacterium cacticida (2.38e-05); Arcticibacterium luteifluviistationis (1.94e-05); Citrobacter koseri (1.45e-05)	Exiguobacterium aestuarii (6.58e-05); Moraxella osloensis (5.68e-05); Pseudomonas oryzihabitans (4.01e-05); Mariniblastus fucicola (3.85e-05); Pseudomonas alkylphenolica (3.28e-05)	Genome-resolved functional index: sum over taxa of (pool rel. abundance x pathway genes / genome total genes). DESCRIPTIVE ONLY (n=1 pooled per group; no statistical inference).
map04919	Thyroid hormone signaling pathway	KEGG_GENOME	0.0001710048365898639	0.00037566884351651885	-1.1308475719531121	56	74	Klebsiella variicola (3.43e-05); Flavobacterium jumunjinense (1.28e-05); Pectobacterium cacticida (1.19e-05); Arcticibacterium luteifluviistationis (9.68e-06); Pseudoalteromonas phenolica (8.02e-06)	Cutibacterium acnes (1.30e-04); Exiguobacterium aestuarii (2.19e-05); Flavobacterium haoranii (2.01e-05); Cupriavidus necator (1.56e-05); Cutibacterium namnetense (1.28e-05)	Genome-resolved functional index: sum over taxa of (pool rel. abundance x pathway genes / genome total genes). DESCRIPTIVE ONLY (n=1 pooled per group; no statistical inference).
map04920	Adipocytokine signaling pathway	KEGG_GENOME	0.00024843980423458473	0.0011550030626919633	-2.212381614086651	73	108	Arcticibacterium luteifluviistationis (2.90e-05); Pectobacterium cacticida (2.38e-05); Klebsiella variicola (1.72e-05); Flavobacterium jumunjinense (1.28e-05); Emticicia soli (1.27e-05)	Cutibacterium acnes (2.59e-04); Moraxella osloensis (1.70e-04); Exiguobacterium aestuarii (4.39e-05); Massilia arenae (3.91e-05); Cupriavidus necator (3.90e-05)	Genome-resolved functional index: sum over taxa of (pool rel. abundance x pathway genes / genome total genes). DESCRIPTIVE ONLY (n=1 pooled per group; no statistical inference).
map04922	Glucagon signaling pathway	KEGG_GENOME	0.0009712698361391391	0.002716832343730756	-1.4830277938336862	79	110	Klebsiella variicola (1.72e-04); Pectobacterium cacticida (7.14e-05); Citrobacter koseri (6.53e-05); Flavobacterium jumunjinense (6.39e-05); Arcticibacterium luteifluviistationis (5.81e-05)	Cutibacterium acnes (1.04e-03); Exiguobacterium aestuarii (1.76e-04); Moraxella osloensis (1.70e-04); Cutibacterium namnetense (1.02e-04); Flavobacterium haoranii (1.01e-04)	Genome-resolved functional index: sum over taxa of (pool rel. abundance x pathway genes / genome total genes). DESCRIPTIVE ONLY (n=1 pooled per group; no statistical inference).
map04923	Regulation of lipolysis in adipocytes	KEGG_GENOME	8.343094754195741e-07	4.548862056667904e-07	0.3343307469321713	1	1	Sphingomonas koreensis (8.34e-07)	Paraburkholderia pallida (4.55e-07)	Genome-resolved functional index: sum over taxa of (pool rel. abundance x pathway genes / genome total genes). DESCRIPTIVE ONLY (n=1 pooled per group; no statistical inference).
map04924	Renin secretion	KEGG_GENOME	1.3533158167057502e-05	3.50807968936105e-05	-1.3118829570637776	7	15	Pseudoalteromonas phenolica (8.02e-06); Pelagerythrobacter marensis (1.21e-06); Pontibacter roseus (1.01e-06); Thalassotalea marina (9.21e-07); Sphingomonas koreensis (8.34e-07)	Massilia arenae (7.83e-06); Massilia terrae (5.69e-06); Lysobacter brunescens (4.48e-06); Massilia niastensis (4.27e-06); Massilia agri (2.85e-06)	Genome-resolved functional index: sum over taxa of (pool rel. abundance x pathway genes / genome total genes). DESCRIPTIVE ONLY (n=1 pooled per group; no statistical inference).
map04926	Relaxin signaling pathway	KEGG_GENOME	0.0	9.410241353870245e-07	-0.9568180571482727	0	1		Anatilimnocola aggregata (9.41e-07)	Genome-resolved functional index: sum over taxa of (pool rel. abundance x pathway genes / genome total genes). DESCRIPTIVE ONLY (n=1 pooled per group; no statistical inference).
map04928	Parathyroid hormone synthesis, secretion and action	KEGG_GENOME	1.2732606220386876e-05	2.4013671103196457e-05	-0.8651113575598943	7	8	Pseudoalteromonas phenolica (8.02e-06); Cyclobacterium qasimii (9.68e-07); Shewanella litorisediminis (7.86e-07); Pseudoalteromonas luteoviolacea (7.48e-07); Vibrio cholerae (7.47e-07)	Stutzerimonas stutzeri (6.64e-06); Aeromonas dhakensis (6.14e-06); Aeromonas lusitana (4.05e-06); Cupriavidus necator (3.90e-06); Cupriavidus plantarum (1.11e-06)	Genome-resolved functional index: sum over taxa of (pool rel. abundance x pathway genes / genome total genes). DESCRIPTIVE ONLY (n=1 pooled per group; no statistical inference).
map04930	Type II diabetes mellitus	KEGG_GENOME	0.00023270209206734243	0.0005794715399831687	-1.3125546857605495	77	105	Klebsiella variicola (3.43e-05); Pectobacterium cacticida (2.38e-05); Citrobacter koseri (1.45e-05); Flavobacterium jumunjinense (1.28e-05); Arcticibacterium luteifluviistationis (9.68e-06)	Cutibacterium acnes (1.30e-04); Pseudomonas oryzihabitans (2.67e-05); Exiguobacterium aestuarii (2.19e-05); Pectobacterium cacticida (2.06e-05); Flavobacterium haoranii (2.01e-05)	Genome-resolved functional index: sum over taxa of (pool rel. abundance x pathway genes / genome total genes). DESCRIPTIVE ONLY (n=1 pooled per group; no statistical inference).
map04931	Insulin resistance	KEGG_GENOME	0.0003766373298814203	0.0010558557935674987	-1.4847052475999232	79	110	Klebsiella variicola (6.87e-05); Pectobacterium cacticida (2.38e-05); Citrobacter koseri (2.18e-05); Arcticibacterium luteifluviistationis (1.94e-05); Pseudoalteromonas phenolica (1.60e-05)	Cutibacterium acnes (2.59e-04); Moraxella osloensis (1.14e-04); Exiguobacterium aestuarii (4.39e-05); Pseudomonas oryzihabitans (4.01e-05); Mariniblastus fucicola (2.57e-05)	Genome-resolved functional index: sum over taxa of (pool rel. abundance x pathway genes / genome total genes). DESCRIPTIVE ONLY (n=1 pooled per group; no statistical inference).
map04932	Non-alcoholic fatty liver disease	KEGG_GENOME	0.0002860230997465392	0.001008353128538013	-1.8141922432642315	46	79	Pseudoalteromonas phenolica (3.21e-05); Arcticibacterium luteifluviistationis (2.90e-05); Citrobacter koseri (2.18e-05); Emticicia soli (1.58e-05); Ruegeria pomeroyi (1.49e-05)	Moraxella osloensis (1.70e-04); Massilia arenae (7.83e-05); Massilia terrae (5.69e-05); Pseudomonas oryzihabitans (5.34e-05); Massilia niastensis (4.27e-05)	Genome-resolved functional index: sum over taxa of (pool rel. abundance x pathway genes / genome total genes). DESCRIPTIVE ONLY (n=1 pooled per group; no statistical inference).
map04933	AGE-RAGE signaling pathway in diabetic complications	KEGG_GENOME	0.0	9.410241353870245e-07	-0.9568180571482727	0	1		Anatilimnocola aggregata (9.41e-07)	Genome-resolved functional index: sum over taxa of (pool rel. abundance x pathway genes / genome total genes). DESCRIPTIVE ONLY (n=1 pooled per group; no statistical inference).
map04934	Cushing syndrome	KEGG_GENOME	0.00015475417634866126	0.0005385440207513187	-1.7924698244913637	73	109	Klebsiella variicola (1.72e-05); Flavobacterium jumunjinense (1.28e-05); Pectobacterium cacticida (1.19e-05); Arcticibacterium luteifluviistationis (9.68e-06); Pseudoalteromonas phenolica (8.02e-06)	Cutibacterium acnes (1.30e-04); Moraxella osloensis (5.68e-05); Exiguobacterium aestuarii (2.19e-05); Pseudomonas azotoformans (2.15e-05); Flavobacterium haoranii (2.01e-05)	Genome-resolved functional index: sum over taxa of (pool rel. abundance x pathway genes / genome total genes). DESCRIPTIVE ONLY (n=1 pooled per group; no statistical inference).
map04936	Alcoholic liver disease	KEGG_GENOME	0.00036395735259431836	0.001301185247580807	-1.8351349078843204	75	107	Arcticibacterium luteifluviistationis (4.84e-05); Ruegeria pomeroyi (1.79e-05); Klebsiella variicola (1.72e-05); Marivita roseacus (1.66e-05); Pseudoalteromonas phenolica (1.60e-05)	Moraxella osloensis (1.14e-04); Exiguobacterium aestuarii (8.78e-05); Cupriavidus necator (8.58e-05); Pseudomonas oryzihabitans (5.34e-05); Pseudomonas alkylphenolica (4.93e-05)	Genome-resolved functional index: sum over taxa of (pool rel. abundance x pathway genes / genome total genes). DESCRIPTIVE ONLY (n=1 pooled per group; no statistical inference).
map04940	Type I diabetes mellitus	KEGG_GENOME	0.00018884342221986463	0.0006756606949318414	-1.8336225767363454	79	111	Klebsiella variicola (1.72e-05); Flavobacterium jumunjinense (1.28e-05); Pectobacterium cacticida (1.19e-05); Arcticibacterium luteifluviistationis (9.68e-06); Mariniblastus fucicola (9.18e-06)	Cutibacterium acnes (2.59e-04); Moraxella osloensis (5.68e-05); Mariniblastus fucicola (3.85e-05); Cutibacterium namnetense (2.56e-05); Exiguobacterium aestuarii (2.19e-05)	Genome-resolved functional index: sum over taxa of (pool rel. abundance x pathway genes / genome total genes). DESCRIPTIVE ONLY (n=1 pooled per group; no statistical inference).
map04964	Proximal tubule bicarbonate reclamation	KEGG_GENOME	0.00015822348021463068	0.00034946155047941164	-1.1382030717336473	64	92	Klebsiella variicola (5.15e-05); Arcticibacterium luteifluviistationis (9.68e-06); Pseudoalteromonas phenolica (8.02e-06); Citrobacter koseri (7.25e-06); Phycisphaera mikurensis (5.31e-06)	Moraxella osloensis (5.68e-05); Exiguobacterium aestuarii (2.19e-05); Massilia arenae (1.57e-05); Klebsiella variicola (1.43e-05); Pseudomonas oryzihabitans (1.34e-05)	Genome-resolved functional index: sum over taxa of (pool rel. abundance x pathway genes / genome total genes). DESCRIPTIVE ONLY (n=1 pooled per group; no statistical inference).
map04970	Salivary secretion	KEGG_GENOME	0.00012187019821177974	0.0002037732172663365	-0.736891997559825	44	37	Klebsiella variicola (3.43e-05); Citrobacter koseri (1.45e-05); Pseudoalteromonas phenolica (8.02e-06); Leclercia pneumoniae (4.96e-06); Rahnella inusitata (4.55e-06)	Exiguobacterium aestuarii (4.39e-05); Massilia arenae (1.57e-05); Mariniblastus fucicola (1.28e-05); Aeromonas dhakensis (1.23e-05); Aeromonas lusitana (1.21e-05)	Genome-resolved functional index: sum over taxa of (pool rel. abundance x pathway genes / genome total genes). DESCRIPTIVE ONLY (n=1 pooled per group; no statistical inference).
map04972	Pancreatic secretion	KEGG_GENOME	0.00012187019821177974	0.0002037732172663365	-0.736891997559825	44	37	Klebsiella variicola (3.43e-05); Citrobacter koseri (1.45e-05); Pseudoalteromonas phenolica (8.02e-06); Leclercia pneumoniae (4.96e-06); Rahnella inusitata (4.55e-06)	Exiguobacterium aestuarii (4.39e-05); Massilia arenae (1.57e-05); Mariniblastus fucicola (1.28e-05); Aeromonas dhakensis (1.23e-05); Aeromonas lusitana (1.21e-05)	Genome-resolved functional index: sum over taxa of (pool rel. abundance x pathway genes / genome total genes). DESCRIPTIVE ONLY (n=1 pooled per group; no statistical inference).
map04973	Carbohydrate digestion and absorption	KEGG_GENOME	0.00011784038083117959	0.00019092379324176837	-0.6915084434041806	42	36	Klebsiella variicola (3.43e-05); Citrobacter koseri (1.45e-05); Pseudoalteromonas phenolica (8.02e-06); Leclercia pneumoniae (4.96e-06); Rahnella inusitata (4.55e-06)	Exiguobacterium aestuarii (4.39e-05); Massilia arenae (1.57e-05); Aeromonas dhakensis (1.23e-05); Aeromonas lusitana (1.21e-05); Massilia terrae (1.14e-05)	Genome-resolved functional index: sum over taxa of (pool rel. abundance x pathway genes / genome total genes). DESCRIPTIVE ONLY (n=1 pooled per group; no statistical inference).
map04974	Protein digestion and absorption	KEGG_GENOME	9.394556648671028e-05	0.00012132834809572277	-0.3655862295485617	24	27	Flavobacterium jumunjinense (2.56e-05); Arcticibacterium luteifluviistationis (9.68e-06); Flavobacterium haoranii (9.58e-06); Pseudoalteromonas phenolica (8.02e-06); Flavobacterium silvisoli (6.39e-06)	Flavobacterium haoranii (4.02e-05); Mariniblastus fucicola (1.28e-05); Massilia arenae (7.83e-06); Massilia terrae (5.69e-06); Brevundimonas aurantiaca (5.68e-06)	Genome-resolved functional index: sum over taxa of (pool rel. abundance x pathway genes / genome total genes). DESCRIPTIVE ONLY (n=1 pooled per group; no statistical inference).
map04975	Fat digestion and absorption	KEGG_GENOME	0.00028255536561848366	0.0008730226446635203	-1.6240402021819569	64	101	Klebsiella variicola (5.15e-05); Flavobacterium jumunjinense (2.56e-05); Arcticibacterium luteifluviistationis (1.94e-05); Citrobacter koseri (1.45e-05); Pectobacterium cacticida (1.19e-05)	Moraxella osloensis (5.68e-05); Cupriavidus necator (5.07e-05); Pseudomonas azotoformans (4.29e-05); Pseudomonas alkylphenolica (4.11e-05); Flavobacterium haoranii (4.02e-05)	Genome-resolved functional index: sum over taxa of (pool rel. abundance x pathway genes / genome total genes). DESCRIPTIVE ONLY (n=1 pooled per group; no statistical inference).
map04976	Bile secretion	KEGG_GENOME	3.5139601486669508e-06	7.367899095148313e-07	1.3779704325539355	4	1	Thiomicrorhabdus heinhorstiae (1.31e-06); Vibrio cholerae (7.47e-07); Vibrio litoralis (7.47e-07); Vibrio pelagius (7.12e-07)	Moritella profunda (7.37e-07)	Genome-resolved functional index: sum over taxa of (pool rel. abundance x pathway genes / genome total genes). DESCRIPTIVE ONLY (n=1 pooled per group; no statistical inference).
map04977	Vitamin digestion and absorption	KEGG_GENOME	8.72655175543315e-07	0.0	0.9050852709997209	1	0	Runella soli (8.73e-07)		Genome-resolved functional index: sum over taxa of (pool rel. abundance x pathway genes / genome total genes). DESCRIPTIVE ONLY (n=1 pooled per group; no statistical inference).
map04978	Mineral absorption	KEGG_GENOME	0.00022598778404899923	0.001002047371196447	-2.143703179868676	74	109	Arcticibacterium luteifluviistationis (2.90e-05); Klebsiella variicola (1.72e-05); Flavobacterium jumunjinense (1.28e-05); Pectobacterium cacticida (1.19e-05); Ralstonia pickettii (9.47e-06)	Cutibacterium acnes (2.59e-04); Moraxella osloensis (1.14e-04); Exiguobacterium aestuarii (4.39e-05); Stutzerimonas stutzeri (3.98e-05); Pseudomonas azotoformans (2.86e-05)	Genome-resolved functional index: sum over taxa of (pool rel. abundance x pathway genes / genome total genes). DESCRIPTIVE ONLY (n=1 pooled per group; no statistical inference).
map04979	Cholesterol metabolism	KEGG_GENOME	3.964832824537913e-05	8.721228588259253e-05	-1.1177835836162426	10	23	Flavobacterium jumunjinense (1.28e-05); Arcticibacterium luteifluviistationis (9.68e-06); Flavobacterium haoranii (4.79e-06); Flavobacterium silvisoli (3.19e-06); Mariniblastus fucicola (3.06e-06)	Flavobacterium haoranii (2.01e-05); Mariniblastus fucicola (1.28e-05); Brevundimonas aurantiaca (1.14e-05); Pseudomonas azotoformans (7.15e-06); Anatilimnocola aggregata (5.65e-06)	Genome-resolved functional index: sum over taxa of (pool rel. abundance x pathway genes / genome total genes). DESCRIPTIVE ONLY (n=1 pooled per group; no statistical inference).
map04980	Cobalamin transport and metabolism	KEGG_GENOME	0.00032191986787800497	0.0011946528592437658	-1.8885504727503741	75	105	Flavobacterium jumunjinense (5.11e-05); Arcticibacterium luteifluviistationis (1.94e-05); Flavobacterium haoranii (1.92e-05); Klebsiella variicola (1.72e-05); Pseudoalteromonas phenolica (1.60e-05)	Cutibacterium acnes (5.18e-04); Flavobacterium haoranii (8.04e-05); Cutibacterium namnetense (5.12e-05); Roseibium sediminis (2.86e-05); Brevundimonas aurantiaca (2.84e-05)	Genome-resolved functional index: sum over taxa of (pool rel. abundance x pathway genes / genome total genes). DESCRIPTIVE ONLY (n=1 pooled per group; no statistical inference).
map04981	Folate transport and metabolism	KEGG_GENOME	0.0008336433235023496	0.0022849995195827416	-1.4535933872999764	79	111	Klebsiella variicola (1.03e-04); Pectobacterium cacticida (7.14e-05); Flavobacterium jumunjinense (5.11e-05); Arcticibacterium luteifluviistationis (4.84e-05); Pseudoalteromonas phenolica (4.81e-05)	Cutibacterium acnes (5.18e-04); Moraxella osloensis (2.27e-04); Exiguobacterium aestuarii (1.10e-04); Flavobacterium haoranii (8.04e-05); Pseudomonas oryzihabitans (8.01e-05)	Genome-resolved functional index: sum over taxa of (pool rel. abundance x pathway genes / genome total genes). DESCRIPTIVE ONLY (n=1 pooled per group; no statistical inference).
map05010	Alzheimer disease	KEGG_GENOME	0.0006172846688053763	0.00175817154070386	-1.508553032447488	79	111	Pseudoalteromonas phenolica (5.62e-05); Klebsiella variicola (5.15e-05); Flavobacterium jumunjinense (5.11e-05); Citrobacter koseri (4.35e-05); Arcticibacterium luteifluviistationis (3.87e-05)	Moraxella osloensis (2.84e-04); Cutibacterium acnes (1.30e-04); Massilia arenae (8.61e-05); Flavobacterium haoranii (8.04e-05); Pseudomonas oryzihabitans (8.01e-05)	Genome-resolved functional index: sum over taxa of (pool rel. abundance x pathway genes / genome total genes). DESCRIPTIVE ONLY (n=1 pooled per group; no statistical inference).
map05012	Parkinson disease	KEGG_GENOME	0.000738264484758012	0.002315490026251629	-1.6477779596583133	78	111	Arcticibacterium luteifluviistationis (9.68e-05); Flavobacterium jumunjinense (7.67e-05); Pseudoalteromonas phenolica (4.81e-05); Citrobacter koseri (3.63e-05); Emticicia soli (3.48e-05)	Cutibacterium acnes (3.89e-04); Moraxella osloensis (2.27e-04); Flavobacterium haoranii (1.21e-04); Pseudomonas oryzihabitans (1.07e-04); Massilia arenae (1.02e-04)	Genome-resolved functional index: sum over taxa of (pool rel. abundance x pathway genes / genome total genes). DESCRIPTIVE ONLY (n=1 pooled per group; no statistical inference).
map05014	Amyotrophic lateral sclerosis	KEGG_GENOME	0.0007230728698798393	0.002299050796822923	-1.6674589226325764	77	111	Klebsiella variicola (6.87e-05); Arcticibacterium luteifluviistationis (5.81e-05); Pseudoalteromonas phenolica (5.62e-05); Citrobacter koseri (4.35e-05); Flavobacterium jumunjinense (3.83e-05)	Moraxella osloensis (2.27e-04); Cutibacterium acnes (1.30e-04); Pseudomonas oryzihabitans (1.20e-04); Massilia arenae (1.17e-04); Pseudomonas azotoformans (1.00e-04)	Genome-resolved functional index: sum over taxa of (pool rel. abundance x pathway genes / genome total genes). DESCRIPTIVE ONLY (n=1 pooled per group; no statistical inference).
map05016	Huntington disease	KEGG_GENOME	0.0008037445287797694	0.0021972025323566996	-1.4497215473611302	78	111	Klebsiella variicola (8.59e-05); Pseudoalteromonas phenolica (6.42e-05); Arcticibacterium luteifluviistationis (5.81e-05); Flavobacterium jumunjinense (5.11e-05); Citrobacter koseri (5.08e-05)	Moraxella osloensis (2.27e-04); Cutibacterium acnes (1.30e-04); Pseudomonas oryzihabitans (1.07e-04); Massilia arenae (1.02e-04); Flavobacterium haoranii (8.04e-05)	Genome-resolved functional index: sum over taxa of (pool rel. abundance x pathway genes / genome total genes). DESCRIPTIVE ONLY (n=1 pooled per group; no statistical inference).
map05017	Spinocerebellar ataxia	KEGG_GENOME	0.00014802371020957656	0.00038109986310061114	-1.3584078538723274	29	66	Arcticibacterium luteifluviistationis (2.90e-05); Emticicia soli (1.90e-05); Flavobacterium jumunjinense (1.28e-05); Ruegeria pomeroyi (1.05e-05); Pseudoalteromonas phenolica (8.02e-06)	Massilia arenae (5.48e-05); Massilia terrae (3.99e-05); Massilia niastensis (2.99e-05); Flavobacterium haoranii (2.01e-05); Massilia agri (1.99e-05)	Genome-resolved functional index: sum over taxa of (pool rel. abundance x pathway genes / genome total genes). DESCRIPTIVE ONLY (n=1 pooled per group; no statistical inference).
map05020	Prion disease	KEGG_GENOME	0.00037129643923764497	0.0011213756174851457	-1.5920318502984518	66	92	Arcticibacterium luteifluviistationis (3.87e-05); Pseudoalteromonas phenolica (3.21e-05); Citrobacter koseri (2.90e-05); Flavobacterium jumunjinense (2.56e-05); Klebsiella variicola (1.72e-05)	Moraxella osloensis (1.70e-04); Massilia arenae (7.83e-05); Pseudomonas oryzihabitans (6.68e-05); Massilia terrae (5.69e-05); Pseudomonas azotoformans (4.29e-05)	Genome-resolved functional index: sum over taxa of (pool rel. abundance x pathway genes / genome total genes). DESCRIPTIVE ONLY (n=1 pooled per group; no statistical inference).
map05022	Pathways of neurodegeneration - multiple diseases	KEGG_GENOME	0.0007230728698798393	0.002299050796822923	-1.6674589226325764	77	111	Klebsiella variicola (6.87e-05); Arcticibacterium luteifluviistationis (5.81e-05); Pseudoalteromonas phenolica (5.62e-05); Citrobacter koseri (4.35e-05); Flavobacterium jumunjinense (3.83e-05)	Moraxella osloensis (2.27e-04); Cutibacterium acnes (1.30e-04); Pseudomonas oryzihabitans (1.20e-04); Massilia arenae (1.17e-04); Pseudomonas azotoformans (1.00e-04)	Genome-resolved functional index: sum over taxa of (pool rel. abundance x pathway genes / genome total genes). DESCRIPTIVE ONLY (n=1 pooled per group; no statistical inference).
map05030	Cocaine addiction	KEGG_GENOME	3.04644769333446e-05	0.0002594433525031947	-3.0491737497339453	15	51	Arcticibacterium luteifluviistationis (9.68e-06); Emticicia soli (6.33e-06); Dyadobacter sediminis (1.69e-06); Mesorhizobium septentrionale (1.68e-06); Marivita roseacus (1.51e-06)	Cutibacterium acnes (1.30e-04); Pseudomonas oryzihabitans (1.34e-05); Cutibacterium namnetense (1.28e-05); Pseudomonas alkylphenolica (8.21e-06); Cupriavidus necator (7.80e-06)	Genome-resolved functional index: sum over taxa of (pool rel. abundance x pathway genes / genome total genes). DESCRIPTIVE ONLY (n=1 pooled per group; no statistical inference).
map05031	Amphetamine addiction	KEGG_GENOME	3.04644769333446e-05	0.0002594433525031947	-3.0491737497339453	15	51	Arcticibacterium luteifluviistationis (9.68e-06); Emticicia soli (6.33e-06); Dyadobacter sediminis (1.69e-06); Mesorhizobium septentrionale (1.68e-06); Marivita roseacus (1.51e-06)	Cutibacterium acnes (1.30e-04); Pseudomonas oryzihabitans (1.34e-05); Cutibacterium namnetense (1.28e-05); Pseudomonas alkylphenolica (8.21e-06); Cupriavidus necator (7.80e-06)	Genome-resolved functional index: sum over taxa of (pool rel. abundance x pathway genes / genome total genes). DESCRIPTIVE ONLY (n=1 pooled per group; no statistical inference).
map05034	Alcoholism	KEGG_GENOME	3.04644769333446e-05	0.0002612582741076873	-3.059192424969235	15	51	Arcticibacterium luteifluviistationis (9.68e-06); Emticicia soli (6.33e-06); Dyadobacter sediminis (1.69e-06); Mesorhizobium septentrionale (1.68e-06); Marivita roseacus (1.51e-06)	Cutibacterium acnes (1.30e-04); Pseudomonas oryzihabitans (1.34e-05); Cutibacterium namnetense (1.28e-05); Pseudomonas alkylphenolica (8.21e-06); Cupriavidus necator (7.80e-06)	Genome-resolved functional index: sum over taxa of (pool rel. abundance x pathway genes / genome total genes). DESCRIPTIVE ONLY (n=1 pooled per group; no statistical inference).
map05100	Bacterial invasion of epithelial cells	KEGG_GENOME	4.105360534340366e-05	3.3577094122643355e-05	0.28241286182406694	14	12	Erwinia piriflorinigrans (1.37e-05); Rahnella inusitata (6.82e-06); Proteus faecis (6.63e-06); Kluyvera georgiana (2.36e-06); Providencia stuartii (2.12e-06)	Providencia stuartii (6.67e-06); Erwinia piriflorinigrans (4.78e-06); Methylovulum psychrotolerans (4.05e-06); Aeromonas lusitana (4.05e-06); Pseudomonas bijieensis (3.48e-06)	Genome-resolved functional index: sum over taxa of (pool rel. abundance x pathway genes / genome total genes). DESCRIPTIVE ONLY (n=1 pooled per group; no statistical inference).
map05110	Vibrio cholerae infection	KEGG_GENOME	7.053040930352696e-05	0.00016712661913675898	-1.232919559659311	22	47	Vibrio cholerae (1.12e-05); Vibrio litoralis (1.12e-05); Rahnella inusitata (9.09e-06); Pseudoalteromonas phenolica (8.02e-06); Ralstonia pickettii (5.41e-06)	Aeromonas dhakensis (3.69e-05); Aeromonas lusitana (1.62e-05); Mariniblastus fucicola (1.28e-05); Citrobacter freundii (1.09e-05); Lysobacter brunescens (8.96e-06)	Genome-resolved functional index: sum over taxa of (pool rel. abundance x pathway genes / genome total genes). DESCRIPTIVE ONLY (n=1 pooled per group; no statistical inference).
map05111	Biofilm formation - Vibrio cholerae	KEGG_GENOME	0.0032531290137797595	0.00869948444630762	-1.4188242835210827	79	111	Klebsiella variicola (5.15e-04); Pectobacterium cacticida (3.09e-04); Pseudoalteromonas phenolica (2.33e-04); Citrobacter koseri (2.25e-04); Arcticibacterium luteifluviistationis (7.74e-05)	Cutibacterium acnes (9.07e-04); Pseudomonas oryzihabitans (3.87e-04); Massilia arenae (3.84e-04); Pseudomonas azotoformans (3.43e-04); Moraxella osloensis (3.41e-04)	Genome-resolved functional index: sum over taxa of (pool rel. abundance x pathway genes / genome total genes). DESCRIPTIVE ONLY (n=1 pooled per group; no statistical inference).
map05120	Epithelial cell signaling in Helicobacter pylori infection	KEGG_GENOME	0.00020266165641424656	0.00037570235398249566	-0.887250660380948	66	95	Klebsiella variicola (3.43e-05); Pectobacterium cacticida (2.38e-05); Citrobacter koseri (2.18e-05); Pseudoalteromonas phenolica (1.60e-05); Proteus faecis (6.63e-06)	Moraxella osloensis (5.68e-05); Pectobacterium cacticida (2.06e-05); Pseudomonas alkylphenolica (1.64e-05); Pseudomonas azotoformans (1.43e-05); Pseudomonas oryzihabitans (1.34e-05)	Genome-resolved functional index: sum over taxa of (pool rel. abundance x pathway genes / genome total genes). DESCRIPTIVE ONLY (n=1 pooled per group; no statistical inference).
map05130	Pathogenic Escherichia coli infection	KEGG_GENOME	0.00048176392273554635	0.0011534619001809176	-1.257830790054097	79	110	Klebsiella variicola (5.15e-05); Flavobacterium jumunjinense (5.11e-05); Arcticibacterium luteifluviistationis (3.87e-05); Pseudoalteromonas phenolica (2.41e-05); Citrobacter koseri (2.18e-05)	Cutibacterium acnes (1.30e-04); Moraxella osloensis (1.14e-04); Flavobacterium haoranii (8.04e-05); Massilia arenae (6.26e-05); Massilia terrae (4.56e-05)	Genome-resolved functional index: sum over taxa of (pool rel. abundance x pathway genes / genome total genes). DESCRIPTIVE ONLY (n=1 pooled per group; no statistical inference).
map05131	Shigellosis	KEGG_GENOME	0.0009704017934865423	0.0012864266960260398	-0.40635023482847643	74	97	Klebsiella variicola (2.58e-04); Citrobacter koseri (1.45e-04); Pectobacterium cacticida (7.14e-05); Pseudoalteromonas phenolica (4.01e-05); Proteus faecis (3.76e-05)	Klebsiella variicola (7.15e-05); Massilia arenae (7.05e-05); Pseudomonas azotoformans (6.44e-05); Pectobacterium cacticida (6.17e-05); Pseudomonas alkylphenolica (5.75e-05)	Genome-resolved functional index: sum over taxa of (pool rel. abundance x pathway genes / genome total genes). DESCRIPTIVE ONLY (n=1 pooled per group; no statistical inference).
map05132	Salmonella infection	KEGG_GENOME	0.0012155298234355998	0.002802804015704505	-1.2046138206911636	79	110	Flavobacterium jumunjinense (1.15e-04); Pectobacterium cacticida (1.07e-04); Arcticibacterium luteifluviistationis (1.06e-04); Klebsiella variicola (8.59e-05); Pseudoalteromonas phenolica (8.02e-05)	Cutibacterium acnes (3.89e-04); Moraxella osloensis (2.27e-04); Flavobacterium haoranii (1.81e-04); Mariniblastus fucicola (1.16e-04); Exiguobacterium aestuarii (1.10e-04)	Genome-resolved functional index: sum over taxa of (pool rel. abundance x pathway genes / genome total genes). DESCRIPTIVE ONLY (n=1 pooled per group; no statistical inference).
map05133	Pertussis	KEGG_GENOME	0.0017059667784639235	0.002365977092213983	-0.47161076318242734	75	102	Klebsiella variicola (5.32e-04); Citrobacter koseri (2.39e-04); Pectobacterium cacticida (5.95e-05); Arcticibacterium luteifluviistationis (5.81e-05); Proteus faecis (5.52e-05)	Pseudomonas alkylphenolica (1.89e-04); Pseudomonas azotoformans (1.50e-04); Klebsiella variicola (1.48e-04); Mariniblastus fucicola (1.16e-04); Pseudomonas aeruginosa (9.04e-05)	Genome-resolved functional index: sum over taxa of (pool rel. abundance x pathway genes / genome total genes). DESCRIPTIVE ONLY (n=1 pooled per group; no statistical inference).
map05134	Legionellosis	KEGG_GENOME	0.0009033907735037128	0.002549466940846168	-1.495743221582878	79	111	Pectobacterium cacticida (1.07e-04); Pseudoalteromonas phenolica (6.42e-05); Arcticibacterium luteifluviistationis (5.81e-05); Klebsiella variicola (5.15e-05); Flavobacterium jumunjinense (5.11e-05)	Cutibacterium acnes (6.48e-04); Moraxella osloensis (1.70e-04); Exiguobacterium aestuarii (1.10e-04); Massilia arenae (9.40e-05); Pectobacterium cacticida (9.25e-05)	Genome-resolved functional index: sum over taxa of (pool rel. abundance x pathway genes / genome total genes). DESCRIPTIVE ONLY (n=1 pooled per group; no statistical inference).
map05135	Yersinia infection	KEGG_GENOME	2.2847138468027422e-05	6.729569919729715e-05	-1.5179785694162706	14	27	Rahnella inusitata (4.55e-06); Kluyvera georgiana (2.36e-06); Erwinia piriflorinigrans (2.28e-06); Proteus faecis (2.21e-06); Pseudomonas alcaligenes (2.15e-06)	Pseudomonas aeruginosa (9.04e-06); Pseudomonas alcaligenes (5.65e-06); Pseudomonas guangdongensis (4.52e-06); Pseudomonas zeshuii (4.52e-06); Aeromonas lusitana (4.05e-06)	Genome-resolved functional index: sum over taxa of (pool rel. abundance x pathway genes / genome total genes). DESCRIPTIVE ONLY (n=1 pooled per group; no statistical inference).
map05142	Chagas disease	KEGG_GENOME	0.00015820408946308343	0.00025553050389403047	-0.6882529913135054	59	89	Pseudoalteromonas phenolica (2.41e-05); Klebsiella variicola (1.72e-05); Flavobacterium jumunjinense (1.28e-05); Pectobacterium cacticida (1.19e-05); Arcticibacterium luteifluviistationis (9.68e-06)	Flavobacterium haoranii (2.01e-05); Massilia arenae (1.57e-05); Pseudomonas oryzihabitans (1.34e-05); Aeromonas dhakensis (1.23e-05); Massilia terrae (1.14e-05)	Genome-resolved functional index: sum over taxa of (pool rel. abundance x pathway genes / genome total genes). DESCRIPTIVE ONLY (n=1 pooled per group; no statistical inference).
map05143	African trypanosomiasis	KEGG_GENOME	0.0001669688146893422	0.0003228746356525572	-0.9472420822151654	59	92	Klebsiella variicola (3.43e-05); Pseudoalteromonas phenolica (1.60e-05); Flavobacterium jumunjinense (1.28e-05); Pectobacterium cacticida (1.19e-05); Arcticibacterium luteifluviistationis (9.68e-06)	Pseudomonas oryzihabitans (2.67e-05); Flavobacterium haoranii (2.01e-05); Pseudomonas alkylphenolica (1.64e-05); Pseudomonas azotoformans (1.43e-05); Stutzerimonas stutzeri (1.33e-05)	Genome-resolved functional index: sum over taxa of (pool rel. abundance x pathway genes / genome total genes). DESCRIPTIVE ONLY (n=1 pooled per group; no statistical inference).
map05144	Malaria	KEGG_GENOME	1.0299721907508496e-06	0.0	1.0214599635973238	1	0	Alcanivorax jadensis (1.03e-06)		Genome-resolved functional index: sum over taxa of (pool rel. abundance x pathway genes / genome total genes). DESCRIPTIVE ONLY (n=1 pooled per group; no statistical inference).
map05145	Toxoplasmosis	KEGG_GENOME	0.00013945614608336634	0.0003772016974782905	-1.4290360832042934	28	64	Arcticibacterium luteifluviistationis (2.90e-05); Emticicia soli (1.58e-05); Flavobacterium jumunjinense (1.28e-05); Ruegeria pomeroyi (1.05e-05); Pseudoalteromonas phenolica (8.02e-06)	Massilia arenae (5.48e-05); Massilia terrae (3.99e-05); Massilia niastensis (2.99e-05); Flavobacterium haoranii (2.01e-05); Massilia agri (1.99e-05)	Genome-resolved functional index: sum over taxa of (pool rel. abundance x pathway genes / genome total genes). DESCRIPTIVE ONLY (n=1 pooled per group; no statistical inference).
map05146	Amoebiasis	KEGG_GENOME	0.00010431349018367538	0.0002195644907684325	-1.0665102955874843	43	44	Klebsiella variicola (3.43e-05); Pectobacterium cacticida (1.19e-05); Citrobacter koseri (7.25e-06); Kluyvera georgiana (3.54e-06); Salipiger aestuarii (2.58e-06)	Moraxella osloensis (5.68e-05); Exiguobacterium aestuarii (4.39e-05); Pectobacterium cacticida (1.03e-05); Klebsiella variicola (9.54e-06); Lysobacter brunescens (8.96e-06)	Genome-resolved functional index: sum over taxa of (pool rel. abundance x pathway genes / genome total genes). DESCRIPTIVE ONLY (n=1 pooled per group; no statistical inference).
map05150	Staphylococcus aureus infection	KEGG_GENOME	2.6504125618767117e-05	0.00013445068346301637	-2.3000477289383476	16	50	Pectobacterium polaris (7.43e-06); Phycisphaera mikurensis (2.66e-06); Enterobacter asburiae (2.37e-06); Phytobacter diazotrophicus (2.13e-06); Ruegeria pomeroyi (1.49e-06)	Exiguobacterium aestuarii (2.19e-05); Pseudomonas oryzihabitans (1.34e-05); Aeromonas dhakensis (1.23e-05); Pseudomonas alkylphenolica (8.21e-06); Aeromonas lusitana (8.09e-06)	Genome-resolved functional index: sum over taxa of (pool rel. abundance x pathway genes / genome total genes). DESCRIPTIVE ONLY (n=1 pooled per group; no statistical inference).
map05152	Tuberculosis	KEGG_GENOME	0.0006766755115405647	0.002160981839449211	-1.6736878602222633	79	111	Arcticibacterium luteifluviistationis (5.81e-05); Klebsiella variicola (5.15e-05); Flavobacterium jumunjinense (5.11e-05); Pectobacterium cacticida (4.76e-05); Pseudoalteromonas phenolica (3.21e-05)	Cutibacterium acnes (5.18e-04); Moraxella osloensis (1.70e-04); Flavobacterium haoranii (8.04e-05); Pseudomonas oryzihabitans (8.01e-05); Massilia arenae (7.83e-05)	Genome-resolved functional index: sum over taxa of (pool rel. abundance x pathway genes / genome total genes). DESCRIPTIVE ONLY (n=1 pooled per group; no statistical inference).
map05160	Hepatitis C	KEGG_GENOME	0.00013945614608336634	0.00037858200666603413	-1.4342918505467237	28	66	Arcticibacterium luteifluviistationis (2.90e-05); Emticicia soli (1.58e-05); Flavobacterium jumunjinense (1.28e-05); Ruegeria pomeroyi (1.05e-05); Pseudoalteromonas phenolica (8.02e-06)	Massilia arenae (5.48e-05); Massilia terrae (3.99e-05); Massilia niastensis (2.99e-05); Flavobacterium haoranii (2.01e-05); Massilia agri (1.99e-05)	Genome-resolved functional index: sum over taxa of (pool rel. abundance x pathway genes / genome total genes). DESCRIPTIVE ONLY (n=1 pooled per group; no statistical inference).
map05161	Hepatitis B	KEGG_GENOME	0.00013945614608336634	0.0003772016974782905	-1.4290360832042934	28	64	Arcticibacterium luteifluviistationis (2.90e-05); Emticicia soli (1.58e-05); Flavobacterium jumunjinense (1.28e-05); Ruegeria pomeroyi (1.05e-05); Pseudoalteromonas phenolica (8.02e-06)	Massilia arenae (5.48e-05); Massilia terrae (3.99e-05); Massilia niastensis (2.99e-05); Flavobacterium haoranii (2.01e-05); Massilia agri (1.99e-05)	Genome-resolved functional index: sum over taxa of (pool rel. abundance x pathway genes / genome total genes). DESCRIPTIVE ONLY (n=1 pooled per group; no statistical inference).
map05162	Measles	KEGG_GENOME	0.00013945614608336634	0.0003772016974782905	-1.4290360832042934	28	64	Arcticibacterium luteifluviistationis (2.90e-05); Emticicia soli (1.58e-05); Flavobacterium jumunjinense (1.28e-05); Ruegeria pomeroyi (1.05e-05); Pseudoalteromonas phenolica (8.02e-06)	Massilia arenae (5.48e-05); Massilia terrae (3.99e-05); Massilia niastensis (2.99e-05); Flavobacterium haoranii (2.01e-05); Massilia agri (1.99e-05)	Genome-resolved functional index: sum over taxa of (pool rel. abundance x pathway genes / genome total genes). DESCRIPTIVE ONLY (n=1 pooled per group; no statistical inference).
map05163	Human cytomegalovirus infection	KEGG_GENOME	0.00013945614608336634	0.0003772016974782905	-1.4290360832042934	28	64	Arcticibacterium luteifluviistationis (2.90e-05); Emticicia soli (1.58e-05); Flavobacterium jumunjinense (1.28e-05); Ruegeria pomeroyi (1.05e-05); Pseudoalteromonas phenolica (8.02e-06)	Massilia arenae (5.48e-05); Massilia terrae (3.99e-05); Massilia niastensis (2.99e-05); Flavobacterium haoranii (2.01e-05); Massilia agri (1.99e-05)	Genome-resolved functional index: sum over taxa of (pool rel. abundance x pathway genes / genome total genes). DESCRIPTIVE ONLY (n=1 pooled per group; no statistical inference).
map05164	Influenza A	KEGG_GENOME	0.00013945614608336634	0.00037858200666603413	-1.4342918505467237	28	66	Arcticibacterium luteifluviistationis (2.90e-05); Emticicia soli (1.58e-05); Flavobacterium jumunjinense (1.28e-05); Ruegeria pomeroyi (1.05e-05); Pseudoalteromonas phenolica (8.02e-06)	Massilia arenae (5.48e-05); Massilia terrae (3.99e-05); Massilia niastensis (2.99e-05); Flavobacterium haoranii (2.01e-05); Massilia agri (1.99e-05)	Genome-resolved functional index: sum over taxa of (pool rel. abundance x pathway genes / genome total genes). DESCRIPTIVE ONLY (n=1 pooled per group; no statistical inference).
map05165	Human papillomavirus infection	KEGG_GENOME	0.00023373206425809324	0.0005794715399831687	-1.3062104081437709	77	105	Klebsiella variicola (3.43e-05); Pectobacterium cacticida (2.38e-05); Citrobacter koseri (1.45e-05); Flavobacterium jumunjinense (1.28e-05); Arcticibacterium luteifluviistationis (9.68e-06)	Cutibacterium acnes (1.30e-04); Pseudomonas oryzihabitans (2.67e-05); Exiguobacterium aestuarii (2.19e-05); Pectobacterium cacticida (2.06e-05); Flavobacterium haoranii (2.01e-05)	Genome-resolved functional index: sum over taxa of (pool rel. abundance x pathway genes / genome total genes). DESCRIPTIVE ONLY (n=1 pooled per group; no statistical inference).
map05166	Human T-cell leukemia virus 1 infection	KEGG_GENOME	3.964832824537913e-05	8.721228588259253e-05	-1.1177835836162426	10	23	Flavobacterium jumunjinense (1.28e-05); Arcticibacterium luteifluviistationis (9.68e-06); Flavobacterium haoranii (4.79e-06); Flavobacterium silvisoli (3.19e-06); Mariniblastus fucicola (3.06e-06)	Flavobacterium haoranii (2.01e-05); Mariniblastus fucicola (1.28e-05); Brevundimonas aurantiaca (1.14e-05); Pseudomonas azotoformans (7.15e-06); Anatilimnocola aggregata (5.65e-06)	Genome-resolved functional index: sum over taxa of (pool rel. abundance x pathway genes / genome total genes). DESCRIPTIVE ONLY (n=1 pooled per group; no statistical inference).
map05167	Kaposi sarcoma-associated herpesvirus infection	KEGG_GENOME	0.00013945614608336634	0.0003772016974782905	-1.4290360832042934	28	64	Arcticibacterium luteifluviistationis (2.90e-05); Emticicia soli (1.58e-05); Flavobacterium jumunjinense (1.28e-05); Ruegeria pomeroyi (1.05e-05); Pseudoalteromonas phenolica (8.02e-06)	Massilia arenae (5.48e-05); Massilia terrae (3.99e-05); Massilia niastensis (2.99e-05); Flavobacterium haoranii (2.01e-05); Massilia agri (1.99e-05)	Genome-resolved functional index: sum over taxa of (pool rel. abundance x pathway genes / genome total genes). DESCRIPTIVE ONLY (n=1 pooled per group; no statistical inference).
map05168	Herpes simplex virus 1 infection	KEGG_GENOME	0.00013945614608336634	0.0003772016974782905	-1.4290360832042934	28	64	Arcticibacterium luteifluviistationis (2.90e-05); Emticicia soli (1.58e-05); Flavobacterium jumunjinense (1.28e-05); Ruegeria pomeroyi (1.05e-05); Pseudoalteromonas phenolica (8.02e-06)	Massilia arenae (5.48e-05); Massilia terrae (3.99e-05); Massilia niastensis (2.99e-05); Flavobacterium haoranii (2.01e-05); Massilia agri (1.99e-05)	Genome-resolved functional index: sum over taxa of (pool rel. abundance x pathway genes / genome total genes). DESCRIPTIVE ONLY (n=1 pooled per group; no statistical inference).
map05169	Epstein-Barr virus infection	KEGG_GENOME	0.00013945614608336634	0.0003772016974782905	-1.4290360832042934	28	64	Arcticibacterium luteifluviistationis (2.90e-05); Emticicia soli (1.58e-05); Flavobacterium jumunjinense (1.28e-05); Ruegeria pomeroyi (1.05e-05); Pseudoalteromonas phenolica (8.02e-06)	Massilia arenae (5.48e-05); Massilia terrae (3.99e-05); Massilia niastensis (2.99e-05); Flavobacterium haoranii (2.01e-05); Massilia agri (1.99e-05)	Genome-resolved functional index: sum over taxa of (pool rel. abundance x pathway genes / genome total genes). DESCRIPTIVE ONLY (n=1 pooled per group; no statistical inference).
map05170	Human immunodeficiency virus 1 infection	KEGG_GENOME	0.00013945614608336634	0.0003772016974782905	-1.4290360832042934	28	64	Arcticibacterium luteifluviistationis (2.90e-05); Emticicia soli (1.58e-05); Flavobacterium jumunjinense (1.28e-05); Ruegeria pomeroyi (1.05e-05); Pseudoalteromonas phenolica (8.02e-06)	Massilia arenae (5.48e-05); Massilia terrae (3.99e-05); Massilia niastensis (2.99e-05); Flavobacterium haoranii (2.01e-05); Massilia agri (1.99e-05)	Genome-resolved functional index: sum over taxa of (pool rel. abundance x pathway genes / genome total genes). DESCRIPTIVE ONLY (n=1 pooled per group; no statistical inference).
map05171	Coronavirus disease	KEGG_GENOME	1.3533158167057502e-05	3.595508172861547e-05	-1.3464245186179438	7	15	Pseudoalteromonas phenolica (8.02e-06); Pelagerythrobacter marensis (1.21e-06); Pontibacter roseus (1.01e-06); Thalassotalea marina (9.21e-07); Sphingomonas koreensis (8.34e-07)	Massilia arenae (7.83e-06); Massilia terrae (5.69e-06); Lysobacter brunescens (4.48e-06); Massilia niastensis (4.27e-06); Massilia agri (2.85e-06)	Genome-resolved functional index: sum over taxa of (pool rel. abundance x pathway genes / genome total genes). DESCRIPTIVE ONLY (n=1 pooled per group; no statistical inference).
map05200	Pathways in cancer	KEGG_GENOME	0.0010449448828488295	0.0029338771612016333	-1.4884932915612037	79	110	Klebsiella variicola (1.72e-04); Pseudoalteromonas phenolica (7.22e-05); Pectobacterium cacticida (5.95e-05); Arcticibacterium luteifluviistationis (5.81e-05); Citrobacter koseri (4.35e-05)	Pseudomonas oryzihabitans (1.87e-04); Moraxella osloensis (1.70e-04); Massilia arenae (1.49e-04); Cutibacterium acnes (1.30e-04); Pseudomonas azotoformans (1.22e-04)	Genome-resolved functional index: sum over taxa of (pool rel. abundance x pathway genes / genome total genes). DESCRIPTIVE ONLY (n=1 pooled per group; no statistical inference).
map05203	Viral carcinogenesis	KEGG_GENOME	0.00023270209206734243	0.0005812864615876612	-1.317058426902361	77	105	Klebsiella variicola (3.43e-05); Pectobacterium cacticida (2.38e-05); Citrobacter koseri (1.45e-05); Flavobacterium jumunjinense (1.28e-05); Arcticibacterium luteifluviistationis (9.68e-06)	Cutibacterium acnes (1.30e-04); Pseudomonas oryzihabitans (2.67e-05); Exiguobacterium aestuarii (2.19e-05); Pectobacterium cacticida (2.06e-05); Flavobacterium haoranii (2.01e-05)	Genome-resolved functional index: sum over taxa of (pool rel. abundance x pathway genes / genome total genes). DESCRIPTIVE ONLY (n=1 pooled per group; no statistical inference).
map05204	Chemical carcinogenesis - DNA adducts	KEGG_GENOME	0.0005363423225799042	0.0014372854121320843	-1.4204366130435724	60	90	Klebsiella variicola (1.20e-04); Pseudoalteromonas phenolica (4.81e-05); Pectobacterium cacticida (3.57e-05); Citrobacter koseri (2.90e-05); Ruegeria pomeroyi (2.24e-05)	Pseudomonas oryzihabitans (1.34e-04); Massilia arenae (7.05e-05); Pseudomonas azotoformans (6.44e-05); Roseibium sediminis (6.07e-05); Moraxella osloensis (5.68e-05)	Genome-resolved functional index: sum over taxa of (pool rel. abundance x pathway genes / genome total genes). DESCRIPTIVE ONLY (n=1 pooled per group; no statistical inference).
map05205	Proteoglycans in cancer	KEGG_GENOME	0.00014863246160857867	0.0004683691864962381	-1.649299943090359	76	108	Klebsiella variicola (1.72e-05); Flavobacterium jumunjinense (1.28e-05); Pectobacterium cacticida (1.19e-05); Arcticibacterium luteifluviistationis (9.68e-06); Pseudoalteromonas phenolica (8.02e-06)	Cutibacterium acnes (1.30e-04); Moraxella osloensis (5.68e-05); Exiguobacterium aestuarii (2.19e-05); Flavobacterium haoranii (2.01e-05); Pseudomonas oryzihabitans (1.34e-05)	Genome-resolved functional index: sum over taxa of (pool rel. abundance x pathway genes / genome total genes). DESCRIPTIVE ONLY (n=1 pooled per group; no statistical inference).
map05206	MicroRNAs in cancer	KEGG_GENOME	0.00029943968848435707	0.0005377406860016199	-0.8425156150533197	72	99	Flavobacterium jumunjinense (5.11e-05); Klebsiella variicola (3.43e-05); Citrobacter koseri (2.18e-05); Flavobacterium haoranii (1.92e-05); Flavobacterium silvisoli (1.28e-05)	Moraxella osloensis (1.14e-04); Flavobacterium haoranii (8.04e-05); Exiguobacterium aestuarii (2.19e-05); Pseudomonas oryzihabitans (1.34e-05); Citrobacter freundii (1.31e-05)	Genome-resolved functional index: sum over taxa of (pool rel. abundance x pathway genes / genome total genes). DESCRIPTIVE ONLY (n=1 pooled per group; no statistical inference).
map05207	Chemical carcinogenesis - receptor activation	KEGG_GENOME	0.0006822611312648947	0.0017503725063397375	-1.3579770053768263	75	104	Klebsiella variicola (1.37e-04); Pseudoalteromonas phenolica (5.62e-05); Pectobacterium cacticida (4.76e-05); Citrobacter koseri (3.63e-05); Ruegeria pomeroyi (2.24e-05)	Pseudomonas oryzihabitans (1.47e-04); Moraxella osloensis (1.14e-04); Massilia arenae (7.83e-05); Pseudomonas azotoformans (6.44e-05); Roseibium sediminis (6.07e-05)	Genome-resolved functional index: sum over taxa of (pool rel. abundance x pathway genes / genome total genes). DESCRIPTIVE ONLY (n=1 pooled per group; no statistical inference).
map05208	Chemical carcinogenesis - reactive oxygen species	KEGG_GENOME	0.001215543681750956	0.0037179440041083356	-1.6121049023032785	78	111	Klebsiella variicola (2.06e-04); Pseudoalteromonas phenolica (9.63e-05); Citrobacter koseri (7.98e-05); Pectobacterium cacticida (5.95e-05); Arcticibacterium luteifluviistationis (4.84e-05)	Moraxella osloensis (3.41e-04); Cutibacterium acnes (2.59e-04); Pseudomonas oryzihabitans (2.40e-04); Pseudomonas azotoformans (1.65e-04); Massilia arenae (1.33e-04)	Genome-resolved functional index: sum over taxa of (pool rel. abundance x pathway genes / genome total genes). DESCRIPTIVE ONLY (n=1 pooled per group; no statistical inference).
map05210	Colorectal cancer	KEGG_GENOME	0.00013945614608336634	0.0003772016974782905	-1.4290360832042934	28	64	Arcticibacterium luteifluviistationis (2.90e-05); Emticicia soli (1.58e-05); Flavobacterium jumunjinense (1.28e-05); Ruegeria pomeroyi (1.05e-05); Pseudoalteromonas phenolica (8.02e-06)	Massilia arenae (5.48e-05); Massilia terrae (3.99e-05); Massilia niastensis (2.99e-05); Flavobacterium haoranii (2.01e-05); Massilia agri (1.99e-05)	Genome-resolved functional index: sum over taxa of (pool rel. abundance x pathway genes / genome total genes). DESCRIPTIVE ONLY (n=1 pooled per group; no statistical inference).
map05211	Renal cell carcinoma	KEGG_GENOME	0.00015475417634866126	0.0005385440207513187	-1.7924698244913637	73	109	Klebsiella variicola (1.72e-05); Flavobacterium jumunjinense (1.28e-05); Pectobacterium cacticida (1.19e-05); Arcticibacterium luteifluviistationis (9.68e-06); Pseudoalteromonas phenolica (8.02e-06)	Cutibacterium acnes (1.30e-04); Moraxella osloensis (5.68e-05); Exiguobacterium aestuarii (2.19e-05); Pseudomonas azotoformans (2.15e-05); Flavobacterium haoranii (2.01e-05)	Genome-resolved functional index: sum over taxa of (pool rel. abundance x pathway genes / genome total genes). DESCRIPTIVE ONLY (n=1 pooled per group; no statistical inference).
map05212	Pancreatic cancer	KEGG_GENOME	0.0	5.570140038890719e-06	-2.7159241211199094	0	3		Cupriavidus necator (3.90e-06); Cupriavidus plantarum (1.11e-06); Cupriavidus yeoncheonensis (5.57e-07)	Genome-resolved functional index: sum over taxa of (pool rel. abundance x pathway genes / genome total genes). DESCRIPTIVE ONLY (n=1 pooled per group; no statistical inference).
map05215	Prostate cancer	KEGG_GENOME	0.0001476727148522003	0.0003130870942076532	-1.079024762887143	69	97	Klebsiella variicola (1.72e-05); Flavobacterium jumunjinense (1.28e-05); Pectobacterium cacticida (1.19e-05); Arcticibacterium luteifluviistationis (9.68e-06); Pseudoalteromonas phenolica (8.02e-06)	Moraxella osloensis (5.68e-05); Exiguobacterium aestuarii (2.19e-05); Flavobacterium haoranii (2.01e-05); Pseudomonas oryzihabitans (1.34e-05); Pectobacterium cacticida (1.03e-05)	Genome-resolved functional index: sum over taxa of (pool rel. abundance x pathway genes / genome total genes). DESCRIPTIVE ONLY (n=1 pooled per group; no statistical inference).
map05217	Basal cell carcinoma	KEGG_GENOME	0.0	4.478625312831978e-06	-2.4538139400550274	0	1		Lysobacter brunescens (4.48e-06)	Genome-resolved functional index: sum over taxa of (pool rel. abundance x pathway genes / genome total genes). DESCRIPTIVE ONLY (n=1 pooled per group; no statistical inference).
map05219	Bladder cancer	KEGG_GENOME	7.136158898202741e-05	0.00027842009518661497	-1.9491397860190236	45	47	Klebsiella variicola (1.72e-05); Citrobacter koseri (7.25e-06); Ralstonia pickettii (2.71e-06); Leclercia pneumoniae (2.48e-06); Erwinia piriflorinigrans (2.28e-06)	Cutibacterium acnes (1.30e-04); Massilia arenae (1.57e-05); Pseudomonas oryzihabitans (1.34e-05); Cutibacterium namnetense (1.28e-05); Massilia terrae (1.14e-05)	Genome-resolved functional index: sum over taxa of (pool rel. abundance x pathway genes / genome total genes). DESCRIPTIVE ONLY (n=1 pooled per group; no statistical inference).
map05222	Small cell lung cancer	KEGG_GENOME	0.00013945614608336634	0.0003772016974782905	-1.4290360832042934	28	64	Arcticibacterium luteifluviistationis (2.90e-05); Emticicia soli (1.58e-05); Flavobacterium jumunjinense (1.28e-05); Ruegeria pomeroyi (1.05e-05); Pseudoalteromonas phenolica (8.02e-06)	Massilia arenae (5.48e-05); Massilia terrae (3.99e-05); Massilia niastensis (2.99e-05); Flavobacterium haoranii (2.01e-05); Massilia agri (1.99e-05)	Genome-resolved functional index: sum over taxa of (pool rel. abundance x pathway genes / genome total genes). DESCRIPTIVE ONLY (n=1 pooled per group; no statistical inference).
map05225	Hepatocellular carcinoma	KEGG_GENOME	0.000603061845564601	0.00169499558341265	-1.4893642435113745	62	90	Klebsiella variicola (1.37e-04); Pseudoalteromonas phenolica (4.81e-05); Pectobacterium cacticida (3.57e-05); Citrobacter koseri (2.90e-05); Ruegeria pomeroyi (2.24e-05)	Pseudomonas oryzihabitans (1.47e-04); Pseudomonas azotoformans (8.58e-05); Massilia arenae (7.83e-05); Roseibium sediminis (7.14e-05); Pseudomonas alkylphenolica (6.57e-05)	Genome-resolved functional index: sum over taxa of (pool rel. abundance x pathway genes / genome total genes). DESCRIPTIVE ONLY (n=1 pooled per group; no statistical inference).
map05230	Central carbon metabolism in cancer	KEGG_GENOME	0.0010121874794856542	0.0031430871658276716	-1.6337400609426318	79	111	Klebsiella variicola (1.55e-04); Pectobacterium cacticida (7.14e-05); Citrobacter koseri (6.53e-05); Flavobacterium jumunjinense (6.39e-05); Arcticibacterium luteifluviistationis (5.81e-05)	Cutibacterium acnes (1.17e-03); Exiguobacterium aestuarii (1.97e-04); Cutibacterium namnetense (1.15e-04); Moraxella osloensis (1.14e-04); Flavobacterium haoranii (1.01e-04)	Genome-resolved functional index: sum over taxa of (pool rel. abundance x pathway genes / genome total genes). DESCRIPTIVE ONLY (n=1 pooled per group; no statistical inference).
map05231	Choline metabolism in cancer	KEGG_GENOME	0.000135332225662142	0.00022686670335384662	-0.7410635076767886	61	92	Klebsiella variicola (1.72e-05); Flavobacterium jumunjinense (1.28e-05); Pectobacterium cacticida (1.19e-05); Arcticibacterium luteifluviistationis (9.68e-06); Citrobacter koseri (7.25e-06)	Flavobacterium haoranii (2.01e-05); Pseudomonas oryzihabitans (1.34e-05); Stutzerimonas stutzeri (1.33e-05); Pectobacterium cacticida (1.03e-05); Pseudomonas marincola (8.79e-06)	Genome-resolved functional index: sum over taxa of (pool rel. abundance x pathway genes / genome total genes). DESCRIPTIVE ONLY (n=1 pooled per group; no statistical inference).
map05322	Systemic lupus erythematosus	KEGG_GENOME	4.556190081474855e-06	1.4597606328678605e-05	-1.489156783330965	2	3	Mariniblastus fucicola (3.06e-06); Ruegeria pomeroyi (1.49e-06)	Mariniblastus fucicola (1.28e-05); Limnoglobus roseus (8.74e-07); Gemmata massiliana (8.74e-07)	Genome-resolved functional index: sum over taxa of (pool rel. abundance x pathway genes / genome total genes). DESCRIPTIVE ONLY (n=1 pooled per group; no statistical inference).
map05323	Rheumatoid arthritis	KEGG_GENOME	2.1336159020533873e-05	1.048026879793413e-06	3.4470745622978853	6	1	Arcticibacterium luteifluviistationis (9.68e-06); Pseudoalteromonas phenolica (8.02e-06); Mucilaginibacter koreensis (9.99e-07); Pseudoalteromonas xiamenensis (9.67e-07); Thalassotalea marina (9.21e-07)	Mucilaginibacter koreensis (1.05e-06)	Genome-resolved functional index: sum over taxa of (pool rel. abundance x pathway genes / genome total genes). DESCRIPTIVE ONLY (n=1 pooled per group; no statistical inference).
map05340	Primary immunodeficiency	KEGG_GENOME	0.00023889188655393123	0.0007040126182460422	-1.5552647142643454	78	106	Klebsiella variicola (3.43e-05); Pseudoalteromonas phenolica (1.60e-05); Citrobacter koseri (1.45e-05); Flavobacterium jumunjinense (1.28e-05); Pectobacterium cacticida (1.19e-05)	Cutibacterium acnes (2.59e-04); Moraxella osloensis (5.68e-05); Cutibacterium namnetense (2.56e-05); Massilia arenae (2.35e-05); Exiguobacterium aestuarii (2.19e-05)	Genome-resolved functional index: sum over taxa of (pool rel. abundance x pathway genes / genome total genes). DESCRIPTIVE ONLY (n=1 pooled per group; no statistical inference).
map05410	Hypertrophic cardiomyopathy	KEGG_GENOME	1.3533158167057502e-05	3.50807968936105e-05	-1.3118829570637776	7	15	Pseudoalteromonas phenolica (8.02e-06); Pelagerythrobacter marensis (1.21e-06); Pontibacter roseus (1.01e-06); Thalassotalea marina (9.21e-07); Sphingomonas koreensis (8.34e-07)	Massilia arenae (7.83e-06); Massilia terrae (5.69e-06); Lysobacter brunescens (4.48e-06); Massilia niastensis (4.27e-06); Massilia agri (2.85e-06)	Genome-resolved functional index: sum over taxa of (pool rel. abundance x pathway genes / genome total genes). DESCRIPTIVE ONLY (n=1 pooled per group; no statistical inference).
map05415	Diabetic cardiomyopathy	KEGG_GENOME	0.0010082713914752602	0.0028477706497190727	-1.4970253120902963	79	111	Klebsiella variicola (1.03e-04); Flavobacterium jumunjinense (7.67e-05); Pseudoalteromonas phenolica (7.22e-05); Citrobacter koseri (6.53e-05); Arcticibacterium luteifluviistationis (4.84e-05)	Moraxella osloensis (3.98e-04); Cutibacterium acnes (3.89e-04); Pseudomonas oryzihabitans (1.34e-04); Flavobacterium haoranii (1.21e-04); Exiguobacterium aestuarii (1.10e-04)	Genome-resolved functional index: sum over taxa of (pool rel. abundance x pathway genes / genome total genes). DESCRIPTIVE ONLY (n=1 pooled per group; no statistical inference).
map05416	Viral myocarditis	KEGG_GENOME	0.00013945614608336634	0.0003772016974782905	-1.4290360832042934	28	64	Arcticibacterium luteifluviistationis (2.90e-05); Emticicia soli (1.58e-05); Flavobacterium jumunjinense (1.28e-05); Ruegeria pomeroyi (1.05e-05); Pseudoalteromonas phenolica (8.02e-06)	Massilia arenae (5.48e-05); Massilia terrae (3.99e-05); Massilia niastensis (2.99e-05); Flavobacterium haoranii (2.01e-05); Massilia agri (1.99e-05)	Genome-resolved functional index: sum over taxa of (pool rel. abundance x pathway genes / genome total genes). DESCRIPTIVE ONLY (n=1 pooled per group; no statistical inference).
map05417	Lipid and atherosclerosis	KEGG_GENOME	0.0006917585419745751	0.0019234884920350068	-1.4740505443112095	79	111	Klebsiella variicola (6.87e-05); Arcticibacterium luteifluviistationis (5.81e-05); Flavobacterium jumunjinense (5.11e-05); Pseudoalteromonas phenolica (4.01e-05); Pectobacterium cacticida (3.57e-05)	Cutibacterium acnes (3.89e-04); Moraxella osloensis (1.70e-04); Flavobacterium haoranii (8.04e-05); Massilia arenae (7.83e-05); Exiguobacterium aestuarii (6.58e-05)	Genome-resolved functional index: sum over taxa of (pool rel. abundance x pathway genes / genome total genes). DESCRIPTIVE ONLY (n=1 pooled per group; no statistical inference).
map05418	Fluid shear stress and atherosclerosis	KEGG_GENOME	0.001239477212009541	0.003397893115228035	-1.4541697615826086	79	111	Klebsiella variicola (1.89e-04); Arcticibacterium luteifluviistationis (8.71e-05); Pectobacterium cacticida (8.33e-05); Pseudoalteromonas phenolica (8.02e-05); Flavobacterium jumunjinense (6.39e-05)	Cutibacterium acnes (3.89e-04); Moraxella osloensis (2.27e-04); Pseudomonas oryzihabitans (2.00e-04); Massilia arenae (1.17e-04); Pseudomonas azotoformans (1.07e-04)	Genome-resolved functional index: sum over taxa of (pool rel. abundance x pathway genes / genome total genes). DESCRIPTIVE ONLY (n=1 pooled per group; no statistical inference).
