ID	Description	setSize	enrichmentScore	NES	pvalue	p.adjust	qvalue	rank	leading_edge	core_enrichment
GO:0006281	GO:0006281	186	0.482275706381535	1.67723673980604	1e-10	7.52e-08	6.46842105263158e-08	6958	tags=68%, list=39%, signal=42%	JP355071.1/XM_067097296.1/XM_067090001.1/XM_067122998.1/XM_067090047.1/XM_067121470.1/XM_067090217.1/XM_067096167.1/XM_067084984.1/XM_067109297.1/XM_067126713.1/XM_067098411.1/XM_067106363.1/XM_067119871.1/XM_067108782.1/XM_067103922.1/XM_067096127.1/JP353024.1/XM_067122441.1/XM_067106274.1/XM_067127455.1/XM_067128079.1/XM_067116511.1/XM_067117106.1/XM_067106721.1/XM_067081159.1/XM_067119254.1/XM_067125488.1/XM_067113608.1/XM_067123535.1/XM_067090416.1/XM_067098243.1/XM_067134507.1/XM_067103478.1/XM_067103159.1/XM_067095973.1/XM_067084177.1/XM_067092678.1/XM_067132648.1/XM_067111873.1/XM_067110195.1/XM_067123528.1/XM_067109295.1/XM_067090216.1/XM_067110761.1/XM_067124663.1/XM_067094335.1/XM_067116494.1/XM_067092311.1/XM_067119872.1/XM_067097734.1/XM_067099073.1/XM_067093925.1/XM_067085704.1/XM_067098396.1/XM_067127606.1/XM_067100490.1/XM_067111269.1/XM_067104156.1/XM_067111875.1/XM_067125964.1/XM_067116704.1/XM_067123783.1/XM_067112568.1/XM_067097313.1/XM_067087105.1/XM_067116868.1/XM_067133971.1/XM_067085213.1/XM_067108506.1/XM_067127456.1/XM_067119582.1/XM_067108308.1/XM_067134414.1/XM_067122440.1/XM_067120293.1/GH625611.1/XM_067119734.1/XM_067083793.1/XM_067122120.1/XM_067114381.1/JP355213.1/JP354577.1/XM_067088876.1/XM_067107561.1/XM_067121194.1/XM_067101426.1/XM_067083270.1/GH624168.1/XM_067100267.1/XM_067134150.1/XM_067092317.1/XM_067096055.1/XM_067084341.1/XM_067127459.1/XM_067107860.1/XM_067085722.1/XM_067115287.1/XM_067123536.1/XM_067106553.1/XM_067128557.1/XM_067082973.1/XM_067127123.1/XM_067111208.1/XM_067107656.1/XM_067108780.1/XM_067115369.1/XM_067107681.1/XM_067134061.1/XM_067116582.1/XM_067134415.1/XM_067132074.1/XM_067081805.1/XM_067115635.1/XM_067126954.1/XM_067133161.1/XM_067096056.1/XM_067116315.1/XM_067134206.1/XM_067091223.1/XM_067093638.1/XM_067129902.1/XM_067111874.1/XM_067108819.1/XM_067083276.1/XM_067133688.1/XM_067088867.1
GO:0045893	GO:0045893	326	0.450413286001201	1.59063771318634	1e-10	7.52e-08	6.46842105263158e-08	7526	tags=66%, list=42%, signal=39%	XM_067111882.1/XM_067096737.1/XM_067114877.1/XM_067111881.1/XM_067113128.1/XM_067110271.1/XM_067090526.1/XM_067093849.1/XM_067124645.1/XM_067119631.1/XM_067087864.1/XM_067111886.1/JP353553.1/XM_067100548.1/XM_067133299.1/XM_067126390.1/XM_067111884.1/XM_067095217.1/XM_067126394.1/XM_067114851.1/XM_067126384.1/XM_067114844.1/XM_067085919.1/XM_067114521.1/XM_067112577.1/XM_067121272.1/XM_067100817.1/XM_067090525.1/XM_067120619.1/JP354429.1/XM_067128530.1/XM_067115512.1/XM_067114507.1/XM_067120818.1/XM_067108554.1/XM_067095876.1/XM_067129848.1/XM_067126397.1/XM_067107893.1/XM_067092850.1/XM_067120815.1/XM_067114868.1/XM_067118590.1/XM_067096739.1/XM_067119797.1/XM_067108588.1/XM_067114872.1/XM_067128537.1/XM_067096988.1/JP353831.1/XM_067133298.1/XM_067114226.1/XM_067111441.1/XM_067120998.1/XM_067093657.1/XM_067128561.1/XM_067109283.1/XM_067082216.1/XM_067108556.1/XM_067086227.1/XM_067114879.1/XM_067114540.1/XM_067083472.1/XM_067108584.1/XM_067123535.1/XM_067108390.1/XM_067092752.1/XM_067115017.1/XM_067114508.1/XM_067115177.1/XM_067114884.1/XM_067134263.1/XM_067092167.1/XM_067114878.1/XM_067082583.1/XM_067120817.1/XM_067112576.1/XM_067106454.1/XM_067133314.1/XM_067114881.1/XM_067114827.1/XM_067114811.1/XM_067105816.1/XM_067094880.1/XM_067124646.1/XM_067114858.1/XM_067092311.1/JP354480.1/XM_067100818.1/XM_067126406.1/XM_067113687.1/XM_067120607.1/XM_067083465.1/XM_067090682.1/XM_067081637.1/JP354889.1/XM_067120859.1/XM_067108611.1/XM_067097722.1/XM_067093925.1/XM_067119333.1/XM_067130335.1/XM_067114522.1/XM_067125849.1/XM_067109009.1/XM_067114550.1/XM_067115906.1/XM_067111101.1/XM_067104156.1/XM_067130275.1/XM_067106149.1/XM_067126380.1/XM_067124659.1/XM_067111875.1/XM_067124641.1/XM_067096594.1/XM_067124634.1/XM_067112557.1/XM_067088166.1/XM_067093565.1/XM_067100101.1/XM_067116765.1/XM_067108592.1/XM_067126392.1/XM_067082582.1/XM_067114407.1/XM_067116482.1/XM_067109940.1/XM_067114526.1/XM_067106561.1/XM_067132960.1/XM_067092770.1/XM_067081459.1/XM_067098746.1/XM_067104846.1/XM_067126391.1/XM_067129840.1/XM_067085552.1/XM_067085922.1/XM_067095546.1/XM_067131895.1/XM_067093542.1/XM_067124660.1/XM_067110890.1/XM_067125902.1/XM_067108567.1/JP354577.1/XM_067100505.1/JP355704.1/XM_067091358.1/XM_067104152.1/XM_067104067.1/XM_067108594.1/XM_067108569.1/XM_067087344.1/XM_067108553.1/XM_067132651.1/XM_067109019.1/XM_067104524.1/XM_067113302.1/XM_067104882.1/XM_067100504.1/XM_067114874.1/XM_067092317.1/XM_067111443.1/XM_067133318.1/XM_067111438.1/XM_067091378.1/XM_067107860.1/XM_067125449.1/XM_067115016.1/XM_067108619.1/XM_067123536.1/XM_067130100.1/XM_067091447.1/XM_067114313.1/XM_067095501.1/JP353423.1/XM_067100816.1/XM_067100502.1/XM_067116335.1/XM_067130961.1/XM_067109855.1/XM_067131896.1/XM_067089472.1/XM_067115635.1/XM_067097553.1/XM_067106456.1/XM_067109282.1/XM_067114833.1/XM_067120858.1/XM_067090679.1/XM_067110889.1/XM_067115443.1/XM_067104883.1/XM_067111874.1/XM_067111880.1/XM_067118320.1/XM_067111434.1/XM_067088867.1/XM_067100549.1/XM_067113389.1/XM_067081400.1/XM_067095947.1/XM_067133331.1/XM_067104154.1/XM_067114529.1/XM_067130820.1/XM_067098107.1/XM_067104047.1/XM_067099371.1/XM_067109798.1/XM_067134410.1/XM_067082212.1
GO:0006355	GO:0006355	264	0.436891285501045	1.53470226220065	7.4797360581856e-10	3.74984101050372e-07	3.22547214579302e-07	7307	tags=62%, list=41%, signal=38%	JP355071.1/XM_067114877.1/XM_067113128.1/XM_067110271.1/XM_067093953.1/XM_067114460.1/XM_067119631.1/XM_067108953.1/XM_067133299.1/XM_067104569.1/XM_067132838.1/XM_067094268.1/XM_067113869.1/XM_067114851.1/XM_067114558.1/XM_067111546.1/XM_067081591.1/XM_067125450.1/XM_067108954.1/XM_067114844.1/XM_067085919.1/XM_067090976.1/XM_067121272.1/XM_067100817.1/XM_067108782.1/XM_067089712.1/XM_067129848.1/XM_067107638.1/XM_067114868.1/XM_067114872.1/XM_067129758.1/XM_067114657.1/XM_067133298.1/XM_067114465.1/XM_067084528.1/XM_067093545.1/XM_067081589.1/XM_067134044.1/XM_067127208.1/XM_067095264.1/XM_067116336.1/XM_067112731.1/XM_067114457.1/XM_067085676.1/XM_067114879.1/XM_067118278.1/XM_067096580.1/XM_067112734.1/XM_067092752.1/XM_067115017.1/XM_067093891.1/XM_067114884.1/XM_067134263.1/XM_067116339.1/XM_067114878.1/XM_067082583.1/XM_067120513.1/XM_067117672.1/XM_067128354.1/XM_067087147.1/XM_067133314.1/XM_067114881.1/XM_067114827.1/XM_067114811.1/XM_067082608.1/XM_067124663.1/XM_067114858.1/XM_067100818.1/XM_067090682.1/XM_067081637.1/JP354889.1/XM_067097722.1/XM_067087245.1/XM_067130335.1/XM_067109009.1/XM_067081250.1/XM_067123311.1/XM_067120158.1/XM_067106666.1/XM_067093546.1/XM_067096594.1/XM_067112557.1/XM_067088166.1/XM_067120822.1/XM_067117466.1/XM_067093565.1/XM_067132504.1/XM_067082582.1/XM_067111355.1/XM_067113878.1/XM_067082912.1/XM_067116338.1/XM_067092770.1/XM_067081585.1/XM_067081584.1/XM_067081582.1/XM_067108063.1/XM_067107643.1/XM_067129840.1/XM_067085552.1/XM_067085922.1/XM_067096890.1/JP354187.1/XM_067132885.1/XM_067103643.1/XM_067093542.1/XM_067113872.1/XM_067087114.1/XM_067091358.1/XM_067104152.1/XM_067101348.1/XM_067123433.1/XM_067104067.1/XM_067095263.1/XM_067090968.1/XM_067099525.1/XM_067104398.1/XM_067121038.1/XM_067087344.1/XM_067109019.1/XM_067087249.1/XM_067104524.1/XM_067113302.1/XM_067114874.1/XM_067125451.1/XM_067115140.1/XM_067133318.1/XM_067093547.1/XM_067082913.1/XM_067086028.1/XM_067085722.1/XM_067115016.1/XM_067116340.1/XM_067095985.1/XM_067106553.1/XM_067081587.1/XM_067095501.1/XM_067100816.1/XM_067108780.1/XM_067085968.1/XM_067095136.1/XM_067108958.1/XM_067116342.1/XM_067123913.1/XM_067132074.1/XM_067124439.1/XM_067110400.1/XM_067093887.1/XM_067116343.1/XM_067114833.1/XM_067131653.1/XM_067090679.1/XM_067115443.1/XM_067123313.1/XM_067129902.1/XM_067099997.1/XM_067127198.1/XM_067133688.1/XM_067113389.1/XM_067081400.1/XM_067085786.1/XM_067133331.1/XM_067104154.1/XM_067119775.1/XM_067081593.1
GO:0015074	GO:0015074	13	0.8867319307131	2.31073647179699	1.12275667246345e-09	4.22156508846258e-07	3.63123144857259e-07	386	tags=69%, list=2%, signal=68%	XM_067097296.1/XM_067090001.1/XM_067122998.1/XM_067090047.1/XM_067081257.1/XM_067096167.1/XM_067084984.1/XM_067109297.1/XM_067126713.1
GO:0032722	GO:0032722	17	-0.815989777209845	-3.47680159244082	2.97765409743976e-09	8.9567835250988e-07	7.70428818053362e-07	3330	tags=100%, list=18%, signal=82%	XM_067081318.1/XM_067086720.1/XM_067081317.1/XM_067107899.1/XM_067107897.1/LT574899.1/XM_067107902.1/XM_067107903.1/XM_067107937.1/XM_067086716.1/XM_067107901.1/JP351928.1/XM_067107896.1/XM_067081316.1/XM_067086719.1/XM_067126570.1
GO:0045892	GO:0045892	237	0.434405122553246	1.51930570465302	2.45319968430562e-08	6.14935387532609e-06	5.28944282809054e-06	7624	tags=62%, list=42%, signal=37%	XM_067111882.1/XM_067096737.1/XM_067111881.1/XM_067123274.1/XM_067124645.1/XM_067111886.1/XM_067097841.1/XM_067126390.1/XM_067111884.1/XM_067126394.1/GH625442.1/XM_067126384.1/XM_067133608.1/XM_067114521.1/XM_067112577.1/XM_067094692.1/XM_067108782.1/XM_067120619.1/XM_067133172.1/XM_067123304.1/XM_067128530.1/XM_067115512.1/XM_067087133.1/XM_067114507.1/XM_067089712.1/XM_067108554.1/XM_067126397.1/XM_067107638.1/XM_067107893.1/XM_067092850.1/XM_067096739.1/XM_067119797.1/XM_067108588.1/JP353024.1/XM_067128537.1/XM_067085256.1/XM_067096988.1/XM_067111441.1/XM_067128561.1/XM_067093545.1/XM_067109283.1/XM_067127208.1/XM_067106590.1/XM_067108556.1/XM_067114540.1/XM_067084567.1/XM_067083472.1/XM_067108584.1/XM_067095215.1/XM_067122098.1/XM_067123278.1/XM_067114508.1/XM_067133183.1/XM_067112576.1/XM_067087132.1/XM_067110651.1/XM_067124646.1/JP354480.1/XM_067126406.1/XM_067113687.1/XM_067120607.1/XM_067083465.1/XM_067134675.1/XM_067120859.1/XM_067097916.1/XM_067108611.1/XM_067114522.1/XM_067125849.1/XM_067087131.1/XM_067114550.1/XM_067126380.1/XM_067093546.1/XM_067124659.1/XM_067124641.1/XM_067124634.1/XM_067120822.1/XM_067093565.1/XM_067108592.1/XM_067099356.1/XM_067126392.1/XM_067095139.1/XM_067113372.1/XM_067109940.1/XM_067114526.1/XM_067106561.1/XM_067133897.1/XM_067126391.1/XM_067116729.1/XM_067096890.1/XM_067124660.1/XM_067118968.1/XM_067110890.1/XM_067084515.1/XM_067108567.1/XM_067095854.1/XM_067109672.1/XM_067091358.1/XM_067123433.1/XM_067118192.1/XM_067108594.1/XM_067113361.1/XM_067108569.1/XM_067087596.1/XM_067097821.1/XM_067108553.1/XM_067109019.1/XM_067092535.1/XM_067111443.1/XM_067091698.1/XM_067111438.1/XM_067093547.1/XM_067087597.1/XM_067097844.1/XM_067108619.1/XM_067091447.1/XM_067114313.1/XM_067095501.1/XM_067108780.1/XM_067116335.1/XM_067124071.1/XM_067092517.1/XM_067110415.1/XM_067095140.1/XM_067096844.1/XM_067106456.1/XM_067109282.1/XM_067120858.1/XM_067110889.1/XM_067097911.1/XM_067115443.1/XM_067128377.1/XM_067128387.1/XM_067111880.1/XM_067118320.1/XM_067111434.1/XM_067129331.1/XM_067128378.1/XM_067085532.1/XM_067081400.1/XM_067128285.1/XM_067114529.1/XM_067099371.1/XM_067109668.1/XM_067134410.1/XM_067106384.1/XM_067100202.1/XM_067114523.1/XM_067115513.1
GO:0001523	GO:0001523	21	-0.724244148855744	-3.37839072021684	2.89733596866263e-08	6.22513328124086e-06	5.35462542178403e-06	3785	tags=86%, list=21%, signal=68%	XM_067127925.1/XM_067127930.1/XM_067097665.1/XM_067087971.1/XM_067115531.1/XM_067087969.1/XM_067121380.1/XM_067126527.1/XM_067127929.1/XM_067082099.1/XM_067129341.1/XM_067087970.1/XM_067101485.1/XM_067127921.1/XM_067087968.1/XM_067101487.1/XM_067087972.1/XM_067093108.1
GO:0006082	GO:0006082	29	-0.588496456386012	-3.1701420874681	1.08383212299523e-07	1.89616240141898e-05	1.63100755273231e-05	4321	tags=90%, list=24%, signal=68%	XM_067125196.1/XM_067121359.1/XM_067083746.1/XM_067120968.1/XM_067097665.1/XM_067131885.1/XM_067125547.1/XM_067125541.1/XM_067125546.1/XM_067122797.1/XM_067086055.1/XM_067125540.1/XM_067125542.1/XM_067123442.1/JK649888.1/XM_067110334.1/XM_067131861.1/XM_067131970.1/XM_067110335.1/XM_067125544.1/XM_067131870.1/XM_067123441.1/XM_067083896.1/XM_067083923.1/XM_067125543.1/XM_067118334.1
GO:0030574	GO:0030574	21	-0.702233636311193	-3.27571800764442	1.13467164978529e-07	1.89616240141898e-05	1.63100755273231e-05	2500	tags=62%, list=14%, signal=53%	XM_067129481.1/XM_067112480.1/XM_067119584.1/XM_067124851.1/EL609040.1/XM_067133778.1/XM_067123294.1/JP354804.1/XM_067123295.1/XM_067123297.1/XM_067123302.1/XM_067123300.1/XM_067116229.1
GO:0000398	GO:0000398	199	0.442145341483128	1.54010293241217	1.29624454439372e-07	1.94955179476816e-05	1.67693110006304e-05	8313	tags=70%, list=46%, signal=38%	XM_067129992.1/JP353236.1/XM_067121942.1/XM_067093849.1/XM_067087091.1/XM_067118908.1/XM_067132497.1/JP355037.1/XM_067119133.1/XM_067127888.1/XM_067085525.1/XM_067098999.1/XM_067130496.1/XM_067117646.1/XM_067115023.1/XM_067113320.1/XM_067094165.1/XM_067082709.1/XM_067110450.1/XM_067120998.1/XM_067116099.1/XM_067132436.1/XM_067082002.1/XM_067084559.1/XM_067131848.1/XM_067132500.1/XM_067103159.1/XM_067118303.1/XM_067106360.1/XM_067093937.1/XM_067110460.1/XM_067088168.1/XM_067128294.1/XM_067120315.1/XM_067125523.1/XM_067134042.1/XM_067116411.1/XM_067117848.1/XM_067123311.1/XM_067088184.1/XM_067121296.1/XM_067121626.1/XM_067102677.1/XM_067119678.1/XM_067116100.1/XM_067110174.1/XM_067104814.1/XM_067117335.1/XM_067120328.1/XM_067098896.1/XM_067116098.1/XM_067120846.1/XM_067112074.1/XM_067082000.1/GH625611.1/XM_067110458.1/XM_067115997.1/XM_067132437.1/XM_067088967.1/XM_067097767.1/XM_067127774.1/XM_067113319.1/XM_067106361.1/XM_067098887.1/XM_067116761.1/XM_067108427.1/XM_067102603.1/XM_067095131.1/XM_067110456.1/XM_067102153.1/XM_067103699.1/XM_067121237.1/XM_067103287.1/XM_067124114.1/XM_067095133.1/XM_067134485.1/XM_067104589.1/XM_067086975.1/JP354730.1/XM_067086639.1/XM_067081802.1/XM_067105875.1/XM_067099769.1/XM_067086974.1/XM_067088169.1/XM_067126343.1/XM_067128557.1/XM_067093312.1/XM_067113321.1/XM_067104509.1/XM_067101621.1/XM_067111204.1/XM_067096281.1/XM_067114721.1/XM_067099990.1/XM_067134533.1/XM_067115538.1/XM_067101125.1/XM_067115537.1/XM_067129448.1/XM_067111967.1/XM_067109914.1/XM_067126954.1/XM_067104504.1/XM_067116487.1/XM_067132630.1/XM_067110365.1/XM_067108002.1/XM_067123313.1/XM_067123423.1/XM_067116545.1/XM_067110459.1/XM_067098998.1/XM_067090694.1/XM_067103380.1/XM_067096069.1/XM_067082003.1/XM_067094157.1/XM_067090771.1/XM_067090769.1/XM_067090770.1/XM_067103183.1/XM_067117337.1/XM_067103702.1/XM_067084259.1/XM_067112205.1/XM_067081496.1/XM_067098459.1/XM_067082619.1/XM_067083124.1/JP355387.1/XM_067100160.1/XM_067081494.1/XM_067132567.1/XM_067090927.1/XM_067105876.1/XM_067110457.1/XM_067129557.1/XM_067090690.1
GO:0006032	GO:0006032	34	-0.50074367464896	-2.99880773399717	5.05043149144959e-07	6.90531723921834e-05	5.93969406984837e-05	2860	tags=68%, list=16%, signal=57%	XM_067118234.1/XM_067081318.1/XM_067081317.1/XM_067107899.1/XM_067107897.1/XM_067127177.1/XM_067093907.1/LT574899.1/XM_067121147.1/XM_067107902.1/XM_067107900.1/XM_067107903.1/XM_067121060.1/XM_067108215.1/XM_067107901.1/XM_067107896.1/XM_067126962.1/XM_067112956.1/XM_067093909.1/XM_067126960.1/XM_067126961.1/XM_067081316.1/XM_067126570.1
GO:0006338	GO:0006338	175	0.445938326061618	1.54660282198281	5.66202039788878e-07	7.09639889868727e-05	6.10405532368887e-05	8160	tags=70%, list=45%, signal=39%	XM_067096737.1/XM_067119631.1/XM_067107306.1/XM_067081591.1/XM_067125450.1/XM_067129321.1/XM_067108782.1/XM_067097012.1/XM_067120818.1/XM_067120815.1/XM_067096739.1/JP353024.1/XM_067082053.1/XM_067114226.1/XM_067081589.1/XM_067085676.1/XM_067125488.1/XM_067096580.1/XM_067123535.1/XM_067111786.1/XM_067099509.1/XM_067111783.1/XM_067115177.1/XM_067134263.1/AF221096.1/XM_067120817.1/XM_067132834.1/XM_067113807.1/XM_067128354.1/XM_067101813.1/XM_067082608.1/XM_067094880.1/XM_067092311.1/XM_067120607.1/XM_067084318.1/XM_067103577.1/XM_067101814.1/XM_067133785.1/XM_067120859.1/XM_067129958.1/XM_067084302.1/XM_067097722.1/XM_067124623.1/XM_067098091.1/XM_067104156.1/XM_067111875.1/XM_067088166.1/XM_067117466.1/XM_067129172.1/EL609684.1/JP355629.1/XM_067088091.1/XM_067113372.1/XM_067114407.1/XM_067111780.1/XM_067116868.1/XM_067101812.1/XM_067081585.1/XM_067081584.1/XM_067081582.1/XM_067095546.1/XM_067131895.1/JP354187.1/XM_067125902.1/XM_067087114.1/JP354577.1/XM_067104067.1/XM_067112746.1/XM_067111787.1/XM_067099525.1/XM_067113361.1/XM_067087596.1/XM_067098089.1/XM_067104524.1/XM_067104882.1/XM_067112015.1/XM_067092317.1/XM_067125451.1/XM_067103578.1/XM_067087597.1/XM_067111779.1/XM_067123536.1/XM_067106553.1/XM_067081587.1/XM_067134477.1/XM_067085492.1/XM_067089021.1/XM_067108780.1/XM_067125534.1/XM_067103575.1/XM_067131896.1/XM_067121295.1/XM_067115635.1/XM_067097995.1/XM_067120858.1/XM_067131653.1/XM_067134206.1/XM_067115443.1/XM_067104883.1/XM_067129902.1/XM_067128377.1/XM_067111874.1/XM_067128387.1/XM_067133688.1/XM_067128378.1/XM_067090367.1/XM_067081400.1/XM_067095947.1/XM_067134187.1/XM_067081593.1/XM_067106384.1/XM_067100202.1/XM_067099531.1/XM_067106694.1/XM_067081581.1/XM_067124622.1/XM_067107647.1/XM_067115454.1/XM_067115435.1/XM_067105023.1/XM_067113808.1/XM_067081583.1/XM_067105022.1
GO:0002532	GO:0002532	11	-0.847486809219661	-3.04261386134125	9.51312615077178e-07	0.000110059551775083	9.46690853384495e-05	2758	tags=100%, list=15%, signal=85%	XM_067081317.1/XM_067107899.1/XM_067107897.1/LT574899.1/XM_067107902.1/XM_067107903.1/XM_067107901.1/XM_067107896.1/XM_067081316.1/XM_067126570.1
GO:0006302	GO:0006302	62	0.542248715942321	1.76341438429536	1.03739446251259e-06	0.000111445805115638	9.58614883028547e-05	6662	tags=77%, list=37%, signal=49%	XM_067083174.1/XM_067094164.1/XM_067119871.1/XM_067116949.1/XM_067102442.1/XM_067083173.1/XM_067102444.1/XM_067082775.1/XM_067102441.1/XM_067107383.1/XM_067082957.1/XM_067082774.1/XM_067106274.1/XM_067083175.1/XM_067119254.1/XM_067081290.1/XM_067111786.1/XM_067111783.1/XM_067107025.1/XM_067122098.1/XM_067119872.1/XM_067093552.1/JP354889.1/XM_067094739.1/XM_067093925.1/XM_067109009.1/XM_067111780.1/XM_067108308.1/XM_067091241.1/XM_067093551.1/XM_067116281.1/XM_067093542.1/XM_067102128.1/XM_067106701.1/XM_067111787.1/XM_067082697.1/XM_067088762.1/XM_067111779.1/XM_067101463.1/XM_067093553.1/XM_067082643.1/XM_067107656.1/XM_067116855.1/XM_067082988.1/XM_067116296.1/XM_067082987.1/XM_067127301.1/XM_067091223.1
GO:0000272	GO:0000272	30	-0.532215701054921	-2.91402402349936	1.27492827632887e-06	0.000121691876181205	0.000104674773114992	2758	tags=67%, list=15%, signal=57%	XM_067081318.1/XM_067081317.1/XM_067107899.1/XM_067107897.1/XM_067127177.1/XM_067093907.1/LT574899.1/XM_067107902.1/XM_067107900.1/XM_067107903.1/XM_067108215.1/XM_067107901.1/XM_067107896.1/XM_067126962.1/XM_067112956.1/XM_067093909.1/XM_067126960.1/XM_067126961.1/XM_067081316.1/XM_067126570.1
GO:0032543	GO:0032543	70	0.528524534955555	1.73293953334948	1.29459442745963e-06	0.000121691876181205	0.000104674773114992	6548	tags=77%, list=36%, signal=49%	EL695758.1/XM_067131636.1/XM_067117143.1/XM_067099102.1/XM_067103338.1/XM_067081662.1/XM_067105589.1/XM_067133171.1/XM_067093084.1/XM_067124857.1/XM_067091198.1/XM_067103039.1/XM_067098150.1/XM_067108081.1/XM_067097624.1/XM_067083529.1/XM_067101881.1/XM_067091810.1/XM_067111389.1/XM_067091774.1/XM_067091967.1/XM_067098151.1/JP354463.1/XM_067110307.1/JP354791.1/XM_067126989.1/XM_067093564.1/XM_067091783.1/XM_067134249.1/XM_067128105.1/XM_067092132.1/XM_067130275.1/XM_067091820.1/XM_067082093.1/JP355282.1/XM_067129862.1/XM_067084409.1/XM_067117908.1/XM_067104492.1/XM_067107669.1/XM_067117013.1/XM_067091308.1/XM_067128102.1/XM_067087620.1/XM_067088181.1/XM_067122759.1/XM_067091080.1/XM_067097800.1/XM_067092131.1/XM_067094305.1/XM_067116111.1/XM_067115536.1/XM_067132291.1/XM_067102163.1
GO:0001700	GO:0001700	81	0.514465536512166	1.70829851626596	1.49885462350839e-06	0.000130831886762635	0.000112536666315284	6916	tags=74%, list=38%, signal=46%	XM_067111882.1/XM_067103218.1/XM_067111881.1/XM_067124645.1/XM_067111886.1/XM_067126390.1/XM_067111884.1/XM_067126394.1/XM_067126384.1/XM_067114521.1/XM_067112577.1/XM_067115512.1/XM_067114507.1/XM_067108554.1/XM_067126397.1/XM_067082957.1/XM_067108588.1/XM_067096988.1/XM_067111441.1/XM_067109283.1/XM_067108556.1/XM_067114540.1/XM_067108584.1/XM_067114508.1/XM_067112576.1/XM_067124646.1/XM_067126406.1/XM_067113687.1/XM_067108611.1/XM_067114522.1/XM_067125849.1/XM_067114550.1/XM_067126380.1/XM_067124659.1/XM_067124641.1/XM_067124634.1/XM_067108592.1/XM_067126392.1/XM_067109940.1/XM_067114526.1/XM_067106561.1/XM_067126391.1/XM_067124660.1/XM_067110890.1/XM_067108567.1/XM_067108594.1/XM_067108569.1/XM_067108553.1/XM_067111443.1/XM_067111438.1/XM_067130233.1/XM_067108619.1/XM_067114313.1/XM_067094951.1/XM_067116335.1/XM_067106456.1/XM_067109282.1/XM_067110889.1/XM_067111880.1/XM_067111434.1
GO:0006364	GO:0006364	88	0.49790251171638	1.66020848840977	1.56580715540387e-06	0.000130831886762635	0.000112536666315284	7189	tags=74%, list=40%, signal=45%	XM_067113447.1/JP351856.1/XM_067133961.1/XM_067089991.1/XM_067089853.1/XM_067132757.1/XM_067119877.1/JP354586.1/XM_067119133.1/XM_067123478.1/XM_067095561.1/XM_067110865.1/XM_067084562.1/XM_067100893.1/XM_067083500.1/XM_067099349.1/XM_067092575.1/XM_067110869.1/XM_067100890.1/XM_067131721.1/XM_067084717.1/XM_067115605.1/XM_067090547.1/XM_067106104.1/XM_067134675.1/XM_067108667.1/XM_067081162.1/XM_067132756.1/JP353071.1/XM_067100891.1/XM_067117254.1/XM_067086345.1/XM_067119953.1/XM_067113519.1/XM_067124230.1/XM_067118968.1/XM_067089415.1/XM_067090515.1/XM_067124837.1/JP351684.1/XM_067085011.1/XM_067129255.1/XM_067105521.1/XM_067085916.1/XM_067123160.1/XM_067105698.1/XM_067091972.1/XM_067124229.1/XM_067086419.1/JP353238.1/XM_067129187.1/XM_067116916.1/XM_067129830.1/XM_067112364.1/XM_067096844.1/XM_067132630.1/JP353033.1/XM_067097963.1/XM_067087894.1/XM_067084077.1/XM_067099067.1/XM_067093582.1/XM_067092405.1/XM_067092393.1/XM_067089357.1
GO:0051301	GO:0051301	224	0.422171850168153	1.47423048878039	2.08086862312601e-06	0.000164717179430606	0.000141683520100934	8649	tags=72%, list=48%, signal=38%	XM_067081649.1/XM_067087334.1/XM_067109793.1/XM_067093174.1/PQ202740.1/XM_067117992.1/XM_067090710.1/XM_067121618.1/XM_067109794.1/XM_067101112.1/XM_067095217.1/XM_067112653.1/XM_067116949.1/XM_067093015.1/XM_067116832.1/XM_067102442.1/XM_067125875.1/XM_067102444.1/XM_067095223.1/XM_067102441.1/XM_067102176.1/XM_067093210.1/XM_067128238.1/XM_067131155.1/XM_067104008.1/XM_067115548.1/XM_067129941.1/XM_067094304.1/XM_067109796.1/XM_067099349.1/XM_067128648.1/XM_067081912.1/XM_067122663.1/XM_067134678.1/XM_067102175.1/XM_067090847.1/XM_067087046.1/XM_067113608.1/XM_067087332.1/XM_067124181.1/XM_067089015.1/JP354932.1/XM_067103478.1/XM_067115091.1/XM_067095754.1/XM_067093132.1/XM_067129940.1/XM_067092092.1/XM_067119463.1/XM_067129298.1/XM_067105283.1/XM_067099956.1/XM_067083969.1/JP354889.1/XM_067083967.1/XM_067116059.1/XM_067093925.1/XM_067109009.1/XM_067121794.1/XM_067111269.1/XM_067094075.1/XM_067102062.1/XM_067088549.1/XM_067109790.1/XM_067083968.1/XM_067108946.1/XM_067114096.1/XM_067082971.1/XM_067129278.1/XM_067134673.1/XM_067110527.1/XM_067104814.1/XM_067108533.1/XM_067116781.1/XM_067117228.1/XM_067128860.1/XM_067090471.1/XM_067131468.1/XM_067109789.1/HQ395226.1/XM_067128510.1/XM_067107152.1/XM_067114341.1/XM_067104007.1/XM_067133924.1/XM_067121871.1/XM_067084661.1/XM_067090271.1/XM_067125606.1/XM_067116761.1/XM_067115178.1/XM_067107561.1/XM_067122264.1/XM_067104005.1/XM_067102128.1/JN627516.1/XM_067130815.1/XM_067134485.1/XM_067091651.1/XM_067083643.1/XM_067128360.1/XM_067130939.1/XM_067109791.1/XM_067116552.1/XM_067092873.1/XM_067129240.1/XM_067130233.1/XM_067123372.1/XM_067084639.1/XM_067133716.1/XM_067089021.1/XM_067127123.1/XM_067112917.1/XM_067121614.1/XM_067122022.1/XM_067106306.1/XM_067124400.1/XM_067082988.1/XM_067084822.1/XM_067131520.1/XM_067082987.1/XM_067125538.1/XM_067109809.1/PQ202739.1/XM_067120811.1/XM_067089467.1/XM_067095492.1/XM_067096121.1/XM_067129954.1/XM_067102443.1/XM_067089189.1/XM_067115413.1/XM_067102174.1/XM_067129735.1/XM_067109111.1/XM_067088684.1/XM_067104006.1/XM_067095493.1/XM_067133248.1/XM_067116831.1/XM_067118371.1/XM_067126449.1/XM_067087889.1/XM_067096145.1/XM_067105023.1/XM_067087079.1/XM_067102063.1/XM_067107011.1/XM_067134168.1/XM_067105022.1/XM_067082154.1/XM_067111724.1/XM_067087335.1/XM_067098337.1/XM_067123316.1/XM_067082149.1/XM_067125597.1/XM_067081651.1/XM_067107010.1/JP355583.1/XM_067134539.1/XM_067092881.1
GO:0007426	GO:0007426	80	0.514253820295991	1.70492123276823	2.39280314943366e-06	0.000179938796837411	0.000154776582665998	6916	tags=74%, list=38%, signal=46%	XM_067111882.1/XM_067111881.1/XM_067124645.1/XM_067111886.1/XM_067126390.1/XM_067111884.1/XM_067126394.1/XM_067126384.1/XM_067114521.1/XM_067112577.1/XM_067115512.1/XM_067114507.1/XM_067108554.1/XM_067126397.1/XM_067108588.1/XM_067096988.1/XM_067111441.1/XM_067109283.1/XM_067106590.1/XM_067108556.1/XM_067114540.1/XM_067108584.1/XM_067095215.1/XM_067114508.1/XM_067112576.1/XM_067124646.1/XM_067126406.1/XM_067113687.1/XM_067108611.1/XM_067114522.1/XM_067125849.1/XM_067114550.1/XM_067126380.1/XM_067124659.1/XM_067124641.1/XM_067124634.1/XM_067108592.1/XM_067126392.1/XM_067109940.1/XM_067114526.1/XM_067106561.1/XM_067126391.1/XM_067124660.1/XM_067110890.1/XM_067108567.1/XM_067108594.1/XM_067108569.1/XM_067108553.1/XM_067111443.1/XM_067111438.1/XM_067108619.1/XM_067114313.1/XM_067116335.1/XM_067106456.1/XM_067109282.1/XM_067110889.1/XM_067131841.1/XM_067111880.1/XM_067111434.1
GO:0009953	GO:0009953	95	0.488515545999836	1.63409305474874	2.56238200885536e-06	0.000183515359110403	0.000157853006961566	6916	tags=66%, list=38%, signal=41%	XM_067111882.1/XM_067111881.1/XM_067124645.1/XM_067111886.1/XM_067132377.1/XM_067126390.1/XM_067111884.1/XM_067126394.1/XM_067126384.1/XM_067114521.1/XM_067112577.1/XM_067115512.1/XM_067114507.1/XM_067108554.1/XM_067126397.1/XM_067108588.1/XM_067105396.1/XM_067096988.1/XM_067111441.1/XM_067109283.1/XM_067108556.1/XM_067114540.1/XM_067108584.1/XM_067103484.1/XM_067114508.1/XM_067112576.1/XM_067088168.1/XM_067124646.1/XM_067126406.1/XM_067113687.1/XM_067108611.1/XM_067114522.1/XM_067125849.1/XM_067114550.1/XM_067126380.1/XM_067124659.1/XM_067124641.1/XM_067124634.1/XM_067108592.1/XM_067126392.1/XM_067109940.1/XM_067114526.1/XM_067106561.1/XM_067085688.1/XM_067126391.1/XM_067124660.1/XM_067110890.1/XM_067108567.1/XM_067108594.1/XM_067108569.1/XM_067108553.1/XM_067111443.1/XM_067111438.1/XM_067088169.1/XM_067108619.1/XM_067114313.1/XM_067116335.1/XM_067106456.1/XM_067109282.1/XM_067110365.1/XM_067110889.1/XM_067111880.1/XM_067111434.1
GO:0031507	GO:0031507	129	0.459498111833164	1.56935062566063	3.69839908206845e-06	0.000252836009974134	0.000217480022577135	8444	tags=76%, list=47%, signal=41%	XM_067111882.1/XM_067111881.1/XM_067084610.1/XM_067124645.1/XM_067098411.1/XM_067111886.1/XM_067126390.1/XM_067111884.1/XM_067126394.1/XM_067126384.1/XM_067133608.1/XM_067114521.1/XM_067112577.1/XM_067115512.1/XM_067114507.1/XM_067108554.1/XM_067126397.1/XM_067108588.1/XM_067096988.1/XM_067111441.1/XM_067109283.1/XM_067108556.1/XM_067114540.1/XM_067084567.1/XM_067108584.1/XM_067099509.1/XM_067114508.1/XM_067101587.1/XM_067112576.1/XM_067124646.1/XM_067126406.1/XM_067113687.1/XM_067108611.1/XM_067114522.1/XM_067125849.1/XM_067114550.1/XM_067091789.1/XM_067126380.1/XM_067124659.1/XM_067124641.1/XM_067105379.1/XM_067124634.1/EL609572.1/XM_067108592.1/XM_067099356.1/XM_067126392.1/XM_067109940.1/XM_067114526.1/XM_067106561.1/XM_067094809.1/XM_067126391.1/XM_067101809.1/XM_067105381.1/XM_067124660.1/XM_067110890.1/XM_067125902.1/XM_067108567.1/XM_067117688.1/XM_067108594.1/XM_067108569.1/XM_067108553.1/XM_067111443.1/XM_067111438.1/XM_067134075.1/XM_067108619.1/XM_067105380.1/XM_067114313.1/XM_067125308.1/XM_067091790.1/XM_067116335.1/XM_067110415.1/JP354534.1/XM_067106456.1/XM_067109282.1/XM_067110889.1/XM_067115443.1/XM_067111880.1/XM_067111434.1/XM_067130555.1/XM_067081400.1/XM_067128285.1/XM_067114529.1/XM_067091791.1/XM_067094808.1/XM_067114523.1/XM_067115513.1/XM_067106560.1/XM_067101808.1/XM_067115454.1/XM_067115435.1/XM_067124195.1/XM_067091793.1/XM_067123288.1/XM_067128930.1/XM_067108586.1/XM_067132573.1/XM_067125310.1/XM_067125309.1
GO:0009313	GO:0009313	13	-0.757604437256153	-2.85284925879605	8.46444249815869e-06	0.000553500935531768	0.000476100678729384	2949	tags=77%, list=16%, signal=64%	XM_067110727.1/XM_067118234.1/XM_067104212.1/XM_067121147.1/XM_067121060.1/XM_067123874.1/XM_067123879.1/XM_067123877.1/XM_067100534.1/XM_067123878.1
GO:0016567	GO:0016567	239	0.400353201254661	1.40116513458057	1.49400628169853e-05	0.00093624393653108	0.000805321807108551	7459	tags=59%, list=41%, signal=35%	XM_067083174.1/XM_067082368.1/XM_067101230.1/JP353707.1/XM_067134475.1/XM_067121565.1/XM_067109078.1/XM_067092062.1/XM_067102164.1/XM_067131820.1/JP354235.1/XM_067126827.1/XM_067096160.1/XM_067100817.1/XM_067125875.1/XM_067083173.1/XM_067107761.1/XM_067102568.1/XM_067131187.1/XM_067134577.1/XM_067093210.1/XM_067085988.1/XM_067085990.1/XM_067131183.1/XM_067134234.1/XM_067085798.1/XM_067100513.1/XM_067105957.1/XM_067083175.1/XM_067104008.1/XM_067101220.1/XM_067085797.1/XM_067102953.1/XM_067102616.1/XM_067103296.1/XM_067098397.1/XM_067082375.1/XM_067084567.1/XM_067090847.1/XM_067104147.1/XM_067113608.1/XM_067107794.1/XM_067124019.1/XM_067107926.1/XM_067100413.1/XM_067093132.1/XM_067127553.1/XM_067132851.1/XM_067095472.1/XM_067098697.1/XM_067123476.1/XM_067083911.1/XM_067134233.1/XM_067100818.1/XM_067103390.1/XM_067084457.1/XM_067085009.1/XM_067121564.1/XM_067098429.1/XM_067080969.1/XM_067108662.1/XM_067088549.1/XM_067106666.1/XM_067105778.1/XM_067081578.1/EL609362.1/XM_067110245.1/XM_067116704.1/XM_067100410.1/XM_067124191.1/XM_067097106.1/XM_067126315.1/XM_067111374.1/XM_067082352.1/XM_067120293.1/XM_067132921.1/XM_067082462.1/GH625611.1/XM_067104007.1/JP353639.1/JP353726.1/XM_067107608.1/JP355213.1/XM_067088533.1/XM_067129268.1/XM_067100414.1/XM_067115587.1/XM_067117688.1/XM_067104005.1/XM_067104152.1/XM_067098871.1/XM_067092532.1/XM_067102565.1/XM_067101714.1/XM_067094166.1/XM_067083643.1/XM_067116312.1/XM_067117121.1/XM_067100814.1/XM_067134150.1/XM_067102165.1/XM_067124889.1/XM_067089684.1/XM_067124266.1/XM_067132850.1/XM_067134581.1/XM_067107232.1/XM_067093378.1/XM_067112917.1/XM_067093144.1/XM_067100816.1/XM_067126828.1/XM_067098168.1/XM_067082353.1/JP353036.1/XM_067124071.1/XM_067123913.1/XM_067085770.1/XM_067126954.1/XM_067133161.1/XM_067116574.1/XM_067121695.1/XM_067082944.1/XM_067094931.1/XM_067090542.1/XM_067112237.1/XM_067099997.1/EL695795.1/XM_067093582.1/XM_067124269.1/XM_067107609.1/XM_067118333.1/XM_067104154.1/XM_067116788.1/JP354740.1/XM_067108671.1/XM_067104006.1/XM_067124900.1/XM_067104913.1/XM_067109798.1
GO:0034440	GO:0034440	13	-0.741020868626179	-2.79040186653213	1.88896933620573e-05	0.00113640395266137	0.000977491921767094	2902	tags=85%, list=16%, signal=71%	EL609829.1/XM_067086720.1/XM_067086716.1/JP351928.1/XM_067106816.1/XM_067106818.1/XM_067106817.1/XM_067106815.1/XM_067086719.1/XM_067106820.1/XM_067106822.1
GO:0051693	GO:0051693	23	-0.512527899497465	-2.4506519282682	2.09075134514908e-05	0.00120941923965546	0.0010402969243677	2946	tags=61%, list=16%, signal=51%	XM_067105453.1/XM_067099499.1/XM_067099621.1/XM_067094593.1/XM_067094598.1/XM_067099498.1/XM_067099421.1/XM_067118922.1/XM_067099424.1/XM_067118923.1/JP355214.1/XM_067099408.1/XM_067099407.1/XM_067099426.1
GO:0051923	GO:0051923	12	-0.759089133350687	-2.76740863598037	2.4148179626879e-05	0.00134514304291948	0.00115704143319432	3501	tags=83%, list=19%, signal=67%	XM_067097764.1/XM_067097765.1/XM_067123095.1/XM_067123178.1/XM_067123267.1/XM_067133010.1/XM_067101719.1/XM_067123181.1/XM_067123179.1/XM_067123169.1
GO:0030200	GO:0030200	16	-0.649211737473819	-2.69722892716394	3.41215893037124e-05	0.00183281679688512	0.00157652004715273	3785	tags=88%, list=21%, signal=69%	XM_067127925.1/XM_067127930.1/XM_067126123.1/XM_067083729.1/XM_067120845.1/XM_067084121.1/XM_067120848.1/XM_067127929.1/XM_067082099.1/XM_067084116.1/XM_067127921.1/XM_067096363.1/XM_067098665.1/XM_067098668.1
GO:0042573	GO:0042573	11	-0.780449875034713	-2.80194049279555	3.85171130460836e-05	0.00199757717314861	0.00171824072354398	3965	tags=100%, list=22%, signal=78%	XM_067111847.1/XM_067094391.1/XM_067114921.1/XM_067103457.1/XM_067105871.1/XM_067125357.1/XM_067105869.1/XM_067111849.1/XM_067122548.1/XM_067122547.1
GO:0045467	GO:0045467	51	0.531276415730367	1.69938143669277	3.98475932744368e-05	0.00199769267615843	0.00171834007488712	5261	tags=65%, list=29%, signal=46%	XM_067114877.1/XM_067113128.1/XM_067110271.1/XM_067133299.1/XM_067128834.1/XM_067114851.1/XM_067114844.1/XM_067112419.1/XM_067114868.1/XM_067114872.1/XM_067133298.1/XM_067106590.1/XM_067114879.1/XM_067092752.1/XM_067095215.1/XM_067114884.1/XM_067114878.1/XM_067108971.1/XM_067133314.1/XM_067114881.1/XM_067114827.1/XM_067114811.1/XM_067114858.1/XM_067090682.1/XM_067112557.1/XM_067119508.1/XM_067092770.1/XM_067085552.1/XM_067107728.1/XM_067087344.1/XM_067113302.1/XM_067114874.1/XM_067133318.1
GO:0030207	GO:0030207	12	-0.733638398831762	-2.67462298090345	5.43011923548446e-05	0.00263448365489311	0.00226608371491015	3860	tags=92%, list=21%, signal=72%	XM_067092094.1/XM_067127925.1/XM_067127930.1/XM_067083274.1/XM_067131457.1/XM_067127929.1/JP352537.1/XM_067082099.1/XM_067127921.1/XM_067108463.1/XM_067100534.1
GO:0008406	GO:0008406	42	0.559866715306179	1.76035803912353	6.08381365608279e-05	0.00280199567874942	0.00241017125502732	5261	tags=71%, list=29%, signal=51%	XM_067114877.1/XM_067113128.1/XM_067110271.1/XM_067133299.1/XM_067114851.1/XM_067114844.1/XM_067114868.1/XM_067114872.1/XM_067133298.1/XM_067114879.1/XM_067096238.1/XM_067092752.1/XM_067114884.1/XM_067114878.1/XM_067117672.1/XM_067133314.1/XM_067114881.1/XM_067114827.1/XM_067114811.1/XM_067114858.1/XM_067090682.1/XM_067112557.1/XM_067112148.1/XM_067092770.1/XM_067085552.1/XM_067115997.1/XM_067087344.1/XM_067113302.1/XM_067114874.1/XM_067133318.1
GO:0015031	GO:0015031	282	0.382887921203827	1.34583702135727	6.14799583768157e-05	0.00280199567874942	0.00241017125502732	7563	tags=57%, list=42%, signal=34%	XM_067121934.1/XM_067122005.1/GH625111.1/XM_067120536.1/XM_067131996.1/XM_067113506.1/XM_067081342.1/XM_067107373.1/XM_067090710.1/XM_067133988.1/XM_067126528.1/XM_067122020.1/XM_067112136.1/XM_067113865.1/XM_067118393.1/JZ905044.1/JP352663.1/XM_067132003.1/XM_067098124.1/XM_067093266.1/XM_067082456.1/XM_067132792.1/XM_067100817.1/XM_067122271.1/XM_067128931.1/XM_067126529.1/XM_067081862.1/XM_067102263.1/XM_067122019.1/XM_067133987.1/XM_067126933.1/XM_067095118.1/XM_067112137.1/XM_067082455.1/XM_067082647.1/XM_067122420.1/XM_067106243.1/XM_067113505.1/XM_067094304.1/XM_067131463.1/XM_067097781.1/XM_067108902.1/XM_067099778.1/XM_067134045.1/XM_067096017.1/XM_067115107.1/XM_067116179.1/XM_067093166.1/XM_067083240.1/XM_067094594.1/XM_067092129.1/XM_067081863.1/XM_067107926.1/XM_067113359.1/XM_067130551.1/XM_067117363.1/XM_067118403.1/XM_067121328.1/XM_067125641.1/XM_067101117.1/XM_067129764.1/XM_067086662.1/XM_067126931.1/XM_067107390.1/XM_067110660.1/XM_067115923.1/XM_067100818.1/JP352682.1/XM_067082320.1/XM_067130244.1/XM_067082280.1/XM_067085790.1/JP354852.1/XM_067096682.1/XM_067117474.1/XM_067096114.1/XM_067128142.1/XM_067122269.1/XM_067115608.1/XM_067096802.1/XM_067130242.1/XM_067120071.1/XM_067121265.1/XM_067104349.1/XM_067129485.1/XM_067084838.1/XM_067113948.1/XM_067095548.1/XM_067126530.1/XM_067106552.1/XM_067125506.1/XM_067118410.1/XM_067101367.1/XM_067107152.1/XM_067107067.1/XM_067120830.1/XM_067114181.1/XM_067105272.1/XM_067126023.1/XM_067121962.1/XM_067105072.1/XM_067109856.1/XM_067111191.1/XM_067131238.1/XM_067110278.1/XM_067089104.1/XM_067086504.1/XM_067126434.1/XM_067126930.1/XM_067128018.1/XM_067133712.1/XM_067113360.1/XM_067130939.1/XM_067110806.1/JP353910.1/XM_067118833.1/XM_067128829.1/XM_067117362.1/XM_067092873.1/XM_067133196.1/XM_067132004.1/XM_067088531.1/XM_067129279.1/XM_067113592.1/XM_067124266.1/XM_067098118.1/XM_067106350.1/XM_067131654.1/XM_067131997.1/XM_067107278.1/XM_067119676.1/XM_067100816.1/XM_067121911.1/XM_067096210.1/XM_067096938.1/XM_067103297.1/XM_067089349.1/XM_067131239.1/XM_067127207.1/XM_067099922.1/XM_067122409.1/XM_067112231.1/JP353453.1/XM_067114798.1/XM_067108952.1/XM_067099997.1/XM_067129954.1/XM_067085755.1/XM_067115510.1/XM_067108897.1/XM_067122274.1/XM_067124269.1/XM_067091957.1/JP353440.1/XM_067088869.1/XM_067104350.1/XM_067098869.1/XM_067089097.1/XM_067133985.1/XM_067120135.1/JP355117.1/XM_067120130.1
GO:0006325	GO:0006325	83	0.466233569904268	1.55143232545758	7.1632347424147e-05	0.00311549286657354	0.00267982974035476	8213	tags=73%, list=46%, signal=40%	XM_067084610.1/XM_067094692.1/XM_067128530.1/XM_067089712.1/XM_067095876.1/XM_067081286.1/XM_067128718.1/XM_067128678.1/XM_067128537.1/XM_067114226.1/XM_067128561.1/XM_067134044.1/XM_067082216.1/XM_067088712.1/XM_067084567.1/XM_067132547.1/XM_067087147.1/XM_067106454.1/XM_067087245.1/XM_067095618.1/XM_067116765.1/XM_067132504.1/XM_067091902.1/XM_067090492.1/XM_067095139.1/XM_067116482.1/XM_067091207.1/XM_067093089.1/XM_067095605.1/XM_067086991.1/XM_067090490.1/XM_067087249.1/XM_067085722.1/XM_067128684.1/XM_067095724.1/XM_067091447.1/XM_067129924.1/JP353423.1/XM_067124583.1/XM_067099920.1/XM_067125534.1/XM_067095140.1/XM_067098905.1/XM_067096716.1/XM_067115443.1/XM_067132548.1/XM_067085664.1/XM_067128127.1/XM_067081400.1/XM_067081807.1/XM_067095619.1/GH625791.1/XM_067082212.1/XM_067084259.1/XM_067095610.1/XM_067084560.1/XM_067083124.1/XM_067115454.1/XM_067115435.1/XM_067096278.1/XM_067093286.1
GO:0035167	GO:0035167	38	0.555983366716627	1.72144824702867	7.25014962301023e-05	0.00311549286657354	0.00267982974035476	5261	tags=74%, list=29%, signal=52%	XM_067114877.1/XM_067113128.1/XM_067110271.1/XM_067091129.1/XM_067133299.1/XM_067114851.1/XM_067114844.1/XM_067107638.1/XM_067114868.1/XM_067114872.1/XM_067133298.1/XM_067114879.1/XM_067092752.1/XM_067114884.1/XM_067114878.1/XM_067133314.1/XM_067114881.1/XM_067114827.1/XM_067114811.1/XM_067114858.1/XM_067090682.1/XM_067112557.1/XM_067092770.1/XM_067085552.1/XM_067087344.1/XM_067113302.1/XM_067114874.1/XM_067133318.1
GO:0007526	GO:0007526	39	0.563934536821241	1.75461336957526	7.8052320902687e-05	0.00326085251771226	0.00280486264296498	5261	tags=74%, list=29%, signal=53%	XM_067114877.1/XM_067113128.1/XM_067110271.1/XM_067133299.1/XM_067097281.1/XM_067114851.1/XM_067114844.1/XM_067114868.1/XM_067114872.1/XM_067133298.1/XM_067114879.1/XM_067092752.1/XM_067114884.1/XM_067114878.1/XM_067133314.1/XM_067114881.1/XM_067114827.1/XM_067114811.1/XM_067114858.1/XM_067090682.1/XM_067112557.1/XM_067115414.1/XM_067120193.1/XM_067092770.1/XM_067085552.1/XM_067087344.1/XM_067113302.1/XM_067114874.1/XM_067133318.1
GO:0000724	GO:0000724	65	0.498043945616107	1.62562027940313	8.08991741386378e-05	0.00328844210552733	0.00282859416831823	5303	tags=62%, list=29%, signal=44%	XM_067113717.1/XM_067121470.1/XM_067109119.1/XM_067128530.1/XM_067120818.1/XM_067103922.1/XM_067120815.1/XM_067096127.1/XM_067088305.1/XM_067128537.1/XM_067091647.1/XM_067127455.1/XM_067128561.1/XM_067134044.1/XM_067081159.1/XM_067090890.1/XM_067095973.1/XM_067084177.1/JP355299.1/XM_067120817.1/XM_067094880.1/XM_067114096.1/XM_067085688.1/XM_067127456.1/EL695619.1/XM_067098896.1/JP351947.1/XM_067091241.1/XM_067127235.1/XM_067111644.1/XM_067093542.1/XM_067107561.1/XM_067121194.1/GH626050.1/XM_067086991.1/XM_067106701.1/XM_067111658.1/XM_067094905.1/XM_067127459.1/XM_067116552.1
GO:0007464	GO:0007464	39	0.560104363494842	1.74269625351393	0.000103119828522802	0.00408137426574457	0.00351064457768763	5261	tags=69%, list=29%, signal=49%	XM_067114877.1/XM_067113128.1/XM_067110271.1/XM_067123409.1/XM_067133299.1/XM_067114851.1/XM_067114844.1/XM_067114868.1/XM_067114872.1/XM_067133298.1/XM_067114879.1/XM_067092752.1/XM_067114884.1/XM_067114878.1/XM_067133314.1/XM_067114881.1/XM_067114827.1/XM_067114811.1/XM_067114858.1/XM_067090682.1/XM_067112557.1/XM_067092770.1/XM_067085552.1/XM_067087344.1/XM_067113302.1/XM_067114874.1/XM_067133318.1
GO:0006904	GO:0006904	23	0.615791723522773	1.7715783094498	0.000113501037929135	0.00437706566783125	0.00376498719608385	6574	tags=87%, list=36%, signal=55%	XM_067113506.1/XM_067125824.1/XM_067134577.1/XM_067131700.1/XM_067126933.1/XM_067113505.1/XM_067122083.1/XM_067108753.1/XM_067126931.1/XM_067107844.1/XM_067103889.1/XM_067121962.1/XM_067093951.1/XM_067126930.1/XM_067134581.1/XM_067117468.1/JP353036.1/XM_067107838.1/XM_067116749.1/XM_067121822.1
GO:0030203	GO:0030203	16	-0.59378155572519	-2.46693751217487	0.000132870677224301	0.00496352128541836	0.00426943425236504	3785	tags=69%, list=21%, signal=54%	XM_067127925.1/XM_067127930.1/XM_067086877.1/XM_067127929.1/XM_067082099.1/XM_067127921.1/XM_067093790.1/XM_067129304.1/XM_067129303.1/XM_067112956.1/XM_067100534.1
GO:0006260	GO:0006260	68	0.481313075860361	1.57584558644028	0.00013530875844558	0.00496352128541836	0.00426943425236504	8657	tags=90%, list=48%, signal=47%	XM_067121204.1/XM_067093662.1/XM_067109119.1/XM_067114366.1/XM_067091647.1/XM_067107806.1/XM_067121681.1/XM_067098543.1/XM_067081159.1/XM_067084177.1/XM_067081315.1/XM_067099375.1/XM_067116498.1/XM_067127606.1/XM_067095618.1/XM_067107682.1/XM_067088444.1/XM_067133971.1/XM_067121682.1/XM_067127235.1/XM_067114341.1/XM_067111644.1/XM_067119734.1/XM_067082469.1/XM_067097667.1/XM_067088876.1/XM_067107561.1/XM_067104398.1/XM_067082454.1/XM_067087695.1/XM_067128557.1/XM_067117548.1/XM_067133333.1/XM_067088829.1/XM_067093779.1/XM_067081805.1/XM_067134206.1/XM_067091223.1/XM_067128716.1/XM_067108819.1/XM_067121201.1/EL695795.1/XM_067108820.1/XM_067094358.1/XM_067119347.1/XM_067129649.1/XM_067134187.1/XM_067082991.1/XM_067095619.1/XM_067107683.1/XM_067122681.1/XM_067095610.1/XM_067126312.1/XM_067104397.1/XM_067107627.1/XM_067099620.1/XM_067103767.1/XM_067110306.1/XM_067101043.1/XM_067129265.1/XM_067086508.1
GO:0006888	GO:0006888	130	0.421821864106909	1.44152607563301	0.000143972156180359	0.00515557435464905	0.00443463107633236	6793	tags=57%, list=38%, signal=36%	XM_067113506.1/XM_067122020.1/EL609826.1/XM_067128419.1/XM_067091921.1/XM_067082945.1/XM_067130941.1/XM_067118393.1/XM_067130868.1/JP352663.1/XM_067128752.1/XM_067081656.1/XM_067101489.1/XM_067122019.1/XM_067128768.1/XM_067082647.1/XM_067128418.1/XM_067113505.1/XM_067087178.1/XM_067089191.1/XM_067084261.1/XM_067128750.1/XM_067091911.1/XM_067130866.1/XM_067130942.1/XM_067134046.1/XM_067113359.1/XM_067118403.1/XM_067130943.1/XM_067089019.1/XM_067129764.1/XM_067119169.1/XM_067118730.1/XM_067095841.1/XM_067123036.1/XM_067085790.1/XM_067082092.1/XM_067133239.1/XM_067120390.1/XM_067107854.1/XM_067109784.1/XM_067089221.1/XM_067084566.1/XM_067120386.1/XM_067125506.1/XM_067118410.1/XM_067107067.1/XM_067090013.1/XM_067087586.1/XM_067122529.1/XM_067120383.1/JP355294.1/XM_067084564.1/XM_067115587.1/XM_067105072.1/XM_067091027.1/XM_067118992.1/XM_067093177.1/XM_067133233.1/XM_067113360.1/XM_067092873.1/JP353339.1/XM_067102275.1/XM_067105159.1/XM_067087762.1/XM_067120298.1/XM_067100006.1/XM_067113794.1/XM_067127207.1/XM_067119620.1/XM_067133698.1/XM_067088301.1/XM_067097500.1/XM_067097506.1
GO:0006357	GO:0006357	350	0.363772430913707	1.2876802170715	0.000150773852941339	0.00527357848427381	0.00453613378861458	6758	tags=49%, list=38%, signal=31%	JP355071.1/XM_067127330.1/XM_067119832.1/XM_067114460.1/XM_067111366.1/XM_067107975.1/XM_067082934.1/XM_067083955.1/XM_067107306.1/XM_067083537.1/XM_067113869.1/XM_067086248.1/XM_067114558.1/XM_067101362.1/XM_067129321.1/XM_067085919.1/XM_067130593.1/XM_067121272.1/JP354429.1/XM_067128530.1/JP353937.1/XM_067083075.1/XM_067095223.1/XM_067089712.1/XM_067130908.1/XM_067111367.1/XM_067094996.1/XM_067118590.1/XM_067127583.1/XM_067119797.1/XM_067124755.1/XM_067133046.1/XM_067116599.1/XM_067128537.1/XM_067107801.1/XM_067082931.1/XM_067129306.1/XM_067082053.1/XM_067114657.1/JP354196.1/XM_067114465.1/XM_067128561.1/XM_067084528.1/XM_067093545.1/XM_067127208.1/XM_067122564.1/XM_067116336.1/XM_067114457.1/XM_067119254.1/XM_067086986.1/XM_067125488.1/XM_067086987.1/XM_067084567.1/XM_067088760.1/XM_067121851.1/XM_067131703.1/XM_067103159.1/XM_067115017.1/XM_067134263.1/XM_067086245.1/XM_067095434.1/XM_067092167.1/XM_067116339.1/XM_067120513.1/XM_067106454.1/XM_067101813.1/XM_067082608.1/XM_067094880.1/XM_067095197.1/XM_067124763.1/XM_067133208.1/XM_067106104.1/XM_067101814.1/XM_067133785.1/XM_067120859.1/XM_067097722.1/XM_067105421.1/XM_067119333.1/XM_067130335.1/XM_067125174.1/XM_067098091.1/XM_067123679.1/XM_067111101.1/XM_067120158.1/XM_067106523.1/XM_067093546.1/XM_067088166.1/XM_067129172.1/XM_067093565.1/XM_067132504.1/XM_067099356.1/XM_067122565.1/XM_067088091.1/XM_067113372.1/XM_067116868.1/XM_067116482.1/XM_067108506.1/XM_067097566.1/XM_067113878.1/XM_067101812.1/XM_067132960.1/XM_067082912.1/XM_067116338.1/XM_067133897.1/XM_067094999.1/XM_067104793.1/XM_067086244.1/XM_067085922.1/XM_067131895.1/XM_067113519.1/JP354187.1/XM_067120233.1/XM_067095935.1/XM_067103643.1/XM_067094342.1/XM_067125902.1/XM_067113872.1/XM_067095198.1/XM_067119013.1/XM_067087114.1/XM_067118198.1/XM_067115587.1/XM_067104152.1/XM_067104067.1/XM_067088761.1/XM_067099525.1/EU077526.1/XM_067113361.1/XM_067091866.1/XM_067121038.1/XM_067088849.1/XM_067114720.1/XM_067098089.1/XM_067096935.1/XM_067104882.1/XM_067098538.1/XM_067115140.1/XM_067082750.1/XM_067091698.1/XM_067093547.1/XM_067082913.1/XM_067100269.1/XM_067132972.1/XM_067115016.1/XM_067118767.1/XM_067116340.1/XM_067095985.1/XM_067083749.1/XM_067091447.1/XM_067098539.1/XM_067114704.1/XM_067093281.1/XM_067086243.1/XM_067093561.1/XM_067134152.1/XM_067116342.1/XM_067094582.1/XM_067131896.1/XM_067097995.1/XM_067112487.1/XM_067093273.1/XM_067097553.1/JP354643.1/XM_067116343.1/XM_067120858.1/XM_067098905.1/XM_067131653.1/XM_067086247.1/XM_067104883.1/XM_067133211.1/XM_067128377.1
GO:0045476	GO:0045476	41	0.542946647426337	1.69941775771621	0.000195610107345819	0.00668630912382071	0.00575131152937826	5280	tags=66%, list=29%, signal=47%	XM_067114877.1/XM_067113128.1/XM_067110271.1/XM_067133299.1/XM_067114851.1/XM_067114844.1/XM_067114868.1/XM_067114872.1/XM_067133298.1/XM_067114879.1/XM_067092752.1/XM_067114884.1/XM_067114878.1/XM_067133314.1/XM_067114881.1/XM_067114827.1/XM_067114811.1/XM_067114858.1/XM_067090682.1/XM_067112557.1/XM_067092770.1/XM_067085552.1/XM_067087344.1/XM_067113302.1/XM_067114874.1/XM_067133318.1/XM_067101208.1
GO:0050427	GO:0050427	10	-0.739569325404776	-2.57895104233464	0.000202184894365346	0.00675746846945513	0.00581252012105288	3501	tags=80%, list=19%, signal=64%	XM_067097764.1/XM_067097765.1/XM_067123095.1/XM_067123267.1/XM_067133010.1/XM_067101719.1/XM_067123181.1/XM_067123169.1
GO:0007435	GO:0007435	100	0.439810624070667	1.47619751695798	0.0002346841032123	0.00767314980937606	0.00660015475624522	6916	tags=63%, list=38%, signal=39%	XM_067111882.1/XM_067111881.1/XM_067124645.1/XM_067111886.1/XM_067126390.1/XM_067111884.1/XM_067126394.1/XM_067083537.1/XM_067126384.1/XM_067114521.1/XM_067112577.1/XM_067115512.1/XM_067114507.1/XM_067108554.1/XM_067110066.1/XM_067126397.1/XM_067108588.1/XM_067096988.1/XM_067111441.1/XM_067109283.1/XM_067108556.1/XM_067114540.1/XM_067108584.1/XM_067114508.1/XM_067112576.1/XM_067124646.1/XM_067126406.1/XM_067113687.1/XM_067108611.1/XM_067134690.1/XM_067114522.1/XM_067125849.1/XM_067114550.1/XM_067126380.1/XM_067124659.1/XM_067124641.1/XM_067124634.1/XM_067108592.1/XM_067126392.1/XM_067084234.1/XM_067109940.1/XM_067114526.1/XM_067106561.1/XM_067126391.1/XM_067124660.1/XM_067110890.1/XM_067108567.1/XM_067108594.1/XM_067108569.1/XM_067108553.1/XM_067111443.1/XM_067111438.1/XM_067108619.1/XM_067134688.1/XM_067114313.1/XM_067094352.1/XM_067116335.1/XM_067110080.1/XM_067106456.1/XM_067109282.1/XM_067110889.1/XM_067111880.1/XM_067111434.1
GO:0043161	GO:0043161	204	0.390127665736272	1.35953527131759	0.000284809368655593	0.00911389979697899	0.00783943368595127	7927	tags=59%, list=44%, signal=33%	XM_067105780.1/XM_067113717.1/XM_067129344.1/XM_067092062.1/XM_067089695.1/XM_067133988.1/XM_067131820.1/XM_067117546.1/JP354235.1/XM_067094776.1/XM_067095474.1/XM_067085645.1/XM_067101362.1/XM_067132699.1/XM_067100817.1/XM_067125875.1/XM_067085773.1/XM_067111238.1/XM_067085990.1/XM_067121275.1/XM_067131183.1/XM_067107909.1/XM_067134234.1/XM_067103921.1/XM_067133987.1/XM_067100513.1/XM_067105957.1/XM_067100106.1/XM_067130305.1/XM_067093527.1/XM_067116480.1/XM_067129650.1/XM_067082216.1/XM_067121027.1/XM_067120049.1/XM_067126032.1/XM_067104801.1/XM_067111786.1/XM_067133176.1/XM_067111783.1/XM_067107926.1/XM_067087319.1/XM_067095754.1/XM_067127553.1/XM_067132851.1/XM_067117782.1/XM_067123476.1/XM_067083911.1/XM_067134233.1/XM_067094842.1/XM_067085784.1/XM_067100818.1/XM_067100675.1/XM_067087318.1/XM_067084457.1/XM_067098396.1/JP355361.1/XM_067080969.1/XM_067094940.1/XM_067093543.1/XM_067116704.1/XM_067133146.1/XM_067129226.1/XM_067124272.1/XM_067097106.1/XM_067111780.1/XM_067134504.1/XM_067106229.1/EL695619.1/XM_067120293.1/XM_067099342.1/JP353726.1/JP353081.1/XM_067085202.1/JP355213.1/XM_067129268.1/XM_067115587.1/XM_067111787.1/XM_067087322.1/XM_067094166.1/XM_067091651.1/XM_067116636.1/XM_067117121.1/XM_067100267.1/XM_067134150.1/XM_067111779.1/XM_067089684.1/XM_067091447.1/XM_067132850.1/XM_067095501.1/XM_067114931.1/XM_067127150.1/XM_067093144.1/XM_067100816.1/XM_067123913.1/JP354234.1/XM_067133161.1/XM_067082944.1/XM_067109815.1/XM_067127159.1/XM_067134438.1/XM_067112237.1/XM_067099997.1/XM_067118333.1/XM_067094358.1/XM_067117781.1/XM_067110804.1/XM_067133962.1/XM_067124900.1/XM_067109798.1/XM_067133985.1/XM_067082212.1/XM_067112607.1/XM_067094941.1/XM_067125749.1/XM_067131156.1/XM_067081645.1/XM_067106298.1/XM_067088174.1/XM_067113715.1
GO:0006310	GO:0006310	44	0.524839962357117	1.65566147676388	0.000324506053021007	0.0101405807298415	0.0087225459945235	7849	tags=86%, list=44%, signal=49%	XM_067121470.1/XM_067081257.1/XM_067119871.1/XM_067096127.1/XM_067107383.1/JP353024.1/XM_067117106.1/XM_067125488.1/XM_067123535.1/XM_067095973.1/XM_067110195.1/XM_067092311.1/XM_067119872.1/XM_067124323.1/XM_067127606.1/XM_067111269.1/XM_067104156.1/XM_067111875.1/XM_067095854.1/JP354577.1/XM_067102128.1/XM_067092317.1/XM_067123536.1/XM_067106553.1/XM_067128557.1/XM_067103893.1/XM_067082973.1/XM_067103892.1/XM_067115635.1/XM_067093638.1/XM_067129902.1/XM_067102145.1/XM_067111874.1/XM_067108819.1/XM_067108820.1/XM_067118350.1/XM_067086131.1/XM_067095853.1
GO:0048813	GO:0048813	109	0.430108201493858	1.45366623423069	0.000330377962607867	0.0101405807298415	0.0087225459945235	5310	tags=50%, list=29%, signal=36%	XM_067112960.1/XM_067130934.1/XM_067114877.1/XM_067113128.1/XM_067110271.1/XM_067112962.1/XM_067128906.1/XM_067133299.1/XM_067114851.1/XM_067084316.1/XM_067114844.1/XM_067098820.1/XM_067112961.1/XM_067098814.1/XM_067129983.1/XM_067095119.1/XM_067114868.1/XM_067114872.1/XM_067092260.1/XM_067133298.1/XM_067114226.1/XM_067101614.1/XM_067114879.1/XM_067128693.1/XM_067130933.1/XM_067094831.1/XM_067092752.1/XM_067108441.1/XM_067114884.1/XM_067114878.1/XM_067133314.1/XM_067114881.1/XM_067114827.1/XM_067114811.1/XM_067114858.1/XM_067103577.1/XM_067090682.1/XM_067134690.1/XM_067120158.1/XM_067112557.1/XM_067112148.1/XM_067092770.1/XM_067094832.1/XM_067123933.1/XM_067085552.1/XM_067114207.1/XM_067120233.1/XM_067125902.1/XM_067112420.1/XM_067098823.1/XM_067087344.1/XM_067113302.1/XM_067114874.1/XM_067133318.1/XM_067103578.1
GO:0006506	GO:0006506	26	0.591301653266722	1.73711419000092	0.000373468915680727	0.0112339449836763	0.00966301678677081	6211	tags=81%, list=34%, signal=53%	XM_067086658.1/XM_067103490.1/XM_067088685.1/XM_067096653.1/XM_067098483.1/XM_067107898.1/XM_067118730.1/XM_067115337.1/XM_067133963.1/XM_067127602.1/XM_067125296.1/XM_067117562.1/XM_067122458.1/XM_067104354.1/XM_067106917.1/XM_067084727.1/XM_067129273.1/XM_067098052.1/XM_067122461.1/XM_067091224.1/XM_067125872.1
GO:0007586	GO:0007586	21	-0.473539301521212	-2.20892468989194	0.000493062654228566	0.0145405143521522	0.0125072033446214	2048	tags=62%, list=11%, signal=55%	XM_067093831.1/XM_067089425.1/XM_067125407.1/XM_067123294.1/XM_067123295.1/XM_067123297.1/XM_067126832.1/XM_067123302.1/XM_067108672.1/XM_067123300.1/XM_067130480.1/XM_067097670.1/XM_067097671.1
GO:0045944	GO:0045944	471	0.348450070479338	1.23999935618112	0.000563272886661975	0.0162915850296079	0.0140134084556188	7638	tags=51%, list=42%, signal=30%	XM_067111882.1/XM_067130934.1/XM_067111881.1/XM_067130394.1/XM_067134475.1/XM_067091768.1/XM_067123274.1/XM_067124645.1/XM_067087864.1/XM_067111886.1/XM_067130824.1/XM_067117546.1/XM_067126390.1/XM_067112368.1/XM_067111884.1/XM_067132746.1/XM_067126827.1/XM_067126394.1/XM_067083537.1/XM_067118081.1/XM_067126384.1/XM_067133866.1/XM_067114521.1/XM_067112577.1/XM_067098820.1/XM_067115102.1/XM_067121272.1/XM_067120619.1/XM_067098814.1/XM_067128530.1/XM_067097012.1/XM_067115512.1/XM_067114507.1/XM_067108554.1/XM_067126397.1/XM_067107638.1/XM_067107893.1/XM_067092850.1/XM_067129983.1/XM_067095119.1/XM_067107383.1/XM_067119797.1/XM_067108588.1/XM_067133046.1/XM_067116599.1/XM_067132387.1/XM_067128537.1/XM_067105396.1/XM_067082053.1/XM_067096988.1/JP353831.1/JP354196.1/XM_067111441.1/XM_067128561.1/XM_067093545.1/XM_067109283.1/XM_067106569.1/XM_067127208.1/XM_067106590.1/XM_067108556.1/XM_067128648.1/XM_067130393.1/XM_067134678.1/XM_067114540.1/XM_067130933.1/XM_067094831.1/XM_067088760.1/XM_067104147.1/XM_067083472.1/XM_067108584.1/XM_067108051.1/XM_067132547.1/XM_067112550.1/XM_067089921.1/XM_067123908.1/XM_067095215.1/XM_067121357.1/XM_067115017.1/XM_067129217.1/XM_067123278.1/XM_067108441.1/XM_067114508.1/XM_067082583.1/XM_067112576.1/XM_067094880.1/XM_067124646.1/XM_067092311.1/JP354480.1/XM_067100869.1/XM_067114145.1/XM_067126406.1/XM_067113687.1/XM_067084318.1/XM_067133208.1/XM_067083465.1/XM_067133785.1/XM_067129958.1/XM_067097916.1/XM_067108611.1/XM_067084302.1/XM_067116059.1/XM_067093480.1/XM_067114522.1/XM_067125849.1/XM_067113046.1/XM_067114550.1/XM_067129593.1/XM_067123413.1/XM_067100490.1/XM_067115906.1/XM_067126380.1/XM_067105982.1/XM_067093546.1/XM_067124659.1/XM_067124641.1/XM_067124634.1/XM_067133612.1/XM_067120822.1/XM_067093469.1/XM_067116765.1/XM_067108592.1/XM_067126392.1/XM_067124191.1/XM_067114140.1/JP355629.1/XM_067132749.1/XM_067115414.1/XM_067113372.1/XM_067082582.1/XM_067116482.1/XM_067109940.1/XM_067114526.1/XM_067106561.1/XM_067132960.1/XM_067112543.1/XM_067094832.1/XM_067105114.1/XM_067106357.1/XM_067115240.1/XM_067126391.1/XM_067127473.1/XM_067116729.1/XM_067096890.1/XM_067113519.1/XM_067124883.1/XM_067114207.1/XM_067120233.1/XM_067124660.1/XM_067112878.1/XM_067110890.1/XM_067125902.1/XM_067092558.1/XM_067108567.1/XM_067119013.1/XM_067132750.1/XM_067112420.1/XM_067112746.1/XM_067125323.1/XM_067098823.1/XM_067114143.1/XM_067108594.1/XM_067088761.1/XM_067113361.1/XM_067108569.1/XM_067091866.1/XM_067088849.1/XM_067108553.1/JP355566.1/GH624168.1/XM_067102269.1/XM_067092317.1/XM_067111443.1/XM_067082750.1/XM_067091698.1/XM_067111438.1/XM_067093547.1/XM_067086028.1/XM_067125449.1/XM_067115016.1/XM_067095985.1/XM_067108619.1/XM_067124882.1/XM_067083749.1/XM_067091447.1/XM_067133361.1/XM_067114313.1/XM_067098817.1/XM_067111208.1/JP353423.1/XM_067134533.1/XM_067090750.1/XM_067095542.1/XM_067116335.1/XM_067126828.1/XM_067124071.1/XM_067095272.1/XM_067116582.1/XM_067132074.1/XM_067089472.1/XM_067117872.1/EL696500.1/XM_067106456.1/XM_067095238.1/XM_067109282.1/XM_067110889.1/XM_067097911.1/XM_067115443.1/XM_067134447.1/XM_067133211.1/XM_067132548.1/XM_067119489.1/XM_067114144.1/XM_067112367.1/XM_067111880.1/XM_067099997.1/XM_067111434.1/XM_067112994.1/XM_067130544.1/XM_067086985.1/XM_067082752.1/XM_067090367.1/XM_067114529.1/XM_067133865.1/XM_067129220.1/XM_067130820.1/XM_067098107.1/XM_067126531.1/XM_067099371.1/XM_067085337.1/XM_067132854.1/XM_067127246.1/XM_067103786.1/XM_067112607.1/XM_067119011.1/XM_067114523.1/XM_067115513.1/EL609912.1/XM_067085237.1/XM_067099531.1
GO:0007283	GO:0007283	155	0.397486886996973	1.37021661222799	0.000645701365101155	0.0183232991153233	0.015761012466918	7593	tags=59%, list=42%, signal=35%	XM_067089784.1/XM_067119871.1/XM_067127529.1/XM_067134642.1/XM_067120619.1/XM_067115146.1/XM_067107383.1/XM_067082957.1/XM_067128265.1/XM_067120013.1/XM_067134641.1/XM_067107806.1/XM_067107965.1/XM_067121019.1/XM_067105048.1/XM_067104418.1/XM_067119477.1/XM_067126606.1/XM_067104147.1/XM_067083472.1/XM_067127500.1/XM_067081623.1/XM_067123908.1/XM_067115017.1/XM_067111206.1/XM_067121241.1/XM_067104096.1/XM_067081135.1/XM_067094880.1/JP354480.1/XM_067119872.1/XM_067114145.1/XM_067083465.1/XM_067081637.1/XM_067098396.1/XM_067091789.1/XM_067082755.1/JP353660.1/XM_067085342.1/XM_067133612.1/XM_067087371.1/XM_067114140.1/XM_067126315.1/XM_067084359.1/XM_067105044.1/XM_067094809.1/XM_067083343.1/XM_067127518.1/XM_067090509.1/XM_067095605.1/XM_067107206.1/XM_067100505.1/XM_067131281.1/XM_067101714.1/XM_067114143.1/XM_067108673.1/XM_067125349.1/XM_067100504.1/XM_067084575.1/XM_067129190.1/XM_067132330.1/XM_067101463.1/XM_067115016.1/XM_067130167.1/XM_067095724.1/XM_067095501.1/XM_067083830.1/XM_067093144.1/XM_067091790.1/XM_067100502.1/XM_067096593.1/XM_067103660.1/XM_067127539.1/XM_067129191.1/XM_067129189.1/JP355134.1/XM_067109809.1/XM_067108002.1/XM_067114144.1/XM_067103380.1/XM_067096513.1/XM_067101084.1/XM_067111326.1/JP354740.1/XM_067125343.1/XM_067091791.1/XM_067092887.1/XM_067123373.1/XM_067081129.1/XM_067096478.1/XM_067100202.1/XM_067094808.1
GO:0006689	GO:0006689	11	-0.681248385585093	-2.44579120105256	0.000741038768614111	0.020639301999919	0.0177531510063693	2359	tags=73%, list=13%, signal=63%	XM_067082105.1/XM_067133271.1/XM_067093790.1/XM_067129304.1/XM_067129303.1/XM_067121675.1/XM_067100534.1/XM_067133270.1
GO:0007409	GO:0007409	84	0.444462790621611	1.47953005072855	0.00086551137847149	0.0236678020585658	0.0203581528065352	5774	tags=54%, list=32%, signal=37%	GH625197.1/XM_067114877.1/XM_067113128.1/XM_067110271.1/XM_067133299.1/XM_067114851.1/XM_067114844.1/XM_067115023.1/XM_067114868.1/XM_067114872.1/XM_067133298.1/XM_067105469.1/XM_067114879.1/XM_067087046.1/XM_067093449.1/XM_067105466.1/XM_067092752.1/XM_067114884.1/XM_067114878.1/XM_067133314.1/XM_067114881.1/XM_067114827.1/XM_067114811.1/XM_067114858.1/XM_067090682.1/XM_067112557.1/XM_067094346.1/XM_067122686.1/XM_067092770.1/XM_067085552.1/XM_067130584.1/XM_067094082.1/XM_067125902.1/XM_067103889.1/GH625194.1/XM_067087344.1/XM_067113302.1/XM_067114874.1/XM_067133318.1/XM_067094151.1/XM_067093562.1/XM_067127487.1/XM_067102975.1/XM_067104422.1/XM_067081039.1
GO:0006606	GO:0006606	70	0.452921041738036	1.48504889896866	0.000922306755132747	0.0243469168040573	0.0209423017582492	6743	tags=63%, list=37%, signal=39%	XM_067101158.1/XM_067130824.1/XM_067127138.1/XM_067087150.1/XM_067121272.1/XM_067133152.1/XM_067133172.1/XM_067102176.1/XM_067102175.1/XM_067108390.1/XM_067130350.1/XM_067095929.1/XM_067111203.1/XM_067100740.1/XM_067100598.1/XM_067117837.1/XM_067131969.1/XM_067106461.1/XM_067108865.1/XM_067101742.1/XM_067087586.1/XM_067100744.1/XM_067087753.1/XM_067100505.1/JP355704.1/XM_067089308.1/JP354503.1/XM_067129433.1/XM_067132651.1/XM_067100504.1/XM_067088228.1/XM_067134618.1/XM_067095985.1/XM_067100597.1/XM_067092541.1/XM_067104422.1/XM_067087755.1/XM_067100502.1/XM_067133153.1/XM_067088230.1/XM_067100741.1/XM_067101616.1/XM_067101743.1/XM_067112357.1
GO:2000779	GO:2000779	13	0.677886943947969	1.76650691249595	0.000922722245898449	0.0243469168040573	0.0209423017582492	3624	tags=77%, list=20%, signal=61%	XM_067090217.1/XM_067128530.1/XM_067128537.1/XM_067128561.1/XM_067090216.1/XM_067106454.1/XM_067084318.1/XM_067084302.1/XM_067088166.1/JP355629.1
GO:0006563	GO:0006563	13	-0.586857638818103	-2.2098819616007	0.00101318255997464	0.0259580054296831	0.0223280995752244	3632	tags=77%, list=20%, signal=61%	XM_067111452.1/XM_067086271.1/XM_067111453.1/XM_067086266.1/XM_067086267.1/XM_067086272.1/XM_067086268.1/XM_067086270.1/XM_067134270.1/EL609699.1
GO:0006068	GO:0006068	16	-0.506781941181554	-2.10548705856432	0.0010182994151272	0.0259580054296831	0.0223280995752244	3501	tags=50%, list=19%, signal=40%	XM_067097764.1/XM_067097765.1/XM_067123095.1/XM_067123267.1/XM_067133010.1/XM_067101719.1/XM_067123181.1/XM_067123169.1
GO:0003014	GO:0003014	10	-0.685575027284308	-2.39066760948445	0.0010908190953408	0.0273431986565426	0.0235195906697165	4472	tags=90%, list=25%, signal=68%	XM_067131151.1/XM_067131150.1/XM_067113660.1/KJ631065.1/XM_067099679.1/KJ631066.1/XM_067098728.1/XM_067107766.1/XM_067098727.1
GO:0006974	GO:0006974	176	0.38648026248519	1.34094711494081	0.00118733244766263	0.0292745573981082	0.0251808727899461	7452	tags=55%, list=41%, signal=32%	XM_067083174.1/XM_067090217.1/XM_067087864.1/XM_067130111.1/XM_067106363.1/XM_067119871.1/XM_067095217.1/XM_067094776.1/XM_067081591.1/XM_067083173.1/XM_067120619.1/XM_067105299.1/XM_067103922.1/XM_067095119.1/XM_067107383.1/XM_067129732.1/XM_067106274.1/JP353831.1/XM_067083175.1/XM_067119748.1/XM_067127455.1/XM_067081589.1/XM_067128079.1/XM_067083472.1/XM_067119318.1/XM_067098243.1/XM_067099509.1/XM_067122098.1/XM_067092678.1/XM_067132648.1/XM_067111873.1/XM_067090216.1/XM_067110761.1/XM_067094880.1/XM_067094335.1/XM_067116494.1/JP354480.1/XM_067119872.1/XM_067093552.1/XM_067123867.1/XM_067083465.1/XM_067081637.1/XM_067097734.1/JP354889.1/XM_067116059.1/XM_067098396.1/XM_067109009.1/XM_067087105.1/XM_067114407.1/XM_067134673.1/XM_067127456.1/XM_067084359.1/XM_067093551.1/XM_067081585.1/XM_067081584.1/XM_067081582.1/XM_067121580.1/XM_067122120.1/XM_067095127.1/XM_067106765.1/XM_067122264.1/XM_067099728.1/XM_067094905.1/XM_067134150.1/XM_067126451.1/XM_067096055.1/XM_067084341.1/XM_067127459.1/XM_067116552.1/XM_067095985.1/XM_067081587.1/XM_067128557.1/XM_067093553.1/XM_067134477.1/XM_067093428.1/XM_067127123.1/XM_067095501.1/XM_067107656.1/XM_067129728.1/XM_067093144.1/XM_067124071.1/XM_067132074.1/XM_067133161.1/XM_067096056.1/XM_067134385.1/XM_067132630.1/XM_067091223.1/XM_067108002.1/XM_067108819.1/EL695795.1/XM_067108820.1/XM_067098797.1/XM_067081593.1/XM_067098107.1/XM_067104499.1/XM_067104913.1
GO:0006397	GO:0006397	180	0.385614219069947	1.33912411768464	0.00131618777808824	0.0315885380894524	0.0271712719148495	8656	tags=64%, list=48%, signal=34%	XM_067123462.1/XM_067082222.1/XM_067115122.1/XM_067093953.1/XM_067121942.1/XM_067095810.1/XM_067115112.1/XM_067088826.1/XM_067123648.1/XM_067132516.1/XM_067097841.1/XM_067132746.1/XM_067115119.1/XM_067132517.1/XM_067097327.1/XM_067128748.1/XM_067106574.1/XM_067102222.1/JP351889.1/XM_067098914.1/XM_067085822.1/XM_067132512.1/XM_067096486.1/XM_067098714.1/XM_067115073.1/XM_067096311.1/XM_067106721.1/XM_067119477.1/XM_067093535.1/XM_067081205.1/XM_067099991.1/XM_067099251.1/XM_067095808.1/XM_067104493.1/XM_067112965.1/XM_067082221.1/XM_067096318.1/XM_067131758.1/XM_067123322.1/XM_067088727.1/JP353660.1/XM_067122958.1/XM_067093842.1/XM_067094115.1/XM_067131759.1/XM_067132749.1/XM_067123650.1/XM_067102967.1/XM_067112543.1/XM_067125188.1/XM_067116729.1/XM_067131761.1/XM_067088825.1/XM_067122161.1/XM_067132750.1/XM_067097965.1/XM_067096487.1/XM_067123649.1/XM_067124837.1/XM_067115973.1/XM_067114973.1/XM_067088708.1/XM_067123971.1/XM_067111338.1/XM_067097821.1/XM_067122957.1/XM_067088640.1/XM_067130360.1/XM_067082630.1/XM_067097844.1/XM_067128557.1/XM_067103419.1/XM_067133361.1/XM_067116548.1/XM_067101911.1/XM_067115538.1/XM_067115537.1/XM_067122094.1/XM_067119328.1/XM_067085989.1/XM_067123461.1/JP353441.1/XM_067108002.1/XM_067128716.1/XM_067134736.1/XM_067133491.1/XM_067082732.1/GH624825.1/EL695795.1/XM_067093534.1/XM_067092932.1/JP353275.1/XM_067087424.1/XM_067107087.1/XM_067129588.1/XM_067130297.1/XM_067101914.1/XM_067103786.1/XM_067124610.1/XM_067085268.1/XM_067097842.1/XM_067103788.1/XM_067085318.1/XM_067090927.1/XM_067123653.1/XM_067124821.1/XM_067088819.1/XM_067086590.1/XM_067086973.1/XM_067097834.1/XM_067130405.1/XM_067105097.1/XM_067115116.1/XM_067093537.1/XM_067129589.1/XM_067113383.1
GO:0001947	GO:0001947	15	0.647020981774528	1.72838335820453	0.00132319009284275	0.0315885380894524	0.0271712719148495	5677	tags=80%, list=32%, signal=55%	XM_067109793.1/XM_067109794.1/XM_067112641.1/XM_067124111.1/XM_067109796.1/XM_067112249.1/XM_067118828.1/XM_067109790.1/XM_067119736.1/XM_067109789.1/XM_067109791.1/XM_067124110.1
GO:0008210	GO:0008210	12	-0.612837168903725	-2.23421835349923	0.00137228074024381	0.0321582848698703	0.0276613466580841	3501	tags=83%, list=19%, signal=67%	XM_067097764.1/XM_067094391.1/XM_067105871.1/XM_067123178.1/XM_067088388.1/XM_067105869.1/XM_067106385.1/XM_067122548.1/XM_067122547.1/XM_067123179.1
GO:0008380	GO:0008380	163	0.390707972084467	1.35005524392917	0.00138981949238136	0.0321582848698703	0.0276613466580841	8792	tags=67%, list=49%, signal=35%	XM_067115122.1/XM_067093953.1/XM_067095810.1/XM_067115112.1/XM_067118908.1/XM_067123648.1/XM_067132746.1/XM_067115119.1/XM_067128748.1/XM_067081591.1/XM_067102222.1/JP351889.1/XM_067098914.1/XM_067085822.1/XM_067096486.1/XM_067098714.1/XM_067081589.1/XM_067096311.1/XM_067132436.1/XM_067106721.1/XM_067082002.1/XM_067119477.1/XM_067116216.1/XM_067093535.1/XM_067081205.1/XM_067099991.1/XM_067099251.1/XM_067095808.1/XM_067104493.1/XM_067112965.1/XM_067096318.1/LT574898.1/JP353660.1/XM_067122958.1/XM_067093842.1/XM_067132749.1/XM_067123650.1/XM_067120328.1/XM_067125188.1/XM_067081585.1/XM_067082000.1/XM_067081584.1/XM_067081582.1/XM_067116729.1/XM_067132437.1/XM_067088967.1/XM_067097767.1/XM_067122161.1/XM_067104359.1/XM_067132750.1/XM_067097965.1/XM_067096487.1/XM_067123649.1/XM_067124837.1/XM_067115973.1/XM_067114973.1/XM_067088708.1/XM_067114731.1/XM_067111338.1/JP354730.1/XM_067122957.1/XM_067130360.1/XM_067081587.1/XM_067129891.1/XM_067133361.1/XM_067129890.1/XM_067101911.1/XM_067115538.1/XM_067115537.1/XM_067122094.1/XM_067085989.1/XM_067112954.1/XM_067116487.1/JP353441.1/XM_067128716.1/XM_067133491.1/XM_067082732.1/XM_067112953.1/XM_067116545.1/XM_067093534.1/JP353275.1/XM_067082003.1/XM_067081593.1/XM_067112946.1/XM_067090771.1/XM_067129588.1/XM_067090769.1/XM_067111372.1/XM_067130297.1/XM_067090770.1/XM_067101914.1/XM_067084259.1/XM_067103786.1/XM_067112955.1/XM_067081581.1/JP355387.1/XM_067132567.1/XM_067103788.1/XM_067090927.1/XM_067123653.1/XM_067081583.1/XM_067124821.1/XM_067086590.1/XM_067112944.1/XM_067115116.1/XM_067093537.1/XM_067129589.1/XM_067113383.1/XM_067110802.1/XM_067084782.1
GO:0008202	GO:0008202	33	-0.327763252943163	-1.90953435844287	0.0015286808706919	0.0348353943866759	0.0299640955355716	3501	tags=67%, list=19%, signal=54%	XM_067097764.1/XM_067097765.1/XM_067095835.1/XM_067115236.1/XM_067094391.1/XM_067123095.1/XM_067115234.1/XM_067120782.1/XM_067105871.1/XM_067105872.1/XM_067095795.1/XM_067120787.1/XM_067105869.1/XM_067116141.1/XM_067116139.1/XM_067111165.1/XM_067120776.1/XM_067122548.1/XM_067122547.1/XM_067123181.1/XM_067133708.1/XM_067127258.1
GO:2000773	GO:2000773	12	0.684338900121285	1.76260623010887	0.00161480369416571	0.0362487277018691	0.0311797916752499	2967	tags=67%, list=16%, signal=56%	XM_067115102.1/XM_067120619.1/XM_067091344.1/XM_067089712.1/XM_067083472.1/XM_067113608.1/JP354480.1/XM_067083465.1
GO:0006937	GO:0006937	10	-0.664722870154393	-2.31795408484538	0.00170766180222557	0.037623210553115	0.0323620701076277	6048	tags=100%, list=34%, signal=66%	XM_067083486.1/XM_067101598.1/XM_067083495.1/XM_067131151.1/XM_067131150.1/XM_067101601.1/XM_067101604.1/XM_067101602.1/XM_067101605.1
GO:0042572	GO:0042572	24	-0.359749509858575	-1.79879823646227	0.00172606484585435	0.037623210553115	0.0323620701076277	3780	tags=71%, list=21%, signal=56%	XM_067121162.1/XM_067099385.1/XM_067097665.1/XM_067087971.1/XM_067087969.1/JP354306.1/XM_067099386.1/XM_067121380.1/XM_067126527.1/XM_067083907.1/XM_067087970.1/XM_067093206.1/XM_067087968.1/JP354014.1/XM_067110561.1/XM_067087972.1/XM_067083909.1
GO:0001649	GO:0001649	29	-0.346274117778306	-1.86532670274884	0.00177484974532625	0.0379880011309645	0.0326758492370908	3971	tags=62%, list=22%, signal=48%	XM_067090202.1/XM_067090201.1/XM_067133197.1/XM_067090203.1/XM_067126185.1/XM_067132855.1/XM_067091419.1/XM_067091420.1/XM_067088388.1/XM_067091417.1/XM_067090199.1/XM_067091416.1/XM_067126183.1/XM_067126186.1/XM_067091418.1/XM_067090207.1/XM_067133991.1/XM_067090198.1
GO:0007548	GO:0007548	26	0.556860524348625	1.63593372917733	0.00179331654275165	0.0379880011309645	0.0326758492370908	6551	tags=85%, list=36%, signal=54%	JP353236.1/XM_067087091.1/XM_067132497.1/XM_067113869.1/XM_067096486.1/XM_067085798.1/XM_067085797.1/XM_067116336.1/XM_067132500.1/XM_067116339.1/XM_067113878.1/XM_067116338.1/XM_067103643.1/XM_067113872.1/XM_067096487.1/XM_067121038.1/XM_067115140.1/XM_067134657.1/XM_067116340.1/XM_067101911.1/XM_067116342.1/XM_067116343.1
GO:2000331	GO:2000331	11	0.70516525643444	1.78677874173085	0.00186863771278255	0.0386410509811166	0.0332375781465511	3408	tags=73%, list=19%, signal=59%	XM_067108410.1/XM_067120818.1/XM_067120815.1/XM_067095965.1/XM_067120817.1/XM_067083969.1/XM_067083967.1/XM_067083968.1
GO:0016486	GO:0016486	12	-0.595475158864628	-2.17092173336704	0.00187552973512068	0.0386410509811166	0.0332375781465511	3623	tags=75%, list=20%, signal=60%	XM_067098615.1/XM_067123071.1/EL609829.1/XM_067106816.1/XM_067106818.1/XM_067106817.1/XM_067106815.1/XM_067106820.1/XM_067106822.1
GO:0007005	GO:0007005	86	0.428908733217714	1.43046595000084	0.00190542407897014	0.0387264569563662	0.0333110411529773	7683	tags=65%, list=43%, signal=38%	XM_067112960.1/XM_067087368.1/XM_067112962.1/XM_067088758.1/XM_067091129.1/XM_067112961.1/XM_067108849.1/XM_067133172.1/JF268691.1/XM_067088757.1/XM_067095460.1/XM_067134487.1/XM_067098153.1/XM_067088755.1/XM_067113387.1/XM_067113269.1/XM_067121900.1/JP353934.1/XM_067132860.1/XM_067110875.1/XM_067119332.1/XM_067123322.1/XM_067093372.1/JP353780.1/XM_067126315.1/XM_067132597.1/XM_067104196.1/XM_067094082.1/HG001456.1/XM_067085574.1/XM_067105183.1/XM_067102128.1/XM_067131238.1/XM_067094076.1/JP355566.1/GH624168.1/EL696389.1/XM_067113532.1/XM_067121901.1/XM_067113466.1/XM_067092541.1/XM_067107654.1/XM_067104195.1/XM_067131560.1/XM_067116582.1/XM_067094305.1/XM_067131239.1/XM_067081404.1/XM_067134438.1/XM_067119489.1/XM_067123532.1/XM_067108597.1/XM_067103678.1/XM_067093648.1/XM_067130598.1/XM_067104197.1
GO:0060261	GO:0060261	24	0.562138190048036	1.6276270388198	0.00193412115174015	0.0387855761628958	0.033361893270016	4332	tags=62%, list=24%, signal=48%	XM_067119871.1/GH625442.1/XM_067087133.1/XM_067128788.1/XM_067134263.1/XM_067126791.1/XM_067113807.1/XM_067087132.1/XM_067119872.1/XM_067119333.1/XM_067087131.1/XM_067133612.1/XM_067094999.1/XM_067127473.1/XM_067122120.1
GO:0034314	GO:0034314	14	0.64875785789827	1.70992038597071	0.00203123482752834	0.0401082364329602	0.0344995958679368	3502	tags=64%, list=19%, signal=52%	XM_067089784.1/XM_067099252.1/XM_067105199.1/XM_067125155.1/XM_067120979.1/XM_067093394.1/XM_067123908.1/XM_067130244.1/XM_067130242.1
GO:0006457	GO:0006457	147	0.391522147417994	1.34553086958181	0.00205341370035767	0.0401082364329602	0.0344995958679368	7968	tags=58%, list=44%, signal=33%	XM_067104973.1/XM_067133751.1/XM_067126367.1/XM_067100503.1/XM_067081005.1/EL609734.1/XM_067118693.1/XM_067129892.1/XM_067102215.1/XM_067101152.1/XM_067110326.1/XM_067130838.1/XM_067121385.1/XM_067129956.1/JP351889.1/XM_067092134.1/XM_067120174.1/XM_067133753.1/XM_067117321.1/XM_067095978.1/XM_067106961.1/XM_067121900.1/XM_067134045.1/XM_067098136.1/XM_067099991.1/XM_067111206.1/XM_067104341.1/XM_067098840.1/JP352682.1/XM_067133754.1/XM_067104970.1/XM_067091297.1/XM_067121794.1/XM_067133752.1/XM_067110174.1/JZ905091.1/XM_067101339.1/XM_067109611.1/XM_067112074.1/XM_067111987.1/XM_067100423.1/XM_067128491.1/XM_067122529.1/HG001456.1/XM_067081360.1/XM_067129268.1/XM_067121153.1/XM_067105183.1/XM_067117231.1/XM_067123433.1/XM_067111775.1/XM_067087339.1/GH625321.1/XM_067084052.1/XM_067114187.1/XM_067105875.1/GH625325.1/XM_067104378.1/XM_067121901.1/XM_067126366.1/XM_067121382.1/JP351932.1/XM_067114721.1/XM_067129345.1/XM_067127033.1/XM_067122094.1/XM_067126365.1/XM_067112438.1/JP353614.1/XM_067119861.1/JP352871.1/XM_067128716.1/XM_067114493.1/XM_067105210.1/XM_067098278.1/XM_067114952.1/XM_067130835.1/XM_067090263.1/XM_067117232.1/EL609237.1/GH625243.1/XM_067104971.1/JP355415.1/XM_067121903.1/XM_067130014.1
GO:0016579	GO:0016579	53	0.476782523372611	1.52963185657145	0.002105132358725	0.040591270096441	0.0349150832506481	6333	tags=60%, list=35%, signal=39%	XM_067113717.1/XM_067123751.1/XM_067087334.1/XM_067130348.1/XM_067123517.1/XM_067102568.1/XM_067105397.1/XM_067102689.1/XM_067105475.1/XM_067111075.1/XM_067087332.1/XM_067099680.1/XM_067095247.1/XM_067114157.1/XM_067111304.1/XM_067094940.1/XM_067123750.1/XM_067091902.1/XM_067087105.1/XM_067104814.1/XM_067107229.1/EL695619.1/XM_067083793.1/XM_067101809.1/XM_067106765.1/JP354577.1/XM_067102565.1/XM_067112165.1/XM_067107228.1/XM_067112917.1/XM_067123044.1/XM_067115635.1
GO:0110095	GO:0110095	13	-0.543270356397235	-2.04574888603733	0.00228508417149015	0.0435033746065973	0.0374199659794989	3189	tags=77%, list=18%, signal=63%	XM_067087971.1/XM_067087969.1/JP354306.1/XM_067127015.1/XM_067121380.1/XM_067126527.1/XM_067087970.1/XM_067093206.1/XM_067087968.1/XM_067087972.1
GO:0006396	GO:0006396	50	0.478257201256946	1.52568783693754	0.00236832140185336	0.0445244423548432	0.0382982500378655	8041	tags=82%, list=45%, signal=46%	XM_067132516.1/XM_067119877.1/XM_067132517.1/JP354586.1/JP351570.1/XM_067107383.1/XM_067132512.1/XM_067116216.1/XM_067131721.1/XM_067084717.1/XM_067090547.1/XM_067115367.1/XM_067093564.1/XM_067131758.1/XM_067110031.1/XM_067131759.1/XM_067089737.1/XM_067117335.1/XM_067124230.1/XM_067131761.1/XM_067104489.1/XM_067103699.1/XM_067085050.1/XM_067125800.1/XM_067085826.1/XM_067124229.1/XM_067086419.1/XM_067119158.1/XM_067099067.1/XM_067119198.1/XM_067096283.1/XM_067096314.1/XM_067118034.1/XM_067117337.1/XM_067103702.1/XM_067092252.1/XM_067081496.1/JP355387.1/XM_067081494.1/XM_067085268.1/XM_067085318.1
GO:0046627	GO:0046627	18	0.60215473391486	1.66523190830158	0.00244463945118543	0.0453918238837394	0.0390443389929422	3667	tags=56%, list=20%, signal=44%	XM_067122690.1/XM_067107638.1/XM_067082046.1/XM_067112731.1/XM_067091682.1/XM_067112734.1/XM_067120637.1/XM_067095929.1/XM_067131023.1/XM_067115414.1
GO:0045190	GO:0045190	12	0.664290388157281	1.71096861008478	0.00256857819125748	0.0466737987513667	0.0401470455385146	5588	tags=83%, list=31%, signal=58%	XM_067083174.1/XM_067119871.1/XM_067119877.1/XM_067083173.1/XM_067083175.1/XM_067119872.1/XM_067093552.1/XM_067093551.1/XM_067106701.1/XM_067093553.1
GO:0030214	GO:0030214	14	-0.529801831474006	-2.0251247250099	0.0025757482023693	0.0466737987513667	0.0401470455385146	3785	tags=71%, list=21%, signal=56%	XM_067127925.1/XM_067127930.1/XM_067096178.1/XM_067127929.1/XM_067082099.1/XM_067127921.1/XM_067093790.1/XM_067129304.1/XM_067129303.1/XM_067100534.1
GO:0007286	GO:0007286	19	0.601165406172059	1.67142672499593	0.0026839944834317	0.0480562821795391	0.0413362057661349	5404	tags=63%, list=30%, signal=44%	XM_067128530.1/XM_067130908.1/XM_067128537.1/XM_067128561.1/XM_067111619.1/XM_067107390.1/XM_067081637.1/XM_067111620.1/XM_067134673.1/XM_067091027.1/XM_067117839.1/XM_067101463.1
GO:0000266	GO:0000266	13	0.644328465264437	1.67905680728806	0.0027308031121264	0.0483191515369189	0.0415623160966359	4599	tags=69%, list=26%, signal=52%	XM_067117448.1/XM_067088151.1/XM_067117444.1/XM_067082976.1/XM_067113269.1/XM_067117446.1/XM_067093372.1/XM_067126315.1/XM_067109308.1
GO:0000462	GO:0000462	23	0.544377518789761	1.56612596045127	0.00295899789510571	0.0517480562120813	0.0445117308823124	6978	tags=83%, list=39%, signal=51%	XM_067111546.1/XM_067132928.1/XM_067082834.1/XM_067109663.1/XM_067111099.1/XM_067091632.1/XM_067103800.1/XM_067108506.1/XM_067132574.1/XM_067086125.1/XM_067130879.1/XM_067132985.1/JP355301.1/XM_067109662.1/XM_067093175.1/XM_067130880.1/XM_067108306.1/XM_067091259.1/XM_067093582.1
GO:0045910	GO:0045910	10	0.691296400495713	1.70004042065754	0.00311029877704622	0.0537688432261783	0.0462499358377472	4713	tags=50%, list=26%, signal=37%	XM_067122441.1/XM_067127606.1/XM_067122440.1/XM_067116268.1/XM_067102128.1
GO:0033147	GO:0033147	17	0.598261485042156	1.63374213036696	0.00326550811287902	0.0555396330983642	0.0477731026580974	6072	tags=82%, list=34%, signal=55%	XM_067116731.1/XM_067117212.1/XM_067120619.1/XM_067133172.1/XM_067134577.1/XM_067083472.1/JP354480.1/XM_067083465.1/XM_067116641.1/XM_067114903.1/XM_067114904.1/XM_067084241.1/XM_067134581.1/JP353036.1
GO:0006289	GO:0006289	36	0.499421617274608	1.53503125960867	0.00328658733095373	0.0555396330983642	0.0477731026580974	7259	tags=81%, list=40%, signal=48%	JP355071.1/XM_067109119.1/XM_067119263.1/XM_067119871.1/XM_067103922.1/XM_067081159.1/XM_067119254.1/XM_067134678.1/XM_067087319.1/XM_067095434.1/XM_067124663.1/XM_067119872.1/XM_067087318.1/XM_067112568.1/XM_067085213.1/XM_067108506.1/XM_067093542.1/XM_067116353.1/XM_067121194.1/XM_067092438.1/XM_067087322.1/JP353721.1/XM_067093144.1/XM_067134061.1/XM_067132074.1/XM_067108819.1/XM_067088867.1/XM_067108820.1/XM_067119347.1
GO:0034374	GO:0034374	11	-0.594985093761757	-2.13609211833966	0.00333560691435772	0.0557416977688223	0.0479469110847443	951	tags=64%, list=5%, signal=60%	XM_067106816.1/XM_067106818.1/XM_067106817.1/XM_067106815.1/XM_067106820.1/XM_067106822.1/XM_067097698.1
GO:0040034	GO:0040034	20	0.574765559089103	1.61606827757737	0.00346605930857441	0.0572852000010539	0.049274573629126	4893	tags=65%, list=27%, signal=47%	XM_067130934.1/XM_067098820.1/XM_067098814.1/XM_067129983.1/JP353024.1/XM_067130933.1/XM_067094831.1/XM_067091389.1/XM_067108441.1/XM_067094832.1/XM_067114207.1/XM_067112420.1/XM_067098823.1
GO:0042771	GO:0042771	23	0.537675987972867	1.54684624917584	0.00372260074754105	0.0607097736706203	0.0522202630467472	4483	tags=52%, list=25%, signal=39%	XM_067087864.1/XM_067082934.1/XM_067120619.1/XM_067082931.1/JP353831.1/XM_067083472.1/JP354480.1/XM_067083465.1/JP354889.1/XM_067109009.1/XM_067121580.1/XM_067095605.1
GO:0007605	GO:0007605	39	-0.271883652481832	-1.76449619388565	0.00375399531340937	0.0607097736706203	0.0522202630467472	547	tags=21%, list=3%, signal=20%	XM_067106839.1/XM_067105013.1/XM_067100534.1/XM_067087800.1/XM_067088173.1/XM_067114959.1/XM_067125565.1/XM_067125566.1
GO:0006890	GO:0006890	58	0.453415052487805	1.46777622526525	0.00384117868934206	0.0614157737756001	0.0528275377731051	5462	tags=53%, list=30%, signal=37%	XM_067113717.1/XM_067130394.1/XM_067081533.1/XM_067094878.1/XM_067128419.1/XM_067091921.1/XM_067119858.1/XM_067082647.1/XM_067094947.1/XM_067128418.1/XM_067087178.1/XM_067130393.1/XM_067091911.1/XM_067096017.1/XM_067093166.1/XM_067113359.1/XM_067094875.1/XM_067099469.1/XM_067124835.1/XM_067123036.1/XM_067116523.1/XM_067126017.1/EL695619.1/XM_067107067.1/XM_067126019.1/XM_067105072.1/XM_067126016.1/XM_067094877.1/XM_067113360.1/XM_067099462.1/XM_067115287.1
GO:0006261	GO:0006261	25	0.543212435313351	1.58340105651638	0.00387932081694283	0.0614157737756001	0.0528275377731051	7561	tags=88%, list=42%, signal=51%	XM_067109119.1/XM_067116511.1/XM_067099509.1/XM_067109295.1/XM_067112568.1/XM_067110527.1/XM_067134414.1/JP354187.1/XM_067082469.1/XM_067095127.1/XM_067114381.1/XM_067086971.1/XM_067112015.1/XM_067107860.1/XM_067129187.1/XM_067093779.1/XM_067134415.1/XM_067116315.1/XM_067131653.1/XM_067108819.1/XM_067108820.1/XM_067091195.1
GO:0071805	GO:0071805	14	0.628190232051111	1.65571063375128	0.00392437943780431	0.0614819445256009	0.0528844553625165	1482	tags=29%, list=8%, signal=26%	XM_067118601.1/XM_067112769.1/XM_067095093.1/XM_067092797.1
GO:1905168	GO:1905168	39	0.496788195856845	1.54569573839366	0.0040936427603308	0.0633545356960219	0.054495187829235	7701	tags=77%, list=43%, signal=44%	XM_067081591.1/XM_067128530.1/XM_067128537.1/XM_067128561.1/XM_067081589.1/XM_067134044.1/XM_067081290.1/XM_067090890.1/XM_067082583.1/XM_067106454.1/XM_067093552.1/XM_067088166.1/XM_067082582.1/XM_067119582.1/XM_067093551.1/XM_067081585.1/XM_067082352.1/XM_067081584.1/XM_067081582.1/XM_067085202.1/XM_067096055.1/XM_067081587.1/XM_067093553.1/JP353423.1/XM_067082353.1/XM_067096056.1/XM_067081593.1/XM_067104499.1/XM_067127246.1/XM_067081581.1
GO:0010212	GO:0010212	39	0.496101246353651	1.54355837899496	0.00416875338339471	0.0633545356960219	0.054495187829235	6527	tags=67%, list=36%, signal=43%	XM_067083174.1/XM_067116949.1/XM_067102442.1/XM_067083173.1/XM_067102444.1/XM_067102441.1/XM_067102038.1/XM_067083175.1/XM_067127455.1/XM_067111786.1/XM_067111783.1/XM_067111873.1/XM_067134194.1/XM_067093552.1/XM_067111780.1/XM_067127456.1/XM_067093551.1/XM_067111787.1/XM_067099728.1/XM_067096055.1/XM_067127459.1/XM_067111779.1/XM_067093553.1/XM_067081805.1/XM_067096056.1/XM_067130208.1
GO:0043627	GO:0043627	18	-0.461278402809587	-1.92924476722339	0.00417027861296953	0.0633545356960219	0.054495187829235	4488	tags=78%, list=25%, signal=58%	XM_067116007.1/XM_067105804.1/JP355486.1/XM_067086312.1/JP353319.1/XM_067134439.1/XM_067092094.1/XM_067101180.1/XM_067083274.1/XM_067085934.1/XM_067085935.1/XM_067094391.1/XM_067122149.1/XM_067108463.1
GO:0006164	GO:0006164	12	0.645639423325971	1.66293055934211	0.00436215051127723	0.0649571719699104	0.0558737152512737	2472	tags=58%, list=14%, signal=50%	XM_067085579.1/GH625916.1/XM_067124898.1/XM_067128538.1/XM_067114754.1/XM_067114670.1/XM_067104532.1
GO:0006108	GO:0006108	12	0.645119434783777	1.66159125940769	0.00436215051127723	0.0649571719699104	0.0558737152512737	5167	tags=75%, list=29%, signal=54%	XM_067100240.1/XM_067100289.1/XM_067116494.1/XM_067100299.1/XM_067100248.1/XM_067087171.1/XM_067107687.1/XM_067089749.1/XM_067124180.1
GO:0032456	GO:0032456	69	0.431497723531677	1.41436143995872	0.00450791616469188	0.066469665800947	0.057174705535669	6090	tags=55%, list=34%, signal=37%	XM_067082368.1/XM_067089784.1/XM_067125824.1/JZ905044.1/XM_067081862.1/XM_067128768.1/XM_067095965.1/XM_067098503.1/XM_067082375.1/XM_067094594.1/XM_067081863.1/XM_067122678.1/XM_067115923.1/KP216761.1/XM_067134690.1/XM_067130244.1/XM_067082755.1/XM_067084433.1/XM_067130242.1/XM_067116496.1/XM_067105182.1/XM_067129485.1/XM_067100033.1/XM_067118533.1/XM_067103978.1/XM_067103889.1/XM_067111191.1/XM_067104450.1/XM_067126434.1/XM_067098538.1/XM_067105264.1/XM_067134688.1/XM_067098539.1/XM_067106350.1/XM_067098504.1/XM_067118531.1/XM_067091633.1/XM_067121684.1
GO:0010498	GO:0010498	44	0.478349909780185	1.50900383896004	0.00469452867165521	0.0682623361697324	0.058716693135919	6454	tags=64%, list=36%, signal=41%	XM_067113717.1/XM_067092062.1/XM_067089695.1/XM_067117546.1/XM_067085645.1/XM_067129330.1/XM_067100817.1/XM_067116480.1/XM_067121027.1/XM_067094842.1/XM_067100818.1/XM_067100675.1/XM_067098396.1/JP355361.1/XM_067131912.1/XM_067129226.1/EL695619.1/XM_067095605.1/XM_067095263.1/XM_067089308.1/XM_067134150.1/XM_067095724.1/XM_067114931.1/XM_067093144.1/XM_067100816.1/XM_067085770.1/JP354234.1/XM_067133161.1
GO:0046469	GO:0046469	10	-0.593779428942175	-2.07056732152753	0.00476207140862126	0.0682623361697324	0.058716693135919	951	tags=60%, list=5%, signal=57%	XM_067106816.1/XM_067106818.1/XM_067106817.1/XM_067106815.1/XM_067106820.1/XM_067106822.1
GO:0051262	GO:0051262	23	0.533767278485756	1.53560123778514	0.0047961627975364	0.0682623361697324	0.058716693135919	5359	tags=61%, list=30%, signal=43%	XM_067087864.1/XM_067112769.1/XM_067120619.1/JP353831.1/XM_067083472.1/XM_067111322.1/JP354480.1/XM_067083465.1/XM_067111323.1/XM_067083403.1/XM_067111451.1/XM_067090057.1/XM_067099351.1/XM_067134618.1
GO:0001752	GO:0001752	20	0.56635250258675	1.59241328726712	0.00481104230983486	0.0682623361697324	0.058716693135919	4893	tags=65%, list=27%, signal=47%	XM_067130934.1/XM_067098820.1/XM_067098814.1/XM_067123304.1/XM_067129983.1/XM_067130933.1/XM_067094831.1/XM_067108441.1/XM_067120193.1/XM_067094832.1/XM_067114207.1/XM_067112420.1/XM_067098823.1
GO:0006891	GO:0006891	33	0.498873205804685	1.51881742259778	0.00494480993816356	0.0691421168115023	0.0594734473413608	3893	tags=55%, list=22%, signal=43%	XM_067081342.1/XM_067094878.1/XM_067126528.1/XM_067128419.1/XM_067091921.1/XM_067082945.1/XM_067126529.1/XM_067081656.1/XM_067102263.1/XM_067128768.1/XM_067082647.1/XM_067128418.1/XM_067131463.1/XM_067091911.1/XM_067094875.1/XM_067123036.1/XM_067121265.1/XM_067126530.1
GO:0031145	GO:0031145	20	0.566096040648057	1.59169219325414	0.0049649924306132	0.0691421168115023	0.0594734473413608	5865	tags=80%, list=33%, signal=54%	XM_067093210.1/XM_067131155.1/XM_067104008.1/XM_067090847.1/XM_067113608.1/XM_067124181.1/XM_067093132.1/XM_067088549.1/XM_067128510.1/XM_067104007.1/XM_067088533.1/XM_067115587.1/XM_067104005.1/XM_067130815.1/XM_067083643.1/XM_067112917.1
GO:0016559	GO:0016559	11	0.671150788646064	1.7005913872051	0.00512658653459165	0.0699791905310701	0.0601934666592142	3534	tags=55%, list=20%, signal=44%	XM_067117448.1/XM_067117444.1/XM_067113269.1/XM_067119332.1/XM_067117446.1/XM_067093372.1
GO:0071108	GO:0071108	18	0.577459386412058	1.59693803243865	0.00514554837809739	0.0699791905310701	0.0601934666592142	3846	tags=61%, list=21%, signal=48%	XM_067087334.1/XM_067083241.1/XM_067102689.1/XM_067121275.1/XM_067105475.1/XM_067087332.1/XM_067099680.1/XM_067113046.1/XM_067094940.1/XM_067087105.1/XM_067107229.1
GO:0042147	GO:0042147	69	0.429066114161587	1.40639112089898	0.00517850098573431	0.0699791905310701	0.0601934666592142	5276	tags=51%, list=29%, signal=36%	XM_067089784.1/XM_067120536.1/XM_067122020.1/XM_067092023.1/JZ905044.1/JP352663.1/XM_067120200.1/XM_067122619.1/XM_067122613.1/XM_067122019.1/XM_067128768.1/XM_067120204.1/XM_067095965.1/XM_067131937.1/XM_067094594.1/XM_067110236.1/XM_067120203.1/XM_067108971.1/XM_067115923.1/XM_067110206.1/XM_067130244.1/XM_067117474.1/XM_067084433.1/XM_067130242.1/XM_067116496.1/XM_067095548.1/XM_067122620.1/XM_067102461.1/XM_067109672.1/XM_067110207.1/XM_067130915.1/XM_067126434.1/XM_067096166.1/XM_067133712.1/XM_067131618.1
GO:0042574	GO:0042574	26	-0.320165485586887	-1.693022908664	0.00523458505642794	0.0699791905310701	0.0601934666592142	3965	tags=69%, list=22%, signal=54%	XM_067116416.1/XM_067121162.1/XM_067111847.1/XM_067087971.1/XM_067114921.1/XM_067087969.1/XM_067121380.1/XM_067126527.1/XM_067083907.1/XM_067111849.1/XM_067087970.1/XM_067087968.1/XM_067111165.1/JP354014.1/XM_067110561.1/XM_067087972.1/XM_067083909.1/XM_067105201.1
GO:0008299	GO:0008299	10	0.670208602368409	1.64818117594952	0.00525774503325194	0.0699791905310701	0.0601934666592142	1824	tags=60%, list=10%, signal=54%	XM_067125561.1/XM_067133294.1/XM_067133292.1/XM_067097578.1/XM_067126286.1/XM_067121369.1
GO:0009617	GO:0009617	29	-0.309981366552009	-1.66982309880355	0.0055191449035692	0.0728139818856848	0.0626318475206513	3709	tags=59%, list=21%, signal=47%	XM_067115743.1/XM_067095306.1/XM_067096324.1/XM_067114646.1/XM_067084226.1/XM_067115742.1/XM_067118281.1/XM_067105871.1/XM_067084229.1/XM_067095152.1/XM_067118575.1/XM_067105869.1/XM_067095290.1/XM_067118922.1/XM_067118923.1/XM_067122548.1/XM_067122547.1
GO:0006886	GO:0006886	210	0.360961350449204	1.25923015566287	0.00598612244424827	0.0782880709230382	0.067340452942619	7925	tags=60%, list=44%, signal=34%	XM_067130355.1/XM_067094878.1/XM_067096495.1/XM_067128419.1/XM_067118929.1/XM_067091921.1/XM_067082945.1/XM_067130941.1/XM_067130868.1/XM_067104324.1/XM_067107018.1/XM_067082969.1/XM_067121827.1/XM_067122619.1/XM_067081656.1/XM_067094937.1/XM_067134577.1/XM_067101489.1/XM_067102176.1/XM_067122613.1/XM_067107950.1/XM_067111925.1/XM_067111169.1/XM_067119858.1/XM_067128768.1/XM_067083071.1/XM_067128418.1/XM_067100596.1/XM_067095965.1/XM_067108753.1/XM_067087178.1/XM_067120247.1/XM_067098503.1/XM_067084261.1/XM_067102175.1/XM_067091911.1/XM_067130866.1/XM_067130942.1/XM_067134046.1/XM_067092941.1/JP353019.1/XM_067115196.1/XM_067121241.1/XM_067130943.1/XM_067108971.1/XM_067104323.1/XM_067094875.1/XM_067099469.1/XM_067127885.1/XM_067124835.1/XM_067107844.1/XM_067123036.1/XM_067080969.1/XM_067084433.1/XM_067105778.1/XM_067111167.1/XM_067082971.1/XM_067116496.1/XM_067123902.1/XM_067130356.1/XM_067105182.1/XM_067098609.1/JP354449.1/XM_067122686.1/XM_067100033.1/XM_067130011.1/XM_067122620.1/XM_067126028.1/XM_067090643.1/XM_067104048.1/XM_067106403.1/XM_067114181.1/XM_067134508.1/XM_067109672.1/XM_067130915.1/XM_067091027.1/XM_067123901.1/XM_067093951.1/XM_067094877.1/XM_067133233.1/XM_067088683.1/XM_067099462.1/XM_067120251.1/XM_067105264.1/XM_067092091.1/XM_067104325.1/XM_067104422.1/JP353339.1/XM_067134581.1/XM_067098504.1/XM_067117468.1/XM_067126438.1/XM_067121828.1/XM_067104049.1/JP353036.1/XM_067107838.1/JP354448.1/XM_067121684.1/GH625542.1/XM_067113794.1/XM_067086130.1/XM_067104053.1/XM_067116925.1/XM_067123998.1/XM_067127051.1/XM_067121822.1/XM_067133698.1/XM_067088301.1/XM_067097500.1/XM_067097506.1/XM_067101830.1/XM_067118400.1/XM_067107019.1/XM_067126029.1/XM_067134047.1/XM_067102174.1/XM_067095299.1/XM_067109668.1/XM_067130351.1/XM_067110455.1/XM_067104321.1/XM_067098575.1/XM_067116813.1/XM_067094255.1/XM_067104997.1/XM_067106405.1
GO:0034375	GO:0034375	12	-0.535884460464981	-1.95367212969092	0.00617700171247227	0.0800880222030888	0.0688887033087879	1597	tags=58%, list=9%, signal=53%	XM_067107347.1/XM_067129341.1/XM_067107346.1/XM_067101485.1/XM_067101487.1/XM_067085695.1/XM_067081091.1
GO:1901796	GO:1901796	18	0.568529726273467	1.57224345784584	0.0063835539896971	0.0820586769273883	0.0705837863548154	4878	tags=56%, list=27%, signal=41%	XM_067132757.1/XM_067102568.1/XM_067100106.1/XM_067096580.1/XM_067094288.1/XM_067088952.1/XM_067132756.1/XM_067094289.1/XM_067094287.1/XM_067102565.1
GO:0019388	GO:0019388	13	-0.497032193936193	-1.87163360764374	0.00659350033462093	0.0840391907056769	0.0722873497881278	2359	tags=77%, list=13%, signal=67%	XM_067082105.1/XM_067133271.1/XM_067089531.1/XM_067089532.1/XM_067089530.1/XM_067111566.1/XM_067111567.1/XM_067111568.1/XM_067133270.1/XM_067111565.1
GO:0008033	GO:0008033	32	0.500719868157122	1.51946333053486	0.0069006039661478	0.0871419339756407	0.0749562128051949	6956	tags=75%, list=39%, signal=46%	XM_067088826.1/XM_067082957.1/XM_067119748.1/XM_067083500.1/XM_067094288.1/XM_067129247.1/JP352727.1/XM_067115367.1/XM_067097997.1/XM_067117292.1/XM_067125412.1/XM_067094289.1/EF208559.1/XM_067133934.1/XM_067094287.1/XM_067129248.1/XM_067088825.1/XM_067088708.1/XM_067111448.1/XM_067087338.1/XM_067128687.1/XM_067121824.1/XM_067121825.1/XM_067114417.1
GO:0060271	GO:0060271	98	0.404467434996568	1.35609931093289	0.00695281388103516	0.0871419339756407	0.0749562128051949	7805	tags=65%, list=43%, signal=37%	XM_067093174.1/XM_067120215.1/XM_067132377.1/XM_067089016.1/XM_067121857.1/XM_067128931.1/XM_067120281.1/XM_067112641.1/XM_067124111.1/XM_067112963.1/XM_067123474.1/XM_067112268.1/XM_067097781.1/XM_067096238.1/XM_067129605.1/XM_067123908.1/XM_067121357.1/XM_067123473.1/XM_067107390.1/XM_067112811.1/XM_067125408.1/XM_067123191.1/XM_067123190.1/XM_067096682.1/XM_067096114.1/XM_067129278.1/XM_067120071.1/XM_067117499.1/XM_067096608.1/XM_067118533.1/XM_067134508.1/XM_067103889.1/XM_067107206.1/JP353917.1/XM_067117231.1/XM_067085622.1/XM_067104450.1/XM_067131281.1/XM_067106639.1/XM_067084582.1/XM_067092091.1/XM_067090752.1/XM_067089029.1/XM_067129279.1/XM_067127452.1/XM_067086688.1/XM_067124110.1/XM_067118531.1/XM_067123913.1/XM_067090709.1/XM_067124903.1/XM_067082223.1/XM_067131657.1/XM_067118532.1/XM_067130465.1/XM_067088869.1/XM_067121576.1/XM_067118371.1/XM_067116470.1/XM_067129453.1/XM_067086686.1/XM_067121574.1/XM_067117232.1/XM_067112870.1
GO:0045751	GO:0045751	10	-0.564922803509941	-1.96994142794279	0.0074323280513029	0.0923819949517319	0.0794635160943998	7845	tags=100%, list=44%, signal=56%	XM_067109001.1/XM_067131656.1/XM_067131655.1/XM_067109002.1/KF878972.1/LT574896.1/XM_067129373.1/XM_067129375.1/XM_067109898.1
GO:0006334	GO:0006334	44	0.467023662790606	1.47327403147217	0.0082277154948892	0.10111573201549	0.0869759481012295	8719	tags=73%, list=48%, signal=38%	XM_067098411.1/XM_067118669.1/XM_067133341.1/XM_067099509.1/XM_067114145.1/EL609572.1/XM_067114140.1/XM_067128973.1/XM_067119734.1/JP354187.1/XM_067116268.1/XM_067088876.1/XM_067114143.1/XM_067099525.1/XM_067090995.1/XM_067112015.1/XM_067117548.1/XM_067125308.1/XM_067122560.1/JP354534.1/XM_067131653.1/XM_067122562.1/XM_067122563.1/XM_067114144.1/XM_067128127.1/XM_067081400.1/XM_067118649.1/XM_067092845.1/XM_067125310.1/XM_067125309.1/XM_067089710.1/XM_067133191.1
GO:0045739	GO:0045739	33	0.489324533354129	1.48974652860741	0.00826943819009655	0.10111573201549	0.0869759481012295	5588	tags=61%, list=31%, signal=42%	XM_067083174.1/XM_067094776.1/XM_067116949.1/XM_067102442.1/XM_067083173.1/XM_067102444.1/XM_067102441.1/XM_067083175.1/XM_067123535.1/XM_067094880.1/XM_067092311.1/XM_067093552.1/XM_067097734.1/XM_067111875.1/XM_067119582.1/XM_067093551.1/JP354577.1/XM_067092317.1/XM_067123536.1/XM_067093553.1
GO:0000209	GO:0000209	106	0.392582332958067	1.32382931691456	0.00859388556192205	0.104235515202668	0.0896594682139406	7954	tags=64%, list=44%, signal=36%	XM_067103657.1/XM_067133988.1/XM_067094776.1/XM_067101362.1/XM_067122699.1/XM_067095563.1/XM_067085558.1/JP351889.1/XM_067133987.1/XM_067104147.1/XM_067091092.1/XM_067099991.1/XM_067107926.1/XM_067096670.1/XM_067092678.1/XM_067098697.1/XM_067117782.1/XM_067092027.1/XM_067108530.1/XM_067095197.1/XM_067120985.1/XM_067120977.1/XM_067123823.1/XM_067131912.1/XM_067106666.1/XM_067116704.1/XM_067133146.1/XM_067124191.1/XM_067124272.1/XM_067126315.1/XM_067111374.1/XM_067120293.1/XM_067113066.1/XM_067099342.1/XM_067085202.1/XM_067092029.1/JP355213.1/XM_067095198.1/XM_067088533.1/XM_067129268.1/XM_067115587.1/XM_067096669.1/XM_067133225.1/XM_067107705.1/XM_067108528.1/XM_067123807.1/XM_067127150.1/XM_067093144.1/XM_067085616.1/XM_067124071.1/XM_067096672.1/XM_067096499.1/XM_067133161.1/XM_067127159.1/XM_067103709.1/XM_067100128.1/XM_067134107.1/XM_067117781.1/XM_067133962.1/XM_067109798.1/XM_067133616.1/XM_067092887.1/XM_067103183.1/XM_067133985.1/XM_067112607.1/XM_067092845.1/XM_067108529.1/XM_067115304.1
GO:0042274	GO:0042274	65	0.432704404909063	1.41235138344484	0.00891952776526864	0.107319758071712	0.0923124178822329	6838	tags=55%, list=38%, signal=34%	XM_067111546.1/XM_067120857.1/XM_067110865.1/XM_067103389.1/XM_067084562.1/XM_067083796.1/XM_067092575.1/XM_067110869.1/XM_067116216.1/XM_067120821.1/XM_067102058.1/JP354052.1/XM_067110862.1/XM_067106149.1/EL609362.1/XM_067091632.1/XM_067103800.1/XM_067108506.1/XM_067127973.1/XM_067131986.1/XM_067103371.1/XM_067132574.1/XM_067098236.1/XM_067110006.1/JP351684.1/XM_067130879.1/XM_067105521.1/XM_067123160.1/XM_067105698.1/XM_067130880.1/XM_067129830.1/XM_067091259.1/XM_067097963.1/XM_067114894.1/XM_067084077.1/XM_067130342.1
GO:0006177	GO:0006177	14	0.598045105124677	1.57625761990082	0.00900199671253975	0.107452405203649	0.0924265159541466	5959	tags=64%, list=33%, signal=43%	XM_067098246.1/XM_067132560.1/XM_067116150.1/XM_067098247.1/XM_067104532.1/XM_067116153.1/XM_067132552.1/XM_067116149.1/XM_067116146.1
GO:1900029	GO:1900029	12	-0.514606995201403	-1.87610094794803	0.00923170625401114	0.108592383904769	0.0934070827400345	1024	tags=42%, list=6%, signal=39%	XM_067093807.1/XM_067093813.1/XM_067082741.1/XM_067082742.1/XM_067093808.1
GO:0006383	GO:0006383	17	0.577731164472691	1.57767759921648	0.00924190501317184	0.108592383904769	0.0934070827400345	6022	tags=82%, list=33%, signal=55%	XM_067097578.1/XM_067111336.1/XM_067128143.1/XM_067128144.1/XM_067112403.1/XM_067133739.1/XM_067122889.1/XM_067128286.1/XM_067119704.1/XM_067111335.1/XM_067124988.1/JP354258.1/XM_067086668.1/XM_067129887.1
GO:0034244	GO:0034244	20	0.548905648265025	1.54335796833406	0.00951488956457245	0.110823235978973	0.0953259777562693	6729	tags=75%, list=37%, signal=47%	XM_067083174.1/XM_067100817.1/XM_067083173.1/XM_067083175.1/XM_067100818.1/XM_067093552.1/XM_067093551.1/XM_067101742.1/XM_067134377.1/XM_067107561.1/XM_067125261.1/XM_067093553.1/XM_067100816.1/XM_067134447.1/XM_067101743.1
GO:0015771	GO:0015771	24	-0.316057450848887	-1.58033178538933	0.00957913608860802	0.110823235978973	0.0953259777562693	5466	tags=83%, list=30%, signal=58%	XM_067108764.1/XM_067125756.1/XM_067108766.1/XM_067085949.1/XM_067134299.1/XM_067102387.1/PP501524.1/XM_067108756.1/XM_067131749.1/XM_067108745.1/XM_067108392.1/XM_067091178.1/XM_067108760.1/XM_067108773.1/XM_067108772.1/XM_067108765.1/XM_067113021.1/XM_067091177.1/XM_067088544.1/XM_067088543.1
GO:0016556	GO:0016556	16	0.563925259625377	1.52699630909203	0.00972610804327861	0.110892353539501	0.0953854300812199	4766	tags=69%, list=26%, signal=51%	XM_067082222.1/XM_067132516.1/XM_067132517.1/XM_067132512.1/XM_067096486.1/XM_067082221.1/XM_067131758.1/XM_067131759.1/XM_067131761.1/XM_067096487.1/XM_067114973.1
GO:0070585	GO:0070585	12	0.611312557603554	1.57451713235189	0.00973257358192431	0.110892353539501	0.0953854300812199	4198	tags=58%, list=23%, signal=45%	XM_067133751.1/XM_067133753.1/XM_067113269.1/XM_067133754.1/XM_067126636.1/XM_067133752.1/XM_067113066.1
GO:0016441	GO:0016441	13	-0.471854585759043	-1.77682434136412	0.0103611216176941	0.115632935536413	0.0994631003459208	3451	tags=77%, list=19%, signal=62%	XM_067085388.1/XM_067102157.1/XM_067085390.1/XM_067085393.1/XM_067084479.1/XM_067084468.1/JP354205.1/XM_067082736.1/XM_067084481.1/XM_067085391.1
GO:0006275	GO:0006275	35	0.478522909343356	1.46582181144062	0.0104041959619572	0.115632935536413	0.0994631003459208	6905	tags=66%, list=38%, signal=41%	XM_067087334.1/XM_067130908.1/XM_067087332.1/XM_067123535.1/XM_067099509.1/XM_067094880.1/XM_067092311.1/XM_067104156.1/XM_067111875.1/JP354187.1/XM_067132885.1/XM_067097667.1/JP354577.1/XM_067128026.1/XM_067082454.1/XM_067112015.1/XM_067092317.1/XM_067123536.1/XM_067102609.1/XM_067115635.1/XM_067131653.1/XM_067111874.1/EL695795.1
GO:0006511	GO:0006511	169	0.370258826163744	1.2807630041789	0.010536806540443	0.115632935536413	0.0994631003459208	8854	tags=65%, list=49%, signal=33%	XM_067128492.1/XM_067083174.1/XM_067113717.1/XM_067101230.1/XM_067123751.1/XM_067090041.1/XM_067099007.1/XM_067096160.1/XM_067122699.1/XM_067095563.1/XM_067083173.1/XM_067123517.1/XM_067085558.1/XM_067085988.1/XM_067134357.1/XM_067100106.1/XM_067083175.1/XM_067101220.1/XM_067102616.1/XM_067103296.1/XM_067104394.1/XM_067104147.1/XM_067101285.1/XM_067124181.1/XM_067104801.1/XM_067112797.1/XM_067117782.1/XM_067083911.1/XM_067095197.1/XM_067120985.1/XM_067093552.1/XM_067120977.1/XM_067134388.1/XM_067123823.1/XM_067098429.1/XM_067099008.1/XM_067131912.1/XM_067106666.1/XM_067093543.1/XM_067123750.1/XM_067116704.1/XM_067133146.1/XM_067097106.1/XM_067126315.1/EL695619.1/XM_067093551.1/XM_067082352.1/XM_067132921.1/XM_067101809.1/JP353081.1/XM_067085202.1/XM_067107608.1/XM_067085897.1/XM_067095605.1/JP355213.1/XM_067095198.1/XM_067088533.1/XM_067129268.1/XM_067115587.1/JP354577.1/XM_067101288.1/XM_067133225.1/XM_067104152.1/XM_067100115.1/XM_067092532.1/XM_067101714.1/XM_067109294.1/XM_067118296.1/XM_067083643.1/XM_067134150.1/XM_067095724.1/XM_067093553.1/XM_067107232.1/XM_067093378.1/XM_067114931.1/XM_067082353.1/XM_067115635.1/JP354234.1/XM_067103709.1/XM_067099997.1/EL695795.1/XM_067107609.1/XM_067104154.1/XM_067134107.1/JP354740.1/XM_067117781.1/XM_067104913.1/XM_067109798.1/XM_067128815.1/XM_067112607.1/EL609912.1/XM_067085210.1/XM_067101808.1/XM_067113715.1/XM_067115304.1/XM_067134527.1/XM_067092052.1/XM_067087160.1/XM_067132877.1/XM_067123518.1/XM_067109802.1/XM_067085625.1/XM_067123936.1/XM_067120346.1/XM_067090755.1/JP354327.1/XM_067125883.1/XM_067120838.1/XM_067103903.1/XM_067132915.1
GO:0033363	GO:0033363	12	0.608179837980486	1.56644839459078	0.0105369008939665	0.115632935536413	0.0994631003459208	5988	tags=92%, list=33%, signal=61%	XM_067121827.1/XM_067111786.1/XM_067111783.1/XM_067120390.1/XM_067111780.1/JP354449.1/XM_067120386.1/XM_067120383.1/XM_067111787.1/XM_067111779.1/XM_067121828.1
GO:0070936	GO:0070936	64	0.424648006335236	1.3827325473605	0.0105684803075986	0.115632935536413	0.0994631003459208	7954	tags=67%, list=44%, signal=38%	XM_067092062.1/XM_067095474.1/XM_067085558.1/XM_067093210.1/XM_067131155.1/XM_067105957.1/XM_067100106.1/XM_067090847.1/XM_067104801.1/XM_067093132.1/XM_067092678.1/XM_067117782.1/XM_067112271.1/XM_067093552.1/XM_067133146.1/XM_067093551.1/XM_067090135.1/XM_067128510.1/XM_067113066.1/XM_067085202.1/XM_067115587.1/XM_067133225.1/XM_067107705.1/XM_067100115.1/XM_067095263.1/XM_067130815.1/XM_067083643.1/XM_067112270.1/XM_067112273.1/XM_067093553.1/XM_067123913.1/XM_067133161.1/XM_067103709.1/XM_067112237.1/XM_067096121.1/XM_067117781.1/XM_067109798.1/XM_067092887.1/XM_067112607.1/XM_067085210.1/XM_067088174.1/XM_067096145.1/XM_067115304.1
GO:0140861	GO:0140861	29	0.494648214096006	1.47799846080547	0.0106099369042719	0.115632935536413	0.0994631003459208	7157	tags=72%, list=40%, signal=44%	XM_067083174.1/XM_067116949.1/XM_067102442.1/XM_067083173.1/XM_067102444.1/XM_067120818.1/XM_067120815.1/XM_067102441.1/XM_067114226.1/XM_067083175.1/XM_067107025.1/XM_067120817.1/XM_067093552.1/XM_067085796.1/XM_067093551.1/XM_067091698.1/XM_067093553.1/XM_067107656.1/XM_067133161.1/XM_067102443.1/XM_067095947.1
GO:0007346	GO:0007346	50	0.447588404913317	1.42785133927057	0.0109230149182737	0.116955957900402	0.100601114403411	8053	tags=72%, list=45%, signal=40%	XM_067087864.1/XM_067093015.1/XM_067102176.1/XM_067131155.1/JP353831.1/XM_067104008.1/XM_067102175.1/XM_067083983.1/XM_067119223.1/XM_067093132.1/XM_067114157.1/XM_067113046.1/XM_067106149.1/XM_067117391.1/XM_067083981.1/XM_067128860.1/XM_067128510.1/XM_067083982.1/XM_067104007.1/XM_067121871.1/XM_067122264.1/XM_067104005.1/XM_067082077.1/XM_067083643.1/XM_067117394.1/XM_067123913.1/XM_067091180.1/XM_067115443.1/XM_067096121.1/XM_067102174.1/XM_067130820.1/XM_067104006.1/XM_067096145.1/XM_067115454.1/XM_067115435.1/XM_067098636.1
GO:0035070	GO:0035070	17	0.567778964053275	1.55049996949842	0.0112956162231896	0.116955957900402	0.100601114403411	5778	tags=71%, list=32%, signal=48%	XM_067130934.1/XM_067098820.1/XM_067098814.1/XM_067129983.1/XM_067130933.1/XM_067094831.1/XM_067108441.1/XM_067094832.1/XM_067114207.1/XM_067112420.1/XM_067098823.1/XM_067098817.1
GO:0048808	GO:0048808	17	0.567778964053275	1.55049996949842	0.0112956162231896	0.116955957900402	0.100601114403411	5778	tags=71%, list=32%, signal=48%	XM_067130934.1/XM_067098820.1/XM_067098814.1/XM_067129983.1/XM_067130933.1/XM_067094831.1/XM_067108441.1/XM_067094832.1/XM_067114207.1/XM_067112420.1/XM_067098823.1/XM_067098817.1
GO:0071390	GO:0071390	17	0.567778964053275	1.55049996949842	0.0112956162231896	0.116955957900402	0.100601114403411	5778	tags=71%, list=32%, signal=48%	XM_067130934.1/XM_067098820.1/XM_067098814.1/XM_067129983.1/XM_067130933.1/XM_067094831.1/XM_067108441.1/XM_067094832.1/XM_067114207.1/XM_067112420.1/XM_067098823.1/XM_067098817.1
GO:0046660	GO:0046660	13	0.595273217597651	1.55122364149068	0.0113534374025656	0.116955957900402	0.100601114403411	6551	tags=92%, list=36%, signal=59%	XM_067113869.1/XM_067116336.1/XM_067116339.1/XM_067113878.1/XM_067116338.1/XM_067103643.1/XM_067113872.1/XM_067121038.1/XM_067115140.1/XM_067116340.1/XM_067116342.1/XM_067116343.1
GO:0048071	GO:0048071	13	0.595273217597651	1.55122364149068	0.0113534374025656	0.116955957900402	0.100601114403411	6551	tags=92%, list=36%, signal=59%	XM_067113869.1/XM_067116336.1/XM_067116339.1/XM_067113878.1/XM_067116338.1/XM_067103643.1/XM_067113872.1/XM_067121038.1/XM_067115140.1/XM_067116340.1/XM_067116342.1/XM_067116343.1
GO:0048086	GO:0048086	13	0.595273217597651	1.55122364149068	0.0113534374025656	0.116955957900402	0.100601114403411	6551	tags=92%, list=36%, signal=59%	XM_067113869.1/XM_067116336.1/XM_067116339.1/XM_067113878.1/XM_067116338.1/XM_067103643.1/XM_067113872.1/XM_067121038.1/XM_067115140.1/XM_067116340.1/XM_067116342.1/XM_067116343.1
GO:0048092	GO:0048092	13	0.595273217597651	1.55122364149068	0.0113534374025656	0.116955957900402	0.100601114403411	6551	tags=92%, list=36%, signal=59%	XM_067113869.1/XM_067116336.1/XM_067116339.1/XM_067113878.1/XM_067116338.1/XM_067103643.1/XM_067113872.1/XM_067121038.1/XM_067115140.1/XM_067116340.1/XM_067116342.1/XM_067116343.1
GO:0030071	GO:0030071	16	0.560011211106247	1.51639785204421	0.011465701705968	0.117308948066503	0.10090474326269	7546	tags=88%, list=42%, signal=51%	XM_067085988.1/XM_067082608.1/XM_067088398.1/XM_067120859.1/XM_067087114.1/XM_067130815.1/XM_067083643.1/XM_067097995.1/XM_067120858.1/XM_067114894.1/XM_067128377.1/XM_067128387.1/XM_067128378.1/XM_067133248.1
GO:0016199	GO:0016199	62	0.421988787269135	1.37232431466172	0.0116061867184055	0.11794395151677	0.101450949337983	7412	tags=61%, list=41%, signal=36%	XM_067095100.1/XM_067114877.1/XM_067113128.1/XM_067110271.1/XM_067133299.1/XM_067114851.1/XM_067114844.1/XM_067114868.1/XM_067114872.1/XM_067133298.1/XM_067105469.1/XM_067114879.1/XM_067105466.1/XM_067092752.1/XM_067114884.1/XM_067114878.1/XM_067133314.1/XM_067114881.1/XM_067114827.1/XM_067114811.1/XM_067114858.1/XM_067090682.1/XM_067112557.1/XM_067112148.1/XM_067092770.1/XM_067085552.1/XM_067087344.1/XM_067113302.1/XM_067114874.1/XM_067133318.1/XM_067103957.1/XM_067114833.1/XM_067090679.1/XM_067122667.1/XM_067113389.1/XM_067133331.1/XM_067119115.1/XM_067094407.1
GO:0007095	GO:0007095	29	0.490407268393986	1.46532660423888	0.0119838632245295	0.120171912397322	0.103367357458223	8738	tags=86%, list=49%, signal=44%	XM_067116949.1/XM_067102442.1/XM_067102444.1/XM_067102441.1/XM_067089630.1/XM_067100513.1/XM_067113608.1/XM_067133344.1/XM_067089921.1/XM_067132648.1/XM_067107067.1/XM_067133901.1/XM_067115178.1/XM_067106701.1/XM_067094905.1/XM_067096055.1/XM_067081805.1/XM_067126458.1/XM_067096056.1/XM_067102443.1/XM_067127098.1/XM_067133346.1/XM_067089964.1/XM_067129211.1/XM_067108877.1
GO:0031297	GO:0031297	20	0.540120124317622	1.51865571133767	0.0119902590813724	0.120171912397322	0.103367357458223	5964	tags=75%, list=33%, signal=50%	XM_067121470.1/XM_067106363.1/XM_067106274.1/XM_067091647.1/XM_067118727.1/XM_067123759.1/XM_067100490.1/XM_067102062.1/XM_067091241.1/XM_067086991.1/XM_067111658.1/XM_067127123.1/XM_067111208.1/XM_067093144.1/XM_067129574.1
GO:1902953	GO:1902953	10	0.639933342953468	1.57372806912821	0.0120651321622311	0.120171912397322	0.103367357458223	4290	tags=70%, list=24%, signal=53%	XM_067130941.1/XM_067130868.1/XM_067130866.1/XM_067130942.1/XM_067130943.1/XM_067119169.1/JP355294.1
GO:0007030	GO:0007030	99	0.401920612219893	1.34826436007487	0.0121808215743637	0.120526023998968	0.103671950934162	7840	tags=62%, list=44%, signal=35%	XM_067091778.1/XM_067105792.1/XM_067100878.1/XM_067089800.1/XM_067113865.1/XM_067082456.1/XM_067121827.1/XM_067121385.1/XM_067101489.1/XM_067102263.1/XM_067082455.1/XM_067117782.1/XM_067129764.1/XM_067119169.1/XM_067124835.1/XM_067123036.1/XM_067117978.1/XM_067085790.1/XM_067096912.1/XM_067120390.1/XM_067120822.1/XM_067134079.1/XM_067091776.1/JP354449.1/XM_067121265.1/XM_067110181.1/XM_067120386.1/XM_067100877.1/XM_067107152.1/XM_067090013.1/XM_067120383.1/JP355294.1/JP353081.1/XM_067103889.1/XM_067091027.1/XM_067126434.1/XM_067133233.1/XM_067103688.1/XM_067107370.1/XM_067082584.1/XM_067092873.1/JP353339.1/XM_067121382.1/XM_067098345.1/XM_067121828.1/XM_067109236.1/XM_067120298.1/XM_067112231.1/XM_067133698.1/XM_067103687.1/XM_067097500.1/XM_067097506.1/XM_067108952.1/XM_067095821.1/XM_067111326.1/XM_067117781.1/XM_067091777.1/XM_067114860.1/XM_067104928.1/XM_067100860.1/XM_067121263.1
GO:0009792	GO:0009792	23	0.512097002766173	1.4732577717103	0.0124158730856714	0.122048843927123	0.10498182333877	2937	tags=39%, list=16%, signal=33%	XM_067115415.1/XM_067130333.1/XM_067103922.1/XM_067117765.1/XM_067123562.1/XM_067091682.1/XM_067120568.1/XM_067091389.1/XM_067132860.1
GO:1905515	GO:1905515	23	0.510978075222547	1.47003871615887	0.0125701055628228	0.122762589392763	0.105595760332941	6640	tags=74%, list=37%, signal=47%	XM_067081649.1/XM_067128420.1/XM_067132377.1/XM_067095494.1/XM_067119648.1/XM_067084026.1/XM_067121357.1/XM_067101117.1/XM_067123191.1/XM_067123190.1/XM_067096682.1/XM_067120071.1/XM_067117499.1/XM_067089029.1/XM_067086688.1/XM_067090709.1/XM_067124903.1
GO:0007478	GO:0007478	26	0.508377399605761	1.49350097340686	0.0130193810909996	0.126329994586216	0.108664308053233	6588	tags=77%, list=37%, signal=49%	XM_067114460.1/XM_067113869.1/XM_067114558.1/XM_067114657.1/XM_067114465.1/XM_067116336.1/XM_067114457.1/XM_067116339.1/XM_067113878.1/XM_067082912.1/XM_067116338.1/XM_067103643.1/XM_067113872.1/XM_067121038.1/XM_067115140.1/XM_067082913.1/XM_067116340.1/XM_067116342.1/XM_067116343.1/XM_067091877.1
GO:0006941	GO:0006941	10	-0.531767188714873	-1.85432453524894	0.0135068865230461	0.129077948217626	0.111027994372524	8442	tags=70%, list=47%, signal=37%	XM_067115963.1/XM_067120196.1/XM_067096804.1/EL609714.1/XM_067120197.1/XM_067101250.1/XM_067101251.1
GO:0009101	GO:0009101	37	-0.247164471266007	-1.45680627320695	0.0136982655498408	0.129077948217626	0.111027994372524	3238	tags=38%, list=18%, signal=31%	XM_067106644.1/XM_067090249.1/XM_067119091.1/XM_067119521.1/XM_067097027.1/XM_067100072.1/XM_067116923.1/XM_067100079.1/XM_067106646.1/XM_067090175.1/XM_067098984.1/XM_067106645.1/XM_067125439.1/XM_067125440.1
GO:0051764	GO:0051764	11	-0.514468203276867	-1.84702354004876	0.0137048548337403	0.129077948217626	0.111027994372524	8754	tags=100%, list=49%, signal=51%	XM_067093812.1/XM_067088122.1/XM_067088127.1/XM_067088123.1/XM_067084489.1/XM_067117612.1/XM_067128035.1/XM_067093807.1/XM_067093813.1/XM_067093808.1
GO:0007455	GO:0007455	30	0.481802129805095	1.44810376013602	0.0137316966188964	0.129077948217626	0.111027994372524	6648	tags=70%, list=37%, signal=44%	XM_067114460.1/XM_067113869.1/XM_067114558.1/XM_067114657.1/XM_067114465.1/XM_067116336.1/XM_067114457.1/XM_067116339.1/XM_067113878.1/XM_067082912.1/XM_067116338.1/XM_067103643.1/XM_067113872.1/XM_067121038.1/XM_067115140.1/XM_067082913.1/XM_067116340.1/XM_067116342.1/XM_067116343.1/XM_067091877.1/XM_067131841.1
GO:0045732	GO:0045732	36	0.468826402314213	1.44099325697886	0.0137316966188964	0.129077948217626	0.111027994372524	6483	tags=58%, list=36%, signal=37%	GH625579.1/XM_067105473.1/XM_067127332.1/XM_067091344.1/XM_067085773.1/XM_067134577.1/XM_067105957.1/XM_067095965.1/XM_067126606.1/XM_067085784.1/XM_067131912.1/XM_067097106.1/XM_067130915.1/XM_067098538.1/XM_067134150.1/XM_067098539.1/XM_067134581.1/XM_067103238.1/JP353036.1/XM_067103297.1/XM_067082944.1
GO:0090522	GO:0090522	11	0.630605696373657	1.59785644912808	0.0140358245548857	0.130771774351682	0.112484959881171	6506	tags=91%, list=36%, signal=58%	XM_067125824.1/XM_067131700.1/XM_067126933.1/XM_067122083.1/XM_067126931.1/XM_067107844.1/XM_067121962.1/XM_067126930.1/XM_067107838.1/XM_067116749.1
GO:0006515	GO:0006515	20	0.535270107420665	1.50501891920749	0.0141562136157156	0.130771774351682	0.112484959881171	6293	tags=75%, list=35%, signal=49%	XM_067088758.1/XM_067088757.1/XM_067088950.1/XM_067088755.1/XM_067127377.1/XM_067116704.1/XM_067105030.1/XM_067122556.1/JP355213.1/XM_067122557.1/XM_067100267.1/XM_067111570.1/XM_067127375.1/XM_067117964.1/XM_067111571.1
GO:0000723	GO:0000723	34	0.472160678867247	1.44312529812724	0.0141868864249787	0.130771774351682	0.112484959881171	8671	tags=88%, list=48%, signal=46%	XM_067094164.1/XM_067126242.1/XM_067103922.1/XM_067123535.1/XM_067084177.1/XM_067122098.1/XM_067094880.1/XM_067092311.1/XM_067124323.1/XM_067111875.1/XM_067116281.1/XM_067127235.1/XM_067095854.1/JP354577.1/XM_067106701.1/XM_067092317.1/XM_067123536.1/XM_067092541.1/XM_067082973.1/XM_067116296.1/XM_067115635.1/XM_067111874.1/XM_067108819.1/XM_067108820.1/XM_067119347.1/XM_067092252.1/XM_067095853.1/XM_067099620.1/XM_067092305.1/XM_067129211.1
GO:0060236	GO:0060236	14	0.583724174452019	1.53851217912484	0.0142596881606887	0.130771774351682	0.112484959881171	6314	tags=86%, list=35%, signal=56%	XM_067094164.1/XM_067127775.1/XM_067127776.1/XM_067123191.1/XM_067123190.1/XM_067090471.1/XM_067116281.1/XM_067100505.1/XM_067100504.1/XM_067100502.1/XM_067131520.1/XM_067116296.1
GO:0035075	GO:0035075	22	0.520504165446605	1.48482461287273	0.014495616595885	0.132129741577036	0.113653032193573	4893	tags=59%, list=27%, signal=43%	XM_067130934.1/XM_067098820.1/XM_067098814.1/XM_067129983.1/XM_067130933.1/XM_067094831.1/XM_067108441.1/XM_067106014.1/XM_067106009.1/XM_067094832.1/XM_067114207.1/XM_067112420.1/XM_067098823.1
GO:0010629	GO:0010629	93	0.395417096320636	1.32141955352263	0.0147215773181676	0.132860325954652	0.114281453386245	6283	tags=47%, list=35%, signal=31%	XM_067130934.1/XM_067103218.1/XM_067116297.1/XM_067098820.1/XM_067100817.1/XM_067108782.1/XM_067098814.1/XM_067123304.1/XM_067081121.1/XM_067089712.1/XM_067081862.1/XM_067129983.1/XM_067085256.1/XM_067114226.1/XM_067081123.1/XM_067130933.1/XM_067094831.1/XM_067081863.1/XM_067129605.1/XM_067108441.1/XM_067111423.1/XM_067094880.1/XM_067100818.1/XM_067106210.1/XM_067133897.1/XM_067094832.1/XM_067128510.1/XM_067081120.1/XM_067095546.1/XM_067114207.1/XM_067116167.1/XM_067133257.1/XM_067104074.1/XM_067112420.1/XM_067116168.1/XM_067098823.1/GH624168.1/XM_067134075.1/XM_067098817.1/XM_067100816.1/XM_067108780.1/XM_067130961.1/XM_067116582.1/XM_067081122.1
GO:0035435	GO:0035435	25	-0.314183318246993	-1.59797256884567	0.0148634350026664	0.132860325954652	0.114281453386245	3351	tags=52%, list=19%, signal=42%	XM_067096032.1/XM_067083367.1/XM_067121920.1/XM_067118602.1/XM_067121924.1/XM_067110474.1/XM_067087012.1/XM_067081942.1/XM_067081953.1/XM_067118156.1/XM_067081635.1/XM_067118159.1/XM_067081634.1
GO:0007458	GO:0007458	19	0.545145443329696	1.51567381229223	0.014898312330231	0.132860325954652	0.114281453386245	5778	tags=63%, list=32%, signal=43%	XM_067130934.1/XM_067098820.1/XM_067098814.1/XM_067129983.1/XM_067130933.1/XM_067094831.1/XM_067108441.1/XM_067094832.1/XM_067114207.1/XM_067112420.1/XM_067098823.1/XM_067098817.1
GO:0008354	GO:0008354	17	0.559623416256208	1.52822866779269	0.0149291190733618	0.132860325954652	0.114281453386245	6130	tags=65%, list=34%, signal=43%	EL695757.1/XM_067085773.1/XM_067111118.1/XM_067085784.1/XM_067117391.1/XM_067116784.1/XM_067092297.1/XM_067091219.1/XM_067089021.1/XM_067123455.1/XM_067117394.1
GO:0032479	GO:0032479	10	-0.523718904136513	-1.82625937463535	0.015474750336405	0.136906026505607	0.117761412776729	1545	tags=50%, list=9%, signal=46%	XM_067105853.1/XM_067105851.1/XM_067133531.1/XM_067099201.1/XM_067099199.1
GO:0006367	GO:0006367	53	0.435690251826521	1.3977980654099	0.0155792776949176	0.137024758205591	0.117863541317659	8228	tags=72%, list=46%, signal=39%	JP355071.1/XM_067099222.1/XM_067122520.1/XM_067099221.1/XM_067088632.1/XM_067126827.1/XM_067134678.1/GH626108.1/XM_067134263.1/XM_067095434.1/XM_067113343.1/XM_067124663.1/XM_067114932.1/XM_067100490.1/XM_067123311.1/XM_067120351.1/XM_067085213.1/XM_067108506.1/XM_067094999.1/XM_067095935.1/XM_067116353.1/XM_067107395.1/XM_067126812.1/XM_067110745.1/XM_067102681.1/XM_067111208.1/XM_067090307.1/XM_067126828.1/XM_067085344.1/XM_067095238.1/XM_067123313.1/XM_067104047.1/XM_067121677.1/XM_067088631.1/XM_067098837.1/XM_067128136.1/XM_067088334.1/XM_067116354.1
GO:0033617	GO:0033617	15	0.567978448657483	1.51723750253978	0.0161543791316885	0.140220860524826	0.120612708276183	6365	tags=80%, list=35%, signal=52%	XM_067119876.1/XM_067132332.1/EL609406.1/XM_067102676.1/XM_067100551.1/XM_067134266.1/XM_067134220.1/XM_067092097.1/XM_067110184.1/XM_067110186.1/JP354779.1/XM_067134138.1
GO:0016139	GO:0016139	10	-0.520797100869882	-1.81607075901659	0.0161903379342433	0.140220860524826	0.120612708276183	1053	tags=80%, list=6%, signal=75%	XM_067093630.1/XM_067104526.1/XM_067093626.1/XM_067126210.1/XM_067093627.1/XM_067120435.1/XM_067092909.1/XM_067120434.1
GO:0006303	GO:0006303	34	0.466611521150583	1.42616469500496	0.0163155921488328	0.140220860524826	0.120612708276183	6029	tags=62%, list=33%, signal=41%	XM_067113717.1/XM_067119871.1/XM_067122098.1/XM_067101813.1/XM_067119872.1/XM_067093552.1/XM_067124323.1/XM_067101814.1/XM_067094739.1/XM_067088444.1/XM_067112568.1/XM_067101812.1/EL695619.1/XM_067093551.1/XM_067095127.1/XM_067095854.1/XM_067102128.1/XM_067093553.1/XM_067103893.1/XM_067103892.1/XM_067116855.1
GO:0045747	GO:0045747	34	0.466476650824808	1.42575247351383	0.0163155921488328	0.140220860524826	0.120612708276183	6210	tags=47%, list=34%, signal=31%	XM_067095100.1/XM_067120619.1/XM_067106499.1/XM_067083472.1/XM_067111499.1/XM_067096670.1/XM_067104142.1/JP354480.1/XM_067083465.1/XM_067087674.1/XM_067096669.1/XM_067132984.1/XM_067086028.1/XM_067103957.1/XM_067127479.1/XM_067096672.1
GO:0006107	GO:0006107	15	0.564795645056104	1.50873529792507	0.0167941360182592	0.143513525974215	0.123444935205984	3879	tags=47%, list=22%, signal=37%	XM_067097048.1/XM_067093698.1/XM_067097047.1/XM_067097043.1/XM_067089424.1/XM_067097045.1/XM_067089749.1
GO:0042177	GO:0042177	12	0.593721316685299	1.52920854207247	0.0169747181259824	0.144237152889704	0.124067371851516	6904	tags=92%, list=38%, signal=57%	XM_067081862.1/XM_067089630.1/XM_067081863.1/XM_067108971.1/XM_067093925.1/XM_067116781.1/GH624168.1/XM_067091235.1/XM_067131618.1/XM_067116582.1/XM_067090407.1
GO:0045478	GO:0045478	11	-0.497610003971298	-1.7864998949296	0.0171597871205707	0.144990560838979	0.12471542502177	2341	tags=45%, list=13%, signal=40%	XM_067094593.1/XM_067094598.1/JP355214.1/XM_067083887.1/XM_067083878.1
GO:0007281	GO:0007281	28	0.480704618597627	1.43190684947336	0.0173714036918148	0.145273749221323	0.124959013013022	6759	tags=57%, list=38%, signal=36%	EL695757.1/XM_067119871.1/XM_067085773.1/XM_067130908.1/XM_067121837.1/XM_067085784.1/XM_067119872.1/XM_067108533.1/XM_067115997.1/XM_067103769.1/XM_067090509.1/XM_067121840.1/XM_067091972.1/XM_067123455.1/XM_067097553.1/XM_067121835.1
GO:0090026	GO:0090026	15	-0.398664014929448	-1.62159207626816	0.0173864859440414	0.145273749221323	0.124959013013022	2902	tags=60%, list=16%, signal=50%	EL609829.1/KJ631065.1/XM_067098728.1/XM_067106816.1/XM_067106818.1/XM_067106817.1/XM_067106815.1/XM_067106820.1/XM_067106822.1
GO:0051017	GO:0051017	29	-0.279993096909569	-1.50828079095747	0.0175202484839948	0.145582617237173	0.125224689658794	1325	tags=31%, list=7%, signal=29%	XM_067084275.1/XM_067131387.1/XM_067134686.1/XM_067093807.1/XM_067093813.1/XM_067118835.1/XM_067084258.1/XM_067093808.1/XM_067118836.1
GO:0048070	GO:0048070	15	0.56234250225463	1.50218223193061	0.0180736519261647	0.149355892840394	0.128470319359494	7235	tags=93%, list=40%, signal=56%	XM_067113869.1/XM_067116336.1/XM_067116339.1/XM_067113878.1/XM_067116338.1/XM_067126028.1/XM_067103643.1/XM_067113872.1/XM_067121038.1/XM_067115140.1/XM_067116340.1/XM_067116342.1/XM_067116343.1/XM_067126029.1
GO:0006284	GO:0006284	32	0.475283713811495	1.4422758525539	0.0184315906762272	0.151362577700816	0.130196394172944	7827	tags=75%, list=43%, signal=42%	XM_067092937.1/XM_067106274.1/XM_067117782.1/XM_067094739.1/XM_067124188.1/XM_067123783.1/XM_067119736.1/XM_067095127.1/XM_067106765.1/XM_067102128.1/XM_067096106.1/XM_067090246.1/XM_067092938.1/XM_067097319.1/XM_067107656.1/XM_067116855.1/XM_067132074.1/XM_067108819.1/XM_067108820.1/XM_067119347.1/XM_067117781.1/EL609673.1/XM_067115808.1/XM_067107658.1
GO:0019886	GO:0019886	10	-0.511210968710484	-1.7826429724992	0.0185177621655254	0.151362577700816	0.130196394172944	2713	tags=80%, list=15%, signal=68%	XM_067113660.1/KJ631065.1/XM_067099679.1/KJ631066.1/XM_067114176.1/XM_067098728.1/XM_067114177.1/XM_067098727.1
GO:0006298	GO:0006298	21	0.533465732949939	1.50919804352137	0.0191435477143448	0.155631868985808	0.133868677900027	7838	tags=86%, list=44%, signal=48%	XM_067087864.1/XM_067122441.1/JP353831.1/XM_067095264.1/XM_067106550.1/XM_067083948.1/XM_067122440.1/XM_067106913.1/XM_067095263.1/XM_067126458.1/XM_067108819.1/XM_067088867.1/XM_067108820.1/XM_067119347.1/EL609673.1/XM_067115808.1/XM_067127098.1/XM_067086131.1
GO:0045197	GO:0045197	25	-0.304652326163082	-1.54949684458076	0.0201419045542061	0.162867873384548	0.140092816622068	12536	tags=100%, list=70%, signal=30%	XM_067081039.1/XM_067101084.1/XM_067090743.1/XM_067095351.1/XM_067105141.1/JP351550.1/XM_067081040.1/XM_067130923.1/XM_067103901.1/XM_067090749.1/XM_067105149.1/XM_067105147.1/XM_067100561.1/XM_067090742.1/XM_067105142.1/XM_067105143.1/XM_067100141.1/XM_067105146.1/XM_067105144.1/XM_067105098.1/XM_067105099.1/XM_067090747.1/XM_067095315.1/XM_067131543.1
GO:0032981	GO:0032981	35	0.459401717374155	1.40724935920911	0.0203006132831196	0.163075204150606	0.140271154746007	8590	tags=74%, list=48%, signal=39%	XM_067088870.1/XM_067113472.1/XM_067106954.1/XM_067113473.1/XM_067098153.1/XM_067124468.1/XM_067104449.1/XM_067124469.1/XM_067111451.1/XM_067092050.1/XM_067128306.1/XM_067124884.1/XM_067087207.1/XM_067099954.1/XM_067113172.1/XM_067110944.1/XM_067086340.1/JP354837.1/JP353984.1/XM_067110943.1/XM_067129342.1/XM_067087208.1/XM_067130505.1/XM_067130863.1/XM_067118020.1/XM_067092051.1
GO:0009312	GO:0009312	11	-0.488584121291365	-1.75409552538184	0.0203844005188258	0.163075204150606	0.140271154746007	3238	tags=55%, list=18%, signal=45%	XM_067106644.1/XM_067100072.1/XM_067100079.1/XM_067106646.1/XM_067106645.1/XM_067109288.1
GO:0008535	GO:0008535	11	0.612715585619311	1.55252569964575	0.0207093726674499	0.164798394136744	0.141753377935371	6799	tags=82%, list=38%, signal=51%	XM_067119876.1/EL609406.1/XM_067118936.1/XM_067134266.1/XM_067134220.1/XM_067109308.1/KU745282.1/XM_067134138.1/XM_067109307.1
GO:0016239	GO:0016239	25	-0.302538149385193	-1.53874389781195	0.0215309801088329	0.170434705703604	0.146601521073438	1798	tags=36%, list=10%, signal=32%	XM_067132269.1/XM_067109898.1/XM_067105853.1/XM_067108014.1/XM_067082885.1/XM_067105851.1/XM_067085623.1/XM_067089897.1/XM_067089811.1
GO:0046718	GO:0046718	24	-0.285918100492774	-1.42963078710303	0.0223961604445758	0.176355106327969	0.151694026929643	3643	tags=54%, list=20%, signal=43%	XM_067108133.1/XM_067126736.1/XM_067130858.1/JP354104.1/XM_067119584.1/XM_067124851.1/XM_067108544.1/XM_067098984.1/XM_067087686.1/XM_067093912.1/XM_067116229.1/XM_067130842.1/XM_067110070.1
GO:0007318	GO:0007318	11	-0.482032768675368	-1.73057511649392	0.0226876993494847	0.177720311570964	0.152868325112482	9338	tags=100%, list=52%, signal=48%	XM_067105141.1/XM_067082772.1/JP351550.1/XM_067105149.1/XM_067105147.1/XM_067105143.1/XM_067105146.1/XM_067105144.1/XM_067095315.1/XM_067131543.1
GO:0019343	GO:0019343	10	-0.497984080700052	-1.73651951192615	0.0231920166783442	0.179797902496029	0.154655390654829	2986	tags=70%, list=17%, signal=58%	XM_067086271.1/XM_067082283.1/XM_067086266.1/XM_067086267.1/XM_067086272.1/XM_067086268.1/XM_067086270.1
GO:0070814	GO:0070814	10	-0.497984080700052	-1.73651951192615	0.0231920166783442	0.179797902496029	0.154655390654829	2986	tags=70%, list=17%, signal=58%	XM_067086271.1/XM_067082283.1/XM_067086266.1/XM_067086267.1/XM_067086272.1/XM_067086268.1/XM_067086270.1
GO:0002003	GO:0002003	13	-0.430039437871466	-1.61936444832341	0.0233487339895583	0.180084594463055	0.154901992297798	10275	tags=62%, list=57%, signal=26%	XM_067111498.1/GH625963.1/XM_067095033.1/XM_067089011.1/XM_067122746.1/XM_067098617.1/XM_067108993.1/XM_067111231.1
GO:0048741	GO:0048741	10	-0.496491062352355	-1.73131320997209	0.0239111347913947	0.183481360848253	0.157823762935683	3155	tags=90%, list=18%, signal=74%	XM_067123645.1/XM_067112335.1/XM_067105481.1/XM_067105483.1/XM_067112327.1/XM_067087935.1/XM_067087936.1/XM_067091203.1/XM_067087932.1
GO:0006366	GO:0006366	52	0.429296244828828	1.37745531343975	0.0252086381272531	0.192455795651719	0.165543234081721	9653	tags=87%, list=54%, signal=40%	XM_067099222.1/XM_067099221.1/XM_067088632.1/XM_067115415.1/XM_067134678.1/XM_067090412.1/XM_067134263.1/XM_067099171.1/XM_067126791.1/XM_067095434.1/XM_067113343.1/XM_067124663.1/XM_067130335.1/XM_067100490.1/XM_067120351.1/XM_067085213.1/XM_067108506.1/XM_067116358.1/XM_067116353.1/XM_067092438.1/XM_067126812.1/XM_067124988.1/XM_067110745.1/JP354973.1/XM_067083514.1/JP353721.1/XM_067111208.1/XM_067090307.1/XM_067085344.1/XM_067095238.1/XM_067129083.1/XM_067124610.1/XM_067121677.1/XM_067088631.1/XM_067116354.1/XM_067120371.1/XM_067108878.1/XM_067122035.1/XM_067120629.1/XM_067088236.1/XM_067088233.1/XM_067095239.1/XM_067110528.1/XM_067118448.1/XM_067134264.1
GO:0042048	GO:0042048	25	-0.297426509342938	-1.512745507398	0.0254203976501128	0.193092313463483	0.166090742753794	2836	tags=44%, list=16%, signal=37%	XM_067091130.1/XM_067082523.1/XM_067090121.1/XM_067082530.1/XM_067090120.1/XM_067082524.1/XM_067091131.1/XM_067090126.1/XM_067096269.1/XM_067131543.1/XM_067116593.1
GO:0000289	GO:0000289	24	0.506210140081088	1.46569175677306	0.0258531540847983	0.194375516956162	0.167194506116408	7272	tags=62%, list=40%, signal=37%	XM_067116731.1/XM_067101230.1/XM_067117212.1/XM_067101220.1/XM_067126376.1/XM_067102967.1/XM_067116641.1/XM_067108459.1/XM_067114903.1/XM_067100482.1/XM_067114904.1/XM_067126377.1/XM_067119328.1/XM_067127198.1/XM_067087424.1
GO:0000278	GO:0000278	87	0.396096537994636	1.32054156080445	0.025974025974026	0.194375516956162	0.167194506116408	8332	tags=63%, list=46%, signal=34%	XM_067126830.1/XM_067093953.1/XM_067083092.1/XM_067095217.1/XM_067091344.1/XM_067101728.1/XM_067104008.1/XM_067082002.1/XM_067084559.1/XM_067103478.1/XM_067115091.1/XM_067099956.1/XM_067097697.1/XM_067088398.1/XM_067088166.1/XM_067120822.1/XM_067121296.1/XM_067082000.1/XM_067105114.1/XM_067104007.1/XM_067133901.1/XM_067088533.1/XM_067115587.1/XM_067107561.1/XM_067122264.1/XM_067104005.1/XM_067126812.1/XM_067085647.1/XM_067083643.1/XM_067088762.1/XM_067128360.1/XM_067130233.1/XM_067102975.1/XM_067097255.1/XM_067083063.1/XM_067111629.1/XM_067093779.1/XM_067119780.1/XM_067116315.1/XM_067114493.1/XM_067118322.1/XM_067090694.1/XM_067082003.1/XM_067095299.1/XM_067090771.1/XM_067131262.1/XM_067104006.1/XM_067090769.1/XM_067090770.1/XM_067118737.1/XM_067105136.1/XM_067126478.1/XM_067131263.1/XM_067090690.1/XM_067095283.1
GO:0051028	GO:0051028	61	0.413463072933996	1.34404841879687	0.026026026026026	0.194375516956162	0.167194506116408	5220	tags=44%, list=29%, signal=32%	XM_067115122.1/XM_067095810.1/XM_067115112.1/XM_067101655.1/XM_067115119.1/XM_067091189.1/XM_067093266.1/XM_067119456.1/XM_067132792.1/XM_067133152.1/XM_067119457.1/XM_067095118.1/XM_067094304.1/XM_067111619.1/XM_067095808.1/XM_067122958.1/XM_067111620.1/XM_067098233.1/XM_067087586.1/XM_067120830.1/XM_067100505.1/XM_067110278.1/XM_067129433.1/XM_067130939.1/JP354730.1/XM_067100504.1/XM_067122957.1
GO:0045860	GO:0045860	17	0.540154820220794	1.47506351115569	0.0263991552270327	0.194375516956162	0.167194506116408	7190	tags=59%, list=40%, signal=35%	XM_067104952.1/XM_067116297.1/XM_067099829.1/XM_067099828.1/XM_067084359.1/XM_067085897.1/XM_067094905.1/XM_067096055.1/XM_067096056.1/XM_067131126.1
GO:0009698	GO:0009698	12	-0.451453163404585	-1.64586124113217	0.0264906875423488	0.194375516956162	0.167194506116408	4494	tags=75%, list=25%, signal=56%	XM_067118614.1/XM_067123002.1/XM_067133231.1/XM_067123217.1/XM_067123224.1/XM_067123216.1/XM_067089721.1/XM_067089719.1/XM_067123001.1
GO:0006282	GO:0006282	28	0.479653475030732	1.42877573815264	0.0265848670756646	0.194375516956162	0.167194506116408	6795	tags=64%, list=38%, signal=40%	XM_067129848.1/XM_067134263.1/XM_067092311.1/XM_067094739.1/XM_067130335.1/XM_067100490.1/XM_067111875.1/XM_067112568.1/XM_067108308.1/XM_067129840.1/JP354577.1/XM_067104882.1/XM_067092317.1/XM_067111208.1/XM_067116855.1/XM_067115635.1/XM_067104883.1/XM_067111874.1
GO:0002376	GO:0002376	39	-0.235995808044518	-1.53158787321847	0.026747000011897	0.194375516956162	0.167194506116408	2758	tags=51%, list=15%, signal=44%	XM_067089168.1/XM_067088809.1/XM_067088810.1/XM_067081318.1/XM_067081317.1/XM_067107899.1/XM_067107897.1/LT574899.1/XM_067107902.1/XM_067107903.1/XM_067099235.1/XM_067134348.1/XM_067107901.1/XM_067107896.1/XM_067090188.1/XM_067081316.1/XM_067099240.1/XM_067123559.1/XM_067126570.1/XM_067099236.1
GO:0006048	GO:0006048	16	-0.373898573691291	-1.55340698661684	0.026817275635252	0.194375516956162	0.167194506116408	5306	tags=69%, list=29%, signal=49%	XM_067111417.1/XM_067093525.1/XM_067092981.1/XM_067092992.1/XM_067092993.1/XM_067100813.1/XM_067093524.1/XM_067111406.1/XM_067111395.1/XM_067092988.1/XM_067111400.1
GO:1990481	GO:1990481	12	0.589757831592979	1.51900005689732	0.0268817204301075	0.194375516956162	0.167194506116408	7398	tags=100%, list=41%, signal=59%	XM_067082222.1/XM_067132746.1/XM_067106574.1/XM_067096311.1/XM_067081205.1/XM_067082221.1/XM_067132749.1/XM_067132750.1/XM_067091972.1/XM_067088969.1/XM_067092932.1/XM_067091973.1
GO:0140627	GO:0140627	12	0.586242640761279	1.50994621345969	0.0268817204301075	0.194375516956162	0.167194506116408	4304	tags=58%, list=24%, signal=44%	XM_067131820.1/XM_067126827.1/XM_067134234.1/XM_067134233.1/XM_067084457.1/XM_067080969.1/JP353726.1
GO:0006887	GO:0006887	63	0.412089195948685	1.34145926570327	0.027027027027027	0.194491141859563	0.167293962307813	6574	tags=57%, list=36%, signal=36%	XM_067089784.1/XM_067125824.1/XM_067131700.1/XM_067111169.1/XM_067126933.1/XM_067122420.1/XM_067122083.1/XM_067097781.1/XM_067089191.1/XM_067126931.1/XM_067107844.1/XM_067130244.1/XM_067120390.1/XM_067111167.1/XM_067115608.1/XM_067130242.1/XM_067089221.1/XM_067094346.1/XM_067120386.1/XM_067101367.1/XM_067120383.1/XM_067130584.1/XM_067102461.1/XM_067103889.1/XM_067121962.1/XM_067093951.1/XM_067126930.1/XM_067094166.1/XM_067129279.1/XM_067111309.1/XM_067119676.1/XM_067107838.1/XM_067100006.1/XM_067089349.1/XM_067116749.1/XM_067121822.1
GO:0006368	GO:0006368	35	0.455944031802334	1.39665770136093	0.0274111675126904	0.195305164319249	0.167994153799242	6043	tags=60%, list=34%, signal=40%	XM_067126827.1/XM_067114893.1/XM_067093657.1/XM_067095264.1/XM_067128314.1/XM_067132547.1/XM_067099171.1/XM_067128173.1/XM_067100869.1/XM_067100490.1/XM_067084563.1/XM_067106357.1/XM_067086333.1/XM_067134275.1/XM_067095263.1/XM_067100066.1/XM_067113592.1/XM_067111208.1/XM_067090307.1/XM_067126828.1/XM_067099920.1
GO:0010496	GO:0010496	19	-0.342325713309405	-1.52617864836885	0.027639994886286	0.195305164319249	0.167994153799242	5065	tags=79%, list=28%, signal=57%	XM_067116060.1/JP353561.1/XM_067116817.1/XM_067116846.1/XM_067116845.1/XM_067116074.1/XM_067116847.1/XM_067116842.1/JP353873.1/XM_067116816.1/XM_067116072.1/XM_067116056.1/XM_067123371.1/XM_067123370.1/XM_067116052.1
GO:0031573	GO:0031573	15	0.553138269719884	1.47759501948123	0.0276595744680851	0.195305164319249	0.167994153799242	5474	tags=60%, list=30%, signal=42%	XM_067103922.1/XM_067114366.1/XM_067118727.1/XM_067098243.1/JP354889.1/XM_067109009.1/XM_067102062.1/XM_067084341.1/XM_067095985.1
GO:0061909	GO:0061909	15	0.551587922006618	1.4734535847171	0.0276595744680851	0.195305164319249	0.167994153799242	6072	tags=67%, list=34%, signal=44%	XM_067090710.1/XM_067134577.1/XM_067120395.1/XM_067120637.1/XM_067109758.1/XM_067126028.1/XM_067134581.1/XM_067126438.1/XM_067120396.1/JP353036.1
GO:0006401	GO:0006401	21	0.523658287205504	1.48145234775269	0.0279503105590062	0.19572478611881	0.168355096682543	5720	tags=67%, list=32%, signal=46%	XM_067119877.1/JP354586.1/XM_067097758.1/XM_067083948.1/XM_067131721.1/XM_067103478.1/XM_067123322.1/XM_067124230.1/EL695815.1/XM_067125800.1/XM_067085826.1/XM_067124229.1/XM_067095442.1/XM_067086419.1
GO:0006744	GO:0006744	22	0.515139429013328	1.46952081085441	0.027979274611399	0.19572478611881	0.168355096682543	4648	tags=59%, list=26%, signal=44%	XM_067133294.1/XM_067091129.1/XM_067133292.1/XM_067092708.1/XM_067097578.1/XM_067114128.1/XM_067121369.1/XM_067120568.1/XM_067129076.1/XM_067121370.1/XM_067131434.1/XM_067099941.1/XM_067092707.1
GO:0016336	GO:0016336	10	-0.482005998000666	-1.68080236463974	0.0296640918867878	0.206451612903226	0.177581909475129	9338	tags=100%, list=52%, signal=48%	XM_067105141.1/JP351550.1/XM_067105149.1/XM_067105147.1/XM_067105143.1/XM_067105146.1/XM_067105144.1/XM_067095315.1/XM_067131543.1
GO:0071897	GO:0071897	15	0.547770003152733	1.46325480044904	0.0297872340425532	0.206451612903226	0.177581909475129	6169	tags=73%, list=34%, signal=48%	XM_067111116.1/XM_067110761.1/XM_067085704.1/XM_067111269.1/XM_067106587.1/XM_067102128.1/XM_067096308.1/XM_067130467.1/XM_067114720.1/XM_067092541.1/XM_067093779.1
GO:0019985	GO:0019985	10	0.609134447708257	1.49798723380647	0.0300333704115684	0.207202702288986	0.178227968304286	4969	tags=70%, list=28%, signal=51%	XM_067110808.1/XM_067123759.1/XM_067110761.1/XM_067085704.1/XM_067125964.1/XM_067110810.1/XM_067083270.1
GO:1903241	GO:1903241	16	0.539398660383777	1.46058320579997	0.0306553911205074	0.209704406023424	0.180379839727596	6095	tags=62%, list=34%, signal=41%	XM_067121942.1/XM_067113320.1/XM_067120998.1/XM_067098896.1/XM_067113319.1/XM_067108427.1/XM_067086639.1/XM_067113321.1/XM_067115538.1/XM_067115537.1
GO:0006400	GO:0006400	28	0.477119222355945	1.42122679099688	0.0306748466257669	0.209704406023424	0.180379839727596	7402	tags=75%, list=41%, signal=44%	XM_067108836.1/XM_067108833.1/XM_067119748.1/XM_067124695.1/XM_067103720.1/XM_067107184.1/XM_067088875.1/XM_067132369.1/XM_067126486.1/EF208559.1/XM_067091353.1/XM_067103719.1/XM_067099986.1/XM_067107185.1/XM_067124694.1/XM_067091351.1/XM_067091174.1/XM_067130520.1/XM_067114417.1/XM_067092932.1/XM_067132723.1
GO:0016192	GO:0016192	136	0.367622072234659	1.25860622231359	0.030969030969031	0.210757568223632	0.181285730225954	6640	tags=49%, list=37%, signal=31%	XM_067120536.1/XM_067107373.1/XM_067125824.1/XM_067126528.1/XM_067098124.1/XM_067104324.1/XM_067107018.1/XM_067121827.1/XM_067126529.1/XM_067110322.1/XM_067092841.1/XM_067107950.1/XM_067123832.1/XM_067099194.1/XM_067112268.1/XM_067089191.1/XM_067115107.1/XM_067125810.1/JP353019.1/XM_067121357.1/XM_067121328.1/XM_067104323.1/XM_067099469.1/XM_067095929.1/XM_067096682.1/XM_067098616.1/XM_067092793.1/XM_067105778.1/XM_067123902.1/XM_067105182.1/XM_067108407.1/XM_067089221.1/XM_067094346.1/JP355635.1/XM_067098609.1/XM_067108409.1/JP354449.1/XM_067113948.1/XM_067126530.1/XM_067126028.1/XM_067083286.1/XM_067082955.1/XM_067114181.1/XM_067107206.1/XM_067123901.1/XM_067086504.1/XM_067099462.1/XM_067118833.1/XM_067107370.1/XM_067082584.1/XM_067105264.1/XM_067092822.1/XM_067092091.1/XM_067104325.1/XM_067111309.1/XM_067098118.1/XM_067117468.1/XM_067121828.1/XM_067100006.1/GH625542.1/XM_067086130.1/XM_067123998.1/XM_067116749.1/XM_067127051.1/XM_067121822.1/XM_067125801.1/XM_067124903.1
GO:0043409	GO:0043409	28	-0.27060940656743	-1.4720559572118	0.0311330820108229	0.210919618667917	0.181425119920822	3342	tags=50%, list=19%, signal=41%	XM_067111650.1/XM_067134439.1/XM_067130858.1/XM_067085934.1/XM_067085935.1/XM_067109227.1/XM_067109226.1/XM_067129449.1/XM_067108544.1/XM_067126270.1/XM_067087686.1/XM_067126273.1/XM_067130842.1/XM_067104127.1
GO:0051726	GO:0051726	100	0.382268269634477	1.28306011624577	0.031968031968032	0.213351365395352	0.183516816958908	8860	tags=69%, list=49%, signal=35%	XM_067093953.1/XM_067087864.1/XM_067132516.1/XM_067132517.1/XM_067128530.1/XM_067092134.1/XM_067132512.1/XM_067128537.1/JP353831.1/XM_067128561.1/XM_067093545.1/XM_067134044.1/XM_067106569.1/XM_067121681.1/XM_067134678.1/XM_067123535.1/XM_067133344.1/XM_067120513.1/XM_067106454.1/XM_067094880.1/XM_067092311.1/XM_067108538.1/XM_067095929.1/XM_067100490.1/XM_067131758.1/XM_067104156.1/XM_067093546.1/XM_067111875.1/XM_067088166.1/XM_067131759.1/XM_067132504.1/XM_067086345.1/XM_067121682.1/XM_067132885.1/XM_067099293.1/XM_067085202.1/XM_067131761.1/JP354577.1/XM_067105756.1/XM_067114720.1/XM_067092317.1/XM_067093547.1/XM_067123536.1/XM_067111208.1/JP353423.1/XM_067123913.1/XM_067115635.1/GH624156.1/XM_067131248.1/XM_067111874.1/XM_067112661.1/XM_067109798.1/XM_067099294.1/XM_067108539.1/XM_067092887.1/XM_067106355.1/XM_067105757.1/XM_067126312.1/XM_067085210.1/XM_067118734.1/XM_067133346.1/XM_067111724.1/XM_067109802.1/XM_067092305.1/XM_067132886.1/XM_067108877.1/XM_067084478.1/XM_067132539.1/XM_067112662.1
GO:0023021	GO:0023021	10	-0.47486532467232	-1.65590213380198	0.0321810155276406	0.213351365395352	0.183516816958908	3924	tags=80%, list=22%, signal=63%	XM_067134439.1/XM_067130858.1/XM_067085934.1/XM_067085935.1/XM_067129449.1/XM_067108544.1/XM_067087686.1/XM_067130842.1
GO:0009608	GO:0009608	18	0.530194481347312	1.46622905744653	0.0322245322245322	0.213351365395352	0.183516816958908	5778	tags=67%, list=32%, signal=45%	XM_067130934.1/XM_067098820.1/XM_067098814.1/XM_067129983.1/XM_067130933.1/XM_067094831.1/XM_067108441.1/XM_067094832.1/XM_067114207.1/XM_067112420.1/XM_067098823.1/XM_067098817.1
GO:0042273	GO:0042273	30	0.471374767306545	1.41676329501902	0.0324543610547667	0.213351365395352	0.183516816958908	7590	tags=63%, list=42%, signal=37%	JP351856.1/XM_067089853.1/XM_067132757.1/XM_067095561.1/XM_067133004.1/XM_067123792.1/XM_067107806.1/XM_067133337.1/XM_067132756.1/XM_067104349.1/XM_067090515.1/XM_067114961.1/XM_067093448.1/XM_067081269.1/XM_067112364.1/XM_067133773.1/XM_067094358.1/XM_067104350.1/XM_067101291.1
GO:0030199	GO:0030199	21	-0.329502908977571	-1.53703633192349	0.0325025969119178	0.213351365395352	0.183516816958908	5055	tags=76%, list=28%, signal=55%	XM_067118838.1/XM_067099845.1/XM_067104978.1/XM_067101432.1/XM_067086321.1/JP353637.1/XM_067118819.1/XM_067104977.1/XM_067086323.1/XM_067101434.1/XM_067104975.1/XM_067101431.1/XM_067101433.1/XM_067116923.1/XM_067115858.1/XM_067107108.1
GO:0006999	GO:0006999	11	0.592332946386699	1.50087927187739	0.0325379609544469	0.213351365395352	0.183516816958908	5131	tags=73%, list=28%, signal=52%	XM_067091189.1/XM_067087150.1/XM_067119456.1/XM_067132792.1/XM_067119457.1/XM_067110278.1/XM_067129433.1/XM_067130939.1
GO:0051549	GO:0051549	11	0.591365622312189	1.498428223592	0.0325379609544469	0.213351365395352	0.183516816958908	5496	tags=45%, list=31%, signal=32%	XM_067092841.1/XM_067092793.1/XM_067105182.1/XM_067105264.1/XM_067092822.1
GO:0072344	GO:0072344	39	0.450809938418834	1.40264001127815	0.0326268710378531	0.213351365395352	0.183516816958908	8225	tags=74%, list=46%, signal=40%	XM_067126942.1/XM_067134234.1/XM_067103296.1/XM_067129247.1/XM_067134233.1/XM_067096594.1/JP354810.1/XM_067082453.1/XM_067105030.1/JP353639.1/XM_067134731.1/XM_067104152.1/XM_067104398.1/XM_067100066.1/XM_067129241.1/JP355426.1/XM_067112996.1/XM_067123310.1/XM_067117964.1/XM_067109557.1/XM_067126944.1/XM_067096675.1/XM_067121695.1/XM_067104154.1/XM_067108671.1/GH625399.1/XM_067119542.1/XM_067104397.1/XM_067108921.1
GO:0036297	GO:0036297	16	0.535905964969991	1.45112568831054	0.03276955602537	0.213356763039638	0.183521459809431	7264	tags=75%, list=40%, signal=45%	XM_067119871.1/XM_067119872.1/XM_067124323.1/XM_067124188.1/XM_067121194.1/XM_067082975.1/XM_067093428.1/XM_067127123.1/XM_067129574.1/XM_067125375.1/XM_067134385.1/XM_067098797.1
GO:0016358	GO:0016358	14	0.563964840262581	1.48643282789635	0.033013844515442	0.213439755046574	0.183592846411142	5118	tags=57%, list=28%, signal=41%	EL609826.1/XM_067128752.1/XM_067115023.1/XM_067128750.1/XM_067098091.1/XM_067082971.1/XM_067134504.1/XM_067098089.1
GO:0006406	GO:0006406	58	0.414208337733945	1.34085788969009	0.0330661322645291	0.213439755046574	0.183592846411142	9404	tags=67%, list=52%, signal=32%	XM_067123648.1/XM_067087150.1/XM_067121021.1/XM_067108390.1/JP355299.1/XM_067088168.1/XM_067096318.1/XM_067122958.1/XM_067093842.1/XM_067123650.1/XM_067131969.1/JP351947.1/XM_067108865.1/XM_067087753.1/GH626050.1/XM_067123649.1/XM_067122957.1/XM_067088169.1/XM_067129891.1/XM_067087755.1/XM_067131654.1/XM_067129890.1/XM_067085979.1/XM_067110365.1/XM_067101583.1/JP353441.1/XM_067108002.1/XM_067082732.1/XM_067130297.1/XM_067123653.1/XM_067088682.1/XM_067132602.1/XM_067113383.1/XM_067103789.1/XM_067130248.1/XM_067110366.1/XM_067114377.1/XM_067101582.1/XM_067129171.1
GO:0072384	GO:0072384	12	0.579579064118649	1.49278328190191	0.0333333333333333	0.214245014245014	0.184285500074974	6035	tags=75%, list=33%, signal=50%	XM_067082945.1/XM_067092941.1/XM_067120395.1/XM_067109758.1/XM_067091395.1/XM_067132848.1/XM_067091399.1/XM_067126963.1/XM_067120396.1
GO:0034355	GO:0034355	10	0.603082425405767	1.48310406280548	0.0344827586206897	0.220689655172414	0.189828937714793	2830	tags=40%, list=16%, signal=34%	XM_067115102.1/XM_067116282.1/XM_067116283.1/XM_067110651.1
GO:0051321	GO:0051321	55	0.415553020759893	1.34185066784117	0.035035035035035	0.223274121579206	0.192051998474835	7838	tags=62%, list=44%, signal=35%	PQ202740.1/XM_067109119.1/XM_067088157.1/XM_067088156.1/XM_067096127.1/XM_067120013.1/XM_067127210.1/XM_067084567.1/XM_067095973.1/XM_067123908.1/XM_067129298.1/XM_067098396.1/XM_067121794.1/XM_067094075.1/JP354810.1/XM_067117228.1/XM_067134731.1/XM_067084661.1/XM_067106701.1/XM_067126814.1/XM_067115166.1/XM_067082643.1/XM_067119780.1/XM_067116522.1/XM_067108819.1/XM_067133688.1/XM_067118322.1/XM_067108820.1/LT574897.1/XM_067129649.1/XM_067132820.1/XM_067118737.1/XM_067092252.1/XM_067086131.1
GO:0031124	GO:0031124	22	0.506898502479737	1.44601219870055	0.0352331606217617	0.223589339979449	0.192323137482323	6747	tags=73%, list=37%, signal=46%	XM_067103292.1/XM_067114893.1/XM_067099349.1/XM_067120972.1/XM_067092812.1/XM_067092520.1/XM_067093911.1/XM_067103293.1/XM_067081471.1/XM_067095789.1/XM_067092813.1/XM_067113591.1/XM_067130281.1/XM_067085215.1/XM_067092815.1/XM_067092534.1
GO:1990542	GO:1990542	12	0.577235802208167	1.48674789791094	0.0354838709677419	0.223995978795593	0.192672912891786	7120	tags=83%, list=40%, signal=50%	XM_067104980.1/XM_067104982.1/XM_067106675.1/XM_067106676.1/XM_067104981.1/EL696389.1/XM_067128037.1/XM_067128036.1/XM_067106674.1/XM_067106677.1
GO:0000722	GO:0000722	10	0.598097471346645	1.47084503268532	0.03559510567297	0.223995978795593	0.192672912891786	6750	tags=70%, list=37%, signal=44%	XM_067121470.1/XM_067114096.1/XM_067093542.1/XM_067116552.1/XM_067092541.1/XM_067082643.1/XM_067093638.1
GO:0050714	GO:0050714	26	0.476874825944942	1.40095334154175	0.0360453141091658	0.225883968417439	0.194296890527039	6236	tags=54%, list=35%, signal=35%	GH625197.1/XM_067130440.1/XM_067113269.1/XM_067134045.1/XM_067101137.1/JP352682.1/XM_067105182.1/XM_067110181.1/GH625194.1/XM_067118992.1/XM_067093562.1/XM_067105264.1/XM_067130167.1/XM_067107756.1
GO:2000045	GO:2000045	21	0.515301790229356	1.45781144992528	0.036231884057971	0.226111010884599	0.194492183914594	8033	tags=86%, list=45%, signal=48%	JP355071.1/XM_067101362.1/XM_067100318.1/XM_067100320.1/XM_067134678.1/XM_067082608.1/XM_067120859.1/XM_067098396.1/XM_067100319.1/XM_067087114.1/XM_067091651.1/XM_067097995.1/XM_067120858.1/XM_067128377.1/XM_067128387.1/XM_067128378.1/XM_067098837.1/XM_067103788.1
GO:0090141	GO:0090141	13	0.56457482783802	1.47122664760102	0.0365984930032293	0.226855696879209	0.195132734787618	4198	tags=62%, list=23%, signal=47%	XM_067095965.1/XM_067113269.1/XM_067124019.1/XM_067120933.1/XM_067093372.1/XM_067129872.1/XM_067126315.1/XM_067113066.1
GO:0072015	GO:0072015	10	0.597440772910811	1.4692300757952	0.0367074527252503	0.226855696879209	0.195132734787618	5066	tags=60%, list=28%, signal=43%	XM_067120225.1/XM_067120218.1/XM_067092177.1/XM_067092175.1/XM_067092174.1/XM_067082077.1
GO:0050995	GO:0050995	11	-0.456614980549814	-1.63932117173146	0.0368037167809355	0.226855696879209	0.195132734787618	3451	tags=73%, list=19%, signal=59%	XM_067085388.1/XM_067102157.1/XM_067085390.1/XM_067085393.1/XM_067105245.1/XM_067105250.1/JP354205.1/XM_067085391.1
GO:0045070	GO:0045070	17	0.526006590373866	1.43642729647539	0.0369588173178458	0.226881882636898	0.195155258791117	5400	tags=71%, list=30%, signal=49%	XM_067132516.1/XM_067132517.1/XM_067132512.1/XM_067134045.1/JP352682.1/LT574898.1/XM_067131758.1/XM_067131759.1/XM_067108459.1/XM_067131761.1/XM_067134150.1/XM_067082630.1
GO:0042332	GO:0042332	23	0.496923059607927	1.42960367968355	0.0381443298969072	0.23320761042662	0.200596411824129	5778	tags=61%, list=32%, signal=41%	XM_067130934.1/XM_067098820.1/XM_067098814.1/XM_067129983.1/XM_067130933.1/XM_067094831.1/XM_067121851.1/XM_067108441.1/XM_067094832.1/XM_067114207.1/XM_067112420.1/XM_067098823.1/XM_067114704.1/XM_067098817.1
GO:0006811	GO:0006811	38	-0.233507620424964	-1.44107133288961	0.0384354762106137	0.233750511247444	0.201063394683027	13819	tags=97%, list=77%, signal=23%	XM_067127858.1/EL696389.1/XM_067086698.1/XM_067103660.1/XM_067116304.1/XM_067118678.1/XM_067086830.1/XM_067107695.1/XM_067086696.1/XM_067107696.1/XM_067122737.1/XM_067103988.1/XM_067104944.1/XM_067123835.1/XM_067091070.1/XM_067094404.1/XM_067103989.1/XM_067090676.1/XM_067107697.1/XM_067098405.1/XM_067117638.1/XM_067134097.1/XM_067118676.1/XM_067105036.1/XM_067134095.1/XM_067134096.1/XM_067134094.1/XM_067105035.1/XM_067085961.1/XM_067105037.1/XM_067119792.1/XM_067086499.1/XM_067087458.1/XM_067133585.1/XM_067086500.1/XM_067103990.1/XM_067086501.1
GO:0045088	GO:0045088	20	-0.346414127117934	-1.57597374826333	0.0386959037466054	0.233750511247444	0.201063394683027	4129	tags=60%, list=23%, signal=46%	XM_067113306.1/XM_067089166.1/XM_067095306.1/XM_067119059.1/XM_067119057.1/XM_067119052.1/XM_067095152.1/XM_067099242.1/XM_067119058.1/XM_067095290.1/XM_067081933.1/XM_067108994.1
GO:0044571	GO:0044571	13	0.559217817553467	1.45726680402761	0.038751345532831	0.233750511247444	0.201063394683027	7449	tags=92%, list=41%, signal=54%	XM_067096021.1/XM_067120759.1/XM_067089670.1/XM_067128295.1/XM_067081078.1/XM_067096231.1/XM_067081640.1/XM_067133028.1/XM_067096022.1/XM_067113466.1/XM_067125462.1/XM_067125463.1
GO:0006513	GO:0006513	27	0.469988130973191	1.39285059302648	0.0388548057259714	0.233750511247444	0.201063394683027	8070	tags=78%, list=45%, signal=43%	XM_067128079.1/XM_067082216.1/XM_067092678.1/XM_067117782.1/XM_067116704.1/XM_067124191.1/XM_067126315.1/JP355213.1/XM_067129268.1/XM_067115587.1/XM_067096166.1/XM_067102269.1/XM_067100267.1/XM_067117781.1/XM_067108671.1/XM_067133616.1/XM_067085337.1/XM_067082212.1/XM_067121278.1/XM_067115304.1/XM_067121279.1
GO:0043408	GO:0043408	12	0.571816474920447	1.47278969673511	0.0397849462365591	0.237621056587016	0.204392692151065	3521	tags=50%, list=20%, signal=40%	XM_067108431.1/XM_067128466.1/XM_067106014.1/XM_067106009.1/XM_067131912.1/XM_067134079.1
GO:0071479	GO:0071479	10	0.591355300763627	1.45426464472745	0.0400444938820912	0.237621056587016	0.204392692151065	6676	tags=70%, list=37%, signal=44%	XM_067115102.1/XM_067103922.1/XM_067084838.1/XM_067093542.1/XM_067084341.1/XM_067107681.1/XM_067114886.1
GO:0007088	GO:0007088	10	0.591103899918082	1.45364639819976	0.0400444938820912	0.237621056587016	0.204392692151065	6692	tags=90%, list=37%, signal=57%	JP354235.1/XM_067127210.1/XM_067096580.1/XM_067120822.1/XM_067117391.1/XM_067090471.1/XM_067089684.1/XM_067117394.1/XM_067116522.1
GO:0043153	GO:0043153	11	0.581375023866073	1.47311360583707	0.0401301518438178	0.237621056587016	0.204392692151065	7043	tags=73%, list=39%, signal=44%	XM_067111786.1/XM_067111783.1/XM_067111780.1/XM_067111787.1/XM_067111779.1/XM_067092517.1/XM_067130940.1/XM_067085532.1
GO:0016925	GO:0016925	29	0.46087226279131	1.3770766286468	0.0408163265306122	0.240736294517807	0.207072302605253	6176	tags=59%, list=34%, signal=39%	XM_067109793.1/XM_067109794.1/XM_067109796.1/XM_067112550.1/XM_067115017.1/XM_067109790.1/XM_067114096.1/XM_067122171.1/XM_067109789.1/XM_067133897.1/XM_067122172.1/XM_067109791.1/XM_067116552.1/XM_067115016.1/XM_067116294.1/XM_067120443.1/XM_067122173.1
GO:0000302	GO:0000302	24	0.484037647685419	1.40149304410753	0.0413650465356774	0.241453214426187	0.207688970135627	2435	tags=12%, list=14%, signal=11%	XM_067130189.1/XM_067092246.1/XM_067104831.1
GO:0019677	GO:0019677	10	-0.458847050983006	-1.6000448365772	0.0415544074254381	0.241453214426187	0.207688970135627	9755	tags=70%, list=54%, signal=32%	XM_067100569.1/XM_067085047.1/XM_067085044.1/XM_067100366.1/XM_067100367.1/XM_067100329.1/XM_067093600.1
GO:0007622	GO:0007622	10	-0.457715179828655	-1.59609789043838	0.0415544074254381	0.241453214426187	0.207688970135627	2794	tags=60%, list=16%, signal=51%	XM_067091843.1/XM_067090121.1/XM_067091844.1/XM_067090120.1/XM_067090126.1/XM_067096269.1
GO:0034243	GO:0034243	18	0.516005149650725	1.42698909707121	0.0415800415800416	0.241453214426187	0.207688970135627	7366	tags=78%, list=41%, signal=46%	XM_067093015.1/XM_067099171.1/XM_067109005.1/XM_067115237.1/XM_067100869.1/XM_067107997.1/XM_067107999.1/XM_067106357.1/XM_067117538.1/XM_067091259.1/XM_067122580.1/XM_067114886.1/JP354386.1/XM_067129554.1
GO:1900087	GO:1900087	17	0.523634888955648	1.42995061591936	0.0422386483632524	0.243390670761069	0.2093554971762	5620	tags=65%, list=31%, signal=45%	XM_067104952.1/XM_067103292.1/XM_067086092.1/XM_067082583.1/XM_067123191.1/XM_067123190.1/XM_067082582.1/XM_067103293.1/XM_067114731.1/XM_067104589.1/XM_067092541.1
GO:0006893	GO:0006893	23	0.492086396454884	1.41568902769208	0.0422680412371134	0.243390670761069	0.2093554971762	6681	tags=70%, list=37%, signal=44%	XM_067098487.1/XM_067131700.1/XM_067126933.1/XM_067083240.1/XM_067126931.1/XM_067107844.1/XM_067094346.1/XM_067098488.1/XM_067130584.1/XM_067130915.1/XM_067121962.1/XM_067126930.1/XM_067107838.1/XM_067089349.1/XM_067116749.1/JP353453.1
GO:0061136	GO:0061136	24	0.481733860915433	1.39482261020909	0.0423991726990693	0.243390670761069	0.2093554971762	8363	tags=79%, list=46%, signal=42%	XM_067113717.1/XM_067118081.1/XM_067100318.1/XM_067121275.1/XM_067100320.1/XM_067125641.1/XM_067100675.1/XM_067098396.1/XM_067100319.1/EL695619.1/JP354577.1/XM_067114931.1/XM_067115635.1/XM_067124116.1/XM_067109798.1/XM_067131156.1/XM_067081645.1/XM_067113715.1/XM_067109802.1
GO:1902600	GO:1902600	37	0.433299331503634	1.33732585449089	0.0435222672064777	0.248887794214991	0.214083915936607	4912	tags=35%, list=27%, signal=26%	EL609839.1/XM_067092797.1/XM_067127283.1/XM_067118063.1/XM_067117765.1/XM_067101046.1/XM_067128301.1/XM_067086768.1/XM_067118058.1/XM_067133028.1/XM_067127284.1/XM_067120115.1/XM_067127286.1
GO:0048009	GO:0048009	16	0.524575223064326	1.42044431560396	0.0443974630021142	0.252931001345378	0.217561730580536	3804	tags=50%, list=21%, signal=39%	XM_067131720.1/XM_067130639.1/XM_067130824.1/XM_067116297.1/XM_067119871.1/XM_067119872.1/XM_067087995.1/XM_067108506.1
GO:0098974	GO:0098974	11	0.576117444764462	1.4597917206676	0.0455531453362256	0.256898009856978	0.220974002039632	5268	tags=45%, list=29%, signal=32%	XM_067123144.1/XM_067123908.1/XM_067123143.1/XM_067123141.1/XM_067123140.1
GO:0016051	GO:0016051	10	0.583781648992458	1.4356394730446	0.0456062291434928	0.256898009856978	0.220974002039632	1834	tags=30%, list=10%, signal=27%	XM_067086872.1/XM_067091162.1/XM_067115637.1
GO:0006337	GO:0006337	10	0.582972342552482	1.43364922159866	0.0456062291434928	0.256898009856978	0.220974002039632	7519	tags=100%, list=42%, signal=58%	XM_067118669.1/XM_067120859.1/XM_067117548.1/XM_067120858.1/XM_067134206.1/XM_067128377.1/XM_067128387.1/XM_067128378.1/XM_067134187.1/XM_067118649.1
GO:0015986	GO:0015986	27	0.465322798323142	1.37902447504595	0.0460122699386503	0.258218111894515	0.222109504142189	8930	tags=81%, list=50%, signal=41%	EL609839.1/EL609201.1/XM_067118063.1/XM_067090219.1/XM_067101046.1/XM_067128301.1/XM_067086768.1/XM_067118058.1/XM_067120115.1/XM_067096803.1/EL609969.1/GH625164.1/XM_067111166.1/JP352607.1/EL696220.1/EL609632.1/XM_067118435.1/XM_067086766.1/XM_067131436.1/EL696108.1/EU826058.1/EL609388.1
GO:0060382	GO:0060382	11	0.573635031668154	1.45350167318127	0.0466377440347072	0.260418871133445	0.224002514433794	6795	tags=91%, list=38%, signal=57%	XM_067123535.1/XM_067094880.1/XM_067092311.1/XM_067104156.1/XM_067111875.1/JP354577.1/XM_067092317.1/XM_067123536.1/XM_067115635.1/XM_067111874.1
GO:0006270	GO:0006270	19	0.513817970284442	1.42857369785311	0.0469238790406674	0.260418871133445	0.224002514433794	8657	tags=95%, list=48%, signal=49%	XM_067089473.1/XM_067091552.1/XM_067116498.1/XM_067088444.1/XM_067126275.1/XM_067085687.1/XM_067116134.1/XM_067128026.1/XM_067131270.1/XM_067082454.1/XM_067094905.1/XM_067129250.1/XM_067102233.1/XM_067129649.1/XM_067133248.1/XM_067108054.1/XM_067101043.1/XM_067086508.1
GO:0051123	GO:0051123	19	0.51371481490821	1.42828689383729	0.0469238790406674	0.260418871133445	0.224002514433794	4153	tags=53%, list=23%, signal=41%	XM_067099222.1/XM_067111789.1/XM_067122520.1/XM_067099221.1/XM_067129848.1/XM_067134263.1/XM_067113343.1/XM_067094999.1/XM_067129840.1/XM_067127473.1
GO:1904263	GO:1904263	58	0.403543025404834	1.30633258713164	0.0480961923847695	0.265943652009902	0.228754723068428	8716	tags=62%, list=48%, signal=32%	XM_067081591.1/XM_067081589.1/XM_067101304.1/XM_067101140.1/XM_067122702.1/XM_067094786.1/XM_067094940.1/XM_067096081.1/XM_067087105.1/XM_067122703.1/XM_067114407.1/XM_067116482.1/XM_067081585.1/XM_067081584.1/XM_067081582.1/XM_067087586.1/XM_067086671.1/XM_067115587.1/XM_067101066.1/XM_067130939.1/XM_067081587.1/XM_067133029.1/XM_067122704.1/XM_067131841.1/XM_067108597.1/XM_067104170.1/XM_067081593.1/XM_067104111.1/XM_067112607.1/XM_067094941.1/XM_067081581.1/XM_067093194.1/XM_067081583.1/XM_067134320.1/JP351837.1/XM_067099352.1
GO:0030727	GO:0030727	13	-0.397544437126742	-1.49700067346894	0.0484500434445869	0.266815028052909	0.229504247954244	2341	tags=62%, list=13%, signal=54%	XM_067094603.1/JP353561.1/XM_067116816.1/XM_067094593.1/XM_067094598.1/XM_067123371.1/XM_067123370.1/JP355214.1
GO:0060361	GO:0060361	12	-0.414745182401856	-1.51203508136626	0.0486085888872985	0.266815028052909	0.229504247954244	5770	tags=92%, list=32%, signal=62%	XM_067107547.1/XM_067099904.1/XM_067107548.1/XM_067083648.1/XM_067083647.1/XM_067099903.1/XM_067099887.1/JP351825.1/XM_067099902.1/XM_067089297.1/XM_067083641.1
GO:0050821	GO:0050821	130	0.360553197315808	1.23214769031475	0.04995004995005	0.273020953735811	0.234842351722643	4927	tags=38%, list=27%, signal=28%	XM_067096872.1/XM_067130394.1/XM_067126787.1/XM_067130824.1/XM_067118693.1/XM_067127250.1/XM_067090976.1/XM_067133172.1/XM_067094293.1/XM_067102568.1/XM_067116516.1/XM_067104598.1/XM_067092134.1/XM_067106499.1/XM_067121681.1/XM_067106961.1/XM_067130393.1/XM_067098053.1/XM_067134678.1/XM_067086987.1/XM_067090412.1/XM_067099680.1/XM_067096856.1/XM_067124019.1/XM_067133169.1/XM_067124835.1/XM_067088398.1/JP354889.1/XM_067108538.1/XM_067123036.1/XM_067109009.1/XM_067121794.1/XM_067116704.1/XM_067107229.1/XM_067132960.1/XM_067121682.1/XM_067132597.1/XM_067081459.1/XM_067101742.1/XM_067083434.1/XM_067125606.1/XM_067095605.1/XM_067106403.1/JP355213.1/PQ046648.1/XM_067123433.1/XM_067089308.1/XM_067102565.1/XM_067090968.1
GO:0042254	GO:0042254	27	0.462879624848389	1.37178391853204	0.0501022494887526	0.273020953735811	0.234842351722643	7727	tags=74%, list=43%, signal=42%	XM_067089853.1/XM_067081162.1/XM_067106149.1/XM_067086345.1/XM_067131177.1/XM_067130539.1/JP351684.1/XM_067089308.1/XM_067088228.1/XM_067091972.1/XM_067117548.1/XM_067093144.1/XM_067131487.1/XM_067088230.1/XM_067088057.1/XM_067101583.1/XM_067097963.1/XM_067116560.1/XM_067091973.1/XM_067099910.1
GO:0035001	GO:0035001	13	0.545543071183152	1.42163175572722	0.0505920344456405	0.274694656340228	0.236282007728262	2447	tags=31%, list=14%, signal=27%	XM_067091124.1/XM_067106590.1/XM_067103814.1/XM_067095215.1
GO:0090398	GO:0090398	10	0.577089270210851	1.41918153339538	0.0511679644048943	0.276822368578997	0.238112185738793	5943	tags=60%, list=33%, signal=40%	XM_067116498.1/XM_067114096.1/XM_067100505.1/XM_067100504.1/XM_067116552.1/XM_067100502.1
GO:0006874	GO:0006874	40	-0.203587784663298	-1.35602536135557	0.0534800964485029	0.288294139994797	0.247979771874024	2228	tags=28%, list=12%, signal=24%	XM_067127401.1/XM_067081692.1/XM_067127412.1/XM_067091211.1/XM_067112122.1/XM_067102675.1/XM_067132362.1/XM_067101733.1/XM_067115195.1/XM_067100534.1/XM_067096184.1
GO:0050729	GO:0050729	20	-0.329491974409202	-1.4989882377273	0.0544951286585461	0.290856016930599	0.250183402021071	1534	tags=40%, list=9%, signal=37%	XM_067124309.1/XM_067106816.1/XM_067106818.1/XM_067106817.1/XM_067106815.1/XM_067106820.1/XM_067110549.1/XM_067106822.1
GO:0001958	GO:0001958	13	-0.386119238000629	-1.45397773266281	0.0545529504979602	0.290856016930599	0.250183402021071	4525	tags=69%, list=25%, signal=52%	XM_067117222.1/XM_067127925.1/XM_067098465.1/XM_067127930.1/XM_067098462.1/XM_067117561.1/XM_067127929.1/XM_067082099.1/XM_067127921.1
GO:0030488	GO:0030488	20	0.503553990588006	1.41584271598747	0.0548086866597725	0.290856016930599	0.250183402021071	8086	tags=85%, list=45%, signal=47%	XM_067097327.1/XM_067119850.1/XM_067103720.1/XM_067103349.1/XM_067091246.1/XM_067107321.1/XM_067087256.1/XM_067101550.1/EF208559.1/XM_067132535.1/XM_067103719.1/XM_067099986.1/XM_067103419.1/XM_067114417.1/XM_067133488.1/XM_067100824.1/XM_067088149.1
GO:0051292	GO:0051292	12	0.558867879577172	1.43943886015521	0.0548387096774194	0.290856016930599	0.250183402021071	5714	tags=75%, list=32%, signal=51%	XM_067132792.1/XM_067102176.1/XM_067102175.1/XM_067111619.1/XM_067111620.1/XM_067117837.1/XM_067087753.1/XM_067129433.1/XM_067087755.1
GO:0000077	GO:0000077	22	0.487237703060156	1.38992650174575	0.0549222797927461	0.290856016930599	0.250183402021071	8367	tags=77%, list=46%, signal=41%	XM_067103922.1/XM_067119254.1/XM_067133344.1/XM_067103159.1/JP354889.1/XM_067109009.1/XM_067102062.1/XM_067117391.1/XM_067084341.1/XM_067107681.1/XM_067117394.1/XM_067114886.1/XM_067103183.1/XM_067133346.1/XM_067102063.1/XM_067108921.1/XM_067099620.1
GO:1990166	GO:1990166	10	0.574474052585711	1.41275017389695	0.0556173526140156	0.293503502917472	0.252460669852724	7094	tags=90%, list=39%, signal=55%	XM_067094164.1/XM_067098243.1/XM_067098896.1/XM_067116281.1/XM_067085202.1/XM_067106701.1/XM_067116296.1/XM_067108819.1/XM_067108820.1
GO:0006417	GO:0006417	74	0.383898613814781	1.26461337193499	0.0559440559440559	0.294195315174336	0.253055740725965	9017	tags=69%, list=50%, signal=35%	XM_067116731.1/XM_067125781.1/XM_067132990.1/XM_067117212.1/JP351570.1/XM_067083529.1/XM_067094841.1/XM_067090806.1/XM_067093564.1/XM_067120821.1/XM_067102058.1/XM_067129726.1/XM_067117655.1/XM_067088727.1/XM_067132989.1/JP354810.1/XM_067103800.1/XM_067130347.1/XM_067116641.1/XM_067108459.1/XM_067126486.1/XM_067125779.1/XM_067129862.1/XM_067134731.1/XM_067104074.1/XM_067117013.1/XM_067105076.1/XM_067129694.1/XM_067134193.1/XM_067087620.1/XM_067087695.1/XM_067112996.1/XM_067109557.1/XM_067132291.1/XM_067096844.1/XM_067127198.1/XM_067087424.1/XM_067134191.1/XM_067108671.1/XM_067082873.1/XM_067111472.1/XM_067111617.1/XM_067098404.1/XM_067125778.1/XM_067086973.1/XM_067092972.1/XM_067110738.1/XM_067084478.1/XM_067130248.1/XM_067108344.1/XM_067084465.1
GO:0048661	GO:0048661	16	0.509314628307625	1.37912169089388	0.0570824524312896	0.298427241650596	0.256695884650463	1252	tags=31%, list=7%, signal=29%	JP355071.1/XM_067130824.1/XM_067116297.1/XM_067115102.1/XM_067120281.1
GO:0000463	GO:0000463	18	0.505524472195357	1.39800525365636	0.0571725571725572	0.298427241650596	0.256695884650463	8522	tags=89%, list=47%, signal=47%	XM_067118797.1/XM_067132928.1/XM_067105583.1/XM_067125227.1/XM_067086345.1/XM_067086125.1/JP355301.1/XM_067110812.1/XM_067093448.1/XM_067082358.1/XM_067133773.1/XM_067086963.1/XM_067101291.1/XM_067132194.1/JP353500.1/XM_067125623.1
GO:0042594	GO:0042594	49	0.411236061670927	1.31125380481675	0.0573440643863179	0.298427241650596	0.256695884650463	5976	tags=49%, list=33%, signal=33%	XM_067096073.1/XM_067093698.1/EL695757.1/GH624791.1/XM_067106478.1/XM_067112731.1/XM_067089424.1/XM_067112734.1/XM_067103242.1/JP354889.1/XM_067109009.1/XM_067087995.1/XM_067100346.1/XM_067116523.1/XM_067093565.1/JP353743.1/XM_067095548.1/XM_067099023.1/XM_067092050.1/XM_067088849.1/XM_067095896.1/XM_067121419.1/XM_067106479.1/XM_067123455.1
GO:0002011	GO:0002011	10	-0.43479951127402	-1.51618869832521	0.0581758113271118	0.301711793917159	0.259521132925664	10188	tags=100%, list=57%, signal=43%	XM_067092052.1/XM_067087231.1/XM_067094072.1/JP354937.1/XM_067091912.1/XM_067090749.1/XM_067090742.1/XM_067091908.1/XM_067090747.1
GO:0070534	GO:0070534	48	0.411086440642939	1.30649353560754	0.0584677419354839	0.302183793371023	0.259927129096436	8524	tags=73%, list=47%, signal=39%	XM_067083174.1/XM_067133988.1/XM_067083173.1/XM_067133987.1/XM_067083175.1/XM_067104801.1/XM_067134507.1/XM_067107926.1/XM_067092678.1/XM_067093552.1/JP354889.1/XM_067109009.1/XM_067116704.1/XM_067133146.1/XM_067093551.1/XM_067113066.1/XM_067085202.1/JP355213.1/XM_067128018.1/XM_067096166.1/XM_067093553.1/XM_067103238.1/XM_067124071.1/XM_067102428.1/XM_067108597.1/XM_067108671.1/XM_067109798.1/XM_067103183.1/XM_067133985.1/XM_067085210.1/XM_067088174.1/XM_067128013.1/XM_067132573.1/XM_067109802.1/XM_067120346.1
GO:0042981	GO:0042981	59	0.397982066943788	1.2895685629858	0.0591182364729459	0.304499409778461	0.261918935202778	7352	tags=56%, list=41%, signal=33%	XM_067093953.1/XM_067087864.1/XM_067120619.1/XM_067094293.1/XM_067128530.1/XM_067128537.1/JP353831.1/XM_067084026.1/XM_067128561.1/XM_067107861.1/XM_067083472.1/XM_067127588.1/XM_067088937.1/XM_067106454.1/JP354480.1/XM_067083465.1/XM_067082448.1/XM_067088166.1/XM_067097106.1/XM_067085202.1/XM_067095605.1/XM_067100133.1/XM_067095724.1/XM_067093104.1/JP353423.1/XM_067093144.1/XM_067124071.1/XM_067123913.1/XM_067133722.1/XM_067099997.1/XM_067130555.1/JP353912.1/XM_067097716.1
GO:0045665	GO:0045665	13	-0.374493140032217	-1.41019828346635	0.0606708692785109	0.311429991108807	0.267880360493228	11275	tags=100%, list=63%, signal=37%	XM_067133491.1/XM_067118637.1/XM_067091133.1/XM_067084782.1/XM_067084781.1/XM_067084780.1/XM_067084784.1/XM_067098283.1/XM_067131671.1/XM_067084762.1/XM_067084783.1/XM_067098284.1
GO:0061343	GO:0061343	10	-0.432522492502499	-1.50824850971475	0.0610664985795341	0.312394604978297	0.268710085049221	10229	tags=100%, list=57%, signal=43%	XM_067104869.1/XM_067108466.1/XM_067104870.1/XM_067093293.1/XM_067108469.1/XM_067100561.1/XM_067104876.1/XM_067101753.1/XM_067104878.1
GO:0019752	GO:0019752	11	0.557295339361024	1.41209944215188	0.061822125813449	0.315188058384499	0.271112908562815	3877	tags=45%, list=22%, signal=36%	XM_067118710.1/XM_067084605.1/XM_067118712.1/XM_067118709.1/XM_067084608.1
GO:0008630	GO:0008630	22	0.479161347654372	1.3668873560772	0.0621761658031088	0.315496012083685	0.271377798747795	4211	tags=41%, list=23%, signal=31%	XM_067087864.1/XM_067081486.1/XM_067130824.1/XM_067081458.1/JP353831.1/XM_067132648.1/JP354889.1/XM_067109009.1/XM_067121580.1
GO:0048800	GO:0048800	10	-0.428813060486702	-1.49531335511194	0.0625118428197728	0.315496012083685	0.271377798747795	491	tags=30%, list=3%, signal=29%	XM_067086947.1/XM_067125565.1/XM_067125566.1
GO:0098700	GO:0098700	10	-0.426299753884397	-1.48654920757489	0.0625118428197728	0.315496012083685	0.271377798747795	3748	tags=70%, list=21%, signal=55%	XM_067118638.1/XM_067115743.1/XM_067114646.1/XM_067115742.1/XM_067118158.1/XM_067123422.1/XM_067118157.1
GO:0016226	GO:0016226	27	0.451419193560042	1.33781993632836	0.0633946830265849	0.31888161629426	0.274289968103055	7449	tags=63%, list=41%, signal=37%	XM_067133348.1/XM_067096021.1/XM_067120759.1/XM_067089670.1/XM_067098153.1/XM_067096015.1/XM_067122038.1/XM_067096231.1/XM_067089878.1/XM_067081640.1/XM_067119750.1/XM_067094938.1/XM_067096022.1/XM_067113466.1/XM_067125462.1/JP355219.1/XM_067125463.1
GO:0032206	GO:0032206	14	0.524029353135691	1.3811755231399	0.0638977635782748	0.320340788072417	0.275545092763859	4161	tags=57%, list=23%, signal=44%	XM_067089853.1/XM_067081159.1/XM_067083983.1/XM_067133612.1/XM_067112568.1/XM_067083981.1/XM_067083982.1/XM_067101742.1
GO:0031047	GO:0031047	27	0.450787217472045	1.33594702037382	0.0644171779141104	0.32164472230341	0.276666687927555	7272	tags=63%, list=40%, signal=38%	XM_067116731.1/XM_067112368.1/XM_067117212.1/XM_067083529.1/XM_067129726.1/XM_067116641.1/XM_067108459.1/XM_067100338.1/XM_067105960.1/XM_067100337.1/XM_067113519.1/XM_067084241.1/XM_067132291.1/XM_067112367.1/XM_067127198.1/XM_067112994.1/XM_067087424.1
GO:0034475	GO:0034475	13	0.535300123563424	1.39493963850011	0.0645855758880517	0.32164472230341	0.276666687927555	6934	tags=85%, list=38%, signal=52%	XM_067119034.1/XM_067119035.1/XM_067119877.1/XM_067108911.1/XM_067131721.1/XM_067129255.1/XM_067125800.1/XM_067085826.1/XM_067086576.1/XM_067119033.1/XM_067108913.1
GO:0048280	GO:0048280	11	0.556222392525435	1.4093807622689	0.0650759219088937	0.321833614684134	0.276829166046193	6131	tags=73%, list=34%, signal=48%	XM_067128768.1/XM_067089191.1/XM_067084261.1/XM_067129764.1/XM_067089221.1/XM_067105072.1/XM_067117468.1/XM_067100006.1
GO:0000082	GO:0000082	47	0.409438462156427	1.30242535774084	0.0653266331658292	0.321833614684134	0.276829166046193	8721	tags=68%, list=48%, signal=35%	JP355071.1/XM_067087334.1/XM_067093174.1/XM_067087257.1/XM_067121272.1/XM_067091344.1/XM_067114366.1/XM_067134234.1/XM_067087332.1/XM_067127553.1/XM_067134233.1/XM_067084359.1/XM_067085202.1/XM_067087258.1/XM_067085897.1/XM_067118365.1/XM_067085647.1/XM_067118367.1/XM_067126266.1/XM_067093144.1/XM_067093779.1/XM_067082988.1/XM_067123913.1/XM_067082987.1/XM_067089467.1/XM_067133962.1/XM_067092709.1/XM_067098837.1/XM_067087335.1/XM_067087260.1/XM_067118363.1/XM_067087262.1
GO:0070979	GO:0070979	28	0.450879144631949	1.34306372459382	0.065439672801636	0.321833614684134	0.276829166046193	8229	tags=75%, list=46%, signal=41%	XM_067093210.1/XM_067131155.1/XM_067104008.1/XM_067090847.1/XM_067124181.1/XM_067093132.1/XM_067127553.1/XM_067092678.1/XM_067106666.1/XM_067128510.1/XM_067104007.1/XM_067104005.1/XM_067133225.1/XM_067130815.1/XM_067083643.1/XM_067133161.1/XM_067096121.1/XM_067104006.1/XM_067088174.1/XM_067096145.1/XM_067087160.1
GO:0045597	GO:0045597	12	0.543464380488444	1.3997650911287	0.0655913978494624	0.321833614684134	0.276829166046193	7526	tags=83%, list=42%, signal=49%	XM_067082216.1/XM_067082608.1/XM_067120859.1/XM_067097995.1/XM_067096844.1/XM_067120858.1/XM_067128377.1/XM_067128387.1/XM_067128378.1/XM_067082212.1
GO:0007474	GO:0007474	19	0.492498880372093	1.36930000002178	0.0656934306569343	0.321833614684134	0.276829166046193	7380	tags=63%, list=41%, signal=37%	XM_067104418.1/XM_067128314.1/XM_067131927.1/XM_067125902.1/XM_067118992.1/XM_067116742.1/XM_067129190.1/XM_067129191.1/XM_067129189.1/XM_067131841.1/XM_067090367.1/XM_067130820.1
GO:0071816	GO:0071816	20	0.486391431580615	1.36758675016751	0.0661840744570838	0.323184571374851	0.277991208160478	6170	tags=60%, list=34%, signal=39%	XM_067109971.1/XM_067098053.1/XM_067129484.1/XM_067104942.1/XM_067091876.1/XM_067104943.1/JP354623.1/XM_067095605.1/XM_067117258.1/XM_067095724.1/XM_067091210.1/XM_067103861.1
GO:1904507	GO:1904507	10	0.567892964528751	1.39656592109206	0.0667408231368187	0.324320025895811	0.27896788341682	6795	tags=90%, list=38%, signal=56%	XM_067123535.1/XM_067094880.1/XM_067092311.1/XM_067111875.1/JP354577.1/XM_067092317.1/XM_067123536.1/XM_067115635.1/XM_067111874.1
GO:0010634	GO:0010634	10	-0.423911245187258	-1.47822024261851	0.066847877677993	0.324320025895811	0.27896788341682	4189	tags=60%, list=23%, signal=46%	XM_067108172.1/XM_067133769.1/XM_067132855.1/XM_067110839.1/XM_067118922.1/XM_067118923.1
GO:0006986	GO:0006986	20	0.485811376826844	1.36595581026166	0.0672182006204757	0.325068082743394	0.279611333770738	7558	tags=75%, list=42%, signal=44%	XM_067133751.1/XM_067104497.1/XM_067133753.1/XM_067101292.1/XM_067120985.1/XM_067133754.1/XM_067120977.1/XM_067106983.1/XM_067133752.1/XM_067104530.1/XM_067118296.1/XM_067106984.1/XM_067111326.1/XM_067104496.1/XM_067123937.1
GO:0050775	GO:0050775	19	0.490299281185692	1.36318443045193	0.0677789363920751	0.326729231838721	0.281040191720176	4200	tags=58%, list=23%, signal=44%	XM_067089191.1/XM_067123908.1/XM_067115017.1/XM_067083969.1/XM_067083967.1/XM_067122056.1/XM_067083968.1/XM_067089221.1/XM_067129485.1/XM_067128510.1/XM_067108525.1
GO:0035264	GO:0035264	39	0.417456598263114	1.29886517087364	0.0686175580221998	0.329715039186545	0.283608470856847	4575	tags=41%, list=25%, signal=31%	XM_067132516.1/XM_067119871.1/XM_067132517.1/XM_067097012.1/XM_067132512.1/XM_067095118.1/XM_067108431.1/XM_067116498.1/XM_067119872.1/XM_067087995.1/XM_067096081.1/XM_067120071.1/XM_067108506.1/XM_067132597.1/XM_067111644.1/XM_067134508.1
GO:0000301	GO:0000301	10	0.565144951682772	1.38980799075812	0.0689655172413793	0.330331649461893	0.284138855815136	7840	tags=100%, list=44%, signal=57%	XM_067113865.1/XM_067102263.1/XM_067131463.1/XM_067124835.1/XM_067123036.1/XM_067121265.1/XM_067098345.1/XM_067108952.1/XM_067095821.1/XM_067121263.1
GO:0007166	GO:0007166	51	0.401660921899246	1.28478339017199	0.0694164989939638	0.331436236466418	0.28508897999526	8141	tags=59%, list=45%, signal=32%	XM_067096073.1/XM_067112769.1/XM_067081418.1/XM_067081591.1/XM_067108849.1/XM_067081589.1/XM_067088831.1/XM_067104469.1/XM_067132987.1/XM_067081585.1/XM_067081584.1/XM_067081582.1/XM_067131433.1/XM_067133257.1/XM_067131323.1/XM_067100505.1/XM_067100504.1/XM_067133453.1/XM_067081587.1/XM_067121419.1/XM_067100502.1/XM_067098604.1/XM_067118341.1/XM_067099997.1/XM_067095892.1/XM_067081593.1/XM_067082873.1/XM_067081581.1/XM_067128790.1/XM_067081583.1
GO:2000059	GO:2000059	10	0.5624029130228	1.38306475217968	0.0700778642936596	0.333535151574886	0.286894387797827	5909	tags=60%, list=33%, signal=40%	XM_067081861.1/XM_067108782.1/XM_067121275.1/XM_067113046.1/XM_067112165.1/XM_067108780.1
GO:0032790	GO:0032790	18	0.492979624146669	1.36331303904957	0.0706860706860707	0.334352811198987	0.287597707841234	8572	tags=83%, list=48%, signal=44%	XM_067089630.1/XM_067089625.1/XM_067096594.1/JP354810.1/XM_067121671.1/XM_067134731.1/XM_067107669.1/XM_067104398.1/XM_067095497.1/XM_067109557.1/XM_067121669.1/XM_067085337.1/XM_067104397.1/XM_067108921.1/XM_067101844.1
GO:0008286	GO:0008286	37	0.423055001490783	1.30570797190478	0.0708502024291498	0.334352811198987	0.287597707841234	3178	tags=32%, list=18%, signal=27%	XM_067130639.1/XM_067120006.1/XM_067130824.1/XM_067116297.1/XM_067110139.1/XM_067126771.1/XM_067131183.1/XM_067082046.1/XM_067112731.1/XM_067120245.1/XM_067112734.1/XM_067087995.1
GO:0001843	GO:0001843	13	0.530938170849544	1.38357281739544	0.0710441334768568	0.334352811198987	0.287597707841234	6124	tags=62%, list=34%, signal=41%	XM_067124898.1/XM_067097012.1/XM_067119797.1/XM_067095929.1/XM_067096682.1/XM_067095263.1/XM_067089029.1/XM_067124071.1
GO:0034638	GO:0034638	15	-0.335072360488674	-1.36292884332953	0.0714350557634081	0.334352811198987	0.287597707841234	951	tags=40%, list=5%, signal=38%	XM_067106816.1/XM_067106818.1/XM_067106817.1/XM_067106815.1/XM_067106820.1/XM_067106822.1
GO:0001952	GO:0001952	11	0.549082807748419	1.39129016834364	0.0715835140997831	0.334352811198987	0.287597707841234	7541	tags=73%, list=42%, signal=42%	XM_067114971.1/XM_067115014.1/XM_067108538.1/XM_067115004.1/XM_067111563.1/XM_067115002.1/XM_067108539.1/XM_067115015.1
GO:0019216	GO:0019216	11	0.546319779135166	1.3842890849183	0.0715835140997831	0.334352811198987	0.287597707841234	4993	tags=64%, list=28%, signal=46%	XM_067098411.1/XM_067107662.1/XM_067112731.1/XM_067094226.1/XM_067112734.1/XM_067107659.1/XM_067107663.1
GO:0042438	GO:0042438	10	-0.411713057206065	-1.43568396031465	0.0719065884540696	0.334733019381154	0.287924748613829	1392	tags=50%, list=8%, signal=46%	XM_067083773.1/XM_067118963.1/JP352938.1/XM_067088929.1/XM_067084445.1
GO:0032801	GO:0032801	11	-0.411255303493857	-1.47647264045639	0.0721100387496635	0.334733019381154	0.287924748613829	2713	tags=55%, list=15%, signal=46%	XM_067113660.1/KJ631065.1/XM_067099679.1/KJ631066.1/XM_067098728.1/XM_067098727.1
GO:0071277	GO:0071277	36	-0.210089790783039	-1.22844202911494	0.073130843051815	0.338427039845938	0.291102206026496	1385	tags=25%, list=8%, signal=23%	XM_067108014.1/XM_067098728.1/XM_067108544.1/XM_067112770.1/XM_067087686.1/XM_067094891.1/XM_067082741.1/XM_067130842.1/XM_067082742.1
GO:2000781	GO:2000781	20	0.481084409647204	1.35266499701204	0.0734229576008273	0.33873658966762	0.291368469135992	7032	tags=60%, list=39%, signal=37%	XM_067106363.1/XM_067082608.1/XM_067097734.1/XM_067120859.1/XM_067119582.1/XM_067087114.1/XM_067130349.1/XM_067097995.1/XM_067120858.1/XM_067128377.1/XM_067128387.1/XM_067128378.1
GO:0085020	GO:0085020	13	0.528523881382331	1.37728141575292	0.0742734122712594	0.34072759538598	0.293081057341384	7890	tags=85%, list=44%, signal=48%	XM_067103296.1/XM_067092678.1/XM_067120985.1/XM_067093552.1/XM_067120977.1/XM_067093551.1/XM_067104152.1/XM_067093553.1/XM_067108597.1/XM_067104154.1/XM_067088174.1
GO:0034389	GO:0034389	15	0.508635575541604	1.35871523323063	0.074468085106383	0.34072759538598	0.293081057341384	2945	tags=33%, list=16%, signal=28%	XM_067105242.1/XM_067134045.1/XM_067095517.1/XM_067098545.1/JP352682.1
GO:0008543	GO:0008543	21	0.47675091307247	1.34874932130555	0.0745341614906832	0.34072759538598	0.293081057341384	8420	tags=71%, list=47%, signal=38%	XM_067104418.1/XM_067098503.1/XM_067115240.1/XM_067082077.1/XM_067129190.1/XM_067098504.1/XM_067129191.1/XM_067109855.1/XM_067083308.1/XM_067129189.1/XM_067131841.1/XM_067105297.1/XM_067133962.1/XM_067093194.1/XM_067083311.1
GO:0008356	GO:0008356	15	0.507726531024231	1.35628690793679	0.075531914893617	0.343567914700025	0.295524193145528	6210	tags=67%, list=34%, signal=44%	XM_067132394.1/XM_067090798.1/XM_067123908.1/XM_067096670.1/XM_067104074.1/XM_067114181.1/XM_067096669.1/XM_067088231.1/XM_067081039.1/XM_067096672.1
GO:0042776	GO:0042776	14	0.515991552146756	1.3599904236424	0.0756123535676251	0.343567914700025	0.295524193145528	6902	tags=64%, list=38%, signal=40%	XM_067118063.1/XM_067090219.1/XM_067128301.1/XM_067118058.1/XM_067120115.1/XM_067094076.1/XM_067116412.1/XM_067113828.1/JP355420.1
GO:0007004	GO:0007004	11	0.544588075397027	1.37990121782183	0.0759219088937093	0.343935394506442	0.295840285448221	7094	tags=73%, list=39%, signal=44%	XM_067109119.1/XM_067122098.1/XM_067119582.1/XM_067107860.1/XM_067092541.1/JP354836.1/XM_067108819.1/XM_067108820.1
GO:0045047	GO:0045047	11	0.544298902080279	1.37916849775327	0.0770065075921909	0.347801163419385	0.29916547441379	6738	tags=82%, list=37%, signal=51%	XM_067129344.1/XM_067130113.1/XM_067133176.1/XM_067118688.1/XM_067122686.1/XM_067118296.1/XM_067105988.1/XM_067116388.1/XM_067118683.1
GO:0006783	GO:0006783	26	0.450071843956423	1.32221207625124	0.0772399588053553	0.347811071985792	0.299173997389794	8474	tags=77%, list=47%, signal=41%	XM_067098889.1/XM_067132652.1/XM_067130337.1/XM_067130336.1/XM_067127752.1/XM_067093573.1/XM_067131430.1/XM_067134171.1/XM_067118936.1/XM_067094153.1/XM_067131646.1/XM_067132988.1/XM_067134166.1/XM_067134174.1/XM_067134173.1/XM_067096678.1/XM_067134172.1/XM_067124619.1/XM_067093577.1/XM_067134160.1
GO:0007080	GO:0007080	24	0.461749055363981	1.33695817321305	0.077559462254395	0.347989248947715	0.299327258508358	9628	tags=96%, list=53%, signal=45%	XM_067115091.1/EL609572.1/XM_067117499.1/XM_067115587.1/XM_067100505.1/JP355704.1/XM_067091651.1/XM_067083643.1/XM_067130939.1/XM_067132651.1/XM_067100504.1/XM_067092873.1/XM_067125308.1/XM_067100502.1/JP354534.1/JP354836.1/XM_067091957.1/XM_067125310.1/XM_067125309.1/XM_067092881.1/XM_067116996.1/XM_067098946.1/XM_067114667.1
GO:0051276	GO:0051276	14	0.514444283635563	1.35591231354686	0.0777422790202343	0.347989248947715	0.299327258508358	8158	tags=79%, list=45%, signal=43%	XM_067119871.1/XM_067119872.1/XM_067088533.1/XM_067094905.1/XM_067122560.1/XM_067122562.1/XM_067122563.1/XM_067081807.1/GH625791.1/XM_067100202.1/XM_067096278.1
GO:0045995	GO:0045995	40	0.413783064202378	1.28805981233505	0.0790273556231003	0.350702648924263	0.301661223073852	8837	tags=75%, list=49%, signal=38%	XM_067098503.1/XM_067123535.1/XM_067120513.1/XM_067094880.1/XM_067092311.1/XM_067111875.1/XM_067133612.1/XM_067132504.1/XM_067095605.1/JP354577.1/XM_067115166.1/XM_067092317.1/XM_067123536.1/XM_067095724.1/XM_067134477.1/XM_067097319.1/XM_067098504.1/XM_067093144.1/XM_067103660.1/XM_067115635.1/XM_067111874.1/XM_067090694.1/LT574897.1/XM_067133613.1/XM_067097083.1/XM_067090690.1/XM_067134480.1/XM_067092305.1/XM_067134476.1/XM_067115161.1
GO:0033499	GO:0033499	10	-0.406504986965391	-1.41752290669282	0.0791618063634485	0.350702648924263	0.301661223073852	849	tags=50%, list=5%, signal=48%	XM_067111566.1/XM_067106271.1/XM_067111567.1/XM_067111568.1/XM_067111565.1
GO:0007494	GO:0007494	19	0.482401686857194	1.34122666294185	0.0792492179353493	0.350702648924263	0.301661223073852	2080	tags=26%, list=12%, signal=23%	XM_067091124.1/XM_067091388.1/XM_067085798.1/XM_067085797.1/XM_067103814.1
GO:0141198	GO:0141198	16	0.499132841209675	1.35155145697874	0.0792811839323467	0.350702648924263	0.301661223073852	7905	tags=81%, list=44%, signal=46%	XM_067093210.1/XM_067131155.1/XM_067090847.1/XM_067093132.1/XM_067117782.1/XM_067128510.1/XM_067130815.1/XM_067083643.1/XM_067124071.1/XM_067133161.1/XM_067096121.1/XM_067117781.1/XM_067096145.1
GO:0007611	GO:0007611	16	-0.3295	-1.3689477256815	0.0804180044379855	0.353689237550538	0.30423017423685	12086	tags=100%, list=67%, signal=33%	XM_067124116.1/XM_067119115.1/XM_067090755.1/XM_067097957.1/XM_067097960.1/XM_067097959.1/XM_067087752.1/XM_067090660.1/XM_067099374.1/XM_067108728.1/JP355486.1/XM_067126831.1/XM_067082666.1/XM_067082661.1/XM_067082654.1
GO:0035011	GO:0035011	11	-0.404276589836157	-1.45141793673917	0.0804839976304575	0.353689237550538	0.30423017423685	10738	tags=100%, list=60%, signal=40%	XM_067095299.1/XM_067123916.1/XM_067095283.1/XM_067108466.1/XM_067085691.1/XM_067130923.1/XM_067108469.1/XM_067101054.1/XM_067087673.1/XM_067095302.1
GO:0090110	GO:0090110	20	0.475303386529957	1.33641049476502	0.0806618407445708	0.353689237550538	0.30423017423685	5194	tags=55%, list=29%, signal=39%	XM_067130941.1/XM_067130868.1/XM_067083071.1/XM_067130866.1/XM_067130942.1/XM_067134046.1/XM_067130943.1/XM_067119169.1/XM_067087586.1/JP355294.1/JP353910.1
GO:0045669	GO:0045669	14	0.512729630517209	1.35139303060293	0.080937167199148	0.353864824033484	0.304381207122867	2967	tags=43%, list=16%, signal=36%	XM_067104952.1/XM_067120619.1/XM_067105396.1/XM_067083472.1/JP354480.1/XM_067083465.1
GO:0030155	GO:0030155	24	0.459457457191586	1.33032303044294	0.0816959669079628	0.354581636229964	0.304997782003518	6104	tags=50%, list=34%, signal=33%	GH625579.1/XM_067105473.1/XM_067085798.1/XM_067085797.1/XM_067133375.1/XM_067091389.1/XM_067084496.1/XM_067105114.1/XM_067133372.1/XM_067091651.1/XM_067103238.1/XM_067106306.1
GO:0007562	GO:0007562	21	0.471678915200494	1.33440041603885	0.0817805383022774	0.354581636229964	0.304997782003518	5778	tags=57%, list=32%, signal=39%	XM_067130934.1/XM_067098820.1/XM_067098814.1/XM_067129983.1/XM_067130933.1/XM_067094831.1/XM_067108441.1/XM_067094832.1/XM_067114207.1/XM_067112420.1/XM_067098823.1/XM_067098817.1
GO:0033314	GO:0033314	13	0.524459079457482	1.36668894047031	0.0818083961248654	0.354581636229964	0.304997782003518	8526	tags=92%, list=47%, signal=49%	XM_067103922.1/XM_067114366.1/XM_067098243.1/JP354932.1/XM_067133344.1/XM_067108946.1/XM_067094905.1/XM_067081805.1/XM_067133722.1/XM_067133248.1/XM_067133346.1/XM_067101043.1
GO:1902459	GO:1902459	13	0.522753079237968	1.36224327116306	0.0828848223896663	0.357593123209169	0.307588149792881	7032	tags=85%, list=39%, signal=52%	XM_067082053.1/XM_067081637.1/XM_067116482.1/XM_067087114.1/XM_067087596.1/XM_067087597.1/XM_067097995.1/XM_067098905.1/XM_067128377.1/XM_067128387.1/XM_067128378.1
GO:0032402	GO:0032402	15	0.503367986155356	1.344643952562	0.0829787234042553	0.357593123209169	0.307588149792881	5708	tags=53%, list=32%, signal=36%	XM_067098124.1/XM_067112641.1/KP216761.1/XM_067105696.1/XM_067105302.1/XM_067092091.1/XM_067111309.1/XM_067098118.1
GO:0032922	GO:0032922	34	0.422354594404034	1.29089656814921	0.0841784989858012	0.361727035641843	0.311143985724961	7439	tags=62%, list=41%, signal=36%	XM_067119631.1/XM_067115102.1/XM_067096580.1/XM_067111786.1/XM_067111783.1/XM_067117782.1/XM_067101813.1/XM_067101814.1/XM_067111780.1/XM_067116482.1/XM_067101812.1/XM_067098746.1/XM_067111787.1/XM_067111779.1/XM_067095501.1/XM_067106306.1/XM_067092517.1/XM_067112237.1/XM_067085532.1/XM_067117781.1/XM_067114860.1
GO:0019433	GO:0019433	14	-0.351389765828963	-1.34315900893707	0.084479246697322	0.361985148241516	0.311366004471461	1597	tags=43%, list=9%, signal=39%	XM_067107347.1/XM_067129341.1/XM_067107346.1/XM_067101485.1/XM_067101487.1/XM_067081091.1
GO:0000122	GO:0000122	248	0.325067021953491	1.1382553508858	0.0849150849150849	0.362606232294618	0.311900237605043	6754	tags=44%, list=37%, signal=28%	XM_067113447.1/XM_067116731.1/XM_067096737.1/XM_067098411.1/XM_067108953.1/XM_067082934.1/XM_067134535.1/XM_067114893.1/XM_067117212.1/XM_067104898.1/XM_067108954.1/XM_067100817.1/XM_067128530.1/XM_067101728.1/XM_067088107.1/XM_067130908.1/XM_067107638.1/XM_067092850.1/XM_067096739.1/XM_067119797.1/XM_067134234.1/XM_067128537.1/XM_067082931.1/XM_067105475.1/XM_067128561.1/XM_067085676.1/XM_067134045.1/XM_067090412.1/XM_067108051.1/XM_067132547.1/XM_067131703.1/XM_067081290.1/XM_067111786.1/XM_067099509.1/XM_067111783.1/XM_067084260.1/XM_067133337.1/XM_067082583.1/XM_067120513.1/XM_067104899.1/XM_067094880.1/XM_067134233.1/XM_067100818.1/XM_067100869.1/XM_067120607.1/XM_067133208.1/JP352682.1/XM_067081637.1/XM_067129572.1/XM_067102838.1/XM_067120158.1/XM_067105379.1/XM_067099356.1/XM_067095139.1/XM_067088091.1/XM_067113372.1/XM_067082582.1/XM_067111780.1/XM_067116482.1/XM_067129573.1/XM_067116850.1/XM_067133897.1/XM_067116641.1/XM_067084563.1/XM_067106357.1/XM_067127473.1/XM_067116729.1/XM_067105381.1/XM_067083974.1/XM_067085687.1/XM_067114903.1/XM_067120233.1/XM_067115587.1/XM_067121262.1/XM_067128020.1/XM_067111787.1/XM_067113361.1/XM_067087596.1/XM_067088849.1/XM_067114904.1/XM_067115078.1/XM_067091698.1/XM_067087597.1/XM_067111779.1/XM_067107860.1/XM_067125261.1/XM_067095985.1/XM_067105380.1/XM_067091447.1/XM_067134477.1/XM_067133361.1/XM_067096468.1/XM_067129924.1/XM_067100816.1/XM_067101075.1/XM_067099920.1/XM_067109070.1/XM_067125534.1/XM_067124071.1/XM_067108958.1/XM_067095272.1/XM_067094582.1/XM_067095140.1/XM_067082944.1/XM_067098905.1/XM_067101583.1/XM_067115443.1/XM_067134447.1/XM_067133211.1/XM_067132548.1
GO:0016180	GO:0016180	15	0.502745966892823	1.34298235614994	0.0851063829787234	0.362606232294618	0.311900237605043	7366	tags=80%, list=41%, signal=47%	XM_067093015.1/XM_067099171.1/XM_067109005.1/XM_067115237.1/XM_067107997.1/XM_067107999.1/XM_067117538.1/XM_067122580.1/XM_067114886.1/XM_067088642.1/JP354386.1/XM_067129554.1
GO:0006001	GO:0006001	11	0.536475932271639	1.35934631277785	0.0856832971800434	0.364032991408998	0.313127482112023	2877	tags=27%, list=16%, signal=23%	XM_067123451.1/XM_067113295.1/XM_067128868.1
GO:0006672	GO:0006672	13	0.520173284671243	1.35552057945816	0.0861141011840689	0.364199922510655	0.313271069964722	2333	tags=38%, list=13%, signal=34%	XM_067130394.1/XM_067119026.1/XM_067119017.1/XM_067130393.1/XM_067084050.1
GO:0009306	GO:0009306	34	0.422110217765054	1.29014964845478	0.0862068965517241	0.364199922510655	0.313271069964722	5950	tags=56%, list=33%, signal=37%	XM_067091778.1/XM_067117448.1/XM_067082945.1/XM_067117444.1/XM_067111423.1/XM_067120390.1/XM_067117446.1/XM_067108407.1/XM_067108409.1/XM_067091776.1/XM_067120386.1/XM_067111987.1/XM_067100423.1/XM_067120383.1/XM_067082584.1/XM_067100840.1/XM_067111309.1/XM_067127475.1/XM_067134062.1
GO:0045887	GO:0045887	21	0.46856347182661	1.32558668958154	0.087991718426501	0.370686822214919	0.318850857014373	3683	tags=48%, list=20%, signal=38%	XM_067123144.1/XM_067106014.1/XM_067133208.1/XM_067083969.1/XM_067123143.1/XM_067083967.1/XM_067106009.1/XM_067123311.1/XM_067083968.1/XM_067123141.1
GO:0030490	GO:0030490	33	0.425373553398481	1.2950480332409	0.0882352941176471	0.370686822214919	0.318850857014373	8040	tags=67%, list=45%, signal=37%	XM_067111546.1/XM_067103389.1/XM_067092575.1/XM_067116216.1/XM_067120821.1/XM_067102058.1/XM_067091632.1/XM_067103800.1/XM_067126280.1/XM_067112866.1/XM_067108657.1/XM_067132574.1/XM_067098236.1/JP351684.1/XM_067105698.1/XM_067129830.1/XM_067114894.1/XM_067111102.1/XM_067083841.1/XM_067104531.1/XM_067120342.1/XM_067123960.1
GO:0007059	GO:0007059	46	0.398978417319529	1.26213901698174	0.0898989898989899	0.373816677875663	0.321543041089858	9305	tags=70%, list=52%, signal=34%	XM_067109793.1/XM_067090710.1/XM_067109794.1/XM_067129941.1/XM_067094304.1/XM_067109796.1/XM_067103478.1/XM_067115091.1/XM_067129940.1/XM_067133183.1/XM_067121794.1/XM_067116598.1/XM_067109790.1/XM_067108506.1/XM_067109789.1/XM_067100819.1/XM_067084661.1/XM_067109791.1/XM_067115287.1/XM_067127123.1/XM_067091180.1/XM_067116522.1/XM_067115413.1/XM_067087079.1/XM_067082154.1/XM_067103767.1/XM_067082149.1/XM_067091133.1/XM_067106297.1/XM_067091181.1/XM_067123161.1/XM_067109792.1
GO:0160240	GO:0160240	20	0.470667716000114	1.3233763802985	0.0899689762150982	0.373816677875663	0.321543041089858	7366	tags=75%, list=41%, signal=44%	XM_067093015.1/XM_067099171.1/XM_067111873.1/XM_067109005.1/XM_067115237.1/XM_067117406.1/XM_067107997.1/XM_067107999.1/XM_067117407.1/XM_067117538.1/XM_067122580.1/XM_067114886.1/XM_067088642.1/JP354386.1/XM_067129554.1
GO:0050727	GO:0050727	24	0.455590352581815	1.31912613235589	0.0899689762150982	0.373816677875663	0.321543041089858	6229	tags=58%, list=35%, signal=38%	XM_067110617.1/XM_067110612.1/XM_067110614.1/XM_067123562.1/XM_067114157.1/XM_067101995.1/XM_067083343.1/XM_067083434.1/XM_067110613.1/GH624168.1/XM_067115324.1/XM_067082975.1/XM_067116582.1/XM_067123913.1
GO:2000819	GO:2000819	12	0.526702799158497	1.35659339991927	0.0903225806451613	0.373816677875663	0.321543041089858	7766	tags=83%, list=43%, signal=47%	XM_067082608.1/XM_067120859.1/XM_067087114.1/XM_067097995.1/XM_067120858.1/XM_067128377.1/XM_067128387.1/XM_067128378.1/XM_067126312.1/XM_067118350.1
GO:0002098	GO:0002098	13	0.51680912271573	1.34675390324139	0.0904198062432723	0.373816677875663	0.321543041089858	8083	tags=92%, list=45%, signal=51%	XM_067111366.1/XM_067111367.1/XM_067086986.1/XM_067086987.1/XM_067082580.1/XM_067133567.1/XM_067107678.1/XM_067123779.1/XM_067134152.1/XM_067081624.1/XM_067100824.1/XM_067081438.1
GO:0007626	GO:0007626	24	-0.239606491774122	-1.19806621840191	0.0904715895922481	0.373816677875663	0.321543041089858	13706	tags=100%, list=76%, signal=24%	XM_067131741.1/XM_067107663.1/XM_067112168.1/XM_067099669.1/XM_067083029.1/XM_067092195.1/XM_067128134.1/XM_067092197.1/XM_067105291.1/XM_067092181.1/XM_067098927.1/GH625398.1/XM_067092196.1/XM_067102283.1/XM_067092193.1/XM_067082666.1/XM_067082661.1/XM_067116923.1/XM_067134552.1/XM_067082654.1/XM_067101250.1/XM_067100534.1/XM_067101251.1
GO:0016075	GO:0016075	13	0.515914717120781	1.34442316995296	0.0914962325080732	0.377014612855184	0.324293784433805	8056	tags=92%, list=45%, signal=51%	XM_067119034.1/XM_067119035.1/XM_067108911.1/XM_067131721.1/XM_067129255.1/XM_067125800.1/XM_067085826.1/XM_067086419.1/XM_067119033.1/XM_067108913.1/XM_067092252.1/XM_067108910.1
GO:0046329	GO:0046329	21	0.465543743957452	1.31704374650083	0.0921325051759834	0.378369342071903	0.325459071533013	8556	tags=81%, list=47%, signal=43%	XM_067123409.1/XM_067081591.1/XM_067081589.1/XM_067114157.1/XM_067126315.1/XM_067081585.1/XM_067081584.1/XM_067081582.1/XM_067134436.1/XM_067081503.1/XM_067081587.1/XM_067095140.1/XM_067081593.1/XM_067092887.1/XM_067081581.1/XM_067081583.1/XM_067134437.1
GO:0051168	GO:0051168	12	0.525000129983083	1.35220794806805	0.0924731182795699	0.378369342071903	0.325459071533013	7350	tags=83%, list=41%, signal=49%	XM_067092950.1/XM_067102176.1/XM_067102175.1/XM_067092129.1/JP355426.1/XM_067096675.1/XM_067093082.1/XM_067103252.1/XM_067116545.1/XM_067102174.1
GO:0008363	GO:0008363	11	-0.391806595326069	-1.40664865215033	0.0925797326346146	0.378369342071903	0.325459071533013	4689	tags=82%, list=26%, signal=61%	XM_067086427.1/XM_067086429.1/XM_067086431.1/XM_067086430.1/XM_067107645.1/XM_067129028.1/XM_067129033.1/XM_067107900.1/XM_067129029.1
GO:0042178	GO:0042178	16	-0.318418862060709	-1.32290979372412	0.0950391525344872	0.387368253148696	0.333199596248423	3096	tags=56%, list=17%, signal=47%	XM_067094391.1/XM_067105871.1/XM_067091287.1/XM_067105869.1/XM_067091289.1/XM_067122548.1/XM_067115374.1/XM_067122547.1/XM_067091282.1
GO:0006120	GO:0006120	18	0.479374138618123	1.32568767906482	0.0966735966735967	0.39296510647862	0.338013798895734	7760	tags=72%, list=43%, signal=41%	XM_067088870.1/XM_067108411.1/XM_067133028.1/XM_067113937.1/XM_067092050.1/XM_067087207.1/XM_067099954.1/XM_067116412.1/XM_067089062.1/JP355420.1/XM_067126013.1/XM_067108659.1/XM_067087208.1
GO:0045773	GO:0045773	11	0.530051828727689	1.34306863666963	0.0976138828633406	0.395717735381305	0.340381506707464	5268	tags=55%, list=29%, signal=39%	XM_067123144.1/XM_067121328.1/XM_067123143.1/XM_067123141.1/XM_067128510.1/XM_067123140.1
GO:0000281	GO:0000281	68	0.376291009976171	1.23199754386091	0.0981963927855711	0.397009071907255	0.341492265799284	7214	tags=54%, list=40%, signal=33%	GH625197.1/XM_067086030.1/XM_067086029.1/XM_067092950.1/XM_067125824.1/XM_067096495.1/XM_067126933.1/XM_067107226.1/XM_067122083.1/AF221096.1/XM_067133183.1/XM_067088937.1/XM_067126931.1/XM_067097697.1/XM_067107844.1/XM_067134690.1/XM_067120822.1/EL609684.1/XM_067084838.1/XM_067107206.1/GH625194.1/XM_067121962.1/XM_067111191.1/XM_067132701.1/XM_067126930.1/XM_067085647.1/XM_067093562.1/XM_067134688.1/XM_067116865.1/XM_067103660.1/XM_067107838.1/XM_067087299.1/XM_067116749.1/XM_067100511.1/XM_067091161.1/JP353649.1/XM_067095821.1
GO:0034472	GO:0034472	13	0.512953421373711	1.33670632357637	0.0990312163616792	0.399310856321623	0.343472174145629	7110	tags=77%, list=39%, signal=47%	XM_067099171.1/XM_067109005.1/XM_067115237.1/XM_067117406.1/XM_067107997.1/XM_067107999.1/XM_067117407.1/XM_067114886.1/XM_067088642.1/XM_067123771.1
GO:0006979	GO:0006979	104	0.354830100695572	1.1945081640758	0.101898101898102	0.407977896349989	0.350927235872156	6575	tags=43%, list=36%, signal=28%	XM_067113717.1/EL695757.1/EL609839.1/GH624791.1/XM_067130966.1/XM_067119871.1/XM_067127529.1/EL609946.1/XM_067130295.1/XM_067097991.1/XM_067094776.1/XM_067109255.1/FJ670566.1/XM_067095460.1/XM_067095118.1/XM_067104801.1/XM_067132636.1/XM_067127500.1/XM_067120568.1/XM_067103242.1/XM_067119872.1/XM_067100675.1/JP354889.1/XM_067098396.1/XM_067109009.1/XM_067123783.1/XM_067112568.1/XM_067100209.1/XM_067108506.1/XM_067126315.1/EL695619.1/XM_067127518.1/XM_067108989.1/GH624168.1/XM_067081665.1/XM_067114931.1/XM_067134062.1/XM_067123455.1/XM_067127539.1/XM_067108797.1/XM_067116582.1/XM_067132074.1/XM_067087858.1/XM_067133161.1/XM_067109254.1
GO:0008284	GO:0008284	120	0.349116473409261	1.18648447986443	0.101898101898102	0.407977896349989	0.350927235872156	8362	tags=57%, list=46%, signal=31%	XM_067104952.1/XM_067125561.1/XM_067119987.1/XM_067120006.1/XM_067132757.1/XM_067094268.1/XM_067081591.1/XM_067121272.1/XM_067120619.1/XM_067114033.1/XM_067095460.1/XM_067082053.1/XM_067096933.1/XM_067081589.1/XM_067090798.1/XM_067083472.1/XM_067113608.1/XM_067133375.1/XM_067107033.1/XM_067095197.1/JP354480.1/XM_067083465.1/XM_067087995.1/LT574898.1/XM_067132756.1/XM_067102062.1/XM_067120822.1/XM_067134673.1/XM_067084359.1/XM_067108459.1/XM_067081585.1/XM_067081584.1/XM_067081582.1/XM_067115240.1/XM_067134377.1/XM_067133257.1/XM_067085897.1/XM_067090271.1/XM_067095198.1/XM_067101348.1/XM_067133372.1/XM_067091651.1/XM_067129190.1/XM_067099351.1/XM_067081587.1/XM_067112917.1/XM_067114038.1/XM_067108797.1/XM_067129191.1/XM_067129189.1/XM_067084822.1/XM_067089472.1/XM_067099997.1/XM_067108800.1/XM_067118766.1/XM_067087424.1/XM_067081593.1/XM_067110804.1/XM_067130820.1/XM_067104111.1/XM_067111372.1/XM_067081581.1/XM_067131681.1/XM_067124195.1/XM_067102063.1/XM_067081583.1/XM_067131965.1/XM_067098038.1/XM_067086973.1
GO:0050667	GO:0050667	14	-0.342831231565186	-1.31044470272337	0.102201901752962	0.407977896349989	0.350927235872156	3604	tags=64%, list=20%, signal=51%	XM_067110725.1/XM_067110724.1/XM_067086271.1/XM_067086266.1/XM_067086267.1/XM_067086272.1/XM_067086268.1/XM_067082702.1/XM_067086270.1
GO:0048749	GO:0048749	34	0.414056113997321	1.26553285713526	0.102434077079108	0.407977896349989	0.350927235872156	7380	tags=65%, list=41%, signal=38%	GH625197.1/JP353236.1/XM_067087091.1/XM_067107638.1/XM_067081815.1/XM_067096670.1/XM_067123311.1/XM_067134079.1/XM_067084234.1/GH625194.1/XM_067096669.1/XM_067125299.1/XM_067095096.1/XM_067093562.1/XM_067102975.1/XM_067125300.1/XM_067096672.1/XM_067095097.1/XM_067091877.1/XM_067123313.1/XM_067119115.1/XM_067130820.1
GO:0015012	GO:0015012	16	0.489321068652247	1.32498314810249	0.102536997885835	0.407977896349989	0.350927235872156	6610	tags=62%, list=37%, signal=40%	XM_067093558.1/XM_067104418.1/XM_067110141.1/XM_067081126.1/XM_067126572.1/XM_067092297.1/XM_067091219.1/XM_067119708.1/XM_067083308.1/XM_067093560.1
GO:0007041	GO:0007041	24	-0.234308573937017	-1.17157588276239	0.103148374240054	0.409327585374778	0.352088187587908	1561	tags=29%, list=9%, signal=27%	XM_067099421.1/XM_067083223.1/XM_067099424.1/XM_067098984.1/XM_067099408.1/XM_067099407.1/XM_067099426.1
GO:0071711	GO:0071711	20	-0.303840814736915	-1.38229105048392	0.104227357342623	0.410598373010917	0.353181271297885	3423	tags=55%, list=19%, signal=45%	XM_067087673.1/XM_067125558.1/XM_067086643.1/XM_067096324.1/GH625672.1/JP355411.1/XM_067134451.1/XM_067129481.1/XM_067134452.1/XM_067126520.1/XM_067107108.1
GO:0006386	GO:0006386	14	0.49910739178214	1.31548912064319	0.104366347177849	0.410598373010917	0.353181271297885	6022	tags=71%, list=33%, signal=48%	XM_067111336.1/XM_067128143.1/XM_067128144.1/XM_067133739.1/XM_067128286.1/XM_067119704.1/XM_067111335.1/JP354258.1/XM_067086668.1/XM_067129887.1
GO:0007613	GO:0007613	26	-0.231323389637692	-1.22322928484475	0.104534680913561	0.410598373010917	0.353181271297885	2713	tags=38%, list=15%, signal=33%	KJ631065.1/XM_067123692.1/XM_067126630.1/XM_067105663.1/XM_067082654.1/XM_067111587.1/XM_067098728.1/XM_067123722.1/XM_067131543.1/XM_067110070.1
GO:0071044	GO:0071044	10	0.546785472126052	1.34465824409912	0.104560622914349	0.410598373010917	0.353181271297885	8056	tags=90%, list=45%, signal=50%	XM_067108911.1/XM_067099349.1/XM_067103478.1/XM_067095936.1/XM_067095940.1/XM_067133491.1/XM_067108913.1/XM_067092252.1/XM_067108910.1
GO:0003012	GO:0003012	13	-0.352101356347877	-1.32587936933967	0.105545936416677	0.413388250965319	0.35558101934237	3785	tags=77%, list=21%, signal=61%	XM_067114239.1/JZ905045.1/XM_067113913.1/XM_067113860.1/XM_067127925.1/XM_067127930.1/XM_067114076.1/XM_067127929.1/XM_067082099.1/XM_067127921.1
GO:0051604	GO:0051604	45	0.393521017252935	1.2426567178354	0.106060606060606	0.414325068870523	0.356386834855734	4986	tags=42%, list=28%, signal=31%	XM_067133348.1/XM_067129956.1/XM_067089670.1/JP354039.1/XM_067089921.1/XM_067121678.1/XM_067108662.1/XM_067100101.1/XM_067116482.1/JZ905091.1/XM_067081640.1/XM_067081459.1/XM_067100819.1/XM_067094082.1/XM_067121153.1/XM_067094938.1/XM_067111632.1/XM_067100889.1/XM_067093914.1
GO:2000036	GO:2000036	12	0.517457549471445	1.33278102465546	0.10752688172043	0.418964844838153	0.360377795566972	6928	tags=67%, list=38%, signal=41%	XM_067116731.1/XM_067117212.1/XM_067116641.1/XM_067114903.1/XM_067114904.1/XM_067093144.1/XM_067091259.1/XM_067127198.1
GO:0042127	GO:0042127	36	0.409870518569465	1.25978539301033	0.109533468559838	0.425194602724987	0.365736398900482	7800	tags=53%, list=43%, signal=30%	XM_067130966.1/XM_067087290.1/XM_067109255.1/XM_067114033.1/XM_067091162.1/XM_067106569.1/XM_067115637.1/XM_067082755.1/XM_067134673.1/XM_067112878.1/XM_067082975.1/XM_067093144.1/XM_067090750.1/XM_067114038.1/XM_067109254.1/XM_067087294.1/XM_067126484.1/XM_067132854.1/XM_067114228.1
GO:0006892	GO:0006892	14	0.495856992917022	1.30692209796387	0.109691160809372	0.425194602724987	0.365736398900482	5708	tags=50%, list=32%, signal=34%	XM_067098124.1/XM_067087178.1/XM_067130551.1/XM_067099469.1/XM_067121962.1/XM_067099462.1/XM_067098118.1
GO:0051896	GO:0051896	11	0.524274847557916	1.32843066769521	0.110629067245119	0.427727807549253	0.367915366376002	3518	tags=36%, list=20%, signal=29%	XM_067095568.1/XM_067123562.1/XM_067131912.1/XM_067120939.1
GO:0007032	GO:0007032	39	0.402292662201129	1.25168443762804	0.110998990918264	0.427826293835774	0.368000080574025	6489	tags=51%, list=36%, signal=33%	XM_067089800.1/XM_067112136.1/XM_067096495.1/XM_067120200.1/XM_067134577.1/XM_067112137.1/XM_067120204.1/XM_067108753.1/XM_067131937.1/XM_067120203.1/XM_067086671.1/XM_067104048.1/XM_067128018.1/XM_067110806.1/XM_067133196.1/XM_067134581.1/XM_067104049.1/JP353036.1/XM_067104053.1/XM_067099922.1
GO:0000387	GO:0000387	38	0.40359722412593	1.24962683340729	0.111223458038423	0.427826293835774	0.368000080574025	6659	tags=53%, list=37%, signal=33%	XM_067115023.1/XM_067082709.1/XM_067120998.1/XM_067118944.1/XM_067096580.1/XM_067128278.1/XM_067106360.1/XM_067117848.1/XM_067121296.1/XM_067106361.1/XM_067116761.1/XM_067105076.1/XM_067111338.1/XM_067101621.1/XM_067099990.1/XM_067115538.1/XM_067101125.1/XM_067115537.1/XM_067129448.1/XM_067127572.1
GO:0032968	GO:0032968	25	0.439855870544045	1.28212869378186	0.112487100103199	0.431583159579621	0.371231595131127	7638	tags=68%, list=42%, signal=39%	XM_067114893.1/XM_067128648.1/XM_067132834.1/XM_067116059.1/XM_067100490.1/XM_067094999.1/XM_067101742.1/XM_067134377.1/XM_067104524.1/XM_067111208.1/XM_067090307.1/XM_067134206.1/XM_067101743.1/XM_067090367.1/XM_067134187.1/XM_067126531.1/XM_067099531.1
GO:0061040	GO:0061040	11	0.522724179995332	1.3245015180228	0.112798264642082	0.431675801581913	0.371311282295753	5309	tags=64%, list=29%, signal=45%	XM_067114460.1/XM_067114558.1/XM_067114657.1/XM_067114465.1/XM_067114457.1/XM_067082912.1/XM_067082913.1
GO:0051225	GO:0051225	32	0.415554582189068	1.26102435638501	0.113475177304965	0.433164128595601	0.372591485193164	8891	tags=78%, list=49%, signal=40%	XM_067081649.1/XM_067115548.1/XM_067091682.1/XM_067133344.1/XM_067083983.1/XM_067129298.1/XM_067083981.1/XM_067108533.1/XM_067083982.1/XM_067130233.1/XM_067095140.1/XM_067119780.1/XM_067118322.1/XM_067115413.1/XM_067095821.1/XM_067095299.1/XM_067114860.1/XM_067118737.1/XM_067123916.1/XM_067133346.1/XM_067098337.1/XM_067095283.1/XM_067081651.1/EL696275.1/XM_067108535.1
GO:0008154	GO:0008154	18	-0.321924658295366	-1.34641348624529	0.114446076693374	0.435764302143886	0.374828056645322	12223	tags=56%, list=68%, signal=18%	XM_067085592.1/XM_067085589.1/XM_067085594.1/XM_067132626.1/XM_067133605.1/XM_067132629.1/XM_067084310.1/XM_067085595.1/XM_067118922.1/XM_067118923.1
GO:0060216	GO:0060216	13	0.505018201069861	1.31602791747329	0.115177610333692	0.43712458825809	0.375998123578662	5162	tags=46%, list=29%, signal=33%	XM_067109793.1/XM_067109794.1/XM_067109796.1/XM_067109790.1/XM_067109789.1/XM_067109791.1
GO:0007430	GO:0007430	18	0.469050383195199	1.2971377964923	0.115384615384615	0.43712458825809	0.375998123578662	8089	tags=67%, list=45%, signal=37%	XM_067123304.1/XM_067098136.1/XM_067129593.1/XM_067091789.1/XM_067129190.1/XM_067091790.1/XM_067129191.1/XM_067129189.1/XM_067131841.1/XM_067101084.1/XM_067091791.1/XM_067091793.1
GO:0051298	GO:0051298	11	0.520965765201382	1.32004596927829	0.116052060737527	0.438548490827238	0.377222910992914	7287	tags=82%, list=40%, signal=49%	XM_067118301.1/XM_067123191.1/XM_067123190.1/XM_067111080.1/XM_067093542.1/XM_067089021.1/XM_067123913.1/XM_067111084.1/JP354004.1
GO:0000381	GO:0000381	114	0.345123621944781	1.17048718874205	0.117882117882118	0.444347632317557	0.382211114304506	8588	tags=59%, list=48%, signal=31%	JP354406.1/XM_067115122.1/JP353236.1/XM_067095810.1/XM_067087091.1/XM_067115112.1/XM_067118908.1/XM_067097841.1/XM_067132497.1/XM_067115119.1/XM_067128748.1/XM_067098999.1/XM_067102222.1/XM_067096486.1/XM_067085798.1/XM_067114226.1/XM_067085797.1/XM_067082002.1/XM_067093535.1/XM_067132500.1/XM_067095808.1/XM_067088168.1/XM_067082000.1/XM_067113519.1/XM_067088967.1/XM_067097767.1/XM_067090305.1/XM_067096487.1/XM_067114973.1/XM_067126814.1/XM_067097821.1/XM_067099769.1/XM_067097844.1/XM_067088169.1/XM_067101911.1/XM_067085989.1/XM_067112954.1/XM_067116487.1/XM_067110365.1/XM_067123423.1/XM_067112953.1/XM_067116545.1/XM_067098998.1/XM_067090694.1/XM_067093534.1/XM_067082003.1/XM_067112946.1/XM_067090771.1/XM_067107087.1/XM_067090769.1/XM_067090770.1/XM_067101914.1/XM_067112955.1/XM_067081496.1/XM_067103817.1/XM_067083124.1/XM_067081494.1/XM_067097842.1/XM_067097083.1/XM_067126813.1/XM_067129557.1/XM_067090690.1/XM_067086590.1/XM_067097834.1/XM_067112944.1/XM_067115116.1/XM_067093537.1
GO:0007320	GO:0007320	10	-0.379373542152616	-1.32291288775828	0.118378664038234	0.44510377678376	0.382861521323657	11186	tags=90%, list=62%, signal=34%	XM_067121466.1/XM_067121464.1/XM_067121469.1/XM_067121468.1/XM_067111585.1/EL609055.1/XM_067121461.1/XM_067121462.1/XM_067111587.1
GO:0033044	GO:0033044	13	0.503368389169285	1.31172866941622	0.120559741657696	0.452174193150064	0.388943227450608	6795	tags=77%, list=38%, signal=48%	XM_067123535.1/XM_067094880.1/XM_067092311.1/XM_067104156.1/XM_067111875.1/JP354577.1/XM_067092317.1/XM_067123536.1/XM_067115635.1/XM_067111874.1
GO:0007100	GO:0007100	11	0.519506494211416	1.31634840426143	0.121475054229935	0.454473834730901	0.390921292612176	6561	tags=64%, list=36%, signal=40%	XM_067101112.1/XM_067112268.1/XM_067100505.1/XM_067100504.1/XM_067089021.1/XM_067100502.1/PQ202739.1
GO:0035088	GO:0035088	11	-0.371593298419721	-1.33407966738077	0.12249147289236	0.456831043707169	0.392948875081265	3707	tags=73%, list=21%, signal=58%	XM_067103901.1/XM_067105149.1/XM_067105147.1/XM_067105143.1/XM_067105146.1/XM_067105144.1/XM_067095315.1/XM_067131543.1
GO:0071168	GO:0071168	13	0.501049522957419	1.30568593142136	0.122712594187298	0.456831043707169	0.392948875081265	8445	tags=92%, list=47%, signal=49%	XM_067099171.1/XM_067117406.1/XM_067133901.1/XM_067117407.1/XM_067099525.1/XM_067094905.1/XM_067096055.1/XM_067107656.1/XM_067096056.1/XM_067107658.1/XM_067082154.1/XM_067082149.1
GO:0009411	GO:0009411	22	0.449410726106812	1.2820187650945	0.124352331606218	0.461508956311611	0.39697263949256	6130	tags=64%, list=34%, signal=42%	XM_067094776.1/XM_067105068.1/XM_067120568.1/XM_067095434.1/XM_067123759.1/XM_067102062.1/XM_067117391.1/XM_067100598.1/XM_067085213.1/XM_067108506.1/XM_067116353.1/XM_067129268.1/XM_067100597.1/XM_067117394.1
GO:0006552	GO:0006552	10	0.537267918584875	1.3212526170567	0.124582869855395	0.461508956311611	0.39697263949256	7197	tags=90%, list=40%, signal=54%	XM_067084665.1/XM_067124816.1/XM_067085342.1/XM_067131022.1/XM_067086964.1/XM_067131738.1/XM_067084664.1/XM_067088563.1/XM_067131020.1
GO:0007638	GO:0007638	10	0.537013994471468	1.32062816529293	0.125695216907675	0.464485518990524	0.399532966712874	1864	tags=30%, list=10%, signal=27%	XM_067131636.1/XM_067082432.1/XM_067082434.1
GO:0031146	GO:0031146	31	0.416085422502083	1.25471451673517	0.126144455747711	0.465003091775876	0.39997816334865	8363	tags=68%, list=46%, signal=36%	JP354235.1/XM_067134234.1/XM_067101285.1/XM_067127553.1/XM_067116143.1/XM_067101813.1/XM_067134233.1/XM_067101814.1/XM_067101812.1/XM_067085202.1/XM_067101288.1/XM_067091651.1/XM_067100814.1/XM_067089684.1/XM_067112917.1/XM_067123913.1/XM_067090542.1/XM_067109798.1/XM_067133827.1/XM_067134527.1/XM_067109802.1
GO:0050731	GO:0050731	11	0.517247540675065	1.31062456843645	0.126898047722343	0.466637319741818	0.401383864755525	5297	tags=45%, list=29%, signal=32%	XM_067130394.1/XM_067130393.1/XM_067123562.1/XM_067121778.1/XM_067117839.1
GO:0007052	GO:0007052	33	0.409088787934108	1.24546913178374	0.127789046653144	0.467625340069957	0.402233722666558	8074	tags=70%, list=45%, signal=39%	XM_067101112.1/XM_067093015.1/XM_067091344.1/XM_067112268.1/XM_067081912.1/XM_067091682.1/JP354291.1/XM_067133183.1/XM_067111080.1/XM_067081657.1/XM_067133901.1/XM_067093820.1/GH625753.1/XM_067128360.1/XM_067089021.1/XM_067131520.1/XM_067087299.1/XM_067091180.1/PQ202739.1/XM_067111084.1/XM_067109111.1/XM_067117131.1/XM_067126478.1
GO:0001881	GO:0001881	11	0.517164992250065	1.3104154036065	0.127982646420824	0.467625340069957	0.402233722666558	2949	tags=45%, list=16%, signal=38%	XM_067120200.1/XM_067120204.1/XM_067131937.1/XM_067120203.1/KP216761.1
GO:0045022	GO:0045022	20	0.453422803934571	1.27488886239137	0.1282316442606	0.467625340069957	0.402233722666558	5721	tags=60%, list=32%, signal=41%	XM_067094937.1/XM_067121622.1/XM_067118946.1/XM_067099864.1/XM_067129485.1/XM_067118945.1/XM_067104450.1/XM_067118950.1/XM_067128018.1/XM_067110806.1/XM_067098538.1/XM_067098539.1
GO:0070301	GO:0070301	15	0.483384695719137	1.29126270588681	0.128723404255319	0.467625340069957	0.402233722666558	6180	tags=60%, list=34%, signal=39%	XM_067107383.1/XM_067084838.1/XM_067113178.1/XM_067088762.1/GH624168.1/XM_067103238.1/XM_067117964.1/XM_067124071.1/XM_067116582.1
GO:0006607	GO:0006607	15	0.483202331077012	1.29077555628664	0.128723404255319	0.467625340069957	0.402233722666558	6356	tags=60%, list=35%, signal=39%	XM_067091189.1/XM_067119456.1/XM_067119457.1/XM_067100740.1/XM_067106461.1/XM_067100744.1/JP355704.1/XM_067132651.1/XM_067100741.1
GO:0045927	GO:0045927	10	0.533151680181475	1.31112993789646	0.129032258064516	0.467625340069957	0.402233722666558	6763	tags=80%, list=38%, signal=50%	XM_067121357.1/XM_067087995.1/XM_067117391.1/XM_067104524.1/XM_067117394.1/XM_067082988.1/XM_067082987.1/XM_067128716.1
GO:0048646	GO:0048646	22	-0.254251417139046	-1.19627491369227	0.129760748118999	0.469135012430227	0.40353228602796	13442	tags=68%, list=75%, signal=17%	XM_067123588.1/XM_067123589.1/XM_067123601.1/XM_067123590.1/XM_067105142.1/XM_067123582.1/XM_067123587.1/XM_067123585.1/XM_067090833.1/XM_067090818.1/XM_067123584.1/XM_067105098.1/XM_067105099.1/XM_067123596.1/XM_067090811.1
GO:0045653	GO:0045653	12	0.507029704329998	1.30592271686429	0.13010752688172	0.469260720455893	0.40364041534175	8141	tags=83%, list=45%, signal=46%	XM_067081591.1/XM_067081589.1/XM_067134673.1/XM_067081585.1/XM_067081584.1/XM_067081582.1/XM_067081587.1/XM_067081593.1/XM_067081581.1/XM_067081583.1
GO:0045842	GO:0045842	11	0.515755979531645	1.30684518520857	0.131236442516269	0.471843202975477	0.405861769636661	7905	tags=91%, list=44%, signal=51%	XM_067090847.1/XM_067093132.1/XM_067114096.1/XM_067115587.1/XM_067083643.1/XM_067089021.1/XM_067112917.1/XM_067091180.1/XM_067096121.1/XM_067096145.1
GO:0030299	GO:0030299	10	-0.372848238769477	-1.30015851249767	0.13145099870128	0.471843202975477	0.405861769636661	1539	tags=50%, list=9%, signal=46%	XM_067129341.1/XM_067083223.1/XM_067101485.1/XM_067101487.1/XM_067098984.1
GO:0042407	GO:0042407	15	0.479124197657655	1.27988166237423	0.131914893617021	0.472380952380952	0.406324321441903	8271	tags=67%, list=46%, signal=36%	XM_067104196.1/XM_067094082.1/XM_067109308.1/XM_067104195.1/XM_067111066.1/XM_067131264.1/XM_067111063.1/XM_067109307.1/XM_067104197.1/XM_067111067.1
GO:0071357	GO:0071357	10	0.531452755643424	1.30695193207398	0.132369299221357	0.472882247099575	0.406755516297157	5843	tags=60%, list=32%, signal=41%	XM_067113717.1/XM_067100675.1/XM_067098396.1/XM_067133389.1/EL695619.1/XM_067114931.1
GO:0006782	GO:0006782	14	0.488139582682877	1.28658144709451	0.133120340788072	0.47331676724648	0.407129274178278	7606	tags=71%, list=42%, signal=41%	XM_067132652.1/XM_067130337.1/XM_067130336.1/XM_067127752.1/XM_067134171.1/XM_067134166.1/XM_067134174.1/XM_067134173.1/XM_067096678.1/XM_067134172.1
GO:0018216	GO:0018216	14	0.487818362879035	1.28573481335546	0.133120340788072	0.47331676724648	0.407129274178278	8141	tags=79%, list=45%, signal=43%	XM_067081591.1/XM_067081589.1/XM_067096580.1/XM_067081585.1/XM_067081584.1/XM_067081582.1/XM_067081587.1/XM_067081593.1/XM_067106694.1/XM_067081581.1/XM_067081583.1
GO:0046839	GO:0046839	10	0.530311577178493	1.30414553887393	0.133481646273637	0.473482066027242	0.407271457969961	1963	tags=30%, list=11%, signal=27%	XM_067130394.1/XM_067111118.1/XM_067130393.1
GO:0006730	GO:0006730	27	0.420887560374586	1.24733679306181	0.134969325153374	0.476538766664732	0.409900716846973	3198	tags=30%, list=18%, signal=24%	XM_067104980.1/XM_067095996.1/XM_067104982.1/XM_067095997.1/XM_067099375.1/XM_067109121.1/XM_067104981.1/XM_067109127.1
GO:2000134	GO:2000134	15	0.477865119277545	1.27651829367344	0.135106382978723	0.476538766664732	0.409900716846973	6751	tags=60%, list=37%, signal=38%	XM_067114893.1/XM_067118744.1/XM_067089712.1/XM_067131703.1/XM_067133208.1/XM_067125902.1/XM_067082988.1/XM_067082987.1/XM_067133211.1
GO:0006913	GO:0006913	21	0.446329434853356	1.26268562016503	0.135610766045549	0.476538766664732	0.409900716846973	6629	tags=62%, list=37%, signal=39%	XM_067087150.1/XM_067119456.1/XM_067132792.1/XM_067119457.1/XM_067095118.1/XM_067094304.1/XM_067131969.1/XM_067120830.1/XM_067129433.1/XM_067131654.1/XM_067101616.1/XM_067093082.1/XM_067101583.1
GO:0000086	GO:0000086	21	0.445460132596715	1.2602263258113	0.135610766045549	0.476538766664732	0.409900716846973	6735	tags=57%, list=37%, signal=36%	XM_067112653.1/XM_067119748.1/XM_067099956.1/JP354889.1/XM_067109009.1/XM_067098746.1/XM_067085202.1/XM_067115178.1/XM_067122264.1/XM_067112917.1/XM_067109809.1/XM_067089467.1
GO:0007131	GO:0007131	11	0.512599320876368	1.29884670466988	0.136659436008677	0.47854722301265	0.411628315427314	8336	tags=82%, list=46%, signal=44%	XM_067121470.1/XM_067099277.1/XM_067101463.1/XM_067097638.1/XM_067085984.1/XM_067091223.1/XM_067093638.1/XM_067103817.1/XM_067132573.1
GO:0120183	GO:0120183	10	0.527839966451004	1.29806733835408	0.136818687430478	0.47854722301265	0.411628315427314	5496	tags=60%, list=31%, signal=42%	XM_067130824.1/XM_067092841.1/XM_067092793.1/XM_067105182.1/XM_067105264.1/XM_067092822.1
GO:0046426	GO:0046426	14	0.48684224477373	1.28316207496462	0.137380191693291	0.479171644763043	0.412165419522522	2891	tags=36%, list=16%, signal=30%	XM_067100817.1/XM_067095119.1/XM_067082046.1/XM_067122678.1/XM_067100818.1
GO:0006085	GO:0006085	12	0.504492768528728	1.29938849990262	0.137634408602151	0.479171644763043	0.412165419522522	6728	tags=67%, list=37%, signal=42%	XM_067106478.1/XM_067088159.1/XM_067096035.1/XM_067128337.1/XM_067106479.1/XM_067107775.1/XM_067088162.1/XM_067096038.1
GO:0045648	GO:0045648	20	0.450021315625298	1.26532489797799	0.138572905894519	0.480108397349777	0.412971178851397	8141	tags=60%, list=45%, signal=33%	XM_067081591.1/XM_067106457.1/XM_067081589.1/XM_067081585.1/XM_067081584.1/XM_067081582.1/XM_067081587.1/XM_067131646.1/XM_067081593.1/XM_067081581.1/XM_067126312.1/XM_067081583.1
GO:0007379	GO:0007379	10	-0.371042985671443	-1.29386341723218	0.138713412861083	0.480108397349777	0.412971178851397	11336	tags=100%, list=63%, signal=37%	XM_067106384.1/XM_067115454.1/XM_067115435.1/XM_067123288.1/XM_067106717.1/JP355075.1/XM_067132691.1/XM_067133255.1/XM_067106731.1
GO:0007507	GO:0007507	77	0.360079721677292	1.18905049264723	0.138861138861139	0.480108397349777	0.412971178851397	7638	tags=51%, list=42%, signal=29%	JP353147.1/XM_067124898.1/XM_067132377.1/XM_067112769.1/XM_067097012.1/XM_067107638.1/XM_067120567.1/JP353019.1/XM_067101137.1/XM_067131207.1/XM_067112249.1/XM_067133208.1/XM_067123867.1/XM_067118828.1/XM_067095929.1/XM_067117509.1/XM_067115414.1/XM_067097617.1/XM_067093408.1/EL695543.1/XM_067087076.1/XM_067134508.1/XM_067134275.1/XM_067084715.1/XM_067095985.1/XM_067089029.1/XM_067092541.1/XM_067084716.1/XM_067088050.1/XM_067124116.1/XM_067084556.1/XM_067133211.1/XM_067097381.1/XM_067104207.1/XM_067087078.1/XM_067093410.1/XM_067098107.1/XM_067110455.1/XM_067099531.1
GO:0008584	GO:0008584	12	0.50442330763306	1.29920959408939	0.139784946236559	0.482193942981158	0.414765086732813	5525	tags=58%, list=31%, signal=40%	XM_067081486.1/XM_067119871.1/XM_067081458.1/JP354805.1/XM_067119872.1/XM_067082975.1/XM_067105694.1
GO:0007112	GO:0007112	11	0.510711652302798	1.29406364701366	0.142082429501085	0.484962185612945	0.417146224886835	8089	tags=82%, list=45%, signal=45%	XM_067099469.1/XM_067091789.1/XM_067082755.1/XM_067108673.1/XM_067099462.1/XM_067091790.1/XM_067095821.1/XM_067091791.1/XM_067091793.1
GO:0019233	GO:0019233	10	0.525734751213185	1.29289017990814	0.14238042269188	0.484962185612945	0.417146224886835	1864	tags=30%, list=10%, signal=27%	XM_067119987.1/XM_067082432.1/XM_067082434.1
GO:0061436	GO:0061436	10	0.524612204643866	1.29012960638202	0.14238042269188	0.484962185612945	0.417146224886835	2967	tags=40%, list=16%, signal=33%	XM_067120619.1/XM_067083472.1/JP354480.1/XM_067083465.1
GO:0070536	GO:0070536	18	0.459467610116407	1.27063706735733	0.142411642411642	0.484962185612945	0.417146224886835	3895	tags=44%, list=22%, signal=35%	XM_067113717.1/XM_067116949.1/XM_067128293.1/XM_067102689.1/XM_067105475.1/XM_067114157.1/XM_067094940.1/EL695619.1
GO:0055001	GO:0055001	38	0.393870533134326	1.21951083325468	0.142568250758342	0.484962185612945	0.417146224886835	5778	tags=45%, list=32%, signal=30%	XM_067103852.1/XM_067103854.1/XM_067130934.1/XM_067098820.1/XM_067098814.1/XM_067129983.1/XM_067130933.1/XM_067094831.1/XM_067108441.1/XM_067094832.1/XM_067103850.1/XM_067114207.1/XM_067094082.1/XM_067112420.1/XM_067098823.1/XM_067091698.1/XM_067098817.1
GO:0043434	GO:0043434	23	-0.245231666416871	-1.17257510618678	0.143057595866718	0.484962185612945	0.417146224886835	3785	tags=43%, list=21%, signal=34%	XM_067127925.1/XM_067082520.1/XM_067127930.1/XM_067082526.1/XM_067124851.1/XM_067082535.1/XM_067127929.1/XM_067082099.1/XM_067127921.1/XM_067111310.1
GO:0090136	GO:0090136	10	-0.369522482146292	-1.28856127175865	0.143070863062969	0.484962185612945	0.417146224886835	2964	tags=60%, list=16%, signal=50%	XM_067133517.1/XM_067084286.1/XM_067126524.1/XM_067084275.1/XM_067084258.1/XM_067126525.1
GO:0006308	GO:0006308	11	0.510265752143228	1.29293380557751	0.143167028199566	0.484962185612945	0.417146224886835	4899	tags=45%, list=27%, signal=33%	XM_067097758.1/XM_067118727.1/XM_067090547.1/KC767854.1/XM_067101426.1
GO:0009060	GO:0009060	15	0.475355596263468	1.26981461954734	0.143617021276596	0.485393258426966	0.417517017501919	6902	tags=53%, list=38%, signal=33%	XM_067118063.1/XM_067082976.1/XM_067118058.1/XM_067090097.1/XM_067124180.1/XM_067116412.1/XM_067134138.1/JP355420.1
GO:0043010	GO:0043010	14	0.483528649669024	1.27442848699892	0.145899893503727	0.492003228317502	0.423202664895164	2629	tags=36%, list=15%, signal=31%	XM_067112641.1/XM_067105396.1/XM_067089690.1/XM_067109100.1/XM_067101117.1
GO:0032008	GO:0032008	25	0.426385003054671	1.24286268212923	0.146542827657379	0.493006993006993	0.424066065513434	7186	tags=60%, list=40%, signal=36%	XM_067116297.1/XM_067101304.1/XM_067123562.1/XM_067101140.1/XM_067122702.1/XM_067094786.1/XM_067122703.1/XM_067087586.1/XM_067086671.1/XM_067101066.1/XM_067133029.1/XM_067122704.1/XM_067105854.1/XM_067105865.1/XM_067104170.1
GO:0036503	GO:0036503	89	0.352452380321261	1.17600890736268	0.146853146853147	0.493006993006993	0.424066065513434	6508	tags=46%, list=36%, signal=30%	JP353707.1/GH625579.1/XM_067105473.1/XM_067092062.1/XM_067104497.1/XM_067102164.1/XM_067130348.1/XM_067095563.1/XM_067085558.1/XM_067104394.1/XM_067107794.1/XM_067101292.1/XM_067132329.1/XM_067095517.1/XM_067123476.1/XM_067120985.1/XM_067115993.1/XM_067120977.1/XM_067120680.1/JP354784.1/XM_067098429.1/XM_067116704.1/XM_067104530.1/XM_067107229.1/XM_067095605.1/XM_067081360.1/JP355213.1/XM_067129268.1/XM_067087339.1/XM_067118296.1/XM_067130349.1/XM_067102165.1/XM_067092063.1/XM_067107228.1/XM_067095724.1/XM_067123807.1/XM_067127033.1/XM_067117964.1/XM_067127540.1/XM_067112438.1/XM_067103718.1
GO:0016266	GO:0016266	27	0.417568020594568	1.23749904898602	0.147239263803681	0.4932023446787	0.424234099671138	484	tags=22%, list=3%, signal=22%	XM_067103852.1/XM_067103854.1/XM_067095192.1/XM_067127703.1/XM_067128198.1/XM_067095191.1
GO:0007422	GO:0007422	32	0.405605605643802	1.23083361302082	0.147922998986829	0.494391534391534	0.42525699591769	8850	tags=66%, list=49%, signal=33%	XM_067134535.1/XM_067090798.1/XM_067106590.1/XM_067095215.1/XM_067096670.1/XM_067134690.1/XM_067121296.1/XM_067133257.1/XM_067119013.1/XM_067118198.1/XM_067096669.1/XM_067134688.1/XM_067096672.1/XM_067131841.1/XM_067130820.1/XM_067119011.1/XM_067134692.1/XM_067134691.1/XM_067097957.1/XM_067097960.1/XM_067134681.1
GO:0001745	GO:0001745	51	0.374824993927538	1.19894393545264	0.14989939637827	0.499886235372323	0.429983330957856	8850	tags=65%, list=49%, signal=33%	GH625197.1/XM_067105957.1/XM_067099194.1/XM_067083628.1/XM_067081815.1/XM_067099469.1/XM_067133208.1/XM_067134690.1/XM_067091789.1/XM_067082755.1/JP354810.1/XM_067120193.1/XM_067134731.1/XM_067088533.1/GH625194.1/XM_067134193.1/XM_067099462.1/XM_067093562.1/XM_067134688.1/XM_067091790.1/XM_067091877.1/XM_067133211.1/XM_067118400.1/XM_067134191.1/XM_067130820.1/XM_067091791.1/XM_067134692.1/XM_067091793.1/XM_067134691.1/XM_067094341.1/XM_067093563.1/EL696234.1/XM_067134681.1
GO:0007274	GO:0007274	29	0.412891415503876	1.23371086603393	0.151020408163265	0.502260299032283	0.432025411191682	3484	tags=31%, list=19%, signal=25%	XM_067108410.1/XM_067132516.1/XM_067132517.1/XM_067132512.1/XM_067105469.1/XM_067105466.1/XM_067131927.1/XM_067109758.1/XM_067087371.1
GO:0030174	GO:0030174	10	0.520244963104503	1.27938965874398	0.151279199110122	0.502260299032283	0.432025411191682	8095	tags=90%, list=45%, signal=50%	XM_067094905.1/XM_067093144.1/XM_067111629.1/XM_067081805.1/XM_067087598.1/XM_067129250.1/XM_067126312.1/XM_067108054.1/XM_067125991.1
GO:0008298	GO:0008298	17	0.459511243193544	1.25484072792968	0.152059134107709	0.503737748233466	0.433296257404066	6966	tags=47%, list=39%, signal=29%	XM_067121837.1/XM_067090806.1/XM_067088168.1/XM_067121840.1/XM_067088169.1/XM_067110365.1/XM_067121835.1/XM_067128531.1
GO:0007064	GO:0007064	14	0.48009863412718	1.26538805160721	0.153354632587859	0.505478492627185	0.43479358023433	8813	tags=79%, list=49%, signal=40%	XM_067083092.1/XM_067129941.1/XM_067129940.1/XM_067081315.1/XM_067134477.1/XM_067112917.1/XM_067102609.1/XM_067100202.1/XM_067123316.1/XM_067134480.1/XM_067134476.1
GO:0046985	GO:0046985	13	0.48820238377523	1.27220754631046	0.153928955866523	0.505478492627185	0.43479358023433	8141	tags=77%, list=45%, signal=42%	XM_067081591.1/XM_067081589.1/XM_067081585.1/XM_067081584.1/XM_067081582.1/XM_067081587.1/XM_067131646.1/XM_067081593.1/XM_067081581.1/XM_067081583.1
GO:0099149	GO:0099149	13	0.487992314910183	1.27166012744436	0.153928955866523	0.505478492627185	0.43479358023433	5735	tags=54%, list=32%, signal=37%	XM_067110893.1/XM_067094293.1/XM_067092841.1/XM_067092793.1/XM_067124191.1/XM_067092822.1/XM_067103238.1
GO:0000727	GO:0000727	13	0.487865153789165	1.2713287580305	0.153928955866523	0.505478492627185	0.43479358023433	8641	tags=85%, list=48%, signal=44%	XM_067128265.1/XM_067118727.1/XM_067091552.1/XM_067082469.1/XM_067084822.1/XM_067087598.1/XM_067129250.1/XM_067129649.1/XM_067108054.1/XM_067125991.1/XM_067129265.1
GO:0046854	GO:0046854	24	0.426588631507039	1.23515392369029	0.15511892450879	0.508276388804402	0.437200225252386	5360	tags=42%, list=30%, signal=29%	XM_067130824.1/XM_067116297.1/XM_067089800.1/XM_067134176.1/XM_067132464.1/XM_067120637.1/XM_067095339.1/XM_067097286.1/XM_067101545.1/XM_067133453.1
GO:0006384	GO:0006384	17	0.458249389219931	1.25139483670886	0.156282998944034	0.510977457417015	0.439523582842603	8146	tags=82%, list=45%, signal=45%	XM_067111336.1/XM_067128143.1/XM_067128144.1/XM_067133739.1/XM_067122889.1/XM_067128286.1/XM_067119704.1/XM_067111335.1/JP354258.1/XM_067086668.1/XM_067129887.1/XM_067107738.1/XM_067121677.1/XM_067088334.1
GO:1903955	GO:1903955	10	0.51717142580994	1.27183119665534	0.156840934371524	0.511689295650265	0.440135879307233	6072	tags=60%, list=34%, signal=40%	XM_067134577.1/XM_067107861.1/XM_067120985.1/XM_067120977.1/XM_067134581.1/JP353036.1
GO:0050852	GO:0050852	16	0.466804143858478	1.26401183946661	0.157505285412262	0.51274447891784	0.441043508251698	8363	tags=75%, list=46%, signal=40%	XM_067125781.1/XM_067116297.1/XM_067125779.1/XM_067094076.1/XM_067103238.1/XM_067117491.1/XM_067124071.1/XM_067129236.1/XM_067116869.1/XM_067109798.1/XM_067125778.1/XM_067109802.1
GO:0002063	GO:0002063	10	0.515976562076385	1.26889278030779	0.157953281423804	0.513092300780565	0.441342691530875	1834	tags=30%, list=10%, signal=27%	XM_067105396.1/XM_067091162.1/XM_067115637.1
GO:0007026	GO:0007026	23	0.428635312619547	1.23314587301845	0.158762886597938	0.513520663698505	0.441711153195312	4982	tags=43%, list=28%, signal=31%	XM_067105469.1/XM_067105466.1/XM_067083969.1/XM_067083967.1/XM_067083968.1/XM_067111080.1/XM_067134673.1/XM_067083028.1/XM_067126495.1/XM_067133118.1
GO:0030216	GO:0030216	13	-0.338854936274522	-1.27599840530409	0.158829870297084	0.513520663698505	0.441711153195312	1188	tags=31%, list=7%, signal=29%	XM_067107766.1/XM_067104445.1/XM_067114609.1/XM_067114608.1
GO:0034599	GO:0034599	55	0.3701462649511	1.19522897924145	0.159159159159159	0.513520663698505	0.441711153195312	8112	tags=60%, list=45%, signal=33%	XM_067088758.1/XM_067127529.1/XM_067088757.1/XM_067107383.1/XM_067097592.1/XM_067129306.1/XM_067099033.1/XM_067088755.1/XM_067112731.1/XM_067127500.1/XM_067112734.1/XM_067097997.1/XM_067123322.1/XM_067083343.1/XM_067127518.1/XM_067115587.1/EU077526.1/XM_067093914.1/JP355566.1/GH624168.1/XM_067095985.1/XM_067127539.1/XM_067108797.1/XM_067116582.1/XM_067123913.1/XM_067087858.1/XM_067119489.1/XM_067108597.1/XM_067108800.1/XM_067123325.1/XM_067118350.1/XM_067129308.1/XM_067103239.1
GO:0007062	GO:0007062	17	0.457357965290187	1.24896052183743	0.159450897571278	0.513520663698505	0.441711153195312	8445	tags=59%, list=47%, signal=31%	XM_067121470.1/XM_067106363.1/XM_067133172.1/XM_067098543.1/XM_067110527.1/XM_067102609.1/XM_067093638.1/XM_067087889.1/XM_067082154.1/XM_067082149.1
GO:0048704	GO:0048704	13	0.483491612160917	1.25993173735122	0.16254036598493	0.521237113402062	0.448348552891331	3317	tags=38%, list=18%, signal=31%	XM_067119832.1/XM_067121857.1/XM_067091162.1/XM_067115637.1/XM_067096682.1
GO:0045116	GO:0045116	15	0.469832292779066	1.25506025130634	0.162765957446809	0.521237113402062	0.448348552891331	5182	tags=60%, list=29%, signal=43%	XM_067092089.1/XM_067118744.1/XM_067088361.1/XM_067088360.1/XM_067108052.1/XM_067119497.1/XM_067119496.1/XM_067085520.1/XM_067091235.1
GO:0007189	GO:0007189	23	0.427617172157509	1.2302167729841	0.162886597938144	0.521237113402062	0.448348552891331	3484	tags=39%, list=19%, signal=32%	XM_067101899.1/XM_067118918.1/XM_067108849.1/XM_067091171.1/XM_067091169.1/XM_067104469.1/XM_067117259.1/XM_067100346.1/XM_067087371.1
GO:2000379	GO:2000379	12	0.493386315453621	1.27078234675083	0.163440860215054	0.521900326461658	0.448919023811155	6180	tags=50%, list=34%, signal=33%	XM_067116567.1/XM_067130034.1/XM_067131912.1/XM_067116564.1/GH624168.1/XM_067116582.1
GO:0032435	GO:0032435	23	0.42669554048261	1.22756532019222	0.164948453608247	0.525004472486572	0.451589093425249	6333	tags=57%, list=35%, signal=37%	XM_067102568.1/XM_067092134.1/XM_067126606.1/XM_067112550.1/XM_067113046.1/XM_067116482.1/XM_067095605.1/JP354577.1/XM_067102565.1/GH624168.1/XM_067095724.1/XM_067116582.1/XM_067115635.1
GO:1902358	GO:1902358	15	-0.294015992662962	-1.1959293694535	0.165292468105287	0.525004472486572	0.451589093425249	1487	tags=33%, list=8%, signal=31%	XM_067093615.1/XM_067093616.1/XM_067081635.1/XM_067093614.1/XM_067081634.1
GO:0061351	GO:0061351	20	0.441918455941306	1.24254208803768	0.165460186142709	0.525004472486572	0.451589093425249	5286	tags=55%, list=29%, signal=39%	XM_067132377.1/XM_067133988.1/XM_067117985.1/XM_067117986.1/XM_067133987.1/XM_067107926.1/XM_067083028.1/XM_067117984.1/XM_067104074.1/XM_067128026.1/XM_067099954.1
GO:0030718	GO:0030718	25	0.415603979536282	1.2114372527399	0.1671826625387	0.529333553483441	0.455312806012842	8395	tags=72%, list=47%, signal=39%	XM_067091124.1/XM_067090798.1/XM_067103814.1/XM_067096670.1/XM_067082583.1/XM_067133208.1/JP354810.1/XM_067082582.1/XM_067134731.1/XM_067088533.1/XM_067096669.1/XM_067096672.1/XM_067133211.1/XM_067130555.1/XM_067130820.1/XM_067097083.1/XM_067083844.1/XM_067083842.1
GO:0031397	GO:0031397	20	0.440249883147813	1.2378505620446	0.167528438469493	0.529333553483441	0.455312806012842	8059	tags=75%, list=45%, signal=41%	XM_067133751.1/XM_067133753.1/XM_067126606.1/XM_067086987.1/XM_067133754.1/XM_067133752.1/XM_067116482.1/GH624168.1/XM_067116582.1/XM_067133773.1/JP354836.1/XM_067099997.1/XM_067085532.1/XM_067106694.1/XM_067095700.1
GO:0061431	GO:0061431	13	0.482321164068191	1.25688166437817	0.167922497308934	0.52946632275186	0.455427009141962	8141	tags=69%, list=45%, signal=38%	XM_067081591.1/XM_067081589.1/XM_067081585.1/XM_067081584.1/XM_067081582.1/XM_067081587.1/XM_067081593.1/XM_067081581.1/XM_067081583.1
GO:0042073	GO:0042073	13	0.482146810570569	1.25642731625786	0.168998923573735	0.531745567060456	0.457387529337416	6667	tags=69%, list=37%, signal=44%	XM_067132377.1/XM_067084026.1/XM_067112963.1/XM_067112268.1/XM_067129605.1/XM_067107390.1/XM_067131281.1/XM_067124903.1/XM_067131657.1
GO:0048024	GO:0048024	33	0.397439486523733	1.21000288156765	0.170385395537525	0.533381400028024	0.4587946113063	8060	tags=64%, list=45%, signal=35%	XM_067093953.1/XM_067118908.1/XM_067102222.1/XM_067132436.1/XM_067082002.1/XM_067119477.1/JP353660.1/XM_067082000.1/XM_067132437.1/XM_067122161.1/XM_067125349.1/XM_067129924.1/XM_067116545.1/XM_067082003.1/XM_067090771.1/XM_067125343.1/XM_067107087.1/XM_067090769.1/XM_067090770.1/XM_067103817.1/XM_067097083.1
GO:0045652	GO:0045652	14	0.473894330523	1.24903547092648	0.170394036208733	0.533381400028024	0.4587946113063	8141	tags=79%, list=45%, signal=43%	XM_067101230.1/XM_067081591.1/XM_067101220.1/XM_067081589.1/XM_067081585.1/XM_067081584.1/XM_067081582.1/XM_067081587.1/XM_067081593.1/XM_067081581.1/XM_067081583.1
GO:0071577	GO:0071577	21	-0.275243123089747	-1.28393003149428	0.170582748280239	0.533381400028024	0.4587946113063	13064	tags=100%, list=73%, signal=28%	XM_067110526.1/XM_067098736.1/XM_067112111.1/XM_067130484.1/XM_067113614.1/XM_067098737.1/XM_067133939.1/XM_067112114.1/XM_067130482.1/XM_067082666.1/XM_067092595.1/XM_067112117.1/XM_067094481.1/XM_067092604.1/XM_067082661.1/XM_067130487.1/XM_067108644.1/XM_067082654.1/XM_067112122.1/XM_067094480.1
GO:0002119	GO:0002119	15	0.465427696718245	1.24329427965229	0.172340425531915	0.535105128919562	0.460277298041812	3938	tags=33%, list=22%, signal=26%	XM_067127330.1/XM_067130333.1/XM_067100416.1/XM_067117672.1/XM_067112543.1
GO:0033615	GO:0033615	10	0.511526199113248	1.25794841994586	0.172413793103448	0.535105128919562	0.460277298041812	6613	tags=70%, list=37%, signal=44%	XM_067104806.1/XM_067118063.1/XM_067118058.1/XM_067092820.1/XM_067092821.1/JP353433.1/XM_067091075.1
GO:0048872	GO:0048872	15	-0.292185978300899	-1.18848566578864	0.172531428441299	0.535105128919562	0.460277298041812	3924	tags=60%, list=22%, signal=47%	XM_067134439.1/XM_067127925.1/XM_067127930.1/XM_067085934.1/XM_067085935.1/XM_067127929.1/XM_067082099.1/XM_067127921.1/XM_067107766.1
GO:0042461	GO:0042461	18	0.44614786225429	1.23380190207295	0.172557172557173	0.535105128919562	0.460277298041812	7516	tags=50%, list=42%, signal=29%	XM_067089823.1/XM_067107226.1/XM_067129190.1/XM_067086028.1/XM_067129191.1/XM_067129189.1/GH624156.1/JP353649.1/XM_067106355.1
GO:0071028	GO:0071028	13	0.478018107741772	1.24566832148472	0.173304628632939	0.535596919501356	0.460700317796169	8056	tags=85%, list=45%, signal=47%	XM_067119034.1/XM_067119035.1/XM_067108911.1/XM_067131721.1/XM_067129255.1/XM_067125800.1/XM_067085826.1/XM_067119033.1/XM_067108913.1/XM_067092252.1/XM_067108910.1
GO:0030968	GO:0030968	33	0.396402057742632	1.2068444339118	0.17342799188641	0.535596919501356	0.460700317796169	8178	tags=64%, list=45%, signal=35%	XM_067130348.1/XM_067089630.1/XM_067115017.1/XM_067098429.1/XM_067103172.1/XM_067106149.1/XM_067116704.1/XM_067112543.1/XM_067113178.1/JP355213.1/XM_067130349.1/XM_067125562.1/XM_067112168.1/XM_067092063.1/XM_067115016.1/XM_067089856.1/XM_067103718.1/XM_067085880.1/EL609912.1/XM_067125289.1/XM_067089964.1
GO:0034605	GO:0034605	22	0.432606898931987	1.23408305614925	0.174093264248705	0.536080502488535	0.461116277686457	6672	tags=50%, list=37%, signal=32%	XM_067088672.1/XM_067114630.1/XM_067092134.1/XM_067093657.1/XM_067133612.1/XM_067116704.1/HG001456.1/JP355213.1/XM_067105183.1/XM_067113794.1/XM_067088373.1
GO:1990116	GO:1990116	18	0.445394886270737	1.23171958076353	0.174636174636175	0.536080502488535	0.461116277686457	8081	tags=67%, list=45%, signal=37%	XM_067126942.1/XM_067134234.1/XM_067134233.1/XM_067096594.1/XM_067112866.1/XM_067104398.1/JP355426.1/XM_067126944.1/XM_067096675.1/XM_067108671.1/XM_067085337.1/XM_067104397.1
GO:0030150	GO:0030150	14	0.472583463786609	1.24558044108976	0.174653887113951	0.536080502488535	0.461116277686457	8591	tags=86%, list=48%, signal=45%	XM_067087368.1/XM_067107861.1/XM_067100596.1/XM_067111116.1/XM_067127858.1/XM_067113466.1/XM_067082537.1/XM_067131964.1/XM_067116925.1/XM_067114952.1/XM_067088595.1/XM_067131180.1
GO:0001516	GO:0001516	18	0.444551673460141	1.2293877135563	0.175675675675676	0.538118566631805	0.462869343778337	5827	tags=50%, list=32%, signal=34%	XM_067130966.1/XM_067110617.1/XM_067110612.1/XM_067110614.1/XM_067127021.1/XM_067099510.1/XM_067110613.1/XM_067127023.1/XM_067081665.1
GO:0045740	GO:0045740	12	0.488463476108929	1.2581029165778	0.17741935483871	0.542355100970365	0.466513451212611	7738	tags=67%, list=43%, signal=38%	GH625579.1/XM_067105473.1/XM_067132851.1/XM_067121580.1/JP354187.1/XM_067132850.1/XM_067131653.1/XM_067126312.1
GO:0021551	GO:0021551	17	0.451574582782529	1.23316716743468	0.178458289334741	0.544424476996858	0.468293450608299	2080	tags=29%, list=12%, signal=26%	XM_067103852.1/XM_067103854.1/XM_067091124.1/XM_067102689.1/XM_067103814.1
GO:0007565	GO:0007565	17	0.451177419895198	1.23208258860439	0.179514255543823	0.546537328619249	0.470110846075768	8199	tags=71%, list=46%, signal=39%	XM_067115102.1/XM_067111786.1/XM_067111783.1/XM_067111780.1/XM_067111787.1/XM_067111779.1/XM_067120288.1/XM_067081379.1/XM_067104207.1/XM_067118766.1/XM_067120287.1/XM_067120291.1
GO:0015908	GO:0015908	14	0.470814745582323	1.24091865969054	0.179978700745474	0.546617043611032	0.470179413912345	1513	tags=29%, list=8%, signal=26%	XM_067092518.1/XM_067122690.1/XM_067089678.1/XM_067134278.1
GO:0035019	GO:0035019	13	0.474981475282878	1.23775515502351	0.180839612486545	0.546617043611032	0.470179413912345	7046	tags=54%, list=39%, signal=33%	XM_067118590.1/XM_067114226.1/XM_067084260.1/XM_067133208.1/XM_067095272.1/XM_067133211.1/XM_067130555.1
GO:0002183	GO:0002183	11	0.491169273313035	1.24454630760543	0.181127982646421	0.546617043611032	0.470179413912345	6694	tags=73%, list=37%, signal=46%	XM_067125781.1/XM_067115284.1/JP354805.1/XM_067127946.1/XM_067125779.1/EL696169.1/XM_067117491.1/XM_067116869.1
GO:0000460	GO:0000460	10	0.508096998959179	1.24951530953437	0.181312569521691	0.546617043611032	0.470179413912345	8094	tags=90%, list=45%, signal=50%	XM_067108479.1/XM_067108911.1/XM_067091127.1/XM_067105960.1/XM_067132630.1/XM_067108913.1/XM_067116560.1/XM_067108910.1/JP354051.1
GO:0045814	GO:0045814	32	0.395134854559327	1.19905951471198	0.181357649442756	0.546617043611032	0.470179413912345	6121	tags=50%, list=34%, signal=33%	XM_067098411.1/XM_067130274.1/XM_067128530.1/XM_067130211.1/XM_067128537.1/XM_067128561.1/XM_067111786.1/XM_067111783.1/XM_067081637.1/XM_067111780.1/XM_067083974.1/XM_067111787.1/XM_067089901.1/XM_067111779.1/XM_067113592.1/XM_067125534.1
GO:1904906	GO:1904906	10	0.507815351649831	1.24882268071421	0.182424916573971	0.547607793037368	0.471031619290961	2128	tags=30%, list=12%, signal=26%	XM_067130394.1/XM_067130393.1/XM_067111233.1
GO:0010821	GO:0010821	13	0.474735071335478	1.23711305049526	0.182992465016146	0.547607793037368	0.471031619290961	4937	tags=46%, list=27%, signal=34%	XM_067088760.1/XM_067104428.1/XM_067110875.1/XM_067087173.1/XM_067126315.1/XM_067088761.1
GO:0000045	GO:0000045	56	0.363814572220891	1.1756360840793	0.183366733466934	0.547607793037368	0.471031619290961	8928	tags=70%, list=50%, signal=35%	XM_067119910.1/XM_067081342.1/XM_067127274.1/XM_067101362.1/XM_067119909.1/XM_067101489.1/XM_067104394.1/XM_067086662.1/JP354889.1/XM_067082280.1/XM_067109009.1/XM_067127276.1/XM_067086671.1/JP353081.1/XM_067109856.1/XM_067091383.1/XM_067095263.1/XM_067095896.1/XM_067124266.1/JP353339.1/XM_067122022.1/XM_067134062.1/XM_067130961.1/XM_067124071.1/XM_067103297.1/XM_067120824.1/XM_067133698.1/JP354710.1/XM_067126484.1/XM_067124269.1/XM_067109798.1/XM_067115425.1/XM_067111525.1/XM_067109802.1/XM_067086661.1/XM_067132745.1/XM_067129274.1/XM_067086663.1/XM_067115424.1
GO:0006370	GO:0006370	12	0.48670933609305	1.25358489470307	0.183870967741935	0.547607793037368	0.471031619290961	6019	tags=67%, list=33%, signal=44%	XM_067107397.1/XM_067118462.1/XM_067118460.1/XM_067089737.1/XM_067118464.1/XM_067129891.1/XM_067129890.1/XM_067107396.1
GO:0000290	GO:0000290	12	0.486356363689633	1.25267576713893	0.183870967741935	0.547607793037368	0.471031619290961	8571	tags=92%, list=48%, signal=48%	XM_067082709.1/XM_067108459.1/XM_067095936.1/XM_067084245.1/XM_067095940.1/XM_067101125.1/XM_067087852.1/XM_067125279.1/XM_067133491.1/XM_067108482.1/XM_067125280.1
GO:0006388	GO:0006388	12	0.485780937569429	1.2511936803187	0.183870967741935	0.547607793037368	0.471031619290961	9270	tags=100%, list=51%, signal=49%	XM_067096933.1/XM_067115073.1/XM_067092812.1/XM_067092813.1/XM_067096309.1/EL696500.1/XM_067092815.1/XM_067086985.1/XM_067098918.1/XM_067130548.1/XM_067102968.1/XM_067130547.1
GO:0030178	GO:0030178	11	0.489057953469368	1.23919655252428	0.184381778741866	0.548043864086494	0.471406711199818	6459	tags=64%, list=36%, signal=41%	XM_067092950.1/XM_067090976.1/XM_067095929.1/XM_067091654.1/XM_067090968.1/XM_067091655.1/XM_067131235.1
GO:0006720	GO:0006720	10	-0.35924436778331	-1.25272047517728	0.18537904465426	0.549897484067105	0.473001125362872	3854	tags=60%, list=21%, signal=47%	XM_067112041.1/XM_067095920.1/XM_067094857.1/XM_067095922.1/XM_067095923.1/XM_067094856.1
GO:0021987	GO:0021987	17	0.448930872521648	1.22594768073584	0.18585005279831	0.549897484067105	0.473001125362872	7876	tags=71%, list=44%, signal=40%	XM_067101728.1/XM_067092260.1/XM_067125612.1/XM_067122056.1/XM_067083028.1/XM_067091651.1/XM_067091698.1/XM_067123372.1/XM_067131520.1/XM_067083029.1/XM_067090743.1/XM_067117131.1
GO:0045815	GO:0045815	30	0.40006691205915	1.20244051202767	0.186612576064909	0.549897484067105	0.473001125362872	8774	tags=63%, list=49%, signal=33%	XM_067098411.1/XM_067119631.1/XM_067118669.1/XM_067114226.1/XM_067113807.1/XM_067125902.1/XM_067095985.1/XM_067118320.1/XM_067118859.1/XM_067090367.1/XM_067118766.1/XM_067118649.1/XM_067106694.1/XM_067107616.1/XM_067126312.1/XM_067130559.1/XM_067113808.1/XM_067133269.1/XM_067100709.1
GO:0036098	GO:0036098	10	0.504906082350659	1.2416681875046	0.186874304783092	0.549897484067105	0.473001125362872	4347	tags=50%, list=24%, signal=38%	XM_067129956.1/XM_067107965.1/XM_067114226.1/JP354810.1/XM_067134731.1
GO:0048268	GO:0048268	10	0.504772598246977	1.2413399225641	0.186874304783092	0.549897484067105	0.473001125362872	7586	tags=80%, list=42%, signal=46%	XM_067094293.1/XM_067121385.1/JP353019.1/XM_067108200.1/XM_067121382.1/XM_067099642.1/XM_067123899.1/XM_067110455.1
GO:0071363	GO:0071363	15	0.459245323164898	1.22677934139712	0.187234042553191	0.549897484067105	0.473001125362872	3731	tags=27%, list=21%, signal=21%	XM_067082934.1/XM_067105396.1/XM_067082931.1/XM_067134673.1
GO:0000245	GO:0000245	22	0.426401030905796	1.21637978650947	0.187564766839378	0.549897484067105	0.473001125362872	7982	tags=59%, list=44%, signal=33%	XM_067121942.1/LT574898.1/XM_067104814.1/XM_067120328.1/XM_067116761.1/XM_067095131.1/XM_067111338.1/XM_067096281.1/XM_067116545.1/XM_067111372.1/XM_067103183.1/XM_067081496.1/XM_067081494.1
GO:0007020	GO:0007020	10	-0.358713762079307	-1.25087020085356	0.188298339827554	0.550974130545994	0.473927216154134	11558	tags=100%, list=64%, signal=36%	XM_067118322.1/XM_067114860.1/XM_067118737.1/XM_067126478.1/XM_067112637.1/XM_067112639.1/XM_067125259.1/XM_067112636.1/XM_067114859.1
GO:0007017	GO:0007017	19	0.437903655594315	1.21750830207331	0.18873826903024	0.551028830230603	0.473974266764705	2868	tags=37%, list=16%, signal=31%	XM_067116900.1/XM_067106591.1/GH625383.1/XM_067087121.1/XM_067081278.1/XM_067121283.1/XM_067112811.1
GO:0007520	GO:0007520	17	-0.294684680158696	-1.25560416791862	0.189049784839755	0.551028830230603	0.473974266764705	1752	tags=35%, list=10%, signal=32%	XM_067093212.1/XM_067093213.1/XM_067110839.1/XM_067104210.1/XM_067106407.1/XM_067093451.1
GO:0060041	GO:0060041	17	0.448101431585075	1.22368263002372	0.190073917634636	0.552942305846213	0.475620166492858	5909	tags=53%, list=33%, signal=36%	XM_067127332.1/XM_067108782.1/XM_067105396.1/XM_067112963.1/XM_067121357.1/XM_067102113.1/XM_067132597.1/XM_067082584.1/XM_067108780.1
GO:0032418	GO:0032418	25	0.408976990351906	1.19212035019144	0.191950464396285	0.556583989877373	0.478752606074532	6035	tags=48%, list=33%, signal=32%	XM_067090710.1/XM_067096933.1/XM_067092941.1/XM_067120395.1/XM_067109758.1/XM_067091395.1/XM_067132848.1/XM_067126028.1/XM_067086671.1/XM_067091399.1/XM_067126963.1/XM_067120396.1
GO:0043122	GO:0043122	22	-0.237915153134448	-1.11941137825142	0.192065884804758	0.556583989877373	0.478752606074532	11894	tags=95%, list=66%, signal=32%	XM_067124071.1/XM_067118766.1/XM_067109798.1/XM_067116106.1/XM_067108921.1/XM_067109802.1/XM_067093530.1/XM_067132605.1/XM_067132604.1/XM_067093529.1/XM_067109880.1/XM_067093532.1/XM_067083297.1/XM_067132606.1/XM_067109881.1/XM_067116107.1/XM_067109799.1/XM_067101180.1/XM_067123559.1/XM_067099201.1/XM_067099199.1
GO:0042632	GO:0042632	39	-0.189955996782732	-1.232794359901	0.193594184745368	0.559933949725065	0.481634115489995	1597	tags=28%, list=9%, signal=26%	XM_067107347.1/XM_067129341.1/XM_067107346.1/XM_067083223.1/XM_067101485.1/XM_067088851.1/XM_067101487.1/XM_067098984.1/XM_067085695.1/XM_067081091.1/XM_067097698.1
GO:0010977	GO:0010977	21	0.427627319877444	1.20977651356641	0.194616977225673	0.561811773027662	0.483249348439947	7377	tags=67%, list=41%, signal=39%	XM_067100503.1/XM_067121385.1/XM_067092941.1/XM_067110206.1/XM_067109276.1/XM_067134673.1/XM_067110207.1/XM_067093951.1/XM_067121778.1/XM_067121382.1/XM_067095542.1/JP353441.1/XM_067087954.1/XM_067119115.1
GO:0061025	GO:0061025	15	0.45692578883171	1.22058318292128	0.195744680851064	0.563505783989721	0.484706472930688	8059	tags=73%, list=45%, signal=41%	XM_067100878.1/XM_067084261.1/XM_067117782.1/XM_067100877.1/JP353081.1/XM_067117468.1/JP354448.1/XM_067117781.1/XM_067098575.1/XM_067100860.1/XM_067095700.1
GO:0007595	GO:0007595	14	0.464446399440286	1.22413371479837	0.195953141640043	0.563505783989721	0.484706472930688	761	tags=21%, list=4%, signal=21%	XM_067116047.1/XM_067130846.1/XM_067130847.1
GO:0045582	GO:0045582	10	0.497476212477748	1.22339660516291	0.196885428253615	0.565106267353888	0.486083148500789	7897	tags=80%, list=44%, signal=45%	XM_067120859.1/XM_067097995.1/XM_067120858.1/XM_067128377.1/XM_067128387.1/XM_067128378.1/EL609912.1/XM_067113468.1
GO:0045292	GO:0045292	25	0.406162675056383	1.18391694849698	0.199174406604747	0.570587252444838	0.49079768564859	7604	tags=68%, list=42%, signal=39%	XM_067081064.1/XM_067131848.1/XM_067090698.1/XM_067082045.1/XM_067114341.1/XM_067108427.1/XM_067084245.1/XM_067095131.1/XM_067134485.1/XM_067132849.1/XM_067093312.1/XM_067091745.1/XM_067112954.1/XM_067112953.1/XM_067112946.1/XM_067094157.1/XM_067112955.1
GO:0060070	GO:0060070	18	-0.296024982588376	-1.23809102084012	0.200101543502441	0.572153462790248	0.492144880857513	3561	tags=44%, list=20%, signal=36%	XM_067124290.1/XM_067126649.1/XM_067101875.1/XM_067128519.1/XM_067128517.1/XM_067128516.1/XM_067128518.1/XM_067102353.1
GO:1902017	GO:1902017	18	0.439666897774609	1.21587908549394	0.200623700623701	0.572557961552269	0.492492815472941	7868	tags=67%, list=44%, signal=38%	XM_067119910.1/XM_067132377.1/XM_067119909.1/KP216761.1/XM_067114157.1/XM_067117509.1/XM_067124266.1/GH625542.1/XM_067124903.1/XM_067124269.1/XM_067122654.1/XM_067104997.1
GO:0015711	GO:0015711	15	-0.282164984195805	-1.14772461380348	0.201487314030251	0.573933561177079	0.493676054511919	3822	tags=60%, list=21%, signal=47%	XM_067096631.1/XM_067118638.1/XM_067121097.1/XM_067105036.1/XM_067105035.1/XM_067105037.1/XM_067095527.1/XM_067123422.1/XM_067118157.1
GO:0000184	GO:0000184	32	0.389654653605034	1.18242952871869	0.202634245187437	0.576109460797552	0.495547681495094	9203	tags=66%, list=51%, signal=32%	XM_067105566.1/XM_067088168.1/XM_067116665.1/XM_067095936.1/XM_067088169.1/XM_067129891.1/XM_067126266.1/XM_067116646.1/XM_067129890.1/XM_067085979.1/XM_067095940.1/XM_067117508.1/XM_067087852.1/XM_067110365.1/XM_067119025.1/XM_067129581.1/XM_067119031.1/XM_067092946.1/XM_067130248.1/XM_067110366.1/XM_067082572.1
GO:0051259	GO:0051259	22	0.4193351423928	1.19622316554005	0.203108808290155	0.576369146544139	0.495771053403378	5359	tags=45%, list=30%, signal=32%	XM_067081486.1/XM_067081458.1/XM_067096021.1/XM_067123766.1/XM_067115023.1/XM_067113269.1/XM_067096231.1/XM_067094076.1/XM_067096022.1/XM_067134618.1
GO:0035336	GO:0035336	10	-0.351172003869596	-1.2245713475509	0.205814128556415	0.58193018085219	0.500554445875799	4562	tags=70%, list=25%, signal=52%	XM_067088630.1/XM_067119926.1/XM_067119940.1/XM_067097336.1/XM_067097334.1/XM_067088629.1/XM_067134277.1
GO:0061462	GO:0061462	17	0.442871016442957	1.20939932783791	0.205913410770855	0.58193018085219	0.500554445875799	6322	tags=65%, list=35%, signal=42%	XM_067096872.1/XM_067096856.1/XM_067122702.1/XM_067129680.1/XM_067129679.1/XM_067122703.1/XM_067116482.1/XM_067086671.1/XM_067112878.1/XM_067122704.1/XM_067093202.1
GO:0140252	GO:0140252	12	0.478240629505581	1.23177260989888	0.206451612903226	0.58193018085219	0.500554445875799	6124	tags=67%, list=34%, signal=44%	XM_067100817.1/XM_067091344.1/XM_067107926.1/XM_067100818.1/XM_067115587.1/XM_067103238.1/XM_067100816.1/XM_067124071.1
GO:0061621	GO:0061621	17	0.441360445349865	1.20527423588832	0.206969376979937	0.58193018085219	0.500554445875799	8573	tags=65%, list=48%, signal=34%	JZ905123.1/XM_067104019.1/XM_067102327.1/XM_067128868.1/XM_067093565.1/XM_067103986.1/XM_067102329.1/XM_067103977.1/XM_067112478.1/XM_067098515.1/JP354750.1
GO:0030097	GO:0030097	26	0.401998365584865	1.18098277141067	0.207003089598352	0.58193018085219	0.500554445875799	6121	tags=50%, list=34%, signal=33%	XM_067117985.1/XM_067117986.1/XM_067114226.1/XM_067092177.1/XM_067092175.1/XM_067116482.1/XM_067081640.1/XM_067115240.1/XM_067092174.1/XM_067117984.1/XM_067100482.1/XM_067134062.1/XM_067125534.1
GO:0043065	GO:0043065	110	0.330877806973085	1.11884384780277	0.208791208791209	0.585861899294735	0.503936362145317	8817	tags=58%, list=49%, signal=30%	XM_067133751.1/XM_067081486.1/XM_067122690.1/XM_067092950.1/XM_067081458.1/XM_067089823.1/XM_067117985.1/XM_067117986.1/XM_067118744.1/XM_067130034.1/XM_067133753.1/XM_067107226.1/XM_067105957.1/XM_067134045.1/XM_067081623.1/XM_067118303.1/JP352682.1/XM_067133754.1/XM_067093480.1/XM_067082755.1/XM_067093469.1/XM_067133752.1/XM_067084838.1/XM_067097617.1/XM_067125188.1/XM_067123843.1/XM_067122556.1/XM_067131986.1/XM_067132885.1/XM_067117984.1/XM_067101348.1/GH625753.1/XM_067122557.1/XM_067093104.1/XM_067120433.1/XM_067130961.1/XM_067108797.1/XM_067113794.1/XM_067103297.1/XM_067081269.1/XM_067130208.1/XM_067089467.1/XM_067116521.1/XM_067120288.1/JP353649.1/XM_067085786.1/XM_067108800.1/XM_067118766.1/XM_067097716.1/XM_067134410.1/XM_067120287.1/XM_067081496.1/XM_067084560.1/XM_067081494.1/XM_067092052.1/XM_067120291.1/XM_067107239.1/XM_067095872.1/XM_067081270.1/XM_067132886.1/XM_067118745.1/XM_067120358.1/XM_067099352.1/XM_067124099.1
GO:0006352	GO:0006352	15	0.451717017273704	1.20666902197266	0.209574468085106	0.586050599704923	0.504098675138123	7410	tags=60%, list=41%, signal=35%	XM_067099222.1/XM_067099221.1/XM_067115415.1/XM_067090412.1/XM_067134263.1/XM_067124988.1/XM_067081400.1/XM_067098107.1/XM_067104047.1
GO:0031115	GO:0031115	10	0.491227161605867	1.20802890027492	0.210233592880979	0.586050599704923	0.504098675138123	2250	tags=30%, list=12%, signal=26%	XM_067081649.1/XM_067099194.1/XM_067100416.1
GO:0030521	GO:0030521	16	0.449477725462087	1.21709537936931	0.210359408033827	0.586050599704923	0.504098675138123	7897	tags=69%, list=44%, signal=39%	XM_067118081.1/XM_067115017.1/XM_067113519.1/XM_067104152.1/GH624168.1/XM_067115016.1/XM_067116582.1/XM_067116230.1/XM_067104154.1/XM_067112607.1/XM_067113468.1
GO:0010038	GO:0010038	10	0.490887871530698	1.20719451600545	0.211345939933259	0.586050599704923	0.504098675138123	1942	tags=30%, list=11%, signal=27%	XM_067125324.1/XM_067095264.1/XM_067125325.1
GO:0031116	GO:0031116	15	0.450825889348631	1.20428855716686	0.211702127659574	0.586050599704923	0.504098675138123	4975	tags=40%, list=28%, signal=29%	XM_067081649.1/XM_067118301.1/XM_067115091.1/XM_067101339.1/XM_067087001.1/XM_067126495.1
GO:0043069	GO:0043069	12	0.475131359177459	1.22376426892853	0.211827956989247	0.586050599704923	0.504098675138123	5943	tags=58%, list=33%, signal=39%	XM_067119910.1/XM_067119909.1/XM_067121678.1/XM_067100505.1/XM_067100504.1/XM_067096153.1/XM_067100502.1
GO:0051865	GO:0051865	46	0.366265210738607	1.15865318265076	0.212121212121212	0.586050599704923	0.504098675138123	5100	tags=43%, list=28%, signal=31%	XM_067101230.1/XM_067103657.1/XM_067094776.1/XM_067099007.1/XM_067101220.1/XM_067128079.1/XM_067092678.1/XM_067099008.1/XM_067131912.1/XM_067116704.1/XM_067124191.1/XM_067127342.1/XM_067126315.1/XM_067113066.1/JP355213.1/XM_067129268.1/XM_067115587.1/XM_067100115.1/XM_067109294.1/XM_067081285.1
GO:0097352	GO:0097352	26	0.400783482680955	1.17741371267405	0.212152420185376	0.586050599704923	0.504098675138123	7257	tags=58%, list=40%, signal=35%	XM_067124177.1/XM_067128238.1/XM_067097781.1/XM_067104394.1/XM_067124608.1/XM_067132597.1/XM_067126028.1/XM_067124176.1/XM_067115287.1/XM_067126438.1/XM_067134062.1/XM_067120824.1/XM_067114678.1/XM_067126029.1/XM_067094358.1
GO:0042590	GO:0042590	11	-0.341913268536491	-1.22752358963971	0.212365410132436	0.586050599704923	0.504098675138123	1525	tags=45%, list=8%, signal=42%	XM_067114176.1/XM_067132140.1/XM_067114177.1/XM_067102436.1/XM_067102432.1
GO:0019082	GO:0019082	13	0.464467385753919	1.21035646856506	0.21313240043057	0.587089982138421	0.504992712799636	8141	tags=69%, list=45%, signal=38%	XM_067081591.1/XM_067081589.1/XM_067081585.1/XM_067081584.1/XM_067081582.1/XM_067081587.1/XM_067081593.1/XM_067081581.1/XM_067081583.1
GO:0032880	GO:0032880	47	0.362664801661851	1.15363815982678	0.214070351758794	0.588410508410508	0.50612857981279	8010	tags=60%, list=44%, signal=33%	XM_067103218.1/XM_067132585.1/XM_067100817.1/XM_067102176.1/XM_067106499.1/XM_067121837.1/XM_067099829.1/XM_067102175.1/XM_067099828.1/XM_067100818.1/XM_067122056.1/XM_067082448.1/XM_067117474.1/XM_067096081.1/XM_067120071.1/XM_067090471.1/XM_067103889.1/XM_067121840.1/XM_067091698.1/XM_067100816.1/XM_067132584.1/XM_067129027.1/XM_067121835.1/XM_067102174.1/XM_067119115.1/XM_067103216.1/GH625399.1/XM_067106864.1
GO:0045050	GO:0045050	11	0.480125208344365	1.2165623700415	0.214750542299349	0.588410508410508	0.50612857981279	8218	tags=73%, list=46%, signal=40%	XM_067129484.1/XM_067104942.1/XM_067091876.1/XM_067104943.1/JP354623.1/XM_067103861.1/XM_067085546.1/XM_067091875.1
GO:0008089	GO:0008089	18	0.436571462169677	1.20731879716753	0.215176715176715	0.588410508410508	0.50612857981279	7085	tags=67%, list=39%, signal=40%	XM_067090710.1/XM_067112268.1/XM_067092941.1/XM_067125810.1/XM_067096114.1/XM_067105696.1/XM_067098609.1/JP353917.1/XM_067132588.1/XM_067133877.1/XM_067087299.1/XM_067101830.1
GO:0001654	GO:0001654	18	0.435332189951045	1.20389164543176	0.215176715176715	0.588410508410508	0.50612857981279	4589	tags=39%, list=25%, signal=29%	XM_067132377.1/XM_067105396.1/XM_067105957.1/XM_067123867.1/XM_067129248.1/XM_067119013.1/XM_067118198.1
GO:0046034	GO:0046034	20	0.423714660793202	1.19135847864224	0.216132368148914	0.589951146453661	0.507453778689494	1987	tags=20%, list=11%, signal=18%	EL609839.1/XM_067120225.1/XM_067104826.1/XM_067120218.1
GO:0010883	GO:0010883	10	0.489156943070838	1.2029378059388	0.218020022246941	0.592688281180917	0.509808158994504	7665	tags=70%, list=43%, signal=40%	XM_067130111.1/XM_067112731.1/XM_067112734.1/XM_067099469.1/XM_067099462.1/XM_067101279.1/XM_067101275.1
GO:0040003	GO:0040003	14	0.459269552515522	1.21048918474153	0.218317358892439	0.592688281180917	0.509808158994504	3301	tags=36%, list=18%, signal=29%	XM_067085798.1/XM_067085797.1/XM_067106590.1/XM_067095215.1/XM_067091789.1
GO:0016540	GO:0016540	14	0.459265876732373	1.21047949654051	0.218317358892439	0.592688281180917	0.509808158994504	5019	tags=50%, list=28%, signal=36%	XM_067129614.1/XM_067105299.1/XM_067103484.1/XM_067091389.1/XM_067122556.1/XM_067094082.1/XM_067122557.1
GO:0048790	GO:0048790	16	0.445415291056952	1.20609512315328	0.218816067653277	0.592805755395683	0.509909205893963	2922	tags=25%, list=16%, signal=21%	XM_067108410.1/XM_067105469.1/XM_067105466.1/XM_067131927.1
GO:0000027	GO:0000027	15	0.448317339150804	1.19758748171912	0.219148936170213	0.592805755395683	0.509909205893963	9628	tags=93%, list=53%, signal=43%	JP351856.1/XM_067132757.1/XM_067132756.1/XM_067117254.1/XM_067093448.1/XM_067112364.1/JP353033.1/XM_067081519.1/XM_067081508.1/XM_067098705.1/JP354549.1/XM_067108877.1/XM_067120932.1/XM_067114667.1
GO:0045807	GO:0045807	45	-0.164021465347722	-1.11713113956709	0.220212752070764	0.594236132630927	0.511139562572375	3890	tags=40%, list=22%, signal=31%	XM_067107580.1/XM_067095341.1/XM_067099874.1/XM_067105143.1/XM_067105146.1/XM_067130858.1/XM_067105144.1/XM_067131558.1/XM_067112921.1/XM_067085670.1/XM_067085710.1/XM_067090158.1/XM_067108544.1/XM_067085661.1/XM_067087686.1/XM_067095315.1/XM_067099875.1/XM_067130842.1
GO:0070374	GO:0070374	28	0.39478956537444	1.17598596079531	0.220858895705521	0.594236132630927	0.511139562572375	7190	tags=57%, list=40%, signal=34%	XM_067104952.1/XM_067115102.1/XM_067133172.1/XM_067130034.1/XM_067121794.1/XM_067095968.1/XM_067084234.1/XM_067134673.1/XM_067084496.1/XM_067133257.1/XM_067129190.1/XM_067129191.1/XM_067129189.1/XM_067131841.1/XM_067099997.1/XM_067131126.1
GO:0001701	GO:0001701	61	0.350879657888521	1.14060790490071	0.221221221221221	0.594236132630927	0.511139562572375	6400	tags=43%, list=36%, signal=28%	XM_067084610.1/XM_067091573.1/XM_067097012.1/JP354805.1/XM_067105475.1/XM_067091162.1/XM_067115637.1/XM_067096238.1/XM_067101137.1/XM_067092177.1/XM_067116059.1/XM_067109276.1/XM_067085790.1/XM_067088634.1/XM_067097313.1/XM_067092175.1/XM_067108506.1/XM_067116729.1/XM_067092174.1/XM_067115587.1/XM_067099708.1/XM_067095985.1/XM_067090752.1/XM_067125534.1/XM_067124071.1/XM_067134054.1
GO:0090128	GO:0090128	11	0.478558044539067	1.21259142146375	0.221258134490239	0.594236132630927	0.511139562572375	6983	tags=64%, list=39%, signal=39%	XM_067112368.1/XM_067132546.1/XM_067106014.1/XM_067106009.1/XM_067116749.1/XM_067112367.1/XM_067112994.1
GO:0008217	GO:0008217	11	0.477593159060027	1.21014655219882	0.223427331887202	0.598339792335493	0.514669376246026	1634	tags=27%, list=9%, signal=25%	XM_067130966.1/XM_067116596.1/XM_067129306.1
GO:0050765	GO:0050765	10	0.48725701818879	1.19826549881645	0.223581757508343	0.598339792335493	0.514669376246026	7092	tags=60%, list=39%, signal=36%	XM_067093480.1/XM_067093469.1/JP354099.1/XM_067096007.1/XM_067124266.1/XM_067124269.1
GO:0021549	GO:0021549	14	0.455023342230306	1.19929751832637	0.224707135250266	0.59986366734833	0.515980156194777	7671	tags=71%, list=43%, signal=41%	XM_067133294.1/XM_067133292.1/EL609734.1/XM_067103577.1/XM_067109611.1/XM_067103578.1/XM_067091445.1/XM_067103575.1/XM_067113602.1/EL609000.1
GO:0007269	GO:0007269	28	0.393747917925555	1.17288313619348	0.224948875255624	0.59986366734833	0.515980156194777	6574	tags=50%, list=36%, signal=32%	XM_067125824.1/XM_067117450.1/XM_067121827.1/XM_067092941.1/XM_067099469.1/XM_067115608.1/JP354449.1/XM_067101367.1/XM_067093951.1/XM_067099462.1/XM_067121828.1/XM_067109236.1/XM_067116749.1/XM_067121822.1
GO:0045824	GO:0045824	23	0.409834254467008	1.17905689204417	0.225773195876289	0.600996259465377	0.516954369318973	7046	tags=52%, list=39%, signal=32%	XM_067113447.1/XM_067123409.1/XM_067111118.1/XM_067088818.1/XM_067081290.1/XM_067106552.1/XM_067103650.1/XM_067101426.1/XM_067093312.1/XM_067134062.1/XM_067120824.1/XM_067130555.1
GO:0006479	GO:0006479	19	0.423811625644403	1.17832807775251	0.226277372262774	0.601274148203554	0.517193398755717	5645	tags=53%, list=31%, signal=36%	XM_067081591.1/XM_067130908.1/XM_067096933.1/XM_067081589.1/XM_067081585.1/XM_067081584.1/XM_067081582.1/XM_067122448.1/XM_067081587.1/XM_067126266.1
GO:0006047	GO:0006047	12	-0.334203510331038	-1.21840458521989	0.227609166999642	0.603746361847374	0.51931990391267	12000	tags=67%, list=67%, signal=22%	XM_067111417.1/XM_067092981.1/XM_067092992.1/XM_067092993.1/XM_067111406.1/XM_067111395.1/XM_067092988.1/XM_067111400.1
GO:0048278	GO:0048278	15	0.444386162749952	1.18708615322933	0.228723404255319	0.604569420035149	0.520027867597423	9177	tags=93%, list=51%, signal=46%	XM_067130355.1/XM_067094937.1/XM_067111169.1/XM_067120247.1/XM_067111167.1/XM_067130356.1/XM_067093951.1/XM_067120251.1/XM_067121684.1/XM_067130351.1/XM_067106864.1/XM_067111174.1/XM_067112685.1/XM_067130357.1
GO:0030510	GO:0030510	15	0.444203273007355	1.18659760093134	0.228723404255319	0.604569420035149	0.520027867597423	8141	tags=73%, list=45%, signal=40%	XM_067081591.1/XM_067081589.1/XM_067081585.1/XM_067081584.1/XM_067081582.1/XM_067081587.1/XM_067123913.1/XM_067081593.1/XM_067081581.1/XM_067118436.1/XM_067081583.1
GO:0008283	GO:0008283	49	0.357618326766905	1.14029005564338	0.229376257545272	0.60523138832998	0.520597267817431	8033	tags=61%, list=45%, signal=34%	XM_067127603.1/XM_067119871.1/XM_067117985.1/XM_067117986.1/XM_067089630.1/XM_067134044.1/XM_067122098.1/XM_067095247.1/XM_067125641.1/XM_067112965.1/XM_067119872.1/XM_067100490.1/XM_067106666.1/XM_067108506.1/XM_067086345.1/XM_067128340.1/XM_067121580.1/XM_067128339.1/XM_067117984.1/XM_067117013.1/XM_067125449.1/XM_067111208.1/XM_067093144.1/XM_067082612.1/XM_067116522.1/XM_067128341.1/XM_067097523.1/XM_067134076.1/XM_067128343.1/XM_067103788.1
GO:0035220	GO:0035220	37	0.375130618813282	1.15779517501047	0.232793522267206	0.613172429929735	0.527427853012069	7593	tags=54%, list=42%, signal=31%	XM_067123304.1/XM_067121827.1/XM_067092850.1/XM_067132636.1/XM_067129593.1/XM_067120158.1/XM_067113372.1/JP354449.1/XM_067094809.1/XM_067134436.1/XM_067125323.1/XM_067095096.1/XM_067113361.1/XM_067115166.1/XM_067091972.1/XM_067121828.1/XM_067095097.1/LT574897.1/XM_067091973.1/XM_067094808.1
GO:0000132	GO:0000132	34	0.378584000862407	1.15711488390243	0.233265720081136	0.613342033220329	0.527573739381148	8891	tags=68%, list=49%, signal=34%	XM_067081649.1/XM_067102176.1/XM_067119648.1/XM_067102175.1/XM_067100416.1/XM_067107033.1/XM_067082971.1/XM_067108533.1/XM_067094809.1/JP353081.1/XM_067092873.1/XM_067101084.1/XM_067102174.1/XM_067095299.1/XM_067109111.1/XM_067094808.1/XM_067095283.1/XM_067081651.1/XM_067091133.1/XM_067092881.1/XM_067110047.1/XM_067095351.1/XM_067108535.1
GO:0042908	GO:0042908	14	0.450623493474979	1.18770090952953	0.236421725239617	0.620369177860467	0.533618224797392	1332	tags=29%, list=7%, signal=26%	XM_067126986.1/XM_067123766.1/XM_067120281.1/XM_067107323.1
GO:0006897	GO:0006897	144	0.318158379978125	1.09217814978826	0.236763236763237	0.620369177860467	0.533618224797392	7439	tags=48%, list=41%, signal=28%	XM_067127107.1/XM_067108348.1/XM_067096495.1/XM_067102979.1/XM_067131605.1/XM_067098124.1/XM_067122271.1/XM_067094293.1/XM_067110066.1/XM_067101489.1/XM_067102689.1/XM_067106499.1/XM_067113269.1/XM_067111075.1/XM_067115107.1/XM_067125810.1/XM_067125648.1/XM_067091627.1/XM_067110236.1/XM_067091630.1/XM_067088133.1/XM_067092177.1/XM_067099469.1/XM_067134690.1/XM_067081044.1/XM_067095929.1/XM_067082755.1/KC767854.1/XM_067088134.1/XM_067122269.1/XM_067109172.1/XM_067092175.1/XM_067118533.1/XM_067092174.1/XM_067107608.1/XM_067104048.1/XM_067127106.1/XM_067114181.1/GU454802.1/XM_067133712.1/XM_067099462.1/XM_067101208.1/XM_067117839.1/XM_067091733.1/XM_067118040.1/XM_067091736.1/XM_067101539.1/XM_067108200.1/XM_067134688.1/JP353339.1/XM_067098118.1/XM_067106350.1/XM_067118531.1/XM_067119676.1/XM_067122022.1/XM_067134062.1/XM_067104049.1/XM_067104053.1/XM_067110080.1/XM_067129027.1/XM_067114798.1/XM_067132738.1/XM_067099997.1/XM_067101207.1/XM_067122274.1/XM_067107609.1/XM_067118532.1/XM_067131579.1/XM_067114860.1
GO:0006446	GO:0006446	21	0.414455309734453	1.17251231699446	0.238095238095238	0.621821305841924	0.534867290649304	8373	tags=67%, list=46%, signal=36%	XM_067088254.1/XM_067115284.1/JP354805.1/XM_067129115.1/XM_067105566.1/XM_067087534.1/XM_067097313.1/XM_067096649.1/EL696169.1/XM_067129112.1/XM_067088251.1/XM_067110262.1/XM_067088250.1/XM_067092972.1
GO:0071230	GO:0071230	23	0.406243672436535	1.16872710520147	0.238144329896907	0.621821305841924	0.534867290649304	8532	tags=65%, list=47%, signal=34%	XM_067101304.1/XM_067101140.1/XM_067122702.1/XM_067094786.1/XM_067122703.1/XM_067086671.1/XM_067115587.1/XM_067101066.1/XM_067133029.1/XM_067122704.1/XM_067108597.1/XM_067104170.1/EL609912.1/XM_067134320.1/JP351837.1
GO:0008069	GO:0008069	13	0.456538794425727	1.18969533692261	0.238966630785791	0.622117992360207	0.535122489229209	6628	tags=54%, list=37%, signal=34%	XM_067103242.1/XM_067088168.1/XM_067129190.1/XM_067088169.1/XM_067129191.1/XM_067129189.1/XM_067110365.1
GO:0007369	GO:0007369	18	0.429174719539826	1.18686343718947	0.239085239085239	0.622117992360207	0.535122489229209	6254	tags=50%, list=35%, signal=33%	XM_067096073.1/XM_067107975.1/XM_067112641.1/XM_067100416.1/XM_067115587.1/XM_067129190.1/XM_067092091.1/XM_067129191.1/XM_067129189.1
GO:0040015	GO:0040015	12	0.460155911355297	1.18519300310493	0.241935483870968	0.627574707817685	0.539816150551466	3667	tags=42%, list=20%, signal=33%	XM_067112731.1/XM_067117520.1/XM_067112734.1/XM_067100346.1/XM_067115414.1
GO:0090307	GO:0090307	27	0.393310991901944	1.16561124039472	0.242331288343558	0.627574707817685	0.539816150551466	8446	tags=67%, list=47%, signal=35%	XM_067101112.1/XM_067095118.1/XM_067112268.1/XM_067081912.1/JP354889.1/XM_067109009.1/XM_067117499.1/XM_067125606.1/JP355704.1/XM_067128360.1/XM_067132651.1/XM_067112917.1/PQ202739.1/XM_067095821.1/JP354004.1/XM_067087889.1/XM_067116661.1/XM_067125597.1
GO:0055089	GO:0055089	11	-0.336017772840878	-1.2063578125116	0.242434112527975	0.627574707817685	0.539816150551466	11967	tags=100%, list=66%, signal=34%	XM_067117008.1/EL609912.1/XM_067089009.1/XM_067114340.1/XM_067089006.1/XM_067117016.1/GH625301.1/XM_067117015.1/XM_067117020.1/XM_067108014.1
GO:0007519	GO:0007519	12	0.458808934390429	1.18172368404434	0.243010752688172	0.627941023497406	0.540131241516176	4122	tags=42%, list=23%, signal=32%	XM_067128648.1/XM_067087690.1/XM_067088716.1/XM_067119845.1/XM_067107152.1
GO:0006468	GO:0006468	103	0.32816532837342	1.10367234219066	0.243756243756244	0.627941023497406	0.540131241516176	8222	tags=52%, list=46%, signal=29%	XM_067105792.1/XM_067093953.1/XM_067130824.1/XM_067095217.1/XM_067105572.1/XM_067087257.1/XM_067099163.1/XM_067090976.1/XM_067082969.1/XM_067091344.1/XM_067106499.1/XM_067094288.1/XM_067133344.1/XM_067083983.1/XM_067128466.1/XM_067099166.1/XM_067113295.1/JP354889.1/XM_067109009.1/LT574898.1/XM_067100490.1/XM_067096081.1/XM_067134079.1/XM_067083981.1/XM_067097617.1/XM_067094289.1/XM_067090135.1/XM_067092042.1/XM_067083982.1/XM_067094287.1/XM_067100671.1/XM_067087258.1/XM_067113178.1/XM_067090968.1/XM_067111208.1/XM_067097255.1/XM_067118291.1/XM_067105573.1/XM_067129236.1/XM_067089467.1/XM_067105568.1/XM_067097716.1/XM_067114860.1/XM_067111372.1/XM_067082873.1/XM_067100673.1/XM_067116106.1/XM_067133346.1/XM_067092038.1/XM_067101406.1/XM_067105023.1/XM_067092052.1/XM_067105022.1/XM_067098404.1
GO:0032486	GO:0032486	11	0.472361195097885	1.19688957179635	0.244034707158351	0.627941023497406	0.540131241516176	1200	tags=27%, list=7%, signal=25%	XM_067112474.1/XM_067091344.1/XM_067112472.1
GO:0006814	GO:0006814	30	-0.209479475107512	-1.14695643454971	0.244245677357701	0.627941023497406	0.540131241516176	4131	tags=60%, list=23%, signal=46%	XM_067082906.1/XM_067117988.1/XM_067096631.1/XM_067121097.1/XM_067096642.1/XM_067096641.1/XM_067096032.1/XM_067112773.1/XM_067083367.1/XM_067121920.1/XM_067118602.1/XM_067121924.1/XM_067087012.1/XM_067081942.1/XM_067081953.1/XM_067112770.1/XM_067118156.1/XM_067118159.1
GO:0042744	GO:0042744	16	0.437118971511153	1.18363035657429	0.245243128964059	0.629429464098882	0.54141154211753	6389	tags=56%, list=35%, signal=36%	XM_067124422.1/EL695757.1/XM_067130295.1/XM_067095460.1/XM_067132636.1/XM_067108989.1/XM_067081665.1/XM_067123455.1/XM_067087858.1
GO:0002931	GO:0002931	13	0.45291790198794	1.18025964624017	0.248654467168999	0.636061358073548	0.547116047783028	6124	tags=54%, list=34%, signal=36%	XM_067109773.1/XM_067082583.1/XM_067116704.1/XM_067082582.1/XM_067134673.1/JP355213.1/XM_067124071.1
GO:0034453	GO:0034453	22	-0.228695852999591	-1.0760337735276	0.248672924565988	0.636061358073548	0.547116047783028	3707	tags=41%, list=21%, signal=33%	XM_067105143.1/XM_067105146.1/XM_067105144.1/JP351825.1/XM_067089297.1/XM_067113577.1/XM_067095315.1/XM_067083641.1/XM_067113580.1
GO:0045926	GO:0045926	15	-0.272297813355861	-1.10758924805679	0.249771000463678	0.637785373000632	0.548598980555555	3262	tags=53%, list=18%, signal=44%	XM_067129559.1/XM_067129558.1/XM_067086720.1/XM_067110827.1/XM_067086716.1/XM_067129610.1/JP351928.1/XM_067086719.1
GO:0047496	GO:0047496	21	0.409933111435034	1.1597188189226	0.251552795031056	0.640941131713812	0.551313445462119	6131	tags=48%, list=34%, signal=31%	XM_067101489.1/XM_067089191.1/XM_067099864.1/XM_067089221.1/XM_067108533.1/XM_067121435.1/XM_067083286.1/XM_067104422.1/JP353339.1/XM_067100006.1
GO:1903688	GO:1903688	21	0.409175651028127	1.15757593008543	0.252587991718426	0.640941131713812	0.551313445462119	7506	tags=57%, list=42%, signal=33%	XM_067086030.1/XM_067086029.1/XM_067106590.1/XM_067095215.1/XM_067087995.1/XM_067133257.1/XM_067125349.1/XM_067108797.1/XM_067108800.1/XM_067125343.1/XM_067104111.1/XM_067092887.1
GO:0006207	GO:0006207	11	0.469824659778089	1.19046238703972	0.252711496746204	0.640941131713812	0.551313445462119	8354	tags=64%, list=46%, signal=34%	XM_067112678.1/XM_067131714.1/XM_067110607.1/XM_067087695.1/XM_067112673.1/XM_067104207.1/XM_067112683.1
GO:0014003	GO:0014003	11	0.469770188485654	1.19032436528316	0.252711496746204	0.640941131713812	0.551313445462119	6694	tags=64%, list=37%, signal=40%	XM_067125781.1/XM_067084337.1/XM_067125612.1/XM_067125779.1/XM_067098761.1/XM_067117491.1/XM_067116869.1
GO:0000467	GO:0000467	15	0.437945724440444	1.16988184810283	0.254255319148936	0.643771043771044	0.553747629335535	6770	tags=60%, list=38%, signal=37%	XM_067119034.1/XM_067119035.1/XM_067119877.1/XM_067103478.1/XM_067105960.1/XM_067125800.1/XM_067085826.1/XM_067086576.1/XM_067119033.1
GO:0007608	GO:0007608	30	-0.207552407713729	-1.1364052225707	0.25820216268401	0.652665634750842	0.561398421828657	3182	tags=40%, list=18%, signal=33%	XM_067086856.1/XM_067094391.1/XM_067131205.1/XM_067091130.1/XM_067115985.1/XM_067118543.1/XM_067118551.1/XM_067105939.1/XM_067091125.1/XM_067091131.1/XM_067115374.1/XM_067131543.1
GO:0072657	GO:0072657	16	0.429753838190743	1.16368705521604	0.260042283298097	0.656214084027413	0.564450664382482	6506	tags=56%, list=36%, signal=36%	XM_067088672.1/XM_067122678.1/XM_067086671.1/XM_067081426.1/XM_067081420.1/XM_067099655.1/XM_067092170.1/XM_067101707.1/XM_067116749.1
GO:0000244	GO:0000244	15	0.434994115411065	1.16199723219391	0.261702127659574	0.65929648241206	0.567102027494696	9450	tags=73%, list=52%, signal=35%	XM_067082709.1/XM_067095133.1/XM_067101621.1/XM_067089271.1/XM_067101125.1/XM_067103183.1/JP355387.1/XM_067090927.1/XM_067089710.1/XM_067132839.1/XM_067104939.1
GO:0016242	GO:0016242	15	0.434189193947069	1.15984705020257	0.264893617021277	0.666220735785953	0.573058009715101	7500	tags=53%, list=42%, signal=31%	XM_067116297.1/XM_067108538.1/XM_067129190.1/XM_067129191.1/XM_067129189.1/XM_067131841.1/XM_067130555.1/XM_067108539.1
GO:0051299	GO:0051299	14	0.442272780142124	1.1656910721281	0.266240681576145	0.668490793139435	0.575010627637434	8891	tags=86%, list=49%, signal=43%	GH625197.1/XM_067133344.1/XM_067108533.1/GH625194.1/XM_067130233.1/XM_067093562.1/XM_067095299.1/XM_067133346.1/XM_067095283.1/XM_067093563.1/EL696234.1/XM_067108535.1
GO:0050679	GO:0050679	14	0.441127006297642	1.16267117490367	0.269435569755059	0.675385161519347	0.580940903910468	5903	tags=43%, list=33%, signal=29%	XM_067100817.1/XM_067132387.1/XM_067100818.1/KC767854.1/XM_067083434.1/XM_067100816.1
GO:0006099	GO:0006099	39	0.365366968200665	1.1367946549606	0.272452068617558	0.681810168387366	0.58646745307116	6973	tags=41%, list=39%, signal=25%	XM_067133229.1/XM_067086822.1/XM_067098279.1/XM_067130564.1/XM_067116494.1/XM_067107687.1/XM_067089749.1/XM_067090097.1/XM_067099955.1/XM_067124180.1/XM_067084960.1/XM_067084413.1/XM_067091163.1/XM_067128764.1/XM_067123834.1/XM_067087615.1
GO:0033120	GO:0033120	12	0.448906877836462	1.15621961497883	0.274193548387097	0.685028399957132	0.589235654778356	7641	tags=75%, list=42%, signal=43%	XM_067130824.1/XM_067098999.1/XM_067107383.1/XM_067081064.1/XM_067113178.1/XM_067128716.1/XM_067098998.1/XM_067107087.1/XM_067103817.1
GO:1902527	GO:1902527	10	-0.331167388648228	-1.15481328498062	0.275877487246546	0.687872342214338	0.591681906901891	12054	tags=100%, list=67%, signal=33%	XM_067113794.1/XM_067105809.1/XM_067105811.1/XM_067113785.1/XM_067105812.1/XM_067113784.1/XM_067113306.1/XM_067113800.1/XM_067113791.1
GO:0099175	GO:0099175	11	0.461768196280032	1.1700485654844	0.276572668112798	0.687872342214338	0.591681906901891	5903	tags=55%, list=33%, signal=37%	XM_067100817.1/XM_067116142.1/XM_067100818.1/XM_067096890.1/XM_067119676.1/XM_067100816.1
GO:0022416	GO:0022416	31	0.378770280003499	1.14218990410763	0.276703967446592	0.687872342214338	0.591681906901891	7769	tags=55%, list=43%, signal=31%	XM_067107638.1/XM_067123144.1/XM_067123143.1/XM_067113372.1/XM_067123141.1/XM_067094809.1/XM_067095096.1/XM_067113361.1/XM_067134193.1/XM_067123140.1/XM_067095097.1/XM_067128531.1/XM_067134191.1/XM_067130820.1/XM_067092887.1/XM_067094808.1/XM_067085210.1
GO:0007188	GO:0007188	12	0.448360835507853	1.15481321003803	0.278494623655914	0.689649311653731	0.59321038915344	7190	tags=67%, list=40%, signal=40%	XM_067108849.1/XM_067132987.1/XM_067097567.1/XM_067115124.1/XM_067082543.1/XM_067088231.1/XM_067099997.1/XM_067131126.1
GO:0051260	GO:0051260	46	0.353938806818282	1.11965950617211	0.278787878787879	0.689649311653731	0.59321038915344	8141	tags=57%, list=45%, signal=31%	XM_067103878.1/XM_067100878.1/XM_067101655.1/XM_067081591.1/XM_067106274.1/XM_067081589.1/XM_067130366.1/XM_067132851.1/XM_067123322.1/XM_067084838.1/XM_067081585.1/XM_067081584.1/XM_067081582.1/XM_067100877.1/XM_067122161.1/XM_067081587.1/XM_067132850.1/XM_067103875.1/XM_067116788.1/XM_067130368.1/XM_067081593.1/XM_067130598.1/XM_067081581.1/XM_067100860.1/XM_067126875.1/XM_067081583.1
GO:0061061	GO:0061061	13	0.443509780742075	1.15574300469279	0.278794402583423	0.689649311653731	0.59321038915344	3384	tags=38%, list=19%, signal=31%	XM_067114971.1/XM_067115014.1/XM_067115004.1/XM_067111563.1/XM_067120158.1
GO:0097049	GO:0097049	10	0.471110548310193	1.15855799936345	0.280311457174639	0.691128576378125	0.594482797010579	5650	tags=50%, list=31%, signal=34%	XM_067132516.1/XM_067132517.1/XM_067132512.1/XM_067095985.1/XM_067104422.1
GO:0042246	GO:0042246	10	0.47091191737901	1.15806952493835	0.280311457174639	0.691128576378125	0.594482797010579	1313	tags=20%, list=7%, signal=19%	XM_067092246.1/XM_067115023.1
GO:0016052	GO:0016052	10	-0.330534165191299	-1.15260517245055	0.28171611030791	0.693455040757933	0.596483934134588	2860	tags=50%, list=16%, signal=42%	XM_067118234.1/XM_067121147.1/XM_067121060.1/XM_067085978.1/XM_067085977.1
GO:0007480	GO:0007480	24	0.390185871127635	1.12975258620754	0.282316442605998	0.693670473968366	0.596669241676317	8850	tags=62%, list=49%, signal=32%	XM_067094948.1/XM_067092850.1/XM_067090798.1/XM_067106014.1/XM_067133208.1/XM_067134690.1/XM_067106009.1/XM_067123843.1/XM_067134688.1/XM_067133211.1/XM_067118400.1/XM_067130820.1/XM_067134692.1/XM_067134691.1/XM_067134681.1
GO:0006906	GO:0006906	36	0.36697313869853	1.1279352351887	0.282961460446247	0.693670473968366	0.596669241676317	8295	tags=58%, list=46%, signal=32%	XM_067130355.1/XM_067120536.1/XM_067126528.1/XM_067126529.1/XM_067094937.1/XM_067111169.1/XM_067120247.1/XM_067089191.1/XM_067111167.1/XM_067130356.1/XM_067089221.1/XM_067126530.1/XM_067120251.1/XM_067121684.1/XM_067100006.1/XM_067127207.1/JP355117.1/XM_067130351.1/XM_067106864.1/XM_067111174.1/XM_067086212.1
GO:0006896	GO:0006896	14	0.437554941626797	1.15325634296549	0.283280085197018	0.693670473968366	0.596669241676317	7781	tags=71%, list=43%, signal=41%	JZ905044.1/XM_067128768.1/XM_067125810.1/XM_067094594.1/XM_067098609.1/XM_067130011.1/XM_067132588.1/XM_067117468.1/XM_067098869.1/XM_067116813.1
GO:1904707	GO:1904707	10	0.469050654600957	1.15349229590333	0.283648498331479	0.693670473968366	0.596669241676317	8199	tags=60%, list=46%, signal=33%	XM_067104952.1/XM_067113178.1/XM_067092541.1/XM_067120288.1/XM_067120287.1/XM_067120291.1
GO:0098696	GO:0098696	14	0.4367418819406	1.15111337496054	0.286474973375932	0.699445389541236	0.601636606765243	4319	tags=43%, list=24%, signal=33%	XM_067131700.1/XM_067106014.1/XM_067106009.1/XM_067116496.1/XM_067116482.1/XM_067133412.1
GO:0001501	GO:0001501	16	-0.258833333333333	-1.0753544855758	0.287270961763377	0.700252068868913	0.60233048197081	13358	tags=38%, list=74%, signal=10%	XM_067127925.1/XM_067127930.1/XM_067127929.1/XM_067082099.1/XM_067127921.1/XM_067100534.1
GO:1903861	GO:1903861	14	0.435052658642168	1.14666111697355	0.289669861554846	0.703916438972982	0.605482435258815	3376	tags=29%, list=19%, signal=23%	XM_067109078.1/XM_067086298.1/XM_067122056.1/XM_067086299.1
GO:0032259	GO:0032259	113	0.317280669680574	1.07551309777877	0.28971028971029	0.703916438972982	0.605482435258815	7644	tags=51%, list=42%, signal=30%	XM_067101630.1/XM_067088826.1/XM_067092708.1/XM_067126242.1/XM_067090192.1/XM_067091573.1/XM_067118462.1/XM_067125450.1/XM_067130274.1/XM_067108782.1/XM_067095223.1/XM_067118460.1/XM_067130211.1/XM_067098631.1/XM_067112482.1/XM_067120567.1/XM_067119318.1/XM_067101587.1/XM_067112249.1/XM_067118739.1/XM_067088952.1/XM_067134675.1/XM_067097734.1/XM_067118828.1/XM_067129958.1/XM_067096686.1/XM_067129076.1/XM_067106210.1/XM_067099356.1/XM_067118464.1/XM_067125412.1/XM_067093408.1/XM_067103510.1/XM_067088825.1/XM_067092707.1/XM_067089901.1/XM_067125451.1/XM_067087695.1/XM_067088640.1/XM_067134075.1/XM_067084715.1/XM_067121814.1/XM_067084716.1/XM_067108780.1/XM_067089704.1/JP354837.1/XM_067084556.1/XM_067118387.1/XM_067130378.1/XM_067121812.1/XM_067107147.1/XM_067097381.1/XM_067119775.1/XM_067084552.1/XM_067093410.1/XM_067100747.1/XM_067082757.1/XM_067129342.1
GO:0009636	GO:0009636	10	0.466962030669695	1.14835593890197	0.290322580645161	0.703979656351627	0.605536812469309	6217	tags=60%, list=35%, signal=39%	XM_067087178.1/XM_067129605.1/XM_067105760.1/XM_067087695.1/XM_067094151.1/XM_067112240.1
GO:0110076	GO:0110076	11	0.458597218387706	1.16201380223309	0.290672451193059	0.703979656351627	0.605536812469309	4085	tags=55%, list=23%, signal=42%	XM_067127529.1/XM_067085699.1/XM_067089690.1/JP355248.1/XM_067127500.1/XM_067127518.1
GO:0046579	GO:0046579	10	0.466220685251303	1.14653281762428	0.292547274749722	0.705281320949433	0.606656455379936	6130	tags=60%, list=34%, signal=40%	XM_067099829.1/XM_067099828.1/XM_067095968.1/XM_067117391.1/XM_067133453.1/XM_067117394.1
GO:1904801	GO:1904801	13	0.438947026813638	1.14385291531054	0.292787944025834	0.705281320949433	0.606656455379936	7593	tags=54%, list=42%, signal=31%	XM_067099469.1/XM_067094809.1/XM_067120233.1/XM_067099462.1/XM_067108797.1/XM_067108800.1/XM_067094808.1
GO:0090158	GO:0090158	11	0.457294040371617	1.15871175245881	0.292841648590022	0.705281320949433	0.606656455379936	3741	tags=45%, list=21%, signal=36%	XM_067091326.1/XM_067121827.1/XM_067128280.1/XM_067109784.1/JP354449.1
GO:0040029	GO:0040029	25	0.385621296174935	1.1240412186558	0.293085655314757	0.705281320949433	0.606656455379936	8625	tags=68%, list=48%, signal=35%	XM_067098411.1/XM_067130908.1/XM_067101587.1/XM_067093552.1/XM_067093551.1/XM_067101809.1/XM_067131433.1/XM_067091698.1/XM_067134075.1/XM_067093553.1/XM_067097319.1/XM_067093144.1/XM_067099371.1/XM_067101808.1/XM_067123288.1/XM_067099882.1/XM_067131713.1
GO:0034614	GO:0034614	19	0.40995511156261	1.13980266076442	0.294056308654849	0.706486722391202	0.607693296345736	7467	tags=58%, list=41%, signal=34%	XM_067095460.1/XM_067083403.1/XM_067131741.1/GH624168.1/XM_067108797.1/XM_067116582.1/XM_067132074.1/XM_067087858.1/XM_067108800.1/JP355512.1/XM_067133616.1
GO:0036498	GO:0036498	10	0.465625376019356	1.14506882944732	0.294771968854283	0.707076620664818	0.6082007046452	7777	tags=70%, list=43%, signal=40%	XM_067126606.1/XM_067128280.1/XM_067112543.1/XM_067113178.1/XM_067086163.1/EL609912.1/JP352587.1
GO:0007224	GO:0007224	20	0.403946714353022	1.1357769451811	0.295760082730093	0.70766809590339	0.608709469390584	5639	tags=45%, list=31%, signal=31%	XM_067132377.1/XM_067096238.1/XM_067107390.1/XM_067123191.1/XM_067123190.1/XM_067115142.1/XM_067089029.1/XM_067127452.1/XM_067086688.1
GO:0042593	GO:0042593	45	0.351026867531017	1.10846911843025	0.295959595959596	0.70766809590339	0.608709469390584	7318	tags=51%, list=41%, signal=30%	JZ905123.1/XM_067082046.1/XM_067104019.1/XM_067112731.1/XM_067102327.1/XM_067112734.1/XM_067128868.1/XM_067087995.1/XM_067111644.1/XM_067091866.1/XM_067088683.1/GH624168.1/XM_067099728.1/XM_067103986.1/XM_067116582.1/XM_067102329.1/XM_067094095.1/XM_067103977.1/XM_067085532.1/XM_067108597.1/XM_067112478.1/GH626008.1/XM_067091868.1
GO:0071345	GO:0071345	11	0.456429139664139	1.15652022900565	0.297180043383948	0.709458389284853	0.610249412395776	6124	tags=45%, list=34%, signal=30%	XM_067093480.1/XM_067100490.1/XM_067093469.1/XM_067111208.1/XM_067124071.1
GO:0042059	GO:0042059	20	0.402165774003171	1.13076947533859	0.299896587383661	0.714808981656142	0.614851790632278	5943	tags=50%, list=33%, signal=34%	XM_067117459.1/XM_067126355.1/XM_067128238.1/XM_067082046.1/XM_067117465.1/XM_067084234.1/XM_067100505.1/XM_067100504.1/XM_067103238.1/XM_067100502.1
GO:0033962	GO:0033962	15	0.425278821527349	1.13604482455694	0.301063829787234	0.716455696202532	0.616268232525834	8571	tags=67%, list=48%, signal=35%	XM_067112368.1/XM_067089356.1/XM_067111204.1/XM_067129448.1/XM_067125279.1/XM_067112357.1/XM_067112367.1/XM_067112994.1/XM_067108482.1/XM_067125280.1
GO:0007411	GO:0007411	154	0.307563503463518	1.05942371729233	0.302697302697303	0.71913238138706	0.618570616408662	7412	tags=46%, list=41%, signal=27%	XM_067095100.1/XM_067114877.1/XM_067113128.1/XM_067110271.1/XM_067091124.1/XM_067133299.1/XM_067128834.1/XM_067114851.1/XM_067084316.1/XM_067114844.1/XM_067112419.1/XM_067114868.1/XM_067114872.1/XM_067133298.1/XM_067105469.1/XM_067114879.1/XM_067103814.1/XM_067105466.1/XM_067092752.1/XM_067114884.1/XM_067114878.1/XM_067106014.1/XM_067108971.1/XM_067133314.1/XM_067114881.1/XM_067114827.1/XM_067114811.1/XM_067100093.1/XM_067114858.1/XM_067090682.1/XM_067134690.1/XM_067083900.1/XM_067106009.1/XM_067112557.1/XM_067099356.1/XM_067117391.1/XM_067120071.1/XM_067084234.1/XM_067096035.1/XM_067084496.1/XM_067119508.1/XM_067112148.1/XM_067092770.1/XM_067085552.1/XM_067103769.1/XM_067107728.1/XM_067134193.1/XM_067087344.1/XM_067113302.1/XM_067114874.1/XM_067133318.1/XM_067112225.1/XM_067098423.1/XM_067134688.1/XM_067103957.1/XM_067117394.1/XM_067108797.1/XM_067114833.1/XM_067090679.1/XM_067096038.1/XM_067112237.1/XM_067122667.1/XM_067113389.1/XM_067127262.1/XM_067133331.1/XM_067108800.1/XM_067134191.1/XM_067104433.1/XM_067119115.1/XM_067130820.1/XM_067094407.1
GO:0000288	GO:0000288	12	0.441753541934177	1.1377952430409	0.303225806451613	0.71913238138706	0.618570616408662	8571	tags=67%, list=48%, signal=35%	XM_067108459.1/XM_067114903.1/XM_067114904.1/XM_067082630.1/XM_067087852.1/XM_067125279.1/XM_067086973.1/XM_067125280.1
GO:0022904	GO:0022904	37	0.361749731362464	1.11649668816094	0.303643724696356	0.71913238138706	0.618570616408662	9252	tags=70%, list=51%, signal=34%	XM_067114128.1/GH625746.1/XM_067095695.1/XM_067118337.1/XM_067088082.1/XM_067117429.1/XM_067095931.1/EL609706.1/XM_067125507.1/XM_067090097.1/XM_067123093.1/XM_067128306.1/XM_067124884.1/XM_067118336.1/XM_067086340.1/JP353984.1/XM_067134438.1/XM_067123834.1/XM_067100511.1/XM_067119701.1/JP353406.1/XM_067115564.1/XM_067109106.1/XM_067104897.1/XM_067098542.1/XM_067093556.1
GO:0030707	GO:0030707	62	0.335320760487604	1.09047644560877	0.304304304304304	0.71913238138706	0.618570616408662	6751	tags=45%, list=37%, signal=28%	XM_067130934.1/XM_067125824.1/XM_067098820.1/XM_067098814.1/XM_067110066.1/XM_067129983.1/XM_067117321.1/XM_067090798.1/XM_067106590.1/XM_067130933.1/XM_067094831.1/XM_067095215.1/XM_067108441.1/XM_067133208.1/XM_067094832.1/XM_067103769.1/XM_067114207.1/XM_067114181.1/XM_067112420.1/XM_067098823.1/XM_067098817.1/XM_067081665.1/XM_067108797.1/XM_067110080.1/XM_067125279.1/XM_067121822.1/XM_067091877.1/XM_067133211.1
GO:0010591	GO:0010591	14	0.430118300013102	1.13365570931828	0.30457933972311	0.71913238138706	0.618570616408662	9333	tags=86%, list=52%, signal=41%	GH625197.1/XM_067101614.1/XM_067134436.1/GH625194.1/XM_067093562.1/XM_067102975.1/XM_067101613.1/XM_067090376.1/XM_067134437.1/XM_067093563.1/EL696234.1/XM_067133604.1
GO:0060765	GO:0060765	11	0.453332040453063	1.14867266280625	0.3058568329718	0.721016734779918	0.620191466296556	9523	tags=91%, list=53%, signal=43%	XM_067115017.1/XM_067104152.1/GH624168.1/XM_067091698.1/XM_067115016.1/XM_067116582.1/XM_067104154.1/XM_067101201.1/XM_067101191.1/XM_067101200.1
GO:1900182	GO:1900182	12	0.440878581205527	1.13554166483404	0.306451612903226	0.721288303296482	0.620425059316472	7738	tags=75%, list=43%, signal=43%	XM_067127138.1/XM_067089630.1/XM_067082583.1/XM_067082582.1/XM_067116482.1/GH624168.1/XM_067116582.1/XM_067108597.1/XM_067126312.1
GO:0035277	GO:0035277	17	0.414808961678565	1.13276701524634	0.307286166842661	0.721896899299222	0.620948550699009	5806	tags=47%, list=32%, signal=32%	XM_067086030.1/XM_067086029.1/XM_067083537.1/XM_067134690.1/XM_067133257.1/XM_067125323.1/XM_067134688.1/XM_067094352.1
GO:0099072	GO:0099072	14	-0.293180421443479	-1.12065848980203	0.307852841305365	0.721896899299222	0.620948550699009	1256	tags=29%, list=7%, signal=27%	XM_067109671.1/XM_067093807.1/XM_067093813.1/XM_067093808.1
GO:0021591	GO:0021591	12	0.438736708286666	1.13002498508631	0.308602150537634	0.721896899299222	0.620948550699009	7984	tags=58%, list=44%, signal=33%	JP355071.1/XM_067109055.1/XM_067101137.1/XM_067109062.1/XM_067091445.1/XM_067131126.1/XM_067098837.1
GO:0001736	GO:0001736	12	0.438141100409554	1.12849091745591	0.309677419354839	0.721896899299222	0.620948550699009	6640	tags=58%, list=37%, signal=37%	GH625197.1/XM_067083341.1/XM_067096682.1/XM_067120071.1/GH625194.1/XM_067093562.1/XM_067124903.1
GO:0043066	GO:0043066	170	0.305512126608393	1.05692532690043	0.30969030969031	0.721896899299222	0.620948550699009	7984	tags=47%, list=44%, signal=26%	JP355071.1/XM_067104952.1/XM_067133751.1/XM_067109078.1/XM_067130824.1/XM_067083955.1/XM_067109003.1/XM_067081591.1/XM_067127250.1/XM_067133172.1/XM_067091344.1/XM_067095460.1/XM_067095058.1/XM_067133753.1/XM_067091162.1/XM_067081589.1/XM_067115637.1/XM_067123562.1/XM_067090412.1/XM_067123909.1/XM_067132636.1/XM_067121357.1/XM_067108431.1/XM_067128466.1/XM_067133183.1/XM_067123911.1/XM_067105283.1/XM_067133754.1/XM_067097734.1/XM_067116523.1/XM_067106149.1/XM_067116704.1/XM_067133752.1/XM_067119736.1/XM_067134673.1/XM_067082287.1/XM_067127342.1/XM_067110181.1/XM_067132960.1/XM_067081585.1/XM_067081584.1/XM_067081582.1/XM_067133257.1/JP355213.1/XM_067100505.1/XM_067091651.1/XM_067105756.1/XM_067088762.1/XM_067100504.1/XM_067134150.1/XM_067112168.1/EL696389.1/XM_067081587.1/XM_067133462.1/XM_067090873.1/XM_067123910.1/XM_067103238.1/XM_067133460.1/XM_067100502.1/XM_067132074.1/XM_067087858.1/XM_067096844.1/XM_067116574.1/XM_067114798.1/XM_067099997.1/XM_067128127.1/XM_067081593.1/XM_067088691.1/XM_067097716.1/JP354386.1/XM_067104111.1/XM_067092887.1/XM_067105757.1/XM_067095062.1/EL609912.1/XM_067081581.1/XM_067085210.1/XM_067131681.1/XM_067104128.1/XM_067098837.1
GO:2001237	GO:2001237	10	0.460499214149846	1.13246254019896	0.310344827586207	0.721896899299222	0.620948550699009	6180	tags=50%, list=34%, signal=33%	XM_067114790.1/XM_067114787.1/GH624168.1/XM_067114789.1/XM_067116582.1
GO:0048490	GO:0048490	10	0.460477137259623	1.1324082485728	0.310344827586207	0.721896899299222	0.620948550699009	7085	tags=70%, list=39%, signal=42%	XM_067092941.1/XM_067125810.1/XM_067105696.1/XM_067098609.1/XM_067083286.1/XM_067132588.1/XM_067101830.1
GO:1902895	GO:1902895	10	-0.312062645784738	-1.08819316590744	0.310679611650485	0.721896899299222	0.620948550699009	12398	tags=90%, list=69%, signal=28%	XM_067101402.1/XM_067105351.1/XM_067116005.1/XM_067116003.1/XM_067116007.1/XM_067096661.1/XM_067082520.1/XM_067082526.1/XM_067082535.1
GO:0006623	GO:0006623	12	-0.320539880026661	-1.16859113533388	0.31113343814445	0.721896899299222	0.620948550699009	12246	tags=100%, list=68%, signal=32%	XM_067107020.1/XM_067134253.1/XM_067088879.1/XM_067082772.1/XM_067126663.1/XM_067083081.1/JP353492.1/XM_067088959.1/XM_067132693.1/XM_067116878.1/XM_067099021.1
GO:0006820	GO:0006820	17	0.413894175198356	1.1302689015446	0.311510031678986	0.721896899299222	0.620948550699009	734	tags=24%, list=4%, signal=23%	XM_067118579.1/XM_067082798.1/XM_067106675.1/XM_067106676.1
GO:0034067	GO:0034067	21	0.395723179730127	1.11951829655909	0.312629399585921	0.722565988892338	0.621524076391855	7439	tags=57%, list=41%, signal=34%	XM_067087368.1/XM_067081342.1/XM_067121827.1/XM_067121385.1/XM_067124835.1/XM_067113744.1/JP354449.1/XM_067124103.1/XM_067121382.1/XM_067121828.1/XM_067113575.1/XM_067114860.1
GO:1903358	GO:1903358	12	0.43706120056483	1.12570949118616	0.312903225806452	0.722565988892338	0.621524076391855	9079	tags=92%, list=50%, signal=46%	XM_067081342.1/XM_067117978.1/XM_067083331.1/XM_067089104.1/XM_067083312.1/XM_067133698.1/XM_067089097.1/XM_067126875.1/XM_067083294.1/XM_067094341.1/XM_067112685.1
GO:0051216	GO:0051216	13	0.433702972219741	1.13018742319223	0.313240043057051	0.722565988892338	0.621524076391855	1834	tags=31%, list=10%, signal=28%	XM_067108849.1/XM_067089690.1/XM_067091162.1/XM_067115637.1
GO:0038202	GO:0038202	27	-0.204696793094687	-1.06932881026838	0.314802054247239	0.725057105034989	0.623666840767078	2656	tags=33%, list=15%, signal=28%	XM_067099926.1/XM_067094793.1/XM_067127929.1/XM_067082099.1/XM_067127921.1/XM_067116201.1/XM_067116481.1/XM_067089897.1/XM_067089811.1
GO:0051647	GO:0051647	18	-0.274104841002437	-1.14641250696674	0.316045475984016	0.725959821213087	0.624443323257897	2782	tags=39%, list=15%, signal=33%	XM_067129028.1/JP351825.1/XM_067089297.1/XM_067129033.1/XM_067129029.1/XM_067109526.1/XM_067083641.1
GO:0030388	GO:0030388	11	0.450507184154771	1.14151491767321	0.316702819956616	0.725959821213087	0.624443323257897	2877	tags=27%, list=16%, signal=23%	JZ905123.1/XM_067102327.1/XM_067128868.1
GO:0010804	GO:0010804	11	0.450169089278043	1.14065823800428	0.316702819956616	0.725959821213087	0.624443323257897	1710	tags=27%, list=9%, signal=25%	XM_067081280.1/XM_067082046.1/XM_067100106.1
GO:0019827	GO:0019827	16	0.413244580464258	1.11898330204326	0.317124735729387	0.725959821213087	0.624443323257897	8096	tags=69%, list=45%, signal=38%	XM_067114893.1/XM_067132547.1/XM_067099920.1/XM_067091877.1/XM_067108002.1/XM_067112357.1/XM_067132548.1/XM_067133491.1/XM_067126531.1/XM_067084510.1/XM_067123288.1
GO:0048592	GO:0048592	10	-0.310729756747751	-1.08354525062327	0.320388349514563	0.732316227461859	0.629910864747077	12422	tags=60%, list=69%, signal=19%	XM_067101432.1/JP353637.1/XM_067101434.1/XM_067101431.1/XM_067124431.1/XM_067101433.1
GO:0006612	GO:0006612	33	0.363655321003085	1.10714712863556	0.322515212981744	0.733933933933934	0.631302354986566	8566	tags=61%, list=48%, signal=32%	XM_067097538.1/XM_067131700.1/XM_067127844.1/XM_067120168.1/XM_067088185.1/XM_067122529.1/XM_067081426.1/XM_067105272.1/XM_067081420.1/XM_067081039.1/XM_067120099.1/XM_067103507.1/XM_067088869.1/XM_067085543.1/XM_067109044.1/XM_067105271.1/XM_067085545.1/XM_067088879.1/XM_067088868.1/XM_067120079.1
GO:0070050	GO:0070050	23	0.384504286882972	1.10618481624842	0.322680412371134	0.733933933933934	0.631302354986566	8535	tags=65%, list=47%, signal=34%	EL609201.1/XM_067115023.1/XM_067126315.1/EL609969.1/GH625164.1/XM_067109236.1/EL696220.1/XM_067130940.1/EL609632.1/XM_067101279.1/XM_067132444.1/XM_067101275.1/XM_067132445.1/XM_067103239.1/EL696108.1
GO:0006914	GO:0006914	121	0.312499443570533	1.06323056059883	0.323676323676324	0.733933933933934	0.631302354986566	6230	tags=41%, list=35%, signal=27%	XM_067113717.1/XM_067130934.1/XM_067119910.1/XM_067103657.1/EL609826.1/XM_067098820.1/XM_067098814.1/XM_067128752.1/XM_067119909.1/XM_067101489.1/XM_067129983.1/XM_067088262.1/XM_067128768.1/XM_067128750.1/XM_067130933.1/XM_067094831.1/XM_067108441.1/XM_067122571.1/XM_067086662.1/XM_067099864.1/XM_067124608.1/XM_067113744.1/XM_067131912.1/XM_067095548.1/EL695619.1/XM_067132597.1/XM_067094832.1/XM_067099023.1/XM_067104768.1/XM_067114207.1/XM_067083028.1/XM_067090643.1/XM_067103889.1/XM_067112420.1/XM_067109856.1/XM_067098823.1/XM_067118164.1/GH624168.1/XM_067081975.1/XM_067115287.1/XM_067118040.1/XM_067124266.1/JP353339.1/XM_067128226.1/XM_067098817.1/XM_067101142.1/XM_067134062.1/XM_067109236.1/XM_067116582.1/XM_067103297.1
GO:0007509	GO:0007509	12	0.435848866114472	1.12258696190309	0.324731182795699	0.733933933933934	0.631302354986566	8420	tags=58%, list=47%, signal=31%	XM_067096073.1/XM_067104418.1/XM_067112148.1/XM_067083308.1/XM_067094407.1/XM_067128790.1/XM_067083311.1
GO:0090129	GO:0090129	10	0.453860705887956	1.11613707926789	0.324805339265851	0.733933933933934	0.631302354986566	5865	tags=50%, list=33%, signal=34%	XM_067091124.1/XM_067129956.1/XM_067103814.1/XM_067128510.1/XM_067112917.1
GO:0006646	GO:0006646	11	-0.289744576728311	-1.04022960099372	0.325	0.733933933933934	0.631302354986566	2755	tags=55%, list=15%, signal=46%	XM_067093656.1/XM_067121303.1/XM_067101023.1/XM_067093655.1/XM_067125610.1/XM_067121305.1
GO:0070542	GO:0070542	11	-0.288979239823453	-1.03748191849296	0.325	0.733933933933934	0.631302354986566	4317	tags=64%, list=24%, signal=48%	XM_067090782.1/XM_067082520.1/XM_067090789.1/XM_067082526.1/XM_067090786.1/XM_067082535.1/XM_067090787.1
GO:0043652	GO:0043652	11	-0.288899065578809	-1.03719408006832	0.325	0.733933933933934	0.631302354986566	1826	tags=36%, list=10%, signal=33%	XM_067100419.1/XM_067104454.1/XM_067104455.1/XM_067104453.1
GO:0048148	GO:0048148	10	0.453416396694426	1.1150444313274	0.325917686318131	0.733934483105227	0.631302827363049	3674	tags=40%, list=20%, signal=32%	XM_067130908.1/XM_067082583.1/XM_067118088.1/XM_067082582.1
GO:0090148	GO:0090148	25	0.379687576416428	1.10674511583505	0.326109391124871	0.733934483105227	0.631302827363049	6506	tags=56%, list=36%, signal=36%	XM_067125824.1/XM_067110066.1/XM_067128238.1/XM_067126933.1/XM_067122083.1/XM_067126931.1/XM_067107844.1/XM_067121962.1/XM_067126930.1/XM_067098538.1/XM_067098539.1/XM_067107838.1/XM_067110080.1/XM_067116749.1
GO:0019430	GO:0019430	11	0.447887296712904	1.13487653164364	0.32646420824295	0.733934483105227	0.631302827363049	6180	tags=55%, list=34%, signal=36%	EL695757.1/XM_067129306.1/EU077526.1/GH624168.1/XM_067123455.1/XM_067116582.1
GO:0030833	GO:0030833	34	0.361181601945721	1.10392569799855	0.327586206896552	0.73404843765252	0.631400846776979	7486	tags=53%, list=42%, signal=31%	XM_067099252.1/XM_067125155.1/XM_067123144.1/XM_067083341.1/XM_067115430.1/XM_067123143.1/XM_067086680.1/XM_067091789.1/XM_067123141.1/XM_067134193.1/XM_067123140.1/XM_067102975.1/XM_067094352.1/XM_067091790.1/XM_067089467.1/XM_067134191.1/XM_067091791.1/XM_067118318.1
GO:0035556	GO:0035556	160	0.304166529092408	1.04979222883645	0.327672327672328	0.73404843765252	0.631400846776979	7800	tags=49%, list=43%, signal=28%	XM_067084369.1/XM_067083363.1/XM_067109843.1/XM_067095217.1/XM_067130568.1/XM_067117985.1/XM_067099163.1/XM_067090976.1/XM_067117986.1/XM_067085773.1/XM_067095058.1/XM_067130034.1/XM_067119824.1/XM_067131183.1/XM_067082053.1/XM_067127844.1/XM_067095472.1/XM_067128466.1/XM_067099166.1/XM_067092027.1/XM_067106014.1/XM_067085784.1/XM_067117259.1/LT574898.1/XM_067100346.1/XM_067121794.1/XM_067106009.1/XM_067125889.1/XM_067112971.1/XM_067096081.1/XM_067134079.1/XM_067084838.1/XM_067104541.1/XM_067090135.1/XM_067100589.1/XM_067116347.1/XM_067123843.1/XM_067100671.1/XM_067104550.1/XM_067092029.1/XM_067117984.1/XM_067122264.1/XM_067121778.1/XM_067090968.1/XM_067094166.1/XM_067116312.1/XM_067099728.1/XM_067092535.1/XM_067093447.1/XM_067100133.1/XM_067124889.1/XM_067081990.1/XM_067083355.1/XM_067103238.1/XM_067097255.1/XM_067095542.1/XM_067098604.1/XM_067091877.1/XM_067082223.1/XM_067081926.1/XM_067109842.1/XM_067116788.1/XM_067109841.1/XM_067118766.1/XM_067101084.1/XM_067130855.1/XM_067097716.1/XM_067119869.1/XM_067104111.1/XM_067111372.1/XM_067096474.1/XM_067133463.1/XM_067082873.1/XM_067095062.1/XM_067122654.1/XM_067100673.1/XM_067109044.1/XM_067116106.1/XM_067114228.1
GO:0007291	GO:0007291	32	0.367670310786062	1.11571677197853	0.328267477203647	0.73404843765252	0.631400846776979	7686	tags=62%, list=43%, signal=36%	XM_067110066.1/XM_067120904.1/XM_067094594.1/XM_067120926.1/AF221096.1/XM_067082755.1/JP354810.1/EL609684.1/XM_067120927.1/XM_067094809.1/XM_067134731.1/XM_067116784.1/EL696389.1/XM_067096593.1/XM_067110080.1/XM_067129027.1/XM_067120922.1/XM_067120920.1/XM_067094808.1/XM_067120894.1
GO:0040014	GO:0040014	19	0.40079287909217	1.11432880605739	0.328467153284672	0.73404843765252	0.631400846776979	7475	tags=58%, list=41%, signal=34%	XM_067127330.1/XM_067130846.1/XM_067130847.1/XM_067120568.1/XM_067094082.1/XM_067100164.1/XM_067129190.1/XM_067129191.1/XM_067129189.1/XM_067131841.1/XM_067104111.1
GO:0008285	GO:0008285	126	0.310364727580766	1.05945348474961	0.32967032967033	0.735198680461838	0.632390242362542	8509	tags=55%, list=47%, signal=29%	XM_067087864.1/XM_067092950.1/XM_067132516.1/XM_067109843.1/XM_067132517.1/XM_067114893.1/XM_067100817.1/XM_067130034.1/XM_067132512.1/XM_067095812.1/XM_067129306.1/JP353831.1/XM_067082046.1/XM_067121681.1/XM_067112731.1/XM_067112734.1/XM_067095197.1/XM_067100818.1/XM_067108538.1/XM_067095929.1/XM_067131758.1/XM_067091789.1/XM_067082755.1/XM_067131912.1/XM_067131759.1/XM_067088091.1/XM_067134673.1/XM_067082287.1/XM_067121682.1/XM_067097617.1/XM_067108459.1/XM_067132535.1/XM_067131433.1/XM_067132885.1/XM_067131761.1/XM_067095198.1/XM_067104074.1/XM_067100505.1/EU077526.1/XM_067085050.1/XM_067100504.1/XM_067097499.1/XM_067100133.1/XM_067105698.1/XM_067091790.1/XM_067100816.1/XM_067100502.1/XM_067130961.1/XM_067133773.1/JP354836.1/XM_067116521.1/XM_067109842.1/XM_067131126.1/XM_067109841.1/XM_067091791.1/XM_067108539.1/XM_067134410.1/XM_067133248.1/XM_067081496.1/XM_067081494.1/XM_067098464.1/XM_067129308.1/XM_067091793.1/XM_067129557.1/XM_067092972.1/XM_067123316.1/XM_067132745.1/XM_067095819.1/XM_067132886.1
GO:0007349	GO:0007349	37	0.357303190917328	1.10277298016517	0.32995951417004	0.735198680461838	0.632390242362542	8442	tags=65%, list=47%, signal=35%	XM_067089823.1/XM_067110066.1/XM_067120904.1/XM_067107226.1/XM_067120926.1/XM_067134690.1/XM_067116428.1/XM_067120927.1/XM_067134688.1/XM_067094352.1/GH624156.1/XM_067110080.1/XM_067116749.1/XM_067120922.1/XM_067120920.1/JP353649.1/XM_067095299.1/XM_067106355.1/XM_067120894.1/XM_067134692.1/XM_067123916.1/XM_067095283.1/XM_067134691.1/XM_067110075.1
GO:0016360	GO:0016360	11	0.446559092874891	1.13151107034107	0.330802603036876	0.735986856460743	0.633068201700905	7864	tags=73%, list=44%, signal=41%	XM_067084260.1/XM_067096670.1/XM_067113372.1/XM_067096669.1/XM_067113361.1/XM_067096672.1/XM_067130820.1/XM_067131551.1
GO:0007084	GO:0007084	11	0.445790935177996	1.12956467858313	0.33297180043384	0.739718741288766	0.636278228614147	8089	tags=73%, list=45%, signal=40%	XM_067118907.1/XM_067105283.1/XM_067091789.1/XM_067091790.1/XM_067081807.1/XM_067091791.1/GH625791.1/XM_067091793.1
GO:0007098	GO:0007098	24	0.37959808171156	1.09909647239065	0.334022750775595	0.740959022369461	0.63734507173297	8862	tags=71%, list=49%, signal=36%	XM_067095794.1/XM_067088398.1/XM_067083900.1/XM_067120822.1/XM_067101339.1/XM_067105114.1/XM_067100505.1/XM_067100504.1/XM_067106639.1/XM_067115287.1/XM_067100502.1/XM_067105136.1/XM_067107011.1/XM_067098337.1/XM_067107010.1/XM_067091133.1/EL696275.1
GO:1901987	GO:1901987	11	0.444709490561993	1.12682446665039	0.337310195227766	0.746028361393782	0.641705526422843	2108	tags=36%, list=12%, signal=32%	XM_067105572.1/XM_067101362.1/XM_067114366.1/XM_067087046.1
GO:0006686	GO:0006686	12	0.432717454422439	1.11452159289303	0.337634408602151	0.746028361393782	0.641705526422843	6710	tags=58%, list=37%, signal=37%	XM_067114790.1/XM_067114787.1/XM_067101159.1/XM_067098761.1/XM_067086231.1/XM_067114789.1/XM_067133130.1
GO:0007173	GO:0007173	26	0.37539068004233	1.10281524411954	0.337796086508754	0.746028361393782	0.641705526422843	7799	tags=58%, list=43%, signal=33%	XM_067120006.1/XM_067116297.1/XM_067126771.1/XM_067133375.1/XM_067095968.1/XM_067133257.1/XM_067133372.1/XM_067082077.1/XM_067116312.1/XM_067129190.1/XM_067129191.1/XM_067129189.1/XM_067131841.1/XM_067116106.1/XM_067093194.1
GO:0035493	GO:0035493	10	0.447291946194854	1.0999831444523	0.340378197997775	0.750628753355798	0.645662610494314	6131	tags=60%, list=34%, signal=40%	XM_067120536.1/XM_067089191.1/XM_067089221.1/XM_067115287.1/XM_067091633.1/XM_067100006.1
GO:0016485	GO:0016485	53	0.335466994937319	1.07625799422055	0.341046277665996	0.751000880834053	0.645982700549448	8911	tags=62%, list=49%, signal=32%	XM_067129614.1/XM_067129330.1/XM_067132331.1/XM_067090495.1/XM_067102272.1/XM_067127377.1/XM_067086662.1/XM_067087173.1/XM_067118685.1/XM_067128305.1/XM_067134109.1/XM_067081244.1/XM_067116482.1/XM_067082893.1/XM_067122003.1/XM_067094082.1/XM_067109856.1/XM_067131272.1/XM_067131865.1/XM_067096805.1/XM_067127375.1/XM_067083375.1/XM_067127262.1/XM_067131863.1/XM_067112301.1/XM_067082033.1/XM_067089964.1/XM_067082896.1/XM_067086661.1/XM_067097325.1/XM_067086663.1/XM_067129329.1/XM_067122002.1
GO:0045880	GO:0045880	22	0.384452416221007	1.09671439342573	0.341968911917098	0.751880331358672	0.646739170800538	8100	tags=64%, list=45%, signal=35%	XM_067113593.1/XM_067125408.1/XM_067088398.1/XM_067116796.1/XM_067087371.1/JP354577.1/XM_067095896.1/XM_067100133.1/XM_067115635.1/XM_067124903.1/JP353912.1/XM_067101084.1/XM_067103817.1/XM_067096274.1
GO:0006307	GO:0006307	11	0.442465532425977	1.12113862683032	0.342733188720174	0.751880331358672	0.646739170800538	4953	tags=45%, list=27%, signal=33%	XM_067102568.1/XM_067118278.1/XM_067097734.1/XM_067102565.1/XM_067104398.1
GO:0007169	GO:0007169	26	0.373839625132383	1.09825858597618	0.342945417095778	0.751880331358672	0.646739170800538	3737	tags=35%, list=21%, signal=27%	XM_067104952.1/XM_067105792.1/XM_067090362.1/XM_067126771.1/XM_067131223.1/XM_067121357.1/XM_067095968.1/XM_067084234.1/XM_067131225.1
GO:0061512	GO:0061512	16	0.406395834829347	1.10043827479378	0.3446088794926	0.752878358084432	0.647597635838303	7692	tags=62%, list=43%, signal=36%	XM_067096238.1/XM_067129605.1/XM_067107390.1/XM_067084335.1/XM_067103889.1/XM_067092091.1/XM_067090709.1/XM_067130465.1/XM_067114860.1/XM_067129453.1
GO:0051560	GO:0051560	10	0.446016567640533	1.09684672555524	0.344827586206897	0.752878358084432	0.647597635838303	8468	tags=80%, list=47%, signal=42%	XM_067108367.1/XM_067104777.1/XM_067115250.1/XM_067094082.1/XM_067130598.1/XM_067104778.1/XM_067103239.1/XM_067108365.1
GO:0071169	GO:0071169	11	0.440981581506084	1.11737852672152	0.344902386117137	0.752878358084432	0.647597635838303	8813	tags=73%, list=49%, signal=37%	XM_067098411.1/XM_067081290.1/XM_067095618.1/XM_067134477.1/XM_067095619.1/XM_067095610.1/XM_067134480.1/XM_067134476.1
GO:0000070	GO:0000070	16	0.405087120599038	1.09689453958202	0.348837209302326	0.759263621983644	0.653089999592594	8813	tags=88%, list=49%, signal=45%	XM_067115091.1/XM_067094842.1/JP355361.1/XM_067131468.1/XM_067128266.1/XM_067125606.1/XM_067092873.1/XM_067134477.1/XM_067091957.1/XM_067126478.1/XM_067134480.1/XM_067125597.1/XM_067092881.1/XM_067134476.1
GO:0035194	GO:0035194	16	0.405021344188159	1.096716430276	0.348837209302326	0.759263621983644	0.653089999592594	8779	tags=62%, list=49%, signal=32%	XM_067103218.1/XM_067112368.1/XM_067103718.1/XM_067112367.1/XM_067112994.1/XM_067096513.1/XM_067085237.1/XM_067103216.1/XM_067131965.1/KY369127.1
GO:0001558	GO:0001558	30	0.365735615532885	1.0992544185786	0.350912778904665	0.762677484787018	0.656026475926124	8532	tags=53%, list=47%, signal=28%	XM_067093953.1/XM_067082934.1/XM_067082931.1/XM_067093925.1/XM_067082755.1/XM_067086671.1/XM_067132885.1/XM_067091651.1/XM_067099728.1/XM_067125449.1/XM_067133029.1/XM_067096309.1/XM_067126312.1/XM_067129557.1/XM_067132886.1/JP351837.1
GO:0048499	GO:0048499	10	0.444066165358376	1.09205028409564	0.351501668520578	0.762854991998485	0.656179160950544	6401	tags=60%, list=36%, signal=39%	XM_067108410.1/XM_067110066.1/XM_067088133.1/XM_067088134.1/XM_067132588.1/XM_067110080.1
GO:0006631	GO:0006631	66	0.326335976054961	1.06593415419257	0.354354354354354	0.767937966785229	0.660551344610195	4315	tags=29%, list=24%, signal=22%	XM_067092518.1/XM_067130846.1/XM_067130848.1/XM_067130111.1/XM_067122690.1/XM_067119026.1/XM_067130847.1/XM_067091683.1/XM_067119017.1/XM_067082340.1/XM_067134278.1/XM_067100276.1/XM_067090230.1/XM_067082333.1/XM_067115588.1/XM_067106695.1/XM_067100047.1/XM_067083343.1/XM_067095934.1
GO:0032482	GO:0032482	13	0.421093902856527	1.09732942468803	0.355220667384284	0.768538354199013	0.661067775273368	5226	tags=46%, list=29%, signal=33%	XM_067081342.1/XM_067121328.1/XM_067117474.1/XM_067111191.1/XM_067086504.1/XM_067107370.1
GO:0007619	GO:0007619	13	-0.272864738670629	-1.02750449863704	0.356164383561644	0.768538354199013	0.661067775273368	2459	tags=38%, list=14%, signal=33%	XM_067091891.1/XM_067105663.1/XM_067094456.1/XM_067094475.1/XM_067094468.1
GO:0002040	GO:0002040	13	-0.272247294409828	-1.02517943912689	0.356164383561644	0.768538354199013	0.661067775273368	3464	tags=54%, list=19%, signal=44%	XM_067096323.1/XM_067101180.1/XM_067095187.1/XM_067125976.1/XM_067095184.1/XM_067125977.1/XM_067083290.1
GO:0006122	GO:0006122	10	0.442868499163011	1.08910497591652	0.35706340378198	0.769374440240828	0.66178694502798	8439	tags=70%, list=47%, signal=37%	XM_067127974.1/EL609486.1/XM_067110740.1/XM_067094863.1/EL609129.1/XM_067116608.1/GH626029.1
GO:0070633	GO:0070633	10	-0.304077212734729	-1.06034717476044	0.359223300970874	0.771610700284024	0.663710491775662	698	tags=60%, list=4%, signal=58%	XM_067128318.1/XM_067128319.1/XM_067109332.1/XM_067107721.1/XM_067107723.1/XM_067100365.1
GO:1904262	GO:1904262	45	0.339673477407008	1.07261749707011	0.35959595959596	0.771610700284024	0.663710491775662	8363	tags=58%, list=46%, signal=31%	XM_067090976.1/XM_067100817.1/XM_067102568.1/XM_067105475.1/XM_067088594.1/XM_067134046.1/XM_067100818.1/XM_067129680.1/XM_067108538.1/XM_067095929.1/XM_067129679.1/XM_067101731.1/XM_067102565.1/XM_067090968.1/XM_067100816.1/XM_067093202.1/XM_067094095.1/XM_067122236.1/XM_067108597.1/XM_067134047.1/XM_067109798.1/XM_067108539.1/XM_067112607.1/XM_067106298.1/XM_067134048.1/XM_067109802.1
GO:0010468	GO:0010468	90	0.316716375906708	1.05689682007352	0.35964035964036	0.771610700284024	0.663710491775662	7604	tags=48%, list=42%, signal=28%	XM_067093849.1/XM_067087864.1/XM_067088157.1/XM_067088156.1/XM_067100817.1/XM_067097012.1/XM_067120818.1/XM_067117646.1/XM_067120815.1/JP353024.1/JP353831.1/XM_067095264.1/XM_067082002.1/XM_067123562.1/XM_067103478.1/XM_067108431.1/XM_067120817.1/XM_067117672.1/XM_067088168.1/XM_067100818.1/XM_067087245.1/XM_067097313.1/XM_067082000.1/XM_067093089.1/XM_067093951.1/XM_067095263.1/XM_067087249.1/XM_067081802.1/XM_067088169.1/XM_067091447.1/XM_067100816.1/XM_067112954.1/XM_067110365.1/JP353441.1/XM_067090407.1/XM_067112953.1/XM_067082003.1/XM_067112946.1/XM_067090771.1/XM_067099371.1/XM_067090769.1/XM_067090770.1/XM_067112955.1
GO:0006812	GO:0006812	12	-0.274050211064208	-0.999103909502233	0.361111111111111	0.772504545497515	0.664479343796505	13083	tags=50%, list=73%, signal=14%	XM_067092193.1/XM_067103364.1/XM_067104233.1/XM_067111715.1/XM_067104230.1/XM_067111712.1
GO:0045454	GO:0045454	25	0.37148052136738	1.08282250510164	0.361197110423117	0.772504545497515	0.664479343796505	6389	tags=44%, list=35%, signal=28%	EL695757.1/EL609946.1/XM_067097991.1/XM_067095460.1/XM_067089670.1/XM_067104096.1/XM_067115427.1/XM_067081640.1/XM_067108989.1/XM_067123455.1/XM_067087858.1
GO:0031290	GO:0031290	14	0.413341565644066	1.08943754724381	0.362087326943557	0.772504545497515	0.664479343796505	7765	tags=64%, list=43%, signal=37%	XM_067095100.1/XM_067128834.1/XM_067112419.1/XM_067105396.1/XM_067119508.1/XM_067107728.1/XM_067103957.1/XM_067112540.1/XM_067107733.1
GO:0032715	GO:0032715	11	-0.282477089697306	-1.0141381544519	0.3625	0.772504545497515	0.664479343796505	12931	tags=45%, list=72%, signal=13%	XM_067134439.1/XM_067085934.1/XM_067102687.1/XM_067085935.1/XM_067129449.1
GO:0000712	GO:0000712	10	0.442023441560115	1.0870268049877	0.362625139043382	0.772504545497515	0.664479343796505	7802	tags=80%, list=43%, signal=45%	XM_067081159.1/XM_067118727.1/XM_067111644.1/XM_067084575.1/XM_067127123.1/XM_067129574.1/XM_067129649.1/XM_067084560.1
GO:0030166	GO:0030166	21	0.382250510134972	1.0814035211609	0.364389233954451	0.775164650449073	0.66676746598678	1834	tags=19%, list=10%, signal=17%	XM_067086872.1/XM_067105396.1/XM_067091162.1/XM_067115637.1
GO:0030720	GO:0030720	12	0.424800225031684	1.09412971125826	0.365591397849462	0.776623534414677	0.668022343082054	7380	tags=50%, list=41%, signal=30%	XM_067090798.1/XM_067088168.1/XM_067103769.1/XM_067088169.1/XM_067110365.1/XM_067130820.1
GO:0008333	GO:0008333	46	0.339413368571212	1.07370934557557	0.368686868686869	0.782094570528985	0.672728322494487	7411	tags=52%, list=41%, signal=31%	XM_067112136.1/XM_067134577.1/XM_067128238.1/XM_067112137.1/XM_067108753.1/XM_067089191.1/XM_067092941.1/XM_067118946.1/XM_067122678.1/XM_067089221.1/XM_067126028.1/XM_067118945.1/XM_067118950.1/XM_067128018.1/XM_067110806.1/XM_067101208.1/XM_067134581.1/XM_067126438.1/JP353036.1/XM_067100006.1/XM_067101207.1/XM_067118948.1/XM_067126029.1/XM_067118395.1
GO:0034501	GO:0034501	18	0.392653879676328	1.08586669260975	0.374220374220374	0.791802199868384	0.681078459993172	8649	tags=72%, list=48%, signal=38%	XM_067120904.1/XM_067084559.1/XM_067119463.1/XM_067120926.1/XM_067116598.1/XM_067120927.1/XM_067092873.1/XM_067120922.1/XM_067120920.1/XM_067095299.1/XM_067120894.1/XM_067095283.1/XM_067092881.1
GO:0045663	GO:0045663	10	0.438129479546143	1.07745074931099	0.374860956618465	0.791802199868384	0.681078459993172	7032	tags=70%, list=39%, signal=43%	XM_067130824.1/XM_067120859.1/XM_067097995.1/XM_067120858.1/XM_067128377.1/XM_067128387.1/XM_067128378.1
GO:0006098	GO:0006098	10	0.43776329069171	1.07655021539575	0.374860956618465	0.791802199868384	0.681078459993172	4314	tags=40%, list=24%, signal=30%	XM_067114129.1/XM_067120407.1/XM_067123764.1/XM_067106589.1
GO:0048015	GO:0048015	15	0.409076392653836	1.09276337122498	0.375531914893617	0.791802199868384	0.681078459993172	6864	tags=47%, list=38%, signal=29%	XM_067119762.1/XM_067116297.1/XM_067097286.1/XM_067131953.1/XM_067122022.1/XM_067129236.1/XM_067130940.1
GO:0008088	GO:0008088	11	0.433651285670348	1.09880470072772	0.376355748373102	0.791802199868384	0.681078459993172	7686	tags=64%, list=43%, signal=37%	XM_067120904.1/XM_067120926.1/XM_067120927.1/XM_067104422.1/XM_067120922.1/XM_067120920.1/XM_067120894.1
GO:0007094	GO:0007094	20	0.381618756155707	1.07299742686246	0.376421923474664	0.791802199868384	0.681078459993172	6511	tags=55%, list=36%, signal=35%	XM_067084559.1/XM_067119463.1/XM_067116598.1/XM_067116781.1/XM_067084661.1/XM_067125606.1/XM_067092873.1/XM_067101463.1/XM_067112917.1/XM_067125538.1/XM_067098604.1
GO:0007200	GO:0007200	15	0.406226355629606	1.08515008401838	0.381914893617021	0.802234636871508	0.690052049772595	9095	tags=60%, list=50%, signal=30%	XM_067088672.1/XM_067119824.1/XM_067105302.1/XM_067081039.1/XM_067119869.1/JP352337.1/XM_067089339.1/XM_067096130.1/XM_067094488.1
GO:0034497	GO:0034497	15	0.405609179975554	1.08350142630928	0.382978723404255	0.802272980501393	0.690085031520305	8928	tags=80%, list=50%, signal=40%	XM_067081342.1/XM_067127274.1/XM_067127885.1/XM_067082280.1/XM_067127276.1/XM_067109856.1/JP354710.1/XM_067126484.1/XM_067115425.1/XM_067127880.1/XM_067129274.1/XM_067115424.1
GO:0072659	GO:0072659	81	0.316925351766143	1.05236030358735	0.383	0.802272980501393	0.690085031520305	7293	tags=48%, list=40%, signal=29%	XM_067125824.1/XM_067098124.1/XM_067110066.1/XM_067121385.1/XM_067095058.1/JP351889.1/XM_067083071.1/XM_067120245.1/XM_067099991.1/XM_067132464.1/XM_067133963.1/XM_067082755.1/XM_067105182.1/XM_067094346.1/XM_067120071.1/XM_067119738.1/XM_067087586.1/XM_067118533.1/XM_067133412.1/XM_067119729.1/XM_067112878.1/XM_067081426.1/XM_067103889.1/XM_067121962.1/XM_067105264.1/XM_067081420.1/XM_067098118.1/XM_067121382.1/XM_067118531.1/XM_067099642.1/XM_067090151.1/XM_067110080.1/XM_067131053.1/XM_067116749.1/XM_067097500.1/XM_067097506.1/XM_067108597.1/XM_067101084.1/XM_067118532.1
GO:0032480	GO:0032480	10	0.434937561514435	1.06960116457507	0.384872080088988	0.804085591404471	0.691644171217872	7495	tags=70%, list=42%, signal=41%	XM_067114157.1/XM_067085796.1/XM_067115587.1/XM_067120824.1/XM_067118320.1/XM_067081807.1/GH625791.1
GO:0045542	GO:0045542	11	0.431049353745566	1.09221181117706	0.385032537960954	0.804085591404471	0.691644171217872	5132	tags=45%, list=28%, signal=33%	XM_067130440.1/XM_067089921.1/XM_067115240.1/JP355704.1/XM_067132651.1
GO:0031398	GO:0031398	39	0.344234213215014	1.07104267133003	0.385469223007064	0.804085591404471	0.691644171217872	7769	tags=49%, list=43%, signal=28%	XM_067089630.1/XM_067104394.1/XM_067117782.1/XM_067116704.1/JP355213.1/XM_067115587.1/XM_067091698.1/XM_067103238.1/XM_067127123.1/XM_067082949.1/XM_067090542.1/XM_067084854.1/XM_067112237.1/XM_067099997.1/XM_067085532.1/XM_067117781.1/XM_067092887.1/XM_067112607.1/XM_067085210.1
GO:0061060	GO:0061060	11	0.429840217941991	1.08914804969707	0.387201735357918	0.806580900246964	0.693790541995744	2666	tags=27%, list=15%, signal=23%	XM_067090217.1/XM_067128293.1/XM_067090216.1
GO:0009653	GO:0009653	22	0.374571763375407	1.06852818952896	0.38860103626943	0.807093596059113	0.694231543642672	7016	tags=45%, list=39%, signal=28%	XM_067127377.1/XM_067133208.1/XM_067126021.1/XM_067119504.1/XM_067116265.1/XM_067119505.1/XM_067116266.1/XM_067127375.1/XM_067133211.1/XM_067104264.1
GO:0001678	GO:0001678	11	-0.299586481092834	-1.07556361954802	0.389056827751932	0.807093596059113	0.694231543642672	1198	tags=55%, list=7%, signal=51%	XM_067081489.1/XM_067092528.1/XM_067092529.1/XM_067130830.1/XM_067130822.1/XM_067081485.1
GO:0043001	GO:0043001	32	0.353036805338127	1.07131055537052	0.389057750759878	0.807093596059113	0.694231543642672	7214	tags=53%, list=40%, signal=32%	XM_067125824.1/XM_067089191.1/XM_067099469.1/XM_067125408.1/XM_067089221.1/XM_067094346.1/XM_067130915.1/XM_067103688.1/XM_067099462.1/XM_067124103.1/XM_067109236.1/XM_067100006.1/XM_067116749.1/XM_067090709.1/XM_067103687.1/XM_067118400.1/XM_067095821.1
GO:0006695	GO:0006695	19	0.38462734307107	1.06938359022803	0.389989572471324	0.807912282364837	0.694935746798982	4996	tags=37%, list=28%, signal=27%	XM_067125561.1/XM_067095254.1/XM_067095812.1/XM_067084337.1/XM_067091581.1/XM_067132644.1/XM_067104521.1
GO:0000212	GO:0000212	13	0.40883024122854	1.06537152487633	0.390742734122713	0.808359108831582	0.695320090113391	4347	tags=46%, list=24%, signal=35%	XM_067101112.1/XM_067102176.1/XM_067102175.1/XM_067083900.1/JP354810.1/XM_067134731.1
GO:0034587	GO:0034587	18	0.387401671932634	1.07134194767091	0.393970893970894	0.813917890840968	0.700101545243246	7199	tags=56%, list=40%, signal=33%	XM_067134642.1/XM_067115146.1/XM_067134641.1/XM_067126376.1/XM_067081135.1/XM_067087308.1/XM_067090509.1/XM_067126377.1/XM_067119509.1/XM_067096513.1
GO:0045943	GO:0045943	18	0.386932703337212	1.07004503605483	0.397089397089397	0.81923518960556	0.704675285571972	8729	tags=61%, list=48%, signal=32%	XM_067113447.1/XM_067103389.1/XM_067084318.1/XM_067084302.1/JP355629.1/XM_067091259.1/XM_067089357.1/XM_067117493.1/XM_067107647.1/XM_067123960.1/XM_067110802.1
GO:0051489	GO:0051489	26	0.363111119970132	1.06674059773467	0.398558187435633	0.820033735565071	0.705362164760269	8850	tags=62%, list=49%, signal=31%	XM_067103852.1/XM_067103854.1/XM_067134690.1/XM_067120939.1/XM_067105182.1/XM_067103850.1/XM_067134436.1/XM_067105264.1/XM_067134688.1/XM_067130820.1/XM_067110647.1/XM_067134692.1/XM_067123916.1/XM_067134691.1/XM_067134437.1/XM_067134681.1
GO:0019682	GO:0019682	13	0.407083808245474	1.0608204917515	0.399354144241119	0.820033735565071	0.705362164760269	2877	tags=15%, list=16%, signal=13%	XM_067114129.1/XM_067128868.1
GO:0007472	GO:0007472	19	0.381809028250112	1.0615477988421	0.399374348279458	0.820033735565071	0.705362164760269	6751	tags=53%, list=37%, signal=33%	XM_067096073.1/XM_067085773.1/XM_067133046.1/XM_067085784.1/XM_067133208.1/XM_067129190.1/XM_067129191.1/XM_067129189.1/XM_067091877.1/XM_067133211.1
GO:0010867	GO:0010867	11	-0.279089141905026	-1.00197487733402	0.4	0.820033735565071	0.705362164760269	12992	tags=45%, list=72%, signal=13%	XM_067082520.1/XM_067117015.1/XM_067117020.1/XM_067082526.1/XM_067082535.1
GO:0007265	GO:0007265	32	0.350732921349872	1.0643192864783	0.400202634245187	0.820033735565071	0.705362164760269	7190	tags=53%, list=40%, signal=32%	XM_067123409.1/XM_067110139.1/XM_067130155.1/XM_067091344.1/XM_067115481.1/XM_067095812.1/XM_067110245.1/XM_067132617.1/XM_067129190.1/XM_067115483.1/XM_067095542.1/XM_067129191.1/XM_067129189.1/XM_067131841.1/XM_067097921.1/JP354457.1/XM_067131126.1
GO:0008587	GO:0008587	19	0.380884370989373	1.05897696419128	0.401459854014599	0.821490640051641	0.706615339182158	7380	tags=37%, list=41%, signal=22%	XM_067090798.1/XM_067104418.1/XM_067084260.1/XM_067125902.1/XM_067086028.1/XM_067118400.1/XM_067130820.1
GO:0001561	GO:0001561	12	-0.306388674847536	-1.11700013540826	0.403010546690482	0.821644120707596	0.70674735746755	3754	tags=67%, list=21%, signal=53%	XM_067095920.1/XM_067094857.1/XM_067095922.1/XM_067090231.1/XM_067095923.1/XM_067090232.1/XM_067105975.1/XM_067094856.1
GO:0014823	GO:0014823	20	0.374002381343997	1.05158246639954	0.403309203722854	0.821644120707596	0.70674735746755	7052	tags=45%, list=39%, signal=27%	XM_067116297.1/XM_067129306.1/XM_067116523.1/EU077526.1/XM_067083830.1/JP354683.1/XM_067117008.1/XM_067085532.1/XM_067128127.1
GO:0042675	GO:0042675	11	0.421946331962191	1.06914617420809	0.403470715835141	0.821644120707596	0.70674735746755	3568	tags=27%, list=20%, signal=22%	XM_067106590.1/XM_067095215.1/XM_067095968.1
GO:0009968	GO:0009968	14	0.401428273610954	1.05803787992042	0.40468583599574	0.821644120707596	0.70674735746755	5903	tags=50%, list=33%, signal=34%	XM_067100817.1/XM_067111925.1/XM_067131183.1/XM_067100818.1/XM_067110245.1/XM_067116312.1/XM_067100816.1
GO:0001666	GO:0001666	41	0.336678456891822	1.05380031536171	0.405241935483871	0.821644120707596	0.70674735746755	8590	tags=56%, list=48%, signal=29%	XM_067131636.1/XM_067088758.1/XM_067100817.1/XM_067088757.1/XM_067129306.1/XM_067088755.1/XM_067100818.1/XM_067134171.1/XM_067095934.1/XM_067092050.1/EU077526.1/XM_067099655.1/XM_067100816.1/XM_067097007.1/XM_067134166.1/XM_067134174.1/XM_067134173.1/XM_067097008.1/XM_067134172.1/XM_067129308.1/XM_067107239.1/XM_067134160.1/XM_067092051.1
GO:0007476	GO:0007476	73	0.317390142440996	1.04523712446306	0.405594405594406	0.821644120707596	0.70674735746755	8100	tags=49%, list=45%, signal=27%	XM_067096073.1/XM_067124177.1/XM_067091124.1/XM_067089823.1/XM_067107226.1/XM_067090798.1/XM_067103814.1/XM_067132636.1/XM_067096670.1/XM_067099469.1/XM_067133208.1/XM_067129593.1/XM_067084234.1/XM_067120193.1/XM_067094809.1/XM_067123843.1/XM_067133257.1/XM_067096669.1/XM_067125299.1/XM_067118992.1/XM_067099462.1/XM_067129190.1/XM_067129191.1/XM_067125300.1/XM_067096672.1/XM_067129189.1/XM_067133211.1/XM_067090367.1/JP353912.1/JP353649.1/XM_067130820.1/XM_067094808.1/XM_067093194.1/XM_067128790.1/XM_067101841.1/XM_067096274.1
GO:0000902	GO:0000902	28	0.355485936056723	1.05890962357728	0.405930470347648	0.821644120707596	0.70674735746755	5584	tags=46%, list=31%, signal=32%	XM_067084610.1/XM_067121591.1/XM_067130034.1/XM_067082053.1/XM_067121705.1/XM_067093449.1/XM_067096238.1/XM_067121598.1/XM_067084838.1/XM_067121596.1/XM_067115587.1/XM_067134193.1/XM_067102975.1
GO:0050650	GO:0050650	20	0.372831476211501	1.04829023253	0.40641158221303	0.821644120707596	0.70674735746755	2027	tags=25%, list=11%, signal=22%	XM_067104003.1/XM_067091162.1/XM_067122136.1/XM_067115637.1/XM_067107022.1
GO:0006650	GO:0006650	12	0.413674071093593	1.06547281590282	0.406451612903226	0.821644120707596	0.70674735746755	1542	tags=25%, list=9%, signal=23%	XM_067119026.1/XM_067119017.1/XM_067092927.1
GO:0007338	GO:0007338	10	-0.288436237806898	-1.00580555545899	0.407766990291262	0.823196715970548	0.708082841494823	1830	tags=40%, list=10%, signal=36%	XM_067104226.1/XM_067104224.1/XM_067104225.1/XM_067100534.1
GO:0034332	GO:0034332	13	-0.260855256242018	-0.982281369837701	0.410958904109589	0.825174825174825	0.709784336604045	2150	tags=31%, list=12%, signal=27%	XM_067084286.1/XM_067084275.1/XM_067092619.1/XM_067084258.1
GO:0030182	GO:0030182	49	0.326566651938166	1.04127970475227	0.411468812877264	0.825174825174825	0.709784336604045	6201	tags=39%, list=34%, signal=25%	XM_067126830.1/XM_067100817.1/XM_067088107.1/XM_067103490.1/XM_067134278.1/XM_067087046.1/XM_067107798.1/XM_067121191.1/XM_067100818.1/XM_067121296.1/XM_067112148.1/XM_067116850.1/XM_067120233.1/XM_067104074.1/XM_067127548.1/XM_067125299.1/XM_067100816.1/JP354448.1/XM_067125300.1
GO:0046580	GO:0046580	10	0.427741703454568	1.05190506554386	0.411568409343715	0.825174825174825	0.709784336604045	5943	tags=50%, list=33%, signal=34%	XM_067084369.1/XM_067131187.1/XM_067100505.1/XM_067100504.1/XM_067100502.1
GO:0031032	GO:0031032	15	0.399538958063811	1.06728607807731	0.411702127659574	0.825174825174825	0.709784336604045	9957	tags=87%, list=55%, signal=39%	XM_067110181.1/XM_067133412.1/XM_067107986.1/XM_067106924.1/XM_067118318.1/XM_067099582.1/XM_067099594.1/XM_067106921.1/XM_067099572.1/XM_067133414.1/XM_067106923.1/XM_067133410.1/XM_067121967.1
GO:0008347	GO:0008347	21	0.374376505110558	1.05912761430591	0.412008281573499	0.825174825174825	0.709784336604045	8850	tags=71%, list=49%, signal=36%	XM_067090798.1/XM_067134690.1/XM_067112148.1/XM_067121778.1/XM_067101208.1/XM_067134688.1/XM_067101207.1/XM_067130820.1/XM_067094407.1/XM_067131551.1/XM_067134692.1/XM_067097083.1/XM_067096278.1/XM_067134691.1/XM_067134681.1
GO:1902176	GO:1902176	11	0.418756347531381	1.06106325135361	0.412147505422993	0.825174825174825	0.709784336604045	10355	tags=91%, list=57%, signal=39%	XM_067129306.1/EU077526.1/GH624168.1/XM_067116582.1/XM_067129308.1/XM_067132605.1/XM_067132604.1/XM_067132606.1/XM_067088596.1/XM_067114340.1
GO:0048477	GO:0048477	121	0.301893294279287	1.02714479376392	0.412587412587413	0.825174825174825	0.709784336604045	7641	tags=44%, list=42%, signal=25%	XM_067130934.1/XM_067084583.1/XM_067119871.1/XM_067088157.1/XM_067088156.1/XM_067098820.1/XM_067098814.1/XM_067129983.1/XM_067082957.1/XM_067128265.1/XM_067114226.1/XM_067090798.1/XM_067101614.1/XM_067130933.1/XM_067094831.1/XM_067121851.1/XM_067108441.1/XM_067090806.1/XM_067088168.1/XM_067119872.1/XM_067083900.1/XM_067106210.1/XM_067121296.1/XM_067126315.1/XM_067084359.1/XM_067094809.1/XM_067094832.1/XM_067114207.1/XM_067104074.1/XM_067112420.1/XM_067098823.1/XM_067084575.1/XM_067101208.1/XM_067134075.1/XM_067101463.1/XM_067088169.1/XM_067114704.1/XM_067098817.1/XM_067094352.1/XM_067094951.1/XM_067101613.1/XM_067116487.1/XM_067110365.1/XM_067108002.1/XM_067118320.1/XM_067123423.1/XM_067101207.1/XM_067128531.1/JP353912.1/XM_067130820.1/XM_067104111.1/XM_067094808.1/XM_067103817.1
GO:0035278	GO:0035278	15	0.397497983410935	1.06183403444362	0.414893617021277	0.826903876311607	0.711271601334662	8779	tags=80%, list=49%, signal=41%	XM_067103218.1/XM_067112368.1/XM_067125279.1/XM_067112357.1/XM_067112367.1/XM_067112994.1/XM_067133962.1/XM_067085237.1/XM_067103216.1/XM_067119542.1/XM_067125280.1/KY369127.1
GO:0007157	GO:0007157	16	0.387761135928982	1.0499792539285	0.415433403805497	0.826903876311607	0.711271601334662	2080	tags=25%, list=12%, signal=22%	XM_067131385.1/XM_067091124.1/XM_067122663.1/XM_067103814.1
GO:0007527	GO:0007527	15	0.396833076275984	1.06005787190922	0.415957446808511	0.826903876311607	0.711271601334662	3121	tags=27%, list=17%, signal=22%	XM_067118710.1/XM_067118712.1/XM_067118709.1/XM_067083900.1
GO:0061157	GO:0061157	19	-0.226552924580734	-1.01003290952943	0.416076581766801	0.826903876311607	0.711271601334662	3451	tags=47%, list=19%, signal=38%	XM_067085388.1/XM_067102157.1/XM_067085390.1/XM_067085393.1/XM_067084479.1/XM_067084468.1/JP354205.1/XM_067084481.1/XM_067085391.1
GO:0010592	GO:0010592	13	0.4018611558878	1.04721077176241	0.416576964477933	0.826903876311607	0.711271601334662	7551	tags=54%, list=42%, signal=31%	XM_067130824.1/XM_067116297.1/XM_067123908.1/XM_067092558.1/XM_067101084.1/XM_067119115.1/XM_067127246.1
GO:0006635	GO:0006635	39	0.337711225329745	1.05074719196892	0.416750756811302	0.826903876311607	0.711271601334662	8726	tags=56%, list=48%, signal=29%	XM_067092518.1/XM_067106478.1/XM_067089678.1/XM_067089723.1/XM_067096168.1/XM_067119754.1/XM_067095934.1/XM_067132327.1/XM_067131022.1/XM_067120999.1/XM_067089717.1/XM_067106479.1/XM_067083830.1/XM_067085987.1/XM_067106840.1/XM_067108597.1/XM_067131020.1/XM_067099512.1/XM_067094605.1/XM_067117271.1/XM_067101129.1/XM_067098982.1
GO:0006911	GO:0006911	13	0.400619349576999	1.04397474626937	0.418729817007535	0.82973602737725	0.713707711118869	6139	tags=54%, list=34%, signal=36%	XM_067089191.1/XM_067093686.1/XM_067107746.1/XM_067089221.1/XM_067094065.1/XM_067100006.1/XM_067107745.1
GO:0006412	GO:0006412	173	0.295629428255519	1.02482816221778	0.41958041958042	0.830327567169672	0.714216531391047	7548	tags=32%, list=42%, signal=19%	XM_067131636.1/XM_067095452.1/XM_067099102.1/XM_067081662.1/XM_067105589.1/XM_067112368.1/XM_067109843.1/XM_067081389.1/XM_067123478.1/XM_067125530.1/XM_067107761.1/XM_067085359.1/XM_067124857.1/XM_067091198.1/XM_067098150.1/XM_067127014.1/XM_067101881.1/XM_067110869.1/XM_067105261.1/XM_067103667.1/XM_067127012.1/XM_067098151.1/XM_067129167.1/XM_067130275.1/XM_067089711.1/XM_067125794.1/JP355664.1/XM_067117941.1/XM_067110006.1/XM_067097743.1/XM_067105076.1/XM_067095497.1/XM_067114370.1/XM_067129700.1/XM_067132041.1/XM_067126266.1/XM_067121274.1/XM_067094305.1/XM_067109557.1/JP353062.1/XM_067132291.1/XM_067115640.1/XM_067105259.1/XM_067131248.1/XM_067112367.1/GH624825.1/XM_067116521.1/XM_067117385.1/XM_067114369.1/XM_067112994.1/XM_067086649.1/XM_067109842.1/XM_067109841.1/XM_067129703.1/XM_067125529.1/XM_067097853.1
GO:0032481	GO:0032481	27	-0.196250805030146	-1.025207267219	0.420771996569073	0.830946027796421	0.714748507951989	1984	tags=30%, list=11%, signal=26%	XM_067111406.1/XM_067105853.1/XM_067111395.1/XM_067111400.1/XM_067105851.1/XM_067133531.1/XM_067099201.1/XM_067099199.1
GO:0030030	GO:0030030	18	0.38123930527578	1.05430019908092	0.420997920997921	0.830946027796421	0.714748507951989	9189	tags=72%, list=51%, signal=35%	XM_067095794.1/XM_067129285.1/XM_067134690.1/XM_067116796.1/XM_067115587.1/XM_067134688.1/XM_067131235.1/XM_067134692.1/XM_067098636.1/XM_067116661.1/XM_067134691.1/XM_067134681.1/XM_067091699.1
GO:0010719	GO:0010719	11	0.413490295851303	1.04771989799216	0.424078091106291	0.833936943765968	0.717321181332849	3717	tags=27%, list=21%, signal=22%	XM_067095474.1/XM_067113477.1/XM_067097106.1
GO:0010824	GO:0010824	11	0.412820746691155	1.04602336488169	0.424078091106291	0.833936943765968	0.717321181332849	6629	tags=55%, list=37%, signal=34%	JP354235.1/XM_067120821.1/XM_067102058.1/XM_067089684.1/XM_067123913.1/XM_067101583.1
GO:0043547	GO:0043547	21	0.372373987101163	1.05346240269957	0.424430641821946	0.833936943765968	0.717321181332849	3843	tags=29%, list=21%, signal=23%	XM_067120006.1/XM_067111925.1/XM_067108971.1/XM_067117978.1/XM_067084838.1/XM_067129872.1
GO:0071218	GO:0071218	12	0.407031671043565	1.0483644274874	0.424731182795699	0.833936943765968	0.717321181332849	7889	tags=58%, list=44%, signal=33%	XM_067116704.1/XM_067081360.1/JP355213.1/XM_067100267.1/XM_067101279.1/XM_067101275.1/XM_067106298.1
GO:0034728	GO:0034728	15	0.394231714246271	1.05310886875867	0.426595744680851	0.834684621235597	0.717964305360127	9508	tags=87%, list=53%, signal=41%	XM_067095264.1/XM_067134275.1/XM_067095263.1/XM_067134206.1/XM_067115443.1/XM_067134187.1/XM_067100202.1/XM_067115454.1/XM_067115435.1/XM_067088682.1/XM_067105644.1/XM_067134284.1/XM_067110113.1
GO:0050905	GO:0050905	16	-0.236957031007388	-0.984466733480435	0.426875879960185	0.834684621235597	0.717964305360127	11237	tags=94%, list=62%, signal=35%	XM_067134438.1/XM_067112237.1/XM_067093648.1/XM_067093647.1/XM_067092195.1/XM_067132205.1/XM_067092197.1/XM_067091228.1/XM_067092181.1/XM_067092196.1/XM_067092193.1/XM_067134439.1/XM_067085934.1/XM_067085935.1/XM_067100534.1
GO:0016126	GO:0016126	10	-0.284055643126559	-0.990529990574355	0.427184466019417	0.834684621235597	0.717964305360127	3471	tags=60%, list=19%, signal=48%	XM_067086994.1/XM_067128406.1/XM_067128410.1/XM_067128411.1/XM_067086996.1/XM_067086995.1
GO:0051209	GO:0051209	11	0.411379943493903	1.04237259437027	0.427331887201735	0.834684621235597	0.717964305360127	532	tags=18%, list=3%, signal=18%	XM_067119762.1/XM_067112769.1
GO:0034058	GO:0034058	10	0.421616033075707	1.03684077873401	0.4293659621802	0.83756991844231	0.720446129455207	7047	tags=60%, list=39%, signal=37%	XM_067134577.1/XM_067110236.1/XM_067134581.1/XM_067126438.1/JP353036.1/XM_067107020.1
GO:0032465	GO:0032465	19	0.370861084756392	1.03110911233206	0.43274244004171	0.841915347750795	0.72418390424533	6561	tags=47%, list=36%, signal=30%	XM_067101112.1/XM_067095264.1/XM_067129278.1/XM_067090271.1/XM_067095263.1/XM_067115287.1/XM_067101539.1/XM_067122022.1/PQ202739.1
GO:0070373	GO:0070373	17	0.38436682354502	1.04963513253168	0.432946145723337	0.841915347750795	0.72418390424533	10024	tags=76%, list=56%, signal=34%	EL609839.1/XM_067082046.1/XM_067113477.1/XM_067116636.1/XM_067081503.1/XM_067099997.1/XM_067131436.1/XM_067099352.1/XM_067113478.1/XM_067101402.1/PP645730.1/XM_067113482.1/XM_067082047.1
GO:0031589	GO:0031589	11	0.408401328404205	1.03482524844886	0.433839479392625	0.841915347750795	0.72418390424533	2080	tags=18%, list=12%, signal=16%	XM_067091124.1/XM_067103814.1
GO:0008258	GO:0008258	15	0.391279824045157	1.04522350175734	0.435106382978723	0.841915347750795	0.72418390424533	1792	tags=20%, list=10%, signal=18%	XM_067091388.1/XM_067085798.1/XM_067085797.1
GO:0061564	GO:0061564	14	0.393769494809059	1.03785176295002	0.435569755058573	0.841915347750795	0.72418390424533	6799	tags=43%, list=38%, signal=27%	XM_067115023.1/XM_067082971.1/XM_067133412.1/XM_067109308.1/XM_067128716.1/XM_067109307.1
GO:0030511	GO:0030511	12	0.4047047813571	1.04237121234588	0.436559139784946	0.841915347750795	0.72418390424533	3674	tags=33%, list=20%, signal=27%	XM_067092134.1/XM_067082583.1/XM_067081637.1/XM_067082582.1
GO:0043542	GO:0043542	11	-0.271915564543514	-0.976220581599743	0.4375	0.841915347750795	0.72418390424533	823	tags=45%, list=5%, signal=43%	XM_067106316.1/JP352604.1/XM_067106313.1/XM_067106314.1/XM_067122653.1
GO:0007612	GO:0007612	14	0.393520387490632	1.03719519489942	0.437699680511182	0.841915347750795	0.72418390424533	1649	tags=21%, list=9%, signal=19%	XM_067130966.1/XM_067110066.1/XM_067095118.1
GO:0015914	GO:0015914	14	0.393313577156615	1.03665010831301	0.438764643237487	0.841915347750795	0.72418390424533	1074	tags=21%, list=6%, signal=20%	XM_067112960.1/XM_067112962.1/XM_067112961.1
GO:0010628	GO:0010628	123	0.298339295476937	1.01670418274345	0.43956043956044	0.841915347750795	0.72418390424533	7577	tags=45%, list=42%, signal=26%	JP353236.1/XM_067087091.1/XM_067130824.1/XM_067114790.1/XM_067115102.1/XM_067114787.1/XM_067097012.1/XM_067095119.1/XM_067094996.1/XM_067120174.1/XM_067105396.1/XM_067096933.1/XM_067095965.1/XM_067121357.1/XM_067101137.1/XM_067082583.1/XM_067117672.1/XM_067122678.1/XM_067111423.1/XM_067093480.1/XM_067122056.1/LT574898.1/XM_067133612.1/XM_067093469.1/XM_067119736.1/XM_067082582.1/XM_067116482.1/XM_067098233.1/XM_067084359.1/XM_067097617.1/XM_067133897.1/XM_067094999.1/XM_067131895.1/GH624168.1/XM_067098538.1/XM_067095985.1/XM_067111309.1/XM_067093104.1/XM_067098539.1/XM_067130961.1/XM_067114789.1/XM_067108797.1/XM_067116582.1/XM_067131896.1/XM_067133161.1/XM_067129236.1/XM_067128716.1/XM_067090367.1/JP353912.1/XM_067108800.1/XM_067128744.1/XM_067130820.1/XM_067111372.1/XM_067132854.1/XM_067084259.1
GO:0051493	GO:0051493	13	0.394117690496017	1.02703206015956	0.440258342303552	0.841915347750795	0.72418390424533	9176	tags=69%, list=51%, signal=34%	XM_067128466.1/XM_067134690.1/XM_067082971.1/XM_067134688.1/XM_067124439.1/XM_067134692.1/XM_067134691.1/XM_067134681.1/XM_067117476.1
GO:0009247	GO:0009247	17	0.381273196956289	1.04118700705477	0.440337909186906	0.841915347750795	0.72418390424533	7438	tags=59%, list=41%, signal=35%	XM_067103852.1/XM_067103854.1/XM_067105635.1/XM_067118809.1/XM_067086680.1/XM_067103850.1/XM_067118807.1/XM_067118808.1/XM_067134438.1/XM_067110647.1
GO:0007413	GO:0007413	11	0.40520514552187	1.02672661968528	0.441431670281996	0.841915347750795	0.72418390424533	4612	tags=45%, list=26%, signal=34%	XM_067128834.1/XM_067081354.1/XM_067112419.1/XM_067119508.1/XM_067107728.1
GO:0000447	GO:0000447	13	0.393749979672503	1.0260738418057	0.443487621097955	0.841915347750795	0.72418390424533	8149	tags=54%, list=45%, signal=30%	XM_067093517.1/XM_067111422.1/XM_067105521.1/XM_067105698.1/XM_067096283.1/XM_067093521.1/XM_067110370.1
GO:0043328	GO:0043328	17	0.380571291225353	1.03927023154298	0.44350580781415	0.841915347750795	0.72418390424533	5721	tags=47%, list=32%, signal=32%	XM_067089351.1/XM_067128238.1/XM_067129553.1/XM_067124608.1/XM_067104450.1/XM_067098538.1/XM_067089350.1/XM_067098539.1
GO:0016055	GO:0016055	87	0.306014039743316	1.02021658587732	0.443556443556444	0.841915347750795	0.72418390424533	8884	tags=56%, list=49%, signal=29%	XM_067092950.1/XM_067112653.1/XM_067128293.1/XM_067102038.1/XM_067112689.1/XM_067116599.1/XM_067112647.1/XM_067132650.1/XM_067125832.1/XM_067104418.1/XM_067132547.1/XM_067112646.1/XM_067114157.1/XM_067091654.1/XM_067122529.1/XM_067115587.1/XM_067100115.1/XM_067125323.1/XM_067115142.1/XM_067092297.1/XM_067134150.1/XM_067091219.1/XM_067091733.1/XM_067091736.1/XM_067091445.1/XM_067099920.1/XM_067096499.1/XM_067083308.1/XM_067091655.1/XM_067109809.1/XM_067132548.1/XM_067112661.1/XM_067118400.1/XM_067110804.1/XM_067114860.1/XM_067126531.1/XM_067109798.1/XM_067114476.1/XM_067092887.1/XM_067118734.1/XM_067106275.1/XM_067109802.1/XM_067083311.1/XM_067133269.1/XM_067090755.1/XM_067128291.1/XM_067110803.1/XM_067112662.1/JP354182.1
GO:0043517	GO:0043517	10	0.416964514318517	1.02540173478846	0.443826473859844	0.841915347750795	0.72418390424533	9899	tags=70%, list=55%, signal=32%	XM_067113477.1/XM_067113807.1/XM_067116521.1/XM_067113808.1/XM_067099620.1/XM_067113478.1/XM_067113482.1
GO:0043171	GO:0043171	14	-0.252343710403956	-0.964563458978646	0.444444444444444	0.841915347750795	0.72418390424533	10473	tags=93%, list=58%, signal=39%	XM_067133463.1/XM_067134076.1/XM_067107289.1/XM_067097325.1/XM_067107288.1/XM_067095044.1/XM_067111498.1/GH625963.1/XM_067095033.1/XM_067103689.1/XM_067098617.1/XM_067128899.1/XM_067111231.1
GO:0016476	GO:0016476	17	0.380344323457202	1.03865042429426	0.444561774023231	0.841915347750795	0.72418390424533	9766	tags=76%, list=54%, signal=35%	XM_067106590.1/XM_067095215.1/XM_067134690.1/XM_067107206.1/XM_067082543.1/XM_067134688.1/XM_067091877.1/XM_067134692.1/XM_067123916.1/XM_067134691.1/XM_067134681.1/XM_067113724.1/XM_067128095.1
GO:0061003	GO:0061003	20	0.364954478269906	1.02614247803314	0.444674250258532	0.841915347750795	0.72418390424533	5268	tags=40%, list=29%, signal=28%	XM_067123144.1/XM_067123908.1/XM_067123143.1/XM_067122056.1/XM_067133612.1/XM_067123141.1/XM_067108525.1/XM_067123140.1
GO:0003007	GO:0003007	28	0.348557501299573	1.03827143371791	0.44478527607362	0.841915347750795	0.72418390424533	3001	tags=21%, list=17%, signal=18%	XM_067091124.1/XM_067097012.1/XM_067103814.1/XM_067101137.1/XM_067112249.1/XM_067118828.1
GO:0030855	GO:0030855	14	-0.273192919285828	-1.04425787658023	0.446264954647797	0.841915347750795	0.72418390424533	4659	tags=71%, list=26%, signal=53%	XM_067119625.1/XM_067095342.1/XM_067095341.1/XM_067129972.1/XM_067090128.1/XM_067124851.1/XM_067090129.1/XM_067118922.1/XM_067118923.1/XM_067116229.1
GO:2001235	GO:2001235	14	-0.27251039685557	-1.04164898969692	0.446264954647797	0.841915347750795	0.72418390424533	4792	tags=57%, list=27%, signal=42%	XM_067093161.1/XM_067130959.1/XM_067093162.1/XM_067120826.1/XM_067120869.1/XM_067094965.1/XM_067130964.1/XM_067120870.1
GO:0043087	GO:0043087	13	0.392831657406663	1.02368078401783	0.446716899892357	0.841915347750795	0.72418390424533	3843	tags=31%, list=21%, signal=24%	XM_067101879.1/JP354882.1/XM_067082971.1/XM_067129872.1
GO:0051881	GO:0051881	12	0.400859435958874	1.03246701173032	0.447311827956989	0.841915347750795	0.72418390424533	8512	tags=67%, list=47%, signal=35%	EL609839.1/XM_067095460.1/XM_067134071.1/GH624168.1/XM_067116582.1/XM_067123325.1/XM_067131436.1/XM_067123326.1
GO:1900745	GO:1900745	15	0.389355337376427	1.04008263179329	0.447872340425532	0.841915347750795	0.72418390424533	8141	tags=60%, list=45%, signal=33%	XM_067081591.1/XM_067081589.1/XM_067081585.1/XM_067081584.1/XM_067081582.1/XM_067081587.1/XM_067081593.1/XM_067081581.1/XM_067081583.1
GO:0072593	GO:0072593	15	0.389259050240694	1.03982542053168	0.447872340425532	0.841915347750795	0.72418390424533	7318	tags=53%, list=41%, signal=32%	XM_067130034.1/XM_067132636.1/XM_067132597.1/XM_067086340.1/JP353984.1/XM_067108597.1/XM_067115130.1/XM_067091868.1
GO:0034334	GO:0034334	15	0.388934599890365	1.03895871821155	0.447872340425532	0.841915347750795	0.72418390424533	8850	tags=80%, list=49%, signal=41%	XM_067110066.1/XM_067131223.1/XM_067134690.1/XM_067122056.1/XM_067131225.1/XM_067134688.1/XM_067110080.1/XM_067131221.1/XM_067134692.1/XM_067134691.1/XM_067110075.1/XM_067134681.1
GO:0042692	GO:0042692	16	0.381437651764362	1.03285652921425	0.448202959830867	0.841915347750795	0.72418390424533	4322	tags=25%, list=24%, signal=19%	XM_067116599.1/XM_067107798.1/XM_067113807.1/XM_067131433.1
GO:0035973	GO:0035973	12	0.400192869968776	1.03075018200353	0.448387096774194	0.841915347750795	0.72418390424533	2715	tags=33%, list=15%, signal=28%	XM_067119910.1/XM_067119909.1/XM_067104394.1/XM_067086662.1
GO:0006413	GO:0006413	45	0.325566189156876	1.02806964385291	0.451515151515152	0.846731655709212	0.728326711132854	8704	tags=58%, list=48%, signal=30%	XM_067125781.1/XM_067088254.1/XM_067115284.1/JP354805.1/XM_067087534.1/XM_067130347.1/GH624836.1/XM_067081263.1/XM_067125779.1/XM_067096649.1/XM_067096515.1/GH624837.1/EL696169.1/XM_067107805.1/XM_067117491.1/XM_067116869.1/XM_067088251.1/XM_067117493.1/XM_067124817.1/XM_067119542.1/XM_067088250.1/XM_067098404.1/XM_067125778.1/XM_067081260.1/XM_067104218.1/XM_067107368.1
GO:1903076	GO:1903076	14	0.39059209435757	1.02947714098553	0.452609158679446	0.847726244898988	0.729182219331506	5885	tags=50%, list=33%, signal=34%	XM_067130355.1/XM_067130824.1/XM_067094937.1/XM_067120247.1/XM_067130356.1/XM_067120251.1/XM_067117468.1
GO:0048666	GO:0048666	33	0.338049147820597	1.02918923973093	0.454361054766734	0.849949037772597	0.731094182126625	7616	tags=48%, list=42%, signal=28%	XM_067121692.1/XM_067105469.1/XM_067105466.1/XM_067132597.1/XM_067081126.1/XM_067119013.1/XM_067091240.1/XM_067082697.1/XM_067116265.1/XM_067099669.1/XM_067116266.1/XM_067108797.1/JP353441.1/XM_067114798.1/XM_067108800.1/XM_067119011.1
GO:0006963	GO:0006963	10	0.415548217517948	1.02191876886112	0.454949944382647	0.849993436461493	0.731132372208269	1360	tags=20%, list=8%, signal=19%	XM_067107638.1/XM_067095119.1
GO:0009268	GO:0009268	12	-0.259682594577115	-0.946723939617371	0.458333333333333	0.855252274607113	0.735655826912194	3924	tags=67%, list=22%, signal=52%	XM_067134439.1/XM_067092094.1/XM_067083274.1/XM_067085934.1/XM_067085935.1/XM_067122149.1/XM_067103229.1/XM_067108463.1
GO:0031122	GO:0031122	21	0.362251689588242	1.02482597741698	0.462732919254658	0.861020436425505	0.740617382675634	8192	tags=57%, list=45%, signal=31%	XM_067132377.1/XM_067132402.1/XM_067111080.1/XM_067134673.1/XM_067110806.1/XM_067119780.1/XM_067118322.1/XM_067111084.1/XM_067118737.1/XM_067095700.1/XM_067126478.1/XM_067088815.1
GO:0016081	GO:0016081	13	0.388017731267854	1.01113616448154	0.46286329386437	0.861020436425505	0.740617382675634	10347	tags=77%, list=57%, signal=33%	XM_067125824.1/XM_067105696.1/XM_067093951.1/XM_067116749.1/XM_067086212.1/XM_067081602.1/XM_067081601.1/XM_067086203.1/XM_067091807.1/XM_067086208.1
GO:0019674	GO:0019674	14	0.387826562274031	1.02218807368541	0.463258785942492	0.861020436425505	0.740617382675634	3879	tags=29%, list=22%, signal=22%	XM_067107713.1/XM_067107709.1/XM_067107715.1/XM_067089749.1
GO:0016446	GO:0016446	14	0.387350810115761	1.02093414156853	0.464323748668797	0.861020436425505	0.740617382675634	6265	tags=50%, list=35%, signal=33%	XM_067106274.1/XM_067106550.1/XM_067085704.1/XM_067093428.1/XM_067103893.1/XM_067103892.1/XM_067126458.1
GO:0034976	GO:0034976	51	0.316879992621573	1.01359661595395	0.464788732394366	0.861020436425505	0.740617382675634	8371	tags=51%, list=46%, signal=27%	XM_067130824.1/XM_067081005.1/XM_067089630.1/XM_067104394.1/XM_067089921.1/XM_067098429.1/XM_067093372.1/XM_067107229.1/XM_067100423.1/XM_067128833.1/XM_067113178.1/XM_067129268.1/GH625321.1/GH625325.1/XM_067107228.1/XM_067103718.1/XM_067116869.1/XM_067128998.1/XM_067086163.1/XM_067111326.1/XM_067123937.1/XM_067089964.1/XM_067108921.1/XM_067104937.1/JP353998.1/XM_067094309.1
GO:0030336	GO:0030336	54	0.31493243948253	1.01326864791492	0.464859437751004	0.861020436425505	0.740617382675634	6663	tags=41%, list=37%, signal=26%	XM_067132585.1/XM_067091124.1/XM_067132516.1/XM_067132517.1/XM_067132512.1/XM_067103814.1/XM_067081637.1/XM_067122056.1/XM_067131758.1/XM_067131912.1/XM_067131759.1/XM_067116482.1/XM_067131761.1/XM_067126495.1/XM_067087596.1/XM_067099708.1/XM_067087597.1/XM_067100133.1/XM_067130961.1/XM_067132584.1/XM_067098905.1/XM_067133773.1
GO:0160020	GO:0160020	15	0.383285905636819	1.02386939434351	0.465957446808511	0.861048162019036	0.740641231187987	2335	tags=20%, list=13%, signal=17%	XM_067093698.1/XM_067134278.1/XM_067089424.1
GO:0006699	GO:0006699	10	-0.277907364211929	-0.969090336750463	0.466019417475728	0.861048162019036	0.740641231187987	13013	tags=90%, list=72%, signal=25%	XM_067098145.1/XM_067098982.1/XM_067084441.1/XM_067084440.1/XM_067098139.1/XM_067098981.1/XM_067098983.1/XM_067098980.1/XM_067098146.1
GO:0035176	GO:0035176	11	0.39754900702679	1.00732715922983	0.467462039045553	0.862377680089211	0.741784832607531	285	tags=9%, list=2%, signal=9%	XM_067119987.1
GO:0048025	GO:0048025	31	0.337691873617042	1.01831708850286	0.46795523906409	0.862377680089211	0.741784832607531	751	tags=16%, list=4%, signal=15%	XM_067115122.1/XM_067095810.1/XM_067115112.1/XM_067097841.1/XM_067115119.1
GO:0048208	GO:0048208	24	0.353284658887181	1.02290802045644	0.468459152016546	0.862377680089211	0.741784832607531	8283	tags=62%, list=46%, signal=34%	XM_067134046.1/XM_067133239.1/XM_067107854.1/XM_067084566.1/XM_067090013.1/XM_067084564.1/XM_067115587.1/XM_067120298.1/XM_067113794.1/XM_067097500.1/XM_067097506.1/XM_067134047.1/XM_067105809.1/JP354278.1/XM_067134048.1
GO:0031440	GO:0031440	24	0.352051485094826	1.01933746246281	0.47052740434333	0.864878490684942	0.74393593578653	7604	tags=58%, list=42%, signal=34%	XM_067082002.1/XM_067120972.1/XM_067100490.1/XM_067082000.1/XM_067111208.1/XM_067130281.1/XM_067112954.1/XM_067112953.1/XM_067082003.1/XM_067112946.1/XM_067090771.1/XM_067090769.1/XM_067090770.1/XM_067112955.1
GO:0000388	GO:0000388	12	0.393119148992778	1.01253086894076	0.470967741935484	0.864878490684942	0.74393593578653	8729	tags=58%, list=48%, signal=30%	XM_067120998.1/XM_067101621.1/XM_067115538.1/XM_067115537.1/JP355387.1/XM_067090927.1/XM_067110802.1
GO:0016318	GO:0016318	18	0.369078903412526	1.02067115315645	0.471933471933472	0.865595050960905	0.74455229397463	8493	tags=67%, list=47%, signal=35%	XM_067128834.1/XM_067112419.1/XM_067119508.1/XM_067133257.1/XM_067107728.1/XM_067118992.1/XM_067091877.1/XM_067131841.1/XM_067119115.1/XM_067130820.1/XM_067107733.1/XM_067124862.1
GO:0010803	GO:0010803	10	0.410157529290338	1.00866195474271	0.476084538375973	0.871437035603158	0.749577349353501	4878	tags=40%, list=27%, signal=29%	XM_067102568.1/XM_067114157.1/XM_067133897.1/XM_067102565.1
GO:0043410	GO:0043410	27	0.343893173631516	1.01915724943645	0.476482617586912	0.871437035603158	0.749577349353501	8807	tags=67%, list=49%, signal=34%	XM_067130639.1/XM_067120006.1/XM_067111423.1/XM_067110651.1/XM_067115240.1/XM_067086671.1/XM_067112878.1/XM_067121778.1/XM_067082077.1/XM_067095542.1/XM_067099997.1/XM_067117493.1/XM_067104128.1/XM_067098636.1/XM_067092052.1/XM_067081809.1/XM_067081270.1/XM_067094762.1
GO:0006362	GO:0006362	13	0.385251951509387	1.00392881360188	0.476856835306781	0.871437035603158	0.749577349353501	9439	tags=85%, list=52%, signal=40%	XM_067111336.1/XM_067112403.1/XM_067108506.1/XM_067087811.1/XM_067111335.1/JP354973.1/XM_067121677.1/XM_067088334.1/XM_067083406.1/XM_067120629.1/EL695564.1
GO:0009612	GO:0009612	22	0.357038744945199	1.01851234137376	0.477720207253886	0.871955329744957	0.750023166472951	2920	tags=23%, list=16%, signal=19%	XM_067131636.1/XM_067082432.1/XM_067082434.1/XM_067116179.1/XM_067120607.1
GO:0042761	GO:0042761	11	0.394556107119989	0.999743617810557	0.478308026030369	0.871970025635969	0.750035807325452	3872	tags=36%, list=21%, signal=29%	XM_067116292.1/XM_067102618.1/XM_067102653.1/XM_067116293.1
GO:0000422	GO:0000422	21	0.357935766886067	1.01261604209069	0.480331262939959	0.873591036642919	0.751430140001503	8928	tags=71%, list=50%, signal=36%	XM_067127274.1/XM_067101285.1/XM_067111304.1/XM_067127276.1/XM_067101288.1/XM_067124266.1/XM_067120824.1/XM_067097007.1/JP354710.1/XM_067097008.1/XM_067124269.1/XM_067115425.1/XM_067132745.1/XM_067129274.1/XM_067115424.1
GO:0000375	GO:0000375	19	0.361881835333394	1.00614400738438	0.480709071949948	0.873591036642919	0.751430140001503	8729	tags=58%, list=48%, signal=30%	XM_067132436.1/XM_067116216.1/XM_067132437.1/XM_067116761.1/XM_067111338.1/XM_067115538.1/XM_067115537.1/XM_067091745.1/JP355387.1/XM_067090927.1/XM_067110802.1
GO:0000226	GO:0000226	68	0.306878196584237	1.00473616013358	0.480961923847695	0.873591036642919	0.751430140001503	8242	tags=53%, list=46%, signal=29%	XM_067126830.1/XM_067099163.1/XM_067096652.1/XM_067120904.1/XM_067082053.1/XM_067081912.1/XM_067111206.1/XM_067120926.1/XM_067099166.1/XM_067090650.1/XM_067111080.1/XM_067096081.1/XM_067086926.1/XM_067120927.1/XM_067083028.1/XM_067090271.1/XM_067126495.1/JP354730.1/XM_067081039.1/XM_067096640.1/XM_067128716.1/XM_067114493.1/XM_067120922.1/XM_067120920.1/XM_067111084.1/XM_067129735.1/XM_067131262.1/XM_067120894.1/XM_067090653.1/XM_067083029.1/XM_067096668.1/XM_067090652.1/XM_067132567.1/XM_067126478.1/XM_067096677.1/XM_067131263.1
GO:0048863	GO:0048863	17	0.372824299828325	1.01811462225615	0.481520591341077	0.873591036642919	0.751430140001503	3021	tags=35%, list=17%, signal=29%	XM_067134357.1/XM_067120998.1/XM_067090798.1/XM_067095264.1/XM_067115354.1/XM_067134388.1
GO:0019369	GO:0019369	23	0.353671140622904	1.01748058226823	0.482474226804124	0.874266550739039	0.752011191810105	4690	tags=39%, list=26%, signal=29%	XM_067124422.1/XM_067127529.1/XM_067110617.1/XM_067110612.1/XM_067110614.1/XM_067127500.1/XM_067101995.1/XM_067127518.1/XM_067110613.1
GO:0007427	GO:0007427	29	0.340223879756663	1.01658179748732	0.483673469387755	0.87520230688298	0.752816094036382	8442	tags=55%, list=47%, signal=29%	XM_067110066.1/XM_067085798.1/XM_067085797.1/XM_067104418.1/XM_067112148.1/XM_067129190.1/XM_067129191.1/XM_067083308.1/XM_067129189.1/XM_067110080.1/XM_067131841.1/XM_067094407.1/XM_067104111.1/XM_067093194.1/XM_067083311.1/XM_067110075.1
GO:0051965	GO:0051965	20	-0.237550705050248	-1.08071133863771	0.485406651731281	0.87520230688298	0.752816094036382	2153	tags=40%, list=12%, signal=35%	XM_067085670.1/XM_067085710.1/XM_067126691.1/XM_067085661.1/XM_067082741.1/XM_067130830.1/XM_067130822.1/XM_067082742.1
GO:0031648	GO:0031648	23	0.352565632737778	1.01430013388706	0.485567010309278	0.87520230688298	0.752816094036382	4609	tags=30%, list=26%, signal=23%	XM_067105957.1/XM_067082583.1/XM_067132402.1/XM_067111099.1/XM_067082582.1/XM_067098746.1/XM_067115587.1
GO:0000076	GO:0000076	11	0.393059671138964	0.995951882504742	0.48590021691974	0.87520230688298	0.752816094036382	8087	tags=64%, list=45%, signal=35%	XM_067098243.1/XM_067102062.1/XM_067094905.1/XM_067084341.1/XM_067111629.1/XM_067133248.1/XM_067102063.1
GO:0090160	GO:0090160	11	0.392876609848344	0.995488033755064	0.48590021691974	0.87520230688298	0.752816094036382	8103	tags=73%, list=45%, signal=40%	XM_067121385.1/XM_067110236.1/XM_067115196.1/XM_067089104.1/XM_067121382.1/XM_067109236.1/XM_067089097.1/XM_067126875.1
GO:0006402	GO:0006402	30	0.338025733964972	1.0159696400168	0.489858012170385	0.880992607725338	0.757796692955236	9497	tags=67%, list=53%, signal=32%	XM_067103218.1/XM_067119877.1/XM_067131721.1/XM_067123322.1/XM_067100338.1/XM_067100337.1/XM_067095936.1/XM_067113178.1/XM_067084241.1/XM_067095940.1/XM_067101125.1/XM_067108002.1/XM_067127198.1/XM_067092252.1/XM_067103216.1/XM_067091295.1/XM_067085739.1/XM_067102352.1/XM_067132839.1/XM_067084850.1
GO:0071466	GO:0071466	12	0.388579610004185	1.00083868002427	0.490322580645161	0.880992607725338	0.757796692955236	4197	tags=33%, list=23%, signal=26%	XM_067116760.1/XM_067129605.1/XM_067105114.1/XM_067104805.1
GO:0010506	GO:0010506	33	0.33010557844163	1.00500507543826	0.490872210953347	0.880992607725338	0.757796692955236	7631	tags=42%, list=42%, signal=24%	XM_067081486.1/XM_067081458.1/XM_067088262.1/XM_067120637.1/XM_067114407.1/XM_067132597.1/XM_067104768.1/XM_067103889.1/XM_067095896.1/XM_067115287.1/XM_067093144.1/XM_067118320.1/XM_067097716.1/EL609912.1
GO:1990830	GO:1990830	33	0.329690165632064	1.00374035284864	0.491886409736308	0.881760620075575	0.758457308281692	7964	tags=48%, list=44%, signal=27%	XM_067092125.1/XM_067107397.1/XM_067091189.1/XM_067129605.1/XM_067122098.1/XM_067098697.1/XM_067082287.1/XM_067092126.1/XM_067093914.1/XM_067092991.1/XM_067107396.1/XM_067134069.1/XM_067110790.1/XM_067107398.1/XM_067107616.1/JP351565.1
GO:0000915	GO:0000915	12	0.388451173960598	1.0005078758415	0.49247311827957	0.881761392729135	0.758457972889212	8770	tags=83%, list=49%, signal=43%	GH625197.1/XM_067088937.1/GH625194.1/XM_067132701.1/XM_067093562.1/XM_067103660.1/XM_067095821.1/XM_067123916.1/XM_067093563.1/EL696234.1
GO:0009725	GO:0009725	20	0.355259882311599	0.998884183334727	0.494312306101344	0.883060964869361	0.75957581594656	1881	tags=25%, list=10%, signal=22%	XM_067088758.1/XM_067106478.1/XM_067088757.1/XM_067095812.1/XM_067088755.1
GO:0030041	GO:0030041	23	0.350234516079446	1.00759371749505	0.495876288659794	0.883060964869361	0.75957581594656	1723	tags=22%, list=10%, signal=20%	GH625197.1/XM_067094700.1/XM_067120979.1/XM_067093394.1/XM_067122420.1
GO:1904294	GO:1904294	13	0.381134039338383	0.993197938224984	0.496232508073197	0.883060964869361	0.75957581594656	4861	tags=38%, list=27%, signal=28%	XM_067104394.1/XM_067116704.1/XM_067127893.1/JP355213.1/XM_067127891.1
GO:0045451	GO:0045451	21	0.355028075936123	1.00439005638669	0.496894409937888	0.883060964869361	0.75957581594656	8023	tags=52%, list=45%, signal=29%	XM_067101614.1/XM_067088168.1/XM_067121296.1/XM_067125349.1/JP354730.1/XM_067088169.1/XM_067101613.1/XM_067110365.1/XM_067125343.1/XM_067084259.1/XM_067132567.1
GO:0071333	GO:0071333	28	0.336801619894562	1.00325340714987	0.496932515337423	0.883060964869361	0.75957581594656	5541	tags=36%, list=31%, signal=25%	XM_067116047.1/XM_067093698.1/XM_067130639.1/JP354196.1/XM_067089424.1/XM_067129605.1/XM_067116482.1/XM_067113178.1/XM_067092596.1/XM_067083749.1
GO:0001764	GO:0001764	28	0.336476466329457	1.00228485057897	0.497955010224949	0.883060964869361	0.75957581594656	8148	tags=50%, list=45%, signal=27%	XM_067100416.1/XM_067093449.1/XM_067097313.1/XM_067112148.1/XM_067092558.1/XM_067131741.1/XM_067099712.1/XM_067124116.1/XM_067131126.1/XM_067119115.1/XM_067094407.1/XM_067118737.1/XM_067098548.1/XM_067133483.1
GO:0010507	GO:0010507	30	0.336880629925891	1.01252791703104	0.497971602434077	0.883060964869361	0.75957581594656	8363	tags=50%, list=46%, signal=27%	XM_067115102.1/XM_067100817.1/XM_067094786.1/XM_067100818.1/XM_067127298.1/XM_067093565.1/XM_067087102.1/XM_067132535.1/XM_067086671.1/XM_067118040.1/XM_067100816.1/XM_067109798.1/XM_067095515.1/XM_067103239.1/XM_067109802.1
GO:0044829	GO:0044829	12	0.384231213021457	0.98963880287074	0.498924731182796	0.883060964869361	0.75957581594656	5498	tags=33%, list=31%, signal=23%	XM_067119169.1/JP355294.1/XM_067086629.1/JP354016.1
GO:0016325	GO:0016325	10	0.40346248141918	0.992197451251814	0.50055617352614	0.883060964869361	0.75957581594656	6628	tags=40%, list=37%, signal=25%	XM_067088168.1/XM_067103769.1/XM_067088169.1/XM_067110365.1
GO:0030261	GO:0030261	18	0.364486492510862	1.0079710467905	0.501039501039501	0.883060964869361	0.75957581594656	9839	tags=61%, list=55%, signal=28%	XM_067130908.1/XM_067120822.1/XM_067131468.1/XM_067116268.1/XM_067129649.1/XM_067100202.1/XM_067083124.1/XM_067133191.1/XM_067093318.1/JP355182.1/XM_067133192.1
GO:0071356	GO:0071356	24	0.346126712592773	1.00218274838375	0.501551189245088	0.883060964869361	0.75957581594656	6781	tags=38%, list=38%, signal=23%	XM_067091683.1/XM_067114790.1/XM_067114787.1/XM_067129605.1/XM_067123908.1/XM_067134673.1/XM_067093312.1/XM_067114789.1/XM_067134438.1
GO:0048266	GO:0048266	10	0.402478889303472	0.989778595384859	0.50166852057842	0.883060964869361	0.75957581594656	1864	tags=20%, list=10%, signal=18%	XM_067082432.1/XM_067082434.1
GO:0046843	GO:0046843	29	0.335141482958485	1.00139570274191	0.502040816326531	0.883060964869361	0.75957581594656	7380	tags=45%, list=41%, signal=27%	XM_067085773.1/XM_067110066.1/XM_067106590.1/XM_067095215.1/XM_067085784.1/XM_067118992.1/XM_067129190.1/XM_067108797.1/XM_067129191.1/XM_067129189.1/XM_067110080.1/XM_067108800.1/XM_067130820.1
GO:0045886	GO:0045886	17	0.365130176171718	0.997103385049116	0.502639915522703	0.883060964869361	0.75957581594656	3682	tags=35%, list=20%, signal=28%	XM_067121618.1/XM_067085990.1/XM_067083969.1/XM_067083967.1/XM_067083968.1/XM_067084234.1
GO:0045722	GO:0045722	10	0.401828437139888	0.988178999366416	0.502780867630701	0.883060964869361	0.75957581594656	7043	tags=50%, list=39%, signal=30%	XM_067083363.1/XM_067082046.1/XM_067134150.1/XM_067083355.1/XM_067085532.1
GO:0034063	GO:0034063	16	0.369701026722405	1.0010761065175	0.503171247357294	0.883060964869361	0.75957581594656	9967	tags=69%, list=55%, signal=31%	XM_067101655.1/XM_067102222.1/XM_067128340.1/XM_067128339.1/XM_067125279.1/XM_067128341.1/XM_067128343.1/XM_067125280.1/XM_067085739.1/XM_067123868.1/XM_067091228.1
GO:0006376	GO:0006376	14	-0.259089431753758	-0.99034843419382	0.503633135481087	0.883060964869361	0.75957581594656	1067	tags=29%, list=6%, signal=27%	XM_067098324.1/XM_067133000.1/XM_067098310.1/XM_067133002.1
GO:0035774	GO:0035774	13	0.379097379345179	0.987890601967044	0.503767491926803	0.883060964869361	0.75957581594656	8991	tags=69%, list=50%, signal=35%	XM_067107713.1/XM_067107709.1/XM_067107715.1/XM_067102461.1/XM_067120393.1/XM_067099997.1/XM_067098145.1/XM_067095251.1/XM_067117390.1
GO:0030239	GO:0030239	34	0.32783301723239	1.00199813729611	0.505070993914807	0.883744764733338	0.760163994860913	3147	tags=21%, list=17%, signal=17%	XM_067114971.1/XM_067130333.1/XM_067115014.1/XM_067095472.1/XM_067132860.1/XM_067115004.1/XM_067111563.1
GO:0051491	GO:0051491	21	-0.223913900906031	-1.04449396815101	0.505332777706563	0.883744764733338	0.760163994860913	1403	tags=29%, list=8%, signal=26%	XM_067098798.1/XM_067095624.1/XM_067082741.1/XM_067130830.1/XM_067130822.1/XM_067082742.1
GO:0046530	GO:0046530	10	0.400692580546052	0.985385693744968	0.506117908787542	0.883979495693039	0.760365901600465	7883	tags=60%, list=44%, signal=34%	XM_067107390.1/XM_067133257.1/XM_067129190.1/XM_067129191.1/XM_067129189.1/XM_067113313.1
GO:0001754	GO:0001754	17	0.364435013584835	0.995205023824064	0.506863780359028	0.883979495693039	0.760365901600465	9874	tags=88%, list=55%, signal=40%	XM_067120904.1/XM_067120926.1/XM_067095968.1/XM_067120927.1/XM_067120922.1/XM_067120920.1/XM_067095299.1/XM_067093648.1/XM_067120894.1/XM_067093647.1/XM_067095283.1/XM_067095967.1/XM_067120929.1/XM_067111856.1/XM_067120915.1
GO:0034141	GO:0034141	10	0.39935254567417	0.98209027162841	0.507230255839822	0.883979495693039	0.760365901600465	2363	tags=30%, list=13%, signal=26%	XM_067133988.1/XM_067133987.1/XM_067107926.1
GO:0065003	GO:0065003	43	0.318255335143554	1.00079440705469	0.509090909090909	0.886011583634086	0.762113827188054	8774	tags=53%, list=49%, signal=28%	XM_067102953.1/XM_067134045.1/XM_067096238.1/XM_067121283.1/JP352682.1/XM_067130584.1/XM_067081360.1/XM_067109308.1/XM_067111338.1/XM_067092873.1/JP355426.1/XM_067081039.1/XM_067134069.1/XM_067089472.1/XM_067096675.1/XM_067119780.1/XM_067109307.1/XM_067123532.1/XM_067134410.1/XM_067114469.1/XM_067107010.1/XM_067092881.1/XM_067100709.1
GO:0042542	GO:0042542	15	0.371494263974129	0.992370451048338	0.51063829787234	0.886011583634086	0.762113827188054	6180	tags=40%, list=34%, signal=26%	XM_067124422.1/XM_067095460.1/XM_067129306.1/EU077526.1/GH624168.1/XM_067116582.1
GO:0009744	GO:0009744	15	0.371396702269232	0.992109835037585	0.51063829787234	0.886011583634086	0.762113827188054	3078	tags=33%, list=17%, signal=28%	XM_067123451.1/JZ905123.1/XM_067104019.1/XM_067102327.1/XM_067117259.1
GO:0046667	GO:0046667	12	0.380007030353327	0.978758856273163	0.510752688172043	0.886011583634086	0.762113827188054	8442	tags=67%, list=47%, signal=35%	XM_067110066.1/XM_067090798.1/XM_067081815.1/XM_067118992.1/XM_067110080.1/XM_067101084.1/XM_067130820.1/XM_067110075.1
GO:0031175	GO:0031175	65	0.303625081280687	0.991035216490233	0.513026052104208	0.888703931281607	0.764429683332233	8565	tags=55%, list=48%, signal=29%	JP354303.1/XM_067084316.1/XM_067081591.1/XM_067093210.1/XM_067081589.1/XM_067087046.1/XM_067092941.1/XM_067113065.1/XM_067111080.1/XM_067105696.1/XM_067129278.1/XM_067097313.1/XM_067081585.1/XM_067081584.1/XM_067081582.1/XM_067083028.1/XM_067129268.1/XM_067111191.1/XM_067107479.1/XM_067133118.1/XM_067081587.1/XM_067111084.1/XM_067123348.1/XM_067131126.1/XM_067081593.1/XM_067132444.1/XM_067081581.1/XM_067083029.1/XM_067105023.1/XM_067132445.1/XM_067081583.1/XM_067105022.1/XM_067118637.1/XM_067124862.1/XM_067090796.1/XM_067106151.1
GO:0009267	GO:0009267	73	0.303041697710702	0.997984468803796	0.513486513486514	0.888703931281607	0.764429683332233	7505	tags=42%, list=42%, signal=25%	XM_067132507.1/XM_067127274.1/XM_067101362.1/XM_067130908.1/XM_067088760.1/XM_067128466.1/XM_067094786.1/XM_067106014.1/XM_067094335.1/XM_067108538.1/XM_067087995.1/XM_067095929.1/XM_067106009.1/XM_067127276.1/XM_067134079.1/XM_067086629.1/XM_067088761.1/XM_067129190.1/XM_067101208.1/JP354016.1/XM_067134062.1/XM_067129191.1/XM_067103297.1/XM_067129189.1/XM_067131841.1/JP354710.1/XM_067134438.1/XM_067101207.1/XM_067108539.1/XM_067115425.1/XM_067132854.1
GO:0001570	GO:0001570	14	0.37481077200541	0.987882569946411	0.514376996805112	0.889221842752745	0.76487517129278	7855	tags=64%, list=44%, signal=36%	XM_067092177.1/XM_067092175.1/XM_067131433.1/XM_067092174.1/XM_067095263.1/XM_067099708.1/XM_067091798.1/XM_067091799.1/XM_067133139.1
GO:0071560	GO:0071560	12	0.378976721596544	0.976105158473258	0.516129032258065	0.891226250879597	0.766599287745678	2580	tags=25%, list=14%, signal=21%	XM_067104952.1/XM_067123908.1/XM_067128466.1
GO:0045742	GO:0045742	11	0.384908190215799	0.97529730161858	0.517353579175705	0.892316265000299	0.767536876879456	3682	tags=27%, list=20%, signal=22%	XM_067123409.1/XM_067094293.1/XM_067084234.1
GO:0050772	GO:0050772	10	0.395834770355072	0.973439336618522	0.518353726362625	0.892407115669883	0.767615023207087	8998	tags=80%, list=50%, signal=40%	XM_067095100.1/XM_067100093.1/XM_067083531.1/XM_067103957.1/XM_067122667.1/XM_067095299.1/XM_067095283.1/XM_067095390.1
GO:0007517	GO:0007517	47	0.312378167227408	0.993676177999483	0.518592964824121	0.892407115669883	0.767615023207087	4118	tags=26%, list=23%, signal=20%	XM_067100878.1/XM_067091124.1/XM_067119133.1/XM_067103814.1/XM_067106588.1/XM_067111619.1/XM_067131927.1/XM_067121296.1/XM_067111620.1/XM_067083986.1/XM_067119845.1/XM_067100877.1
GO:0007254	GO:0007254	13	0.374679661857002	0.97637846332801	0.519913885898816	0.893657696447793	0.768690725737919	8646	tags=62%, list=48%, signal=32%	XM_067095985.1/XM_067094352.1/XM_067124071.1/XM_067108797.1/XM_067106882.1/XM_067108800.1/XM_067092052.1/XM_067131708.1
GO:0016558	GO:0016558	13	0.37438275446626	0.975604751778025	0.520990312163617	0.894485650107397	0.769402900323342	8070	tags=54%, list=45%, signal=30%	XM_067081893.1/XM_067127377.1/XM_067083403.1/XM_067127375.1/XM_067133616.1/XM_067121278.1/XM_067121279.1
GO:0042307	GO:0042307	14	-0.243254560348016	-0.929820916740921	0.523809523809524	0.897383390216155	0.771895427334584	358	tags=21%, list=2%, signal=21%	XM_067130830.1/XM_067133160.1/XM_067130822.1
GO:0051016	GO:0051016	25	-0.190762047690512	-0.970237761467097	0.523936952003839	0.897383390216155	0.771895427334584	14585	tags=24%, list=81%, signal=5%	XM_067085595.1/XM_067093807.1/XM_067118922.1/XM_067093813.1/XM_067118923.1/XM_067093808.1
GO:0016973	GO:0016973	15	0.367580610249424	0.981915930780689	0.524468085106383	0.897383390216155	0.771895427334584	9404	tags=67%, list=52%, signal=32%	XM_067087150.1/XM_067102985.1/XM_067117837.1/XM_067113592.1/JP353441.1/XM_067133040.1/XM_067088682.1/XM_067132602.1/XM_067110256.1/XM_067129171.1
GO:0060326	GO:0060326	10	0.392265332257518	0.964661352181563	0.527252502780868	0.89997480473671	0.774124464600655	2250	tags=20%, list=12%, signal=18%	XM_067126771.1/XM_067100416.1
GO:0008306	GO:0008306	17	-0.226110324114166	-0.963419833071358	0.527272727272727	0.89997480473671	0.774124464600655	2713	tags=53%, list=15%, signal=45%	XM_067113660.1/XM_067117729.1/KJ631065.1/XM_067117730.1/XM_067105663.1/XM_067098728.1/XM_067111310.1/XM_067133661.1/XM_067117728.1
GO:0097194	GO:0097194	12	-0.251135673382792	-0.915564458490555	0.527777777777778	0.89997480473671	0.774124464600655	1654	tags=33%, list=9%, signal=30%	XM_067109898.1/XM_067104445.1/XM_067114609.1/XM_067114608.1
GO:0048568	GO:0048568	18	0.3567182820954	0.986488409312704	0.529106029106029	0.900818638375199	0.774850298546417	7616	tags=50%, list=42%, signal=29%	XM_067112769.1/XM_067097012.1/XM_067120607.1/XM_067111099.1/XM_067119013.1/XM_067095263.1/XM_067093779.1/EL695795.1/XM_067119011.1
GO:0045727	GO:0045727	73	0.300290833326952	0.988925253680905	0.529470529470529	0.900818638375199	0.774850298546417	8836	tags=56%, list=49%, signal=29%	XM_067097841.1/XM_067112368.1/XM_067094439.1/XM_067081591.1/XM_067085359.1/XM_067081589.1/XM_067111619.1/JP352727.1/XM_067095247.1/XM_067115354.1/XM_067125612.1/XM_067120821.1/XM_067102058.1/XM_067113046.1/XM_067111620.1/XM_067116482.1/XM_067081585.1/XM_067081584.1/XM_067081582.1/XM_067097821.1/XM_067125349.1/XM_067088640.1/XM_067129700.1/XM_067097844.1/XM_067081587.1/XM_067096309.1/XM_067108002.1/XM_067112367.1/XM_067112994.1/XM_067081593.1/XM_067129581.1/XM_067125343.1/XM_067129703.1/XM_067081581.1/XM_067097842.1/XM_067081583.1/XM_067129555.1/XM_067097834.1/XM_067104218.1/XM_067084782.1/XM_067110256.1
GO:0060027	GO:0060027	10	-0.267577474175275	-0.933068993298107	0.533980582524272	0.906441079138267	0.779686510540965	13199	tags=90%, list=73%, signal=24%	XM_067104872.1/GH625399.1/XM_067104869.1/XM_067088103.1/XM_067088100.1/XM_067104870.1/XM_067119004.1/XM_067104876.1/XM_067104878.1
GO:0110025	GO:0110025	10	-0.267244251916028	-0.931907014477063	0.533980582524272	0.906441079138267	0.779686510540965	13205	tags=40%, list=73%, signal=11%	XM_067119059.1/XM_067119057.1/XM_067119052.1/XM_067119058.1
GO:0042752	GO:0042752	44	0.314055458917794	0.990720147456666	0.535822401614531	0.908541742177117	0.781493421847478	10267	tags=68%, list=57%, signal=29%	XM_067102568.1/XM_067101813.1/XM_067101814.1/XM_067101812.1/XM_067102565.1/XM_067134150.1/XM_067095501.1/XM_067132988.1/XM_067106306.1/XM_067092517.1/XM_067123913.1/XM_067103297.1/XM_067085532.1/XM_067090694.1/XM_067114860.1/XM_067109798.1/XM_067112607.1/XM_067084560.1/XM_067090690.1/XM_067109802.1/XM_067130206.1/XM_067130196.1/XM_067112608.1/XM_067090693.1/XM_067127486.1/XM_067127485.1/XM_067090691.1/XM_067107105.1/XM_067084561.1/XM_067102566.1
GO:0007155	GO:0007155	91	0.295836956137515	0.988360100599478	0.537462537462537	0.908541742177117	0.781493421847478	4330	tags=26%, list=24%, signal=20%	XM_067108410.1/XM_067130394.1/EL695757.1/JP353313.1/XM_067126771.1/XM_067084316.1/XM_067130568.1/XM_067088325.1/XM_067129956.1/XM_067131223.1/XM_067130393.1/XM_067103598.1/XM_067118303.1/XM_067106014.1/XM_067106009.1/XM_067118750.1/XM_067093911.1/XM_067115414.1/XM_067125216.1/XM_067134673.1/XM_067131225.1/XM_067104541.1/XM_067108909.1/XM_067104550.1
GO:0038203	GO:0038203	17	0.356536278637543	0.973635030798215	0.537486800422387	0.908541742177117	0.781493421847478	8031	tags=53%, list=45%, signal=29%	XM_067116297.1/XM_067105475.1/XM_067123562.1/XM_067117717.1/XM_067117715.1/XM_067094095.1/XM_067108597.1/XM_067117716.1/XM_067117718.1
GO:0070252	GO:0070252	12	0.372386381758372	0.959130858086069	0.537634408602151	0.908541742177117	0.781493421847478	8850	tags=67%, list=49%, signal=34%	XM_067096073.1/XM_067134690.1/XM_067082543.1/XM_067134688.1/XM_067134692.1/XM_067128790.1/XM_067134691.1/XM_067134681.1
GO:0090254	GO:0090254	10	0.388223735509125	0.954722232244964	0.540600667408231	0.90856526429342	0.781513654686879	275	tags=20%, list=2%, signal=20%	XM_067086030.1/XM_067086029.1
GO:0042476	GO:0042476	12	-0.290232926643818	-1.0581011798899	0.54140285883312	0.90856526429342	0.781513654686879	3971	tags=58%, list=22%, signal=46%	XM_067090202.1/XM_067090201.1/XM_067090203.1/XM_067090199.1/XM_067090207.1/XM_067133991.1/XM_067090198.1
GO:0180035	GO:0180035	12	-0.290232926643818	-1.0581011798899	0.54140285883312	0.90856526429342	0.781513654686879	3971	tags=58%, list=22%, signal=46%	XM_067090202.1/XM_067090201.1/XM_067090203.1/XM_067090199.1/XM_067090207.1/XM_067133991.1/XM_067090198.1
GO:0006111	GO:0006111	12	-0.290051942655674	-1.05744136718838	0.54140285883312	0.90856526429342	0.781513654686879	2063	tags=67%, list=11%, signal=59%	XM_067123800.1/XM_067105371.1/XM_067105009.1/XM_067105372.1/XM_067127015.1/XM_067089425.1/XM_067123801.1/XM_067116481.1
GO:0006091	GO:0006091	16	0.361480312754368	0.978816064653741	0.542283298097252	0.90856526429342	0.781513654686879	1920	tags=19%, list=11%, signal=17%	XM_067092518.1/XM_067106682.1/XM_067095831.1
GO:0090090	GO:0090090	43	0.31278938954635	0.98360604545039	0.542424242424242	0.90856526429342	0.781513654686879	9405	tags=60%, list=52%, signal=29%	XM_067092950.1/XM_067112689.1/XM_067132650.1/XM_067125832.1/XM_067107798.1/XM_067114157.1/XM_067134690.1/XM_067132402.1/XM_067094940.1/XM_067113372.1/XM_067123433.1/XM_067113361.1/XM_067134688.1/XM_067089467.1/XM_067118395.1/XM_067094941.1/XM_067134692.1/XM_067106275.1/XM_067134691.1/XM_067090755.1/XM_067134681.1/XM_067125226.1/EL696195.1/XM_067113377.1/XM_067092926.1/XM_067106276.1
GO:2001234	GO:2001234	18	0.352942967870844	0.976047947158197	0.542619542619543	0.90856526429342	0.781513654686879	7617	tags=50%, list=42%, signal=29%	XM_067111116.1/XM_067106149.1/XM_067082287.1/XM_067129190.1/XM_067125534.1/XM_067129191.1/XM_067129189.1/XM_067131841.1/XM_067113602.1
GO:0001732	GO:0001732	26	0.333749377480363	0.980482256936284	0.542739443872297	0.90856526429342	0.781513654686879	9834	tags=62%, list=55%, signal=28%	XM_067087534.1/XM_067081263.1/XM_067096515.1/XM_067124473.1/XM_067108503.1/XM_067127479.1/XM_067118928.1/XM_067115239.1/XM_067081260.1/JP355003.1/XM_067120181.1/XM_067091193.1/XM_067081265.1/XM_067084588.1/EL696400.1/XM_067081259.1
GO:0007162	GO:0007162	10	-0.266553268468481	-0.929497487173709	0.543689320388349	0.90856526429342	0.781513654686879	3745	tags=60%, list=21%, signal=48%	XM_067098465.1/XM_067101180.1/XM_067098462.1/XM_067116866.1/XM_067130830.1/XM_067130822.1
GO:0036324	GO:0036324	10	-0.264806905863007	-0.923407748853075	0.543689320388349	0.90856526429342	0.781513654686879	893	tags=30%, list=5%, signal=29%	XM_067123769.1/XM_067113791.1/XM_067123770.1
GO:0006694	GO:0006694	13	-0.239836882147933	-0.903134192225361	0.547945205479452	0.9088316035417	0.781742749686975	470	tags=23%, list=3%, signal=22%	XM_067103233.1/XM_067090494.1/XM_067118872.1
GO:0048680	GO:0048680	13	-0.238682441815253	-0.898787010390817	0.547945205479452	0.9088316035417	0.781742749686975	13720	tags=92%, list=76%, signal=22%	XM_067104111.1/XM_067130548.1/XM_067083445.1/XM_067130547.1/XM_067112637.1/XM_067112639.1/XM_067083423.1/XM_067112636.1/XM_067117404.1/XM_067110765.1/JP355162.1/XM_067098798.1
GO:0040011	GO:0040011	38	0.314854554662575	0.974859777539232	0.548028311425683	0.9088316035417	0.781742749686975	2129	tags=18%, list=12%, signal=16%	XM_067118601.1/XM_067086030.1/XM_067086029.1/EL609201.1/XM_067130333.1/XM_067083628.1/XM_067083341.1
GO:0007029	GO:0007029	17	0.353242262167299	0.964639677394876	0.5480464625132	0.9088316035417	0.781742749686975	5730	tags=41%, list=32%, signal=28%	XM_067100878.1/XM_067121385.1/XM_067085790.1/XM_067116523.1/XM_067100877.1/JP353910.1/XM_067121382.1
GO:0016197	GO:0016197	54	0.304667135026279	0.980240893822926	0.548192771084337	0.9088316035417	0.781742749686975	6489	tags=41%, list=36%, signal=26%	XM_067127107.1/XM_067096495.1/XM_067122420.1/XM_067088349.1/XM_067110236.1/XM_067120395.1/XM_067130244.1/XM_067109758.1/XM_067130242.1/XM_067094346.1/XM_067086671.1/XM_067100671.1/XM_067104048.1/XM_067127106.1/XM_067111191.1/XM_067118992.1/XM_067119676.1/XM_067126438.1/XM_067104049.1/XM_067120396.1/XM_067104053.1/XM_067099922.1
GO:0030154	GO:0030154	209	0.283590916287954	0.988730343141649	0.548451548451548	0.9088316035417	0.781742749686975	7631	tags=43%, list=42%, signal=25%	XM_067127330.1/JP353236.1/XM_067089784.1/XM_067087091.1/JP353313.1/XM_067132497.1/XM_067132394.1/XM_067101362.1/JP353283.1/XM_067094293.1/XM_067089712.1/XM_067107638.1/XM_067107383.1/XM_067120013.1/XM_067105396.1/XM_067096486.1/XM_067107806.1/XM_067128215.1/XM_067105048.1/XM_067112731.1/XM_067096501.1/XM_067081912.1/XM_067119477.1/XM_067126606.1/XM_067088760.1/XM_067104147.1/GH626108.1/XM_067132500.1/XM_067112734.1/XM_067111206.1/XM_067121241.1/XM_067117782.1/XM_067104096.1/XM_067132609.1/XM_067132860.1/XM_067133208.1/XM_067096318.1/LT574898.1/XM_067114932.1/XM_067129593.1/JP353660.1/KC767854.1/XM_067133612.1/XM_067105182.1/XM_067097313.1/XM_067084234.1/XM_067084838.1/XM_067132960.1/XM_067105044.1/XM_067081459.1/XM_067128510.1/XM_067108525.1/XM_067107757.1/XM_067128152.1/XM_067116167.1/XM_067122161.1/XM_067126023.1/XM_067096487.1/XM_067123282.1/XM_067116168.1/XM_067101714.1/XM_067088761.1/XM_067088849.1/XM_067132330.1/XM_067134657.1/XM_067105264.1/XM_067105694.1/XM_067083830.1/XM_067101911.1/XM_067112917.1/KU745282.1/JP355134.1/XM_067091877.1/XM_067087183.1/XM_067133211.1/XM_067090407.1/XM_067104264.1/XM_067096513.1/XM_067111326.1/JP354740.1/XM_067117781.1/XM_067130820.1/XM_067111372.1/XM_067128148.1/XM_067132854.1/XM_067123373.1/XM_067081129.1/XM_067101914.1/EL609912.1
GO:0007018	GO:0007018	46	0.310600475644963	0.982561867978527	0.55050505050505	0.9088316035417	0.781742749686975	8556	tags=63%, list=47%, signal=33%	XM_067120904.1/XM_067112268.1/XM_067081912.1/XM_067121283.1/XM_067120926.1/XM_067090650.1/XM_067082971.1/XM_067120927.1/XM_067113185.1/XM_067134436.1/JN627516.1/XM_067097475.1/XM_067091651.1/XM_067128360.1/XM_067128695.1/XM_067133716.1/XM_067133877.1/XM_067126431.1/XM_067120922.1/XM_067120920.1/XM_067091161.1/XM_067091957.1/XM_067095299.1/XM_067120894.1/XM_067090653.1/XM_067090652.1/XM_067109715.1/XM_067095283.1/XM_067134437.1
GO:0045793	GO:0045793	12	0.368592811121523	0.949360010282909	0.550537634408602	0.9088316035417	0.781742749686975	9283	tags=75%, list=52%, signal=36%	XM_067097012.1/XM_067087995.1/XM_067116482.1/XM_067100589.1/XM_067131841.1/XM_067104111.1/XM_067093194.1/XM_067100587.1/XM_067087978.1
GO:0008585	GO:0008585	14	0.36539339516775	0.963061345138051	0.550585729499467	0.9088316035417	0.781742749686975	9106	tags=79%, list=51%, signal=39%	GH625197.1/XM_067087753.1/GH625194.1/XM_067093562.1/XM_067082975.1/XM_067087755.1/XM_067107616.1/XM_067093563.1/EL696234.1/XM_067085739.1/XM_067101457.1
GO:0030149	GO:0030149	11	0.376556872446289	0.954136365341813	0.552060737527115	0.9088316035417	0.781742749686975	8013	tags=64%, list=44%, signal=35%	XM_067118710.1/XM_067118712.1/XM_067118709.1/XM_067087015.1/XM_067114798.1/XM_067087014.1/XM_067118711.1
GO:0045333	GO:0045333	11	0.374664250054559	0.949340755483257	0.552060737527115	0.9088316035417	0.781742749686975	7760	tags=64%, list=43%, signal=36%	XM_067127974.1/XM_067130542.1/XM_067132597.1/XM_067110740.1/XM_067087207.1/JP355512.1/XM_067087208.1
GO:0043488	GO:0043488	20	0.343540230215007	0.965932038450539	0.552223371251293	0.9088316035417	0.781742749686975	5929	tags=40%, list=33%, signal=27%	XM_067111619.1/XM_067112550.1/XM_067133612.1/XM_067111620.1/XM_067123933.1/XM_067095936.1/XM_067132330.1/XM_067095940.1
GO:0008582	GO:0008582	21	0.342548845372604	0.969085763743613	0.552795031055901	0.9088316035417	0.781742749686975	6922	tags=48%, list=38%, signal=29%	XM_067100878.1/XM_067117450.1/XM_067115608.1/XM_067083286.1/XM_067101367.1/XM_067100877.1/XM_067104074.1/XM_067101208.1/XM_067112237.1/XM_067101207.1
GO:0006509	GO:0006509	10	0.384232731402814	0.944907530049389	0.553948832035595	0.9088316035417	0.781742749686975	7778	tags=50%, list=43%, signal=28%	XM_067117520.1/XM_067104968.1/XM_067083375.1/XM_067112301.1/XM_067082033.1
GO:0048846	GO:0048846	15	0.36008306622259	0.961887785344284	0.554255319148936	0.9088316035417	0.781742749686975	4612	tags=33%, list=26%, signal=25%	XM_067128834.1/XM_067112419.1/XM_067100416.1/XM_067119508.1/XM_067107728.1
GO:0006605	GO:0006605	15	0.359974533137737	0.96159786155053	0.554255319148936	0.9088316035417	0.781742749686975	3889	tags=33%, list=22%, signal=26%	JZ905044.1/XM_067107950.1/XM_067115196.1/XM_067098429.1/XM_067121435.1
GO:0051289	GO:0051289	39	0.312596630494554	0.972606200431709	0.554994954591322	0.9088316035417	0.781742749686975	5690	tags=36%, list=32%, signal=25%	XM_067093147.1/XM_067091288.1/XM_067129306.1/XM_067123909.1/XM_067123329.1/XM_067123911.1/XM_067118547.1/XM_067082287.1/XM_067093149.1/XM_067093150.1/XM_067091283.1/EU077526.1/XM_067099351.1/XM_067123910.1
GO:0009791	GO:0009791	26	0.330877090443631	0.972044109432893	0.555097837281153	0.9088316035417	0.781742749686975	2396	tags=19%, list=13%, signal=17%	XM_067086030.1/XM_067086029.1/XM_067091162.1/XM_067115637.1/XM_067081623.1
GO:0007419	GO:0007419	35	0.318460376137317	0.975514769109445	0.555329949238579	0.9088316035417	0.781742749686975	8045	tags=51%, list=45%, signal=29%	XM_067091124.1/XM_067084567.1/XM_067103814.1/XM_067096670.1/XM_067103242.1/XM_067133208.1/XM_067118088.1/XM_067087371.1/XM_067125902.1/XM_067104074.1/XM_067096669.1/XM_067088231.1/XM_067096672.1/XM_067096309.1/XM_067133211.1/XM_067119115.1/XM_067083124.1/XM_067101841.1
GO:0070830	GO:0070830	11	0.371094724773878	0.940296135330189	0.560737527114967	0.915581212280241	0.787548509163226	6796	tags=55%, list=38%, signal=34%	XM_067128466.1/XM_067122056.1/XM_067084838.1/XM_067101339.1/XM_067081039.1/XM_067114493.1
GO:0043519	GO:0043519	11	0.370919568968337	0.939852317846307	0.560737527114967	0.915581212280241	0.787548509163226	7926	tags=55%, list=44%, signal=31%	XM_067096073.1/XM_067123908.1/XM_067082543.1/XM_067104872.1/XM_067128790.1/XM_067104869.1
GO:0016322	GO:0016322	15	0.358071407909712	0.956514054277888	0.561702127659575	0.915581212280241	0.787548509163226	5950	tags=40%, list=33%, signal=27%	XM_067103484.1/XM_067124608.1/XM_067120233.1/XM_067088533.1/XM_067121778.1/XM_067134062.1
GO:0007218	GO:0007218	11	-0.253043530496843	-0.908466946077112	0.5625	0.915581212280241	0.787548509163226	3127	tags=64%, list=17%, signal=53%	XM_067114210.1/XM_067129093.1/XM_067102281.1/XM_067102279.1/XM_067113813.1/XM_067094238.1/XM_067116593.1
GO:0002244	GO:0002244	20	-0.229828850855746	-1.04558159494134	0.562726185670574	0.915581212280241	0.787548509163226	13881	tags=30%, list=77%, signal=7%	XM_067099854.1/XM_067091485.1/XM_067094249.1/XM_067092017.1/XM_067094251.1/XM_067091471.1
GO:0046664	GO:0046664	10	-0.2585249361324	-0.901501901993086	0.563106796116505	0.915581212280241	0.787548509163226	13362	tags=90%, list=74%, signal=23%	XM_067093225.1/XM_067125739.1/XM_067125719.1/XM_067101394.1/XM_067101383.1/XM_067103901.1/XM_067101382.1/XM_067125737.1/XM_067092619.1
GO:0046470	GO:0046470	12	0.364404768413095	0.938573146978004	0.566666666666667	0.920374370050396	0.791671403129855	6040	tags=50%, list=34%, signal=33%	XM_067082601.1/XM_067119026.1/XM_067119017.1/XM_067082589.1/XM_067082586.1/XM_067092170.1
GO:0045463	GO:0045463	11	0.369648409642292	0.936631398437126	0.568329718004338	0.922079715079315	0.793138276758453	4612	tags=45%, list=26%, signal=34%	XM_067128834.1/XM_067112419.1/XM_067082755.1/XM_067119508.1/XM_067107728.1
GO:0050830	GO:0050830	13	0.362397185828852	0.944371535034143	0.570505920344456	0.924365429355186	0.795104362176318	4844	tags=31%, list=27%, signal=23%	XM_067107761.1/XM_067119354.1/XM_067115414.1/XM_067092532.1
GO:0043473	GO:0043473	12	0.362915017548635	0.934736094671694	0.570967741935484	0.924365429355186	0.795104362176318	7235	tags=50%, list=40%, signal=30%	XM_067113359.1/XM_067126028.1/XM_067113360.1/XM_067099669.1/XM_067111309.1/XM_067126029.1
GO:0003333	GO:0003333	21	0.33812679152963	0.956575578747741	0.572463768115942	0.924705534130183	0.795396907506996	7425	tags=57%, list=41%, signal=34%	XM_067128906.1/XM_067116479.1/XM_067116476.1/XM_067128693.1/XM_067094241.1/XM_067132336.1/XM_067124316.1/XM_067119491.1/JP353558.1/XM_067084285.1/XM_067104170.1/XM_067081714.1
GO:0044209	GO:0044209	10	-0.256914361879374	-0.895885671024708	0.572815533980582	0.924705534130183	0.795396907506996	13391	tags=40%, list=74%, signal=10%	EL609221.1/XM_067129333.1/XM_067130871.1/EL696261.1
GO:0048489	GO:0048489	36	0.311504685140853	0.957446399327254	0.573022312373225	0.924705534130183	0.795396907506996	8442	tags=56%, list=47%, signal=30%	XM_067108348.1/XM_067117450.1/XM_067110066.1/XM_067087046.1/XM_067092941.1/XM_067109758.1/XM_067115608.1/XM_067083286.1/XM_067101367.1/XM_067128145.1/XM_067114181.1/XM_067104422.1/XM_067128146.1/XM_067110080.1/XM_067121822.1/XM_067123899.1/XM_067095299.1/XM_067103239.1/XM_067095283.1/XM_067110075.1
GO:0045945	GO:0045945	15	0.3541705105998	0.946093610146345	0.575531914893617	0.927759914255091	0.798024170366396	3624	tags=20%, list=20%, signal=16%	XM_067084318.1/XM_067084302.1/JP355629.1
GO:0007406	GO:0007406	13	0.360980902219049	0.940680838806537	0.578040904198062	0.93080676650309	0.800644958029324	7864	tags=46%, list=44%, signal=26%	XM_067088398.1/XM_067131895.1/XM_067125902.1/XM_067104074.1/XM_067131896.1/XM_067131551.1
GO:0035023	GO:0035023	19	-0.200100227499572	-0.89209978354029	0.581395348837209	0.934747924309511	0.804034993684483	1314	tags=26%, list=7%, signal=24%	XM_067133947.1/XM_067107766.1/XM_067093807.1/XM_067093813.1/XM_067093808.1
GO:0009409	GO:0009409	15	0.351926242693941	0.940098510436903	0.584042553191489	0.934747924309511	0.804034993684483	2484	tags=20%, list=14%, signal=17%	XM_067120062.1/XM_067120061.1/JP353508.1
GO:0045948	GO:0045948	16	0.350814047085343	0.949933960101064	0.584566596194503	0.934747924309511	0.804034993684483	4218	tags=38%, list=23%, signal=29%	XM_067125781.1/XM_067120013.1/XM_067120351.1/XM_067116482.1/XM_067125779.1/XM_067086671.1
GO:0016339	GO:0016339	28	0.317924393788213	0.947022557029071	0.584867075664622	0.934747924309511	0.804034993684483	2080	tags=21%, list=12%, signal=19%	XM_067105792.1/XM_067091124.1/XM_067128834.1/XM_067088325.1/XM_067112419.1/XM_067103814.1
GO:0006816	GO:0006816	39	0.307449615579499	0.956591892752904	0.585267406659939	0.934747924309511	0.804034993684483	1864	tags=15%, list=10%, signal=14%	XM_067127801.1/XM_067112769.1/XM_067105236.1/XM_067123435.1/XM_067082432.1/XM_067082434.1
GO:0006405	GO:0006405	33	0.314455491182051	0.957358449164392	0.586206896551724	0.934747924309511	0.804034993684483	6628	tags=39%, list=37%, signal=25%	XM_067123648.1/XM_067088168.1/XM_067122958.1/XM_067123650.1/XM_067131969.1/XM_067100505.1/XM_067123649.1/XM_067129433.1/XM_067100504.1/XM_067122957.1/XM_067088169.1/XM_067100502.1/XM_067110365.1
GO:0050807	GO:0050807	21	0.332477388485526	0.940593168829716	0.587991718426501	0.934747924309511	0.804034993684483	2432	tags=19%, list=13%, signal=16%	XM_067105469.1/XM_067093449.1/XM_067091389.1/XM_067105466.1
GO:0040018	GO:0040018	21	-0.213990878427326	-0.998205921348666	0.588857090036409	0.934747924309511	0.804034993684483	11967	tags=38%, list=66%, signal=13%	XM_067134095.1/XM_067117015.1/XM_067134096.1/XM_067134094.1/XM_067117020.1/XM_067085961.1/XM_067118922.1/XM_067118923.1
GO:0006693	GO:0006693	16	-0.214385508460473	-0.890690604631367	0.589285714285714	0.934747924309511	0.804034993684483	3582	tags=50%, list=20%, signal=40%	JP352756.1/XM_067089519.1/XM_067097550.1/XM_067120258.1/XM_067089520.1/XM_067111201.1/XM_067085745.1/XM_067116864.1
GO:0035999	GO:0035999	15	0.350913860974191	0.937394141079718	0.58936170212766	0.934747924309511	0.804034993684483	1032	tags=20%, list=6%, signal=19%	XM_067124898.1/XM_067090513.1/XM_067086682.1
GO:0043491	GO:0043491	25	0.32498169040405	0.947283822097001	0.591331269349845	0.934747924309511	0.804034993684483	7754	tags=40%, list=43%, signal=23%	XM_067130824.1/XM_067116297.1/XM_067104147.1/XM_067123562.1/LT574898.1/XM_067131953.1/XM_067129236.1/XM_067104111.1/XM_067111372.1/XM_067116106.1
GO:0060291	GO:0060291	12	0.357856762419953	0.921707883062337	0.591397849462366	0.934747924309511	0.804034993684483	3797	tags=33%, list=21%, signal=26%	XM_067091344.1/XM_067087995.1/XM_067132987.1/XM_067084496.1
GO:0060173	GO:0060173	11	0.363713546197036	0.921593380409013	0.592190889370933	0.934747924309511	0.804034993684483	8006	tags=55%, list=44%, signal=30%	XM_067132377.1/XM_067134263.1/XM_067117121.1/XM_067123913.1/XM_067124903.1/XM_067113614.1
GO:0034727	GO:0034727	15	0.349867257169806	0.934598354468332	0.592553191489362	0.934747924309511	0.804034993684483	8808	tags=73%, list=49%, signal=38%	XM_067119910.1/XM_067119909.1/XM_067086662.1/XM_067109856.1/XM_067095896.1/XM_067103297.1/XM_067120824.1/XM_067126484.1/XM_067086661.1/XM_067132745.1/XM_067086663.1
GO:0022008	GO:0022008	40	0.308655839705387	0.960810669555559	0.592705167173252	0.934747924309511	0.804034993684483	9643	tags=68%, list=54%, signal=31%	XM_067110617.1/XM_067087150.1/XM_067110612.1/XM_067110614.1/XM_067084567.1/JP354385.1/XM_067099356.1/XM_067115240.1/XM_067110613.1/XM_067099986.1/XM_067126495.1/XM_067099954.1/XM_067128377.1/XM_067128387.1/XM_067121709.1/XM_067118320.1/XM_067128378.1/XM_067117131.1/XM_067121685.1/XM_067091133.1/XM_067084782.1/XM_067124223.1/XM_067084781.1/XM_067124224.1/XM_067084780.1/XM_067118448.1/XM_067084784.1
GO:0051124	GO:0051124	26	0.323959859729001	0.951722807161017	0.593202883625129	0.934747924309511	0.804034993684483	9771	tags=62%, list=54%, signal=28%	XM_067108410.1/XM_067100878.1/XM_067115023.1/XM_067123311.1/XM_067100877.1/XM_067101208.1/XM_067123313.1/XM_067112237.1/XM_067101207.1/XM_067100860.1/XM_067103239.1/XM_067095351.1/XM_067092195.1/JP351550.1/XM_067129396.1/XM_067092197.1
GO:0018108	GO:0018108	12	0.356354928623627	0.917839709551342	0.593548387096774	0.934747924309511	0.804034993684483	5852	tags=42%, list=32%, signal=28%	XM_067104952.1/XM_067116598.1/XM_067126023.1/XM_067121401.1/XM_067121403.1
GO:0043009	GO:0043009	12	0.356214896831605	0.917479038969868	0.593548387096774	0.934747924309511	0.804034993684483	7019	tags=58%, list=39%, signal=36%	XM_067112769.1/XM_067116665.1/XM_067119332.1/XM_067116646.1/XM_067099642.1/GH624825.1/XM_067119025.1
GO:0045861	GO:0045861	11	0.363276665638505	0.920486393234682	0.594360086767896	0.934747924309511	0.804034993684483	5555	tags=45%, list=31%, signal=31%	XM_067130824.1/XM_067088818.1/XM_067100209.1/XM_067095605.1/XM_067095724.1
GO:0006930	GO:0006930	11	0.362197950171451	0.917753096539586	0.594360086767896	0.934747924309511	0.804034993684483	2080	tags=18%, list=12%, signal=16%	XM_067091124.1/XM_067103814.1
GO:0060996	GO:0060996	11	0.361645239806127	0.916352614706307	0.594360086767896	0.934747924309511	0.804034993684483	5496	tags=36%, list=31%, signal=25%	XM_067092841.1/XM_067134278.1/XM_067092793.1/XM_067092822.1
GO:0007042	GO:0007042	10	0.374940668379824	0.922056430695982	0.595105672969967	0.934747924309511	0.804034993684483	6716	tags=40%, list=37%, signal=25%	XM_067116516.1/XM_067083434.1/PQ046648.1/XM_067114798.1
GO:0006865	GO:0006865	16	0.347869789313469	0.941961501563467	0.595137420718816	0.934747924309511	0.804034993684483	5356	tags=38%, list=30%, signal=26%	XM_067097193.1/XM_067116479.1/XM_067116476.1/XM_067128322.1/XM_067129615.1/XM_067122645.1
GO:0007298	GO:0007298	78	0.290396784550496	0.95968897968505	0.595404595404595	0.934747924309511	0.804034993684483	8924	tags=56%, list=50%, signal=29%	GH625197.1/XM_067086030.1/XM_067086029.1/XM_067091124.1/XM_067123409.1/XM_067125824.1/XM_067089823.1/XM_067110066.1/XM_067107226.1/XM_067090798.1/XM_067103814.1/XM_067083341.1/XM_067134690.1/XM_067120158.1/XM_067103769.1/XM_067133257.1/GH625194.1/XM_067129190.1/XM_067093562.1/XM_067134688.1/XM_067094951.1/XM_067129191.1/XM_067129189.1/GH624156.1/XM_067110080.1/XM_067116749.1/XM_067091877.1/XM_067129027.1/XM_067131841.1/JP353649.1/XM_067085786.1/XM_067130820.1/XM_067092887.1/XM_067106355.1/XM_067134692.1/XM_067101841.1/XM_067134691.1/XM_067110075.1/XM_067093563.1/XM_067081602.1/EL696234.1/XM_067093225.1/XM_067134681.1/XM_067091666.1
GO:0007399	GO:0007399	132	0.281980622170134	0.964168039236242	0.596403596403596	0.935339946810228	0.804544229164173	7016	tags=42%, list=39%, signal=26%	XM_067132377.1/XM_067121618.1/XM_067133988.1/XM_067091573.1/XM_067092023.1/XM_067132394.1/XM_067101362.1/XM_067120818.1/XM_067120815.1/XM_067102689.1/XM_067107383.1/XM_067133987.1/XM_067114226.1/XM_067105469.1/XM_067096501.1/XM_067081912.1/XM_067116179.1/XM_067105466.1/XM_067096670.1/XM_067120817.1/XM_067082608.1/XM_067083969.1/XM_067095841.1/XM_067120859.1/XM_067083967.1/XM_067098091.1/XM_067134042.1/KC767854.1/XM_067083968.1/XM_067105182.1/XM_067129278.1/XM_067084838.1/XM_067096608.1/XM_067128510.1/XM_067084903.1/XM_067100671.1/XM_067096669.1/XM_067091383.1/XM_067121778.1/XM_067126495.1/XM_067098089.1/XM_067102269.1/XM_067096654.1/XM_067105264.1/XM_067122655.1/XM_067112917.1/XM_067095272.1/XM_067096672.1/XM_067097995.1/XM_067120858.1/XM_067091877.1/XM_067124903.1/XM_067114798.1/XM_067090407.1/XM_067104264.1
GO:0006611	GO:0006611	24	0.32773548159953	0.948932381531379	0.597724922440538	0.935656182515972	0.804816243219576	9592	tags=71%, list=53%, signal=33%	XM_067112865.1/XM_067130146.1/XM_067102176.1/XM_067102175.1/XM_067131969.1/XM_067087361.1/XM_067093082.1/XM_067101583.1/XM_067102174.1/XM_067134239.1/XM_067095700.1/XM_067087365.1/XM_067130147.1/XM_067101582.1/JP351658.1/XM_067118627.1/XM_067107394.1
GO:0046339	GO:0046339	12	0.355306607159501	0.915139617618093	0.597849462365591	0.935656182515972	0.804816243219576	761	tags=17%, list=4%, signal=16%	XM_067130846.1/XM_067130847.1
GO:0048589	GO:0048589	12	0.354482171757918	0.913016174138707	0.598924731182796	0.936070307857508	0.805172458256493	5596	tags=42%, list=31%, signal=29%	XM_067091162.1/XM_067115637.1/XM_067097313.1/XM_067087695.1/XM_067134477.1
GO:0035338	GO:0035338	13	0.355605538953669	0.926673169164503	0.59956942949408	0.936070307857508	0.805172458256493	3936	tags=31%, list=22%, signal=24%	XM_067134278.1/XM_067102618.1/XM_067116293.1/XM_067100047.1
GO:0002230	GO:0002230	16	0.346714489217342	0.938833181005789	0.600422832980973	0.936070307857508	0.805172458256493	1790	tags=19%, list=10%, signal=17%	JP354303.1/XM_067095119.1/XM_067107861.1
GO:0007219	GO:0007219	51	0.299298707541648	0.957359770851473	0.600603621730382	0.936070307857508	0.805172458256493	8528	tags=51%, list=47%, signal=27%	XM_067132377.1/XM_067120619.1/XM_067123304.1/XM_067090798.1/XM_067082216.1/XM_067117520.1/XM_067083472.1/JP354480.1/XM_067083465.1/XM_067103390.1/XM_067087674.1/XM_067123107.1/XM_067107608.1/XM_067086028.1/XM_067083375.1/XM_067081519.1/XM_067107609.1/XM_067130820.1/XM_067082212.1/XM_067112301.1/XM_067081508.1/XM_067114492.1/XM_067118513.1/XM_067085625.1/JP354549.1/XM_067090796.1
GO:0019372	GO:0019372	10	0.372780040580928	0.916743001334153	0.601779755283648	0.93693245543127	0.805914045160296	4085	tags=40%, list=23%, signal=31%	XM_067124422.1/XM_067127529.1/XM_067127500.1/XM_067127518.1
GO:0042953	GO:0042953	11	0.359206154594252	0.910172353319232	0.60412147505423	0.939605686123642	0.80821345761895	8283	tags=64%, list=46%, signal=34%	XM_067134046.1/XM_067113223.1/XM_067107854.1/XM_067096608.1/XM_067113227.1/XM_067134047.1/XM_067134048.1
GO:0006491	GO:0006491	13	0.352914578577577	0.919660790259646	0.608180839612487	0.942593164748194	0.81078317432498	5189	tags=46%, list=29%, signal=33%	XM_067127245.1/XM_067129753.1/XM_067109276.1/XM_067127244.1/XM_067117104.1/XM_067093153.1
GO:0034504	GO:0034504	12	-0.280159964452344	-1.02137821636183	0.608552330236433	0.942593164748194	0.81078317432498	12973	tags=50%, list=72%, signal=14%	XM_067127925.1/XM_067101584.1/XM_067127930.1/XM_067127929.1/XM_067082099.1/XM_067127921.1
GO:0140694	GO:0140694	12	0.351145360906283	0.904421772162224	0.608602150537634	0.942593164748194	0.81078317432498	4200	tags=42%, list=23%, signal=32%	XM_067095058.1/XM_067111619.1/XM_067111620.1/XM_067116482.1/XM_067108525.1
GO:0046785	GO:0046785	12	0.351084126719863	0.904264055337329	0.608602150537634	0.942593164748194	0.81078317432498	4982	tags=42%, list=28%, signal=30%	XM_067081649.1/XM_067123191.1/XM_067123190.1/XM_067125606.1/XM_067133118.1
GO:0008104	GO:0008104	115	0.283214585484115	0.960296802838639	0.61038961038961	0.942593164748194	0.81078317432498	8825	tags=52%, list=49%, signal=27%	XM_067084610.1/XM_067132377.1/XM_067089823.1/XM_067085773.1/XM_067107950.1/XM_067095812.1/XM_067107226.1/XM_067095794.1/XM_067101304.1/XM_067099033.1/XM_067116179.1/XM_067101140.1/XM_067121357.1/XM_067096670.1/XM_067094786.1/XM_067085784.1/XM_067095929.1/XM_067117391.1/XM_067091661.1/XM_067086671.1/XM_067118450.1/XM_067114181.1/XM_067107206.1/XM_067101066.1/XM_067130915.1/XM_067096669.1/XM_067111191.1/XM_067091240.1/XM_067133712.1/XM_067129279.1/XM_067134477.1/XM_067133029.1/XM_067104422.1/XM_067081039.1/XM_067119676.1/XM_067117394.1/JP354785.1/XM_067096672.1/XM_067089349.1/GH624156.1/XM_067129027.1/XM_067129954.1/XM_067090694.1/JP353649.1/XM_067128744.1/XM_067103183.1/XM_067106355.1/XM_067131551.1/XM_067123916.1/XM_067098464.1/XM_067090690.1/XM_067119677.1/XM_067134480.1/XM_067095819.1/JP351837.1/XM_067081602.1/XM_067128742.1/XM_067095805.1/XM_067134476.1/XM_067105141.1
GO:0061014	GO:0061014	14	0.351152248488815	0.925526189718432	0.611288604898829	0.942593164748194	0.81078317432498	6671	tags=43%, list=37%, signal=27%	XM_067094335.1/XM_067123322.1/XM_067114903.1/XM_067114904.1/XM_067125279.1/XM_067108002.1
GO:0032355	GO:0032355	14	0.350730377927742	0.924414272438606	0.611288604898829	0.942593164748194	0.81078317432498	8199	tags=64%, list=46%, signal=35%	XM_067116567.1/XM_067123908.1/XM_067120607.1/XM_067083343.1/XM_067116564.1/XM_067132074.1/XM_067120288.1/XM_067120287.1/XM_067120291.1
GO:0006900	GO:0006900	10	-0.25359739176009	-0.884319069689751	0.611650485436893	0.942593164748194	0.81078317432498	771	tags=30%, list=4%, signal=29%	XM_067093912.1/XM_067089741.1/XM_067089742.1
GO:0001822	GO:0001822	38	0.30282654975745	0.937618397313311	0.611729019211325	0.942593164748194	0.81078317432498	7732	tags=53%, list=43%, signal=30%	XM_067132377.1/XM_067112769.1/XM_067092950.1/XM_067089016.1/XM_067112689.1/JP353019.1/XM_067101117.1/XM_067092177.1/XM_067092175.1/XM_067092174.1/XM_067095605.1/XM_067115587.1/XM_067121962.1/XM_067089029.1/XM_067095724.1/XM_067082223.1/XM_067120288.1/XM_067110455.1/XM_067120287.1/XM_067107616.1
GO:0031333	GO:0031333	15	-0.211488250652742	-0.860242356067655	0.612903225806452	0.942593164748194	0.81078317432498	14210	tags=47%, list=79%, signal=10%	XM_067133769.1/XM_067112868.1/XM_067134439.1/XM_067085934.1/XM_067083401.1/XM_067085935.1/XM_067092947.1
GO:0001933	GO:0001933	17	0.339075943219734	0.925954064706269	0.613516367476241	0.942593164748194	0.81078317432498	8059	tags=47%, list=45%, signal=26%	XM_067089630.1/XM_067095568.1/XM_067134673.1/XM_067116482.1/XM_067093312.1/XM_067099997.1/XM_067087186.1/XM_067095700.1
GO:0042552	GO:0042552	13	0.351817447089374	0.916801773169657	0.613562970936491	0.942593164748194	0.81078317432498	6694	tags=54%, list=37%, signal=34%	XM_067125781.1/XM_067108849.1/XM_067125779.1/XM_067094082.1/XM_067117491.1/XM_067104518.1/XM_067116869.1
GO:0035017	GO:0035017	10	0.36725641346943	0.903159263083162	0.619577308120133	0.945737292916859	0.813487635074762	2867	tags=20%, list=16%, signal=17%	XM_067085773.1/XM_067085784.1
GO:0046488	GO:0046488	10	0.367126337504356	0.902839379458391	0.619577308120133	0.945737292916859	0.813487635074762	542	tags=20%, list=3%, signal=19%	XM_067119762.1/XM_067130824.1
GO:0034315	GO:0034315	14	0.347771173408701	0.916614745894516	0.619808306709265	0.945737292916859	0.813487635074762	8583	tags=64%, list=48%, signal=34%	XM_067082969.1/XM_067122420.1/XM_067093449.1/XM_067127885.1/XM_067134193.1/XM_067099922.1/XM_067134191.1/XM_067083453.1/XM_067127880.1
GO:0046777	GO:0046777	50	0.296399109033195	0.945542512151567	0.620342396777442	0.945737292916859	0.813487635074762	8373	tags=48%, list=46%, signal=26%	XM_067104952.1/XM_067130639.1/XM_067101112.1/XM_067117985.1/XM_067117986.1/XM_067133375.1/XM_067128466.1/JP354889.1/XM_067109009.1/XM_067116598.1/XM_067117984.1/XM_067133372.1/XM_067099728.1/XM_067095896.1/PQ202739.1/XM_067081926.1/XM_067097716.1/XM_067116106.1/XM_067104128.1/XM_067101406.1/XM_067105023.1/XM_067092052.1/XM_067105022.1/XM_067092972.1
GO:0006110	GO:0006110	11	0.355918962876495	0.901843122365653	0.620390455531453	0.945737292916859	0.813487635074762	5696	tags=45%, list=32%, signal=31%	XM_067083363.1/XM_067130542.1/XM_067116482.1/XM_067101339.1/XM_067083355.1
GO:0006414	GO:0006414	36	0.304103745349338	0.934698737757349	0.620689655172414	0.945737292916859	0.813487635074762	2762	tags=17%, list=15%, signal=14%	XM_067081431.1/XM_067103039.1/XM_067103296.1/XM_067116532.1/XM_067129167.1/JP354791.1
GO:0016241	GO:0016241	22	0.325110830916026	0.927432661833595	0.620725388601036	0.945737292916859	0.813487635074762	4613	tags=32%, list=26%, signal=24%	XM_067113717.1/XM_067093919.1/XM_067104394.1/XM_067116496.1/EL695619.1/XM_067113178.1/XM_067109672.1
GO:0033077	GO:0033077	10	-0.249972231478396	-0.871677778919631	0.621359223300971	0.945737292916859	0.813487635074762	13516	tags=50%, list=75%, signal=12%	XM_067106958.1/XM_067134439.1/XM_067085934.1/XM_067085935.1/XM_067099854.1
GO:0016079	GO:0016079	18	0.334707188654256	0.925617717660909	0.622661122661123	0.945737292916859	0.813487635074762	8295	tags=50%, list=46%, signal=27%	XM_067108348.1/XM_067089191.1/XM_067092941.1/XM_067089221.1/XM_067130167.1/XM_067100006.1/XM_067131053.1/XM_067124900.1/XM_067086212.1
GO:0007367	GO:0007367	16	0.342066256664031	0.926246701092791	0.623678646934461	0.945737292916859	0.813487635074762	7149	tags=38%, list=40%, signal=23%	XM_067133046.1/XM_067105957.1/XM_067104418.1/XM_067125323.1/XM_067083308.1/XM_067118400.1
GO:0030218	GO:0030218	18	-0.204767532857151	-0.856417054983981	0.625	0.945737292916859	0.813487635074762	1055	tags=22%, list=6%, signal=21%	XM_067094154.1/XM_067104445.1/XM_067114609.1/XM_067114608.1
GO:0006096	GO:0006096	42	0.298437693330216	0.938361181810964	0.625377643504532	0.945737292916859	0.813487635074762	8573	tags=43%, list=48%, signal=23%	JZ905123.1/XM_067104019.1/XM_067095831.1/XM_067102327.1/XM_067128868.1/XM_067106417.1/XM_067132597.1/XM_067098904.1/XM_067098902.1/XM_067123947.1/XM_067103986.1/XM_067102329.1/XM_067103570.1/XM_067103977.1/GH624065.1/XM_067098515.1/XM_067116605.1/JP354750.1
GO:0042176	GO:0042176	24	0.322231964435516	0.932997379243076	0.62564632885212	0.945737292916859	0.813487635074762	6629	tags=46%, list=37%, signal=29%	GH625579.1/XM_067105473.1/XM_067089695.1/XM_067093527.1/JP354889.1/XM_067109009.1/XM_067087690.1/XM_067098538.1/XM_067098539.1/XM_067117852.1/XM_067101583.1
GO:0051898	GO:0051898	20	0.327126929251995	0.919782761415411	0.626680455015512	0.945737292916859	0.813487635074762	6200	tags=35%, list=34%, signal=23%	XM_067121622.1/XM_067099680.1/XM_067095929.1/XM_067134673.1/XM_067134150.1/XM_067118040.1/XM_067113794.1
GO:0048026	GO:0048026	12	0.347295915398073	0.894507011165834	0.626881720430107	0.945737292916859	0.813487635074762	7952	tags=50%, list=44%, signal=28%	XM_067096580.1/XM_067129433.1/XM_067125349.1/XM_067099769.1/XM_067125343.1/XM_067100160.1
GO:1902692	GO:1902692	11	0.3535449139036	0.895827652661368	0.626898047722343	0.945737292916859	0.813487635074762	7864	tags=45%, list=44%, signal=26%	XM_067099356.1/XM_067125902.1/XM_067104074.1/XM_067130820.1/XM_067131551.1
GO:0044819	GO:0044819	11	0.353534644249583	0.895801630960333	0.626898047722343	0.945737292916859	0.813487635074762	7508	tags=55%, list=42%, signal=32%	XM_067082002.1/XM_067082000.1/XM_067082003.1/XM_067090771.1/XM_067090769.1/XM_067090770.1
GO:0051492	GO:0051492	17	0.336819584219365	0.919792363088662	0.628299894403379	0.945737292916859	0.813487635074762	3636	tags=29%, list=20%, signal=23%	XM_067130824.1/XM_067091124.1/XM_067103814.1/XM_067108538.1/XM_067120071.1
GO:0030865	GO:0030865	15	0.337517552146036	0.901608659785976	0.629787234042553	0.945737292916859	0.813487635074762	4598	tags=27%, list=26%, signal=20%	XM_067100416.1/XM_067086926.1/XM_067133412.1/XM_067107206.1
GO:0018230	GO:0018230	12	0.346400404645452	0.892200503627801	0.63010752688172	0.945737292916859	0.813487635074762	8566	tags=58%, list=48%, signal=31%	XM_067120168.1/XM_067081426.1/XM_067081420.1/XM_067120099.1/XM_067085543.1/XM_067085545.1/XM_067120079.1
GO:0035160	GO:0035160	11	0.35276158670385	0.893842823749902	0.630151843817787	0.945737292916859	0.813487635074762	2080	tags=18%, list=12%, signal=16%	XM_067091124.1/XM_067103814.1
GO:0030100	GO:0030100	28	0.30996801534899	0.923322362890387	0.630879345603272	0.945737292916859	0.813487635074762	7330	tags=46%, list=41%, signal=28%	XM_067131605.1/XM_067081862.1/XM_067081863.1/XM_067095929.1/XM_067104048.1/XM_067114181.1/XM_067086504.1/XM_067118833.1/XM_067095542.1/XM_067104049.1/XM_067104053.1/XM_067128531.1/XM_067131579.1
GO:0000165	GO:0000165	28	0.309944714136851	0.923252954018553	0.630879345603272	0.945737292916859	0.813487635074762	6648	tags=36%, list=37%, signal=23%	XM_067110245.1/XM_067116704.1/JP355213.1/XM_067088762.1/XM_067129190.1/XM_067133453.1/XM_067095985.1/XM_067129191.1/XM_067129189.1/XM_067131841.1
GO:0009168	GO:0009168	11	0.352567484010241	0.893350997807701	0.631236442516269	0.945737292916859	0.813487635074762	5959	tags=36%, list=33%, signal=24%	XM_067116150.1/XM_067116153.1/XM_067116149.1/XM_067116146.1
GO:0007051	GO:0007051	19	0.332031975878004	0.923152118099199	0.631908237747654	0.945737292916859	0.813487635074762	7686	tags=53%, list=43%, signal=30%	XM_067120904.1/XM_067120926.1/XM_067120822.1/XM_067120927.1/XM_067128360.1/XM_067115287.1/XM_067129027.1/XM_067120922.1/XM_067120920.1/XM_067120894.1
GO:0006836	GO:0006836	23	0.322023119678071	0.926432025911974	0.631958762886598	0.945737292916859	0.813487635074762	3831	tags=26%, list=21%, signal=21%	XM_067116047.1/XM_067108010.1/XM_067111169.1/XM_067128322.1/XM_067111167.1/XM_067130010.1
GO:0032006	GO:0032006	19	0.331492314960264	0.921651692973125	0.632950990615224	0.94628060624781	0.81395497275935	1986	tags=21%, list=11%, signal=19%	XM_067127603.1/XM_067100106.1/XM_067112963.1/XM_067088594.1
GO:0006644	GO:0006644	23	-0.187011178714562	-0.894193869590151	0.634274742327616	0.946475584767765	0.814122685945957	1316	tags=26%, list=7%, signal=24%	XM_067086716.1/JP351928.1/XM_067114102.1/XM_067086719.1/XM_067081091.1/XM_067097698.1
GO:0071689	GO:0071689	14	-0.231417070803502	-0.884573068706975	0.634920634920635	0.946475584767765	0.814122685945957	5770	tags=79%, list=32%, signal=53%	XM_067107547.1/XM_067099904.1/XM_067107548.1/XM_067083499.1/XM_067083482.1/XM_067083490.1/XM_067099903.1/XM_067130332.1/XM_067099887.1/XM_067099902.1/XM_067096592.1
GO:0042026	GO:0042026	27	0.310251936017691	0.91945852371856	0.634969325153374	0.946475584767765	0.814122685945957	6847	tags=41%, list=38%, signal=25%	XM_067121204.1/XM_067093662.1/XM_067085329.1/XM_067085331.1/HG001456.1/XM_067105183.1/XM_067103639.1/XM_067113466.1/XM_067103718.1/XM_067088373.1/XM_067121201.1
GO:0030334	GO:0030334	43	0.297434986009191	0.93532216930824	0.636363636363636	0.947614761476148	0.815102562887868	6575	tags=37%, list=36%, signal=24%	XM_067109255.1/XM_067121827.1/XM_067103351.1/XM_067099033.1/XM_067081912.1/XM_067087046.1/XM_067100416.1/XM_067100093.1/XM_067134690.1/JP354449.1/XM_067115240.1/XM_067091651.1/XM_067134688.1/XM_067121828.1/XM_067095272.1/XM_067109254.1
GO:0042417	GO:0042417	11	-0.241716468009492	-0.86780097115294	0.6375	0.948070614000409	0.81549467007734	3473	tags=55%, list=19%, signal=44%	XM_067082666.1/XM_067097765.1/XM_067082661.1/XM_067116923.1/XM_067082654.1/XM_067123181.1
GO:0006006	GO:0006006	32	0.304524416305833	0.924096911776727	0.638297872340426	0.948070614000409	0.81549467007734	5776	tags=34%, list=32%, signal=23%	XM_067092246.1/XM_067130824.1/XM_067133232.1/XM_067086822.1/XM_067122556.1/XM_067095934.1/XM_067110731.1/XM_067122557.1/XM_067084960.1/XM_067084413.1/XM_067082646.1
GO:0003383	GO:0003383	20	0.324592665048053	0.912657170951217	0.639089968976215	0.948070614000409	0.81549467007734	8850	tags=50%, list=49%, signal=25%	XM_067086030.1/XM_067086029.1/XM_067134690.1/XM_067132402.1/XM_067101387.1/XM_067134688.1/XM_067134692.1/XM_067123916.1/XM_067134691.1/XM_067134681.1
GO:0044331	GO:0044331	19	0.3293408886406	0.915670058949235	0.640250260688217	0.948070614000409	0.81549467007734	4612	tags=37%, list=26%, signal=27%	XM_067128834.1/XM_067088325.1/XM_067112419.1/XM_067104192.1/XM_067122056.1/XM_067119508.1/XM_067107728.1
GO:0061744	GO:0061744	15	0.335820007855423	0.897074019667098	0.641489361702128	0.948070614000409	0.81549467007734	7814	tags=53%, list=43%, signal=30%	XM_067132516.1/XM_067132517.1/XM_067132512.1/XM_067132597.1/XM_067083028.1/XM_067104422.1/XM_067134438.1/XM_067083029.1
GO:0045806	GO:0045806	10	0.361799054621894	0.889738492160311	0.64293659621802	0.948070614000409	0.81549467007734	919	tags=20%, list=5%, signal=19%	XM_067103657.1/XM_067131605.1
GO:0035196	GO:0035196	19	0.32794483576391	0.911788597934261	0.643378519290928	0.948070614000409	0.81549467007734	9017	tags=68%, list=50%, signal=34%	XM_067112368.1/XM_067113320.1/XM_067113319.1/XM_067113321.1/XM_067095492.1/XM_067112367.1/XM_067112994.1/XM_067133962.1/XM_067095493.1/XM_067085237.1/XM_067084478.1/KY369127.1/XM_067084465.1
GO:0051402	GO:0051402	22	0.320245087725906	0.913552320948314	0.644559585492228	0.948070614000409	0.81549467007734	6781	tags=41%, list=38%, signal=26%	XM_067103490.1/XM_067087046.1/XM_067083911.1/XM_067097697.1/XM_067132597.1/XM_067104422.1/XM_067092170.1/XM_067133722.1/XM_067134438.1
GO:0008345	GO:0008345	16	0.333449558114335	0.902914412536175	0.644820295983087	0.948070614000409	0.81549467007734	3871	tags=31%, list=21%, signal=25%	XM_067082432.1/XM_067082434.1/XM_067103484.1/XM_067123311.1/XM_067126315.1
GO:0007186	GO:0007186	50	0.293340434172784	0.935785036426348	0.64551863041289	0.948070614000409	0.81549467007734	8471	tags=54%, list=47%, signal=29%	XM_067101899.1/XM_067096073.1/XM_067094336.1/XM_067126771.1/XM_067113593.1/XM_067081623.1/XM_067103242.1/XM_067104469.1/XM_067118088.1/XM_067105302.1/XM_067102461.1/XM_067106524.1/XM_067082543.1/XM_067098260.1/XM_067121419.1/XM_067106463.1/XM_067106528.1/XM_067080948.1/XM_067130940.1/XM_067099997.1/XM_067131126.1/XM_067108876.1/XM_067104872.1/XM_067128790.1/XM_067104869.1/XM_067100113.1/XM_067081809.1
GO:0001503	GO:0001503	18	0.328447208360695	0.908306022936858	0.645530145530146	0.948070614000409	0.81549467007734	6174	tags=39%, list=34%, signal=26%	XM_067104952.1/XM_067111116.1/XM_067110141.1/XM_067133612.1/XM_067126023.1/XM_067124071.1/XM_067119708.1
GO:1990253	GO:1990253	15	0.334493235537024	0.893529820545522	0.645744680851064	0.948070614000409	0.81549467007734	8317	tags=53%, list=46%, signal=29%	XM_067134046.1/XM_067094786.1/XM_067095985.1/XM_067094095.1/XM_067108597.1/XM_067134047.1/XM_067134048.1/XM_067134320.1
GO:0070213	GO:0070213	10	0.360579057353816	0.886738267267867	0.646273637374861	0.948070614000409	0.81549467007734	6314	tags=60%, list=35%, signal=39%	XM_067094164.1/XM_067081290.1/XM_067116281.1/XM_067107656.1/XM_067096499.1/XM_067116296.1
GO:0015721	GO:0015721	16	0.333092575892082	0.901947776396922	0.646934460887949	0.948070614000409	0.81549467007734	3527	tags=25%, list=20%, signal=20%	XM_067116190.1/XM_067120281.1/XM_067108753.1/XM_067086304.1
GO:0003151	GO:0003151	12	0.342034358937626	0.880955169825806	0.647311827956989	0.948070614000409	0.81549467007734	8813	tags=58%, list=49%, signal=30%	XM_067112148.1/XM_067095985.1/XM_067134477.1/XM_067094407.1/XM_067132854.1/XM_067134480.1/XM_067134476.1
GO:1901224	GO:1901224	12	0.341871763405738	0.88053638331894	0.647311827956989	0.948070614000409	0.81549467007734	3674	tags=25%, list=20%, signal=20%	XM_067133172.1/XM_067082583.1/XM_067082582.1
GO:0099536	GO:0099536	10	0.36024545638878	0.885917873693525	0.647385984427141	0.948070614000409	0.81549467007734	2245	tags=20%, list=12%, signal=18%	XM_067121191.1/XM_067104801.1
GO:0002052	GO:0002052	10	0.360039394339965	0.885411124617591	0.649610678531702	0.950403171703968	0.817501048449172	9122	tags=60%, list=51%, signal=30%	XM_067121794.1/XM_067091698.1/XM_067101084.1/XM_067130820.1/XM_067117131.1/XM_067091409.1
GO:0035904	GO:0035904	19	-0.191267708046806	-0.852722073727618	0.651162790697674	0.950768973328416	0.817815697242878	3785	tags=42%, list=21%, signal=33%	XM_067127925.1/XM_067127930.1/XM_067106299.1/XM_067127929.1/XM_067101250.1/XM_067082099.1/XM_067127921.1/XM_067101251.1
GO:0031054	GO:0031054	13	0.341146224844973	0.888993614260844	0.651237890204521	0.950768973328416	0.817815697242878	8779	tags=62%, list=49%, signal=32%	XM_067112368.1/XM_067112367.1/XM_067112994.1/XM_067085237.1/XM_067084510.1/XM_067083844.1/XM_067083842.1/KY369127.1
GO:0070328	GO:0070328	14	0.340155037310138	0.896541021593973	0.651757188498403	0.950768973328416	0.817815697242878	8262	tags=71%, list=46%, signal=39%	XM_067131187.1/XM_067134194.1/XM_067088849.1/XM_067111143.1/XM_067108597.1/GH626008.1/XM_067130855.1/XM_067101279.1/XM_067101275.1/XM_067084178.1
GO:0008045	GO:0008045	39	0.293850394523173	0.914279578958933	0.652875882946519	0.951478030960818	0.818425601939281	3720	tags=23%, list=21%, signal=18%	XM_067108410.1/XM_067084316.1/XM_067115023.1/XM_067108051.1/XM_067100416.1/XM_067100093.1/XM_067134690.1/XM_067116428.1/XM_067103633.1
GO:0061484	GO:0061484	10	0.358844886651943	0.882473583859433	0.654060066740823	0.952281065225748	0.819116341799024	9770	tags=70%, list=54%, signal=32%	XM_067113807.1/XM_067099469.1/XM_067099462.1/XM_067125534.1/XM_067113808.1/XM_067106328.1/XM_067129396.1
GO:0072583	GO:0072583	26	0.309103882377933	0.908079213539551	0.654994850669413	0.952719782791873	0.819493710142226	9440	tags=69%, list=52%, signal=33%	XM_067110066.1/XM_067121385.1/XM_067116428.1/XM_067114181.1/XM_067121382.1/XM_067099642.1/XM_067086130.1/XM_067112438.1/XM_067110080.1/XM_067127051.1/XM_067123899.1/XM_067118395.1/XM_067116813.1/XM_067110075.1/JP354182.1/XM_067103477.1/XM_067123884.1/XM_067127052.1
GO:0002092	GO:0002092	16	0.331077883329043	0.89649239369291	0.656448202959831	0.95377589571138	0.820402138738302	5299	tags=38%, list=29%, signal=26%	XM_067121618.1/XM_067082969.1/XM_067091344.1/XM_067121357.1/XM_067095548.1/XM_067128829.1
GO:0045199	GO:0045199	12	0.339403146611742	0.874178131084445	0.656989247311828	0.95377589571138	0.820402138738302	275	tags=17%, list=2%, signal=16%	XM_067086030.1/XM_067086029.1
GO:0030010	GO:0030010	13	0.337378735506397	0.879175906428046	0.658772874058127	0.954491981920624	0.821018089152049	7280	tags=38%, list=40%, signal=23%	XM_067131700.1/XM_067131927.1/XM_067099728.1/XM_067081039.1/XM_067101084.1
GO:0019722	GO:0019722	11	0.347044870181897	0.879357555990715	0.65943600867679	0.954491981920624	0.821018089152049	7754	tags=45%, list=43%, signal=26%	XM_067115481.1/XM_067096700.1/XM_067088231.1/XM_067115483.1/XM_067116106.1
GO:0006144	GO:0006144	10	-0.244813940427436	-0.853690310232693	0.660194174757282	0.954491981920624	0.821018089152049	1584	tags=30%, list=9%, signal=27%	XM_067130871.1/EL696261.1/XM_067100898.1
GO:0006024	GO:0006024	14	0.338533651092157	0.892267560681085	0.660276890308839	0.954491981920624	0.821018089152049	6241	tags=43%, list=35%, signal=28%	XM_067104418.1/XM_067110141.1/XM_067092297.1/XM_067091219.1/XM_067119708.1/XM_067083308.1
GO:0033574	GO:0033574	13	0.336121617134883	0.875899979206065	0.660925726587729	0.954491981920624	0.821018089152049	7243	tags=46%, list=40%, signal=28%	XM_067116567.1/XM_067115017.1/XM_067116564.1/XM_067115016.1/XM_067134438.1/XM_067104207.1
GO:1902533	GO:1902533	12	0.33908890501977	0.873368759897639	0.661290322580645	0.954491981920624	0.821018089152049	4108	tags=25%, list=23%, signal=19%	XM_067130394.1/XM_067130393.1/XM_067115240.1
GO:0006656	GO:0006656	13	0.334970835067562	0.872901153967066	0.66200215285253	0.954603296155517	0.821113837468597	761	tags=15%, list=4%, signal=15%	XM_067130846.1/XM_067130847.1
GO:0017148	GO:0017148	60	0.284841063891406	0.924910957427725	0.662662662662663	0.954640464219008	0.821145808038327	8949	tags=60%, list=50%, signal=30%	XM_067102222.1/XM_067123792.1/XM_067096311.1/XM_067111619.1/XM_067127588.1/XM_067095247.1/XM_067110737.1/XM_067088168.1/XM_067133612.1/XM_067111620.1/XM_067116482.1/XM_067100338.1/XM_067108525.1/XM_067100337.1/XM_067114903.1/XM_067104074.1/XM_067114904.1/XM_067087695.1/XM_067088640.1/XM_067088169.1/XM_067084241.1/XM_067125279.1/XM_067110365.1/XM_067112357.1/XM_067097716.1/XM_067133962.1/XM_067092252.1/XM_067103817.1/XM_067119542.1/XM_067110262.1/XM_067133613.1/XM_067131965.1/XM_067092972.1/XM_067125280.1/XM_067095622.1/XM_067110366.1
GO:0006119	GO:0006119	10	0.356664621601917	0.877111862447122	0.665183537263626	0.956743002544529	0.822954332395875	6259	tags=50%, list=35%, signal=33%	XM_067118337.1/XM_067123416.1/XM_067098109.1/KU745282.1/XM_067118336.1
GO:0055002	GO:0055002	10	0.355926742011561	0.875297264355357	0.666295884315907	0.956743002544529	0.822954332395875	2937	tags=20%, list=16%, signal=17%	XM_067101137.1/XM_067132860.1
GO:0043524	GO:0043524	66	0.283893239251679	0.927300457402717	0.666666666666667	0.956743002544529	0.822954332395875	8048	tags=50%, list=45%, signal=28%	XM_067081486.1/XM_067081458.1/XM_067120818.1/XM_067120815.1/XM_067129306.1/XM_067120817.1/XM_067110651.1/XM_067097313.1/XM_067103633.1/XM_067132597.1/XM_067116557.1/XM_067083434.1/XM_067109672.1/EU077526.1/XM_067091651.1/GH624168.1/XM_067112168.1/XM_067092541.1/XM_067119676.1/XM_067092675.1/XM_067116582.1/XM_067114798.1/XM_067134438.1/XM_067099997.1/XM_067127480.1/XM_067109668.1/XM_067104111.1/XM_067113607.1/EL609000.1/XM_067131681.1/XM_067092673.1/XM_067098464.1/XM_067129308.1
GO:0045668	GO:0045668	14	-0.228618936218374	-0.873877425174597	0.666666666666667	0.956743002544529	0.822954332395875	2082	tags=29%, list=12%, signal=25%	XM_067099854.1/XM_067115422.1/XM_067115421.1/XM_067115420.1
GO:0050770	GO:0050770	17	0.325197590774213	0.888054835594553	0.668426610348469	0.958354263073496	0.824340278077636	8850	tags=59%, list=49%, signal=30%	XM_067128466.1/XM_067106014.1/XM_067134690.1/XM_067106009.1/XM_067102975.1/XM_067134688.1/XM_067134692.1/XM_067107727.1/XM_067134691.1/XM_067134681.1
GO:0007395	GO:0007395	18	0.322530343505466	0.891943198567817	0.669438669438669	0.958891198891199	0.824802130065288	8850	tags=67%, list=49%, signal=34%	XM_067106014.1/XM_067134690.1/XM_067106009.1/XM_067084234.1/XM_067134688.1/XM_067108797.1/XM_067131841.1/XM_067108800.1/XM_067134692.1/XM_067134691.1/XM_067093225.1/XM_067134681.1
GO:0035151	GO:0035151	13	0.33337146495205	0.8687333522563	0.671689989235737	0.959653898317371	0.825458175414368	2447	tags=15%, list=14%, signal=13%	XM_067106590.1/XM_067095215.1
GO:0042149	GO:0042149	27	0.303181266156103	0.898503980272081	0.671779141104294	0.959653898317371	0.825458175414368	7631	tags=44%, list=42%, signal=26%	XM_067083363.1/XM_067082969.1/XM_067088594.1/XM_067129680.1/XM_067134675.1/XM_067129679.1/XM_067083355.1/XM_067089856.1/XM_067093202.1/XM_067094095.1/XM_067108597.1/EL609912.1
GO:0006813	GO:0006813	15	0.32974502354376	0.88084594966412	0.673404255319149	0.959653898317371	0.825458175414368	2648	tags=20%, list=15%, signal=17%	XM_067118601.1/XM_067112769.1/XM_067123329.1
GO:0015827	GO:0015827	11	0.343488025902635	0.870345067516785	0.67353579175705	0.959653898317371	0.825458175414368	1759	tags=18%, list=10%, signal=16%	XM_067116479.1/XM_067116476.1
GO:1904059	GO:1904059	10	0.354075148491624	0.870743814020215	0.674082313681869	0.959653898317371	0.825458175414368	8850	tags=60%, list=49%, signal=31%	XM_067134690.1/XM_067134688.1/XM_067082949.1/XM_067134692.1/XM_067134691.1/XM_067134681.1
GO:0016601	GO:0016601	18	-0.20033896253184	-0.837895060296288	0.675	0.959653898317371	0.825458175414368	1826	tags=22%, list=10%, signal=20%	XM_067100419.1/XM_067093807.1/XM_067093813.1/XM_067093808.1
GO:0061709	GO:0061709	18	-0.20016583900581	-0.837170990722162	0.675	0.959653898317371	0.825458175414368	648	tags=22%, list=4%, signal=21%	XM_067087770.1/XM_067100867.1/XM_067125242.1/XM_067091961.1
GO:0010508	GO:0010508	39	0.289500821927587	0.900746415568775	0.675075681130172	0.959653898317371	0.825458175414368	8716	tags=56%, list=48%, signal=29%	XM_067130468.1/XM_067101362.1/XM_067091344.1/XM_067110066.1/XM_067095264.1/XM_067105778.1/XM_067114181.1/XM_067095263.1/XM_067130961.1/XM_067108797.1/XM_067110080.1/XM_067109809.1/XM_067126484.1/XM_067108800.1/XM_067097716.1/XM_067109798.1/XM_067110262.1/XM_067108921.1/XM_067109802.1/XM_067110075.1/XM_067132745.1/XM_067099352.1
GO:0140042	GO:0140042	18	0.321386922384057	0.888781118742224	0.676715176715177	0.960262685841111	0.825981831536063	5498	tags=33%, list=31%, signal=23%	XM_067103878.1/XM_067105242.1/XM_067095517.1/XM_067086629.1/XM_067094166.1/JP354016.1
GO:0060999	GO:0060999	13	0.332522968129055	0.866522252726457	0.677072120559742	0.960262685841111	0.825981831536063	5879	tags=38%, list=33%, signal=26%	XM_067119987.1/XM_067082583.1/XM_067082582.1/XM_067100133.1/XM_067119676.1
GO:0006139	GO:0006139	10	0.353237151586274	0.868683006802847	0.67741935483871	0.960262685841111	0.825981831536063	5204	tags=40%, list=29%, signal=28%	XM_067116047.1/XM_067097743.1/XM_067096308.1/XM_067112634.1
GO:0006801	GO:0006801	10	0.352605666093931	0.867130053740643	0.67853170189099	0.960933784975564	0.826559085760756	8048	tags=50%, list=45%, signal=28%	XM_067130034.1/XM_067129306.1/EU077526.1/XM_067091868.1/XM_067129308.1
GO:0035099	GO:0035099	24	0.310569175529565	0.89922868871922	0.680455015511892	0.962751028532348	0.828122210292732	8924	tags=54%, list=50%, signal=27%	XM_067091124.1/XM_067103814.1/XM_067083969.1/XM_067083967.1/XM_067134690.1/XM_067083968.1/XM_067134688.1/XM_067131841.1/XM_067134692.1/XM_067101841.1/XM_067134691.1/XM_067134681.1/XM_067091666.1
GO:0051382	GO:0051382	12	0.334036540546819	0.860355720458807	0.681720430107527	0.963001571452276	0.828337717885531	8947	tags=67%, list=50%, signal=34%	XM_067115309.1/EL609572.1/XM_067125308.1/JP354534.1/XM_067091180.1/XM_067125310.1/XM_067125309.1/XM_067091181.1
GO:1900181	GO:1900181	18	0.320996769819702	0.887702169324946	0.681912681912682	0.963001571452276	0.828337717885531	5182	tags=33%, list=29%, signal=24%	XM_067092950.1/XM_067099163.1/XM_067105475.1/XM_067099166.1/XM_067116347.1/XM_067091235.1
GO:0043687	GO:0043687	14	0.332328647756581	0.875913135729856	0.68370607028754	0.963054246707744	0.828383027158327	6483	tags=43%, list=36%, signal=27%	XM_067092089.1/XM_067104530.1/XM_067130369.1/XM_067096890.1/XM_067097255.1/XM_067082944.1
GO:0000956	GO:0000956	26	0.304240401293782	0.893791375923328	0.683831101956746	0.963054246707744	0.828383027158327	9787	tags=77%, list=54%, signal=35%	JP351856.1/XM_067119877.1/XM_067120351.1/XM_067082453.1/XM_067107278.1/XM_067129448.1/XM_067086576.1/XM_067112364.1/XM_067092252.1/XM_067085237.1/XM_067120371.1/XM_067101618.1/KY369127.1/XM_067084782.1/XM_067102352.1/XM_067084781.1/XM_067082917.1/XM_067084780.1/XM_067084784.1/XM_067088224.1
GO:0055059	GO:0055059	12	0.333932654493066	0.860088148053478	0.683870967741935	0.963054246707744	0.828383027158327	7926	tags=58%, list=44%, signal=33%	XM_067090217.1/XM_067103242.1/XM_067090216.1/XM_067101084.1/XM_067104872.1/XM_067131551.1/XM_067104869.1
GO:0061640	GO:0061640	13	0.330308123603563	0.860750585047479	0.684607104413348	0.963189041195206	0.828498972304667	7516	tags=46%, list=42%, signal=27%	XM_067089823.1/XM_067107226.1/XM_067107206.1/GH624156.1/JP353649.1/XM_067106355.1
GO:0050808	GO:0050808	35	0.294666945845809	0.902630214557723	0.685279187817259	0.963233549978652	0.8285372570855	4150	tags=23%, list=23%, signal=18%	XM_067108410.1/XM_067119987.1/XM_067114892.1/XM_067108971.1/XM_067110750.1/XM_067109758.1/XM_067084496.1/XM_067103790.1
GO:0018107	GO:0018107	12	0.332930778308903	0.857507682141498	0.686021505376344	0.963376605122336	0.828660307737507	8053	tags=50%, list=45%, signal=28%	XM_067090976.1/XM_067116598.1/XM_067090968.1/XM_067105854.1/XM_067105865.1/XM_067098636.1
GO:0045176	GO:0045176	16	0.320994741073753	0.869189270193696	0.689217758985201	0.966962229024013	0.831744526505118	7926	tags=44%, list=44%, signal=25%	XM_067132394.1/XM_067108753.1/JP354448.1/XM_067101084.1/XM_067098575.1/XM_067104872.1/XM_067104869.1
GO:1902042	GO:1902042	13	0.328363459495084	0.855682981045395	0.689989235737352	0.967142414304732	0.831899515103944	7671	tags=54%, list=43%, signal=31%	XM_067100106.1/XM_067116557.1/XM_067116167.1/XM_067116168.1/XM_067127480.1/XM_067113607.1/EL609000.1
GO:0008340	GO:0008340	83	0.276887940804423	0.921368450542011	0.691308691308691	0.9680896384807	0.832714281699874	9324	tags=51%, list=52%, signal=25%	XM_067096073.1/EL695757.1/EL609839.1/XM_067132507.1/XM_067091124.1/XM_067119871.1/EL609946.1/XM_067097991.1/EL609201.1/XM_067112731.1/XM_067103814.1/XM_067112734.1/XM_067119872.1/XM_067087995.1/XM_067117391.1/XM_067108506.1/XM_067132597.1/XM_067103650.1/XM_067128020.1/EL609969.1/XM_067121419.1/GH625164.1/XM_067094352.1/XM_067123455.1/XM_067117394.1/EL696220.1/XM_067131841.1/XM_067134438.1/EL609632.1/XM_067130820.1/XM_067083534.1/XM_067128790.1/XM_067131436.1/XM_067103239.1/EL696108.1/XM_067092195.1/XM_067091666.1/XM_067132205.1/XM_067091409.1/XM_067117617.1/XM_067087978.1/XM_067083535.1
GO:0009887	GO:0009887	30	0.294338855180404	0.884664422536485	0.692697768762678	0.96845094877124	0.833025067217143	8190	tags=43%, list=45%, signal=24%	XM_067127330.1/JP353147.1/XM_067132377.1/XM_067107798.1/XM_067108051.1/XM_067119013.1/XM_067118198.1/XM_067124071.1/XM_067088050.1/XM_067099371.1/XM_067119011.1/XM_067098464.1/XM_067088052.1
GO:0050767	GO:0050767	19	0.314896840083002	0.87551111346028	0.693430656934307	0.96845094877124	0.833025067217143	9173	tags=58%, list=51%, signal=28%	XM_067111619.1/XM_067107364.1/XM_067111620.1/XM_067104074.1/XM_067125299.1/XM_067125300.1/XM_067130820.1/XM_067131551.1/XM_067130206.1/XM_067085739.1/XM_067130196.1
GO:0030431	GO:0030431	25	0.305508323907449	0.890521224114755	0.693498452012384	0.96845094877124	0.833025067217143	7370	tags=36%, list=41%, signal=21%	XM_067084051.1/XM_067131187.1/XM_067129593.1/XM_067087339.1/XM_067115166.1/XM_067098370.1/XM_067103718.1/LT574897.1/XM_067132820.1
GO:0042062	GO:0042062	11	0.336945904377618	0.853768352257405	0.695227765726681	0.968499568363768	0.833066887961276	2432	tags=18%, list=13%, signal=16%	XM_067105469.1/XM_067105466.1
GO:1905907	GO:1905907	12	0.330637792927684	0.851601792066028	0.695698924731183	0.968499568363768	0.833066887961276	9052	tags=67%, list=50%, signal=33%	EL609734.1/XM_067104341.1/XM_067109611.1/XM_067123433.1/XM_067129345.1/XM_067098464.1/EL696583.1/XM_067090279.1
GO:0048102	GO:0048102	12	0.330560265039774	0.851402108636937	0.695698924731183	0.968499568363768	0.833066887961276	6066	tags=33%, list=34%, signal=22%	XM_067106014.1/XM_067106009.1/XM_067124272.1/XM_067130961.1
GO:0001889	GO:0001889	29	0.294526789872125	0.880039853964757	0.696938775510204	0.968499568363768	0.833066887961276	7631	tags=52%, list=42%, signal=30%	XM_067132377.1/XM_067112769.1/XM_067106478.1/XM_067089630.1/XM_067081623.1/XM_067109276.1/XM_067104805.1/XM_067082584.1/XM_067095985.1/XM_067106479.1/XM_067104804.1/XM_067104207.1/XM_067103678.1/XM_067082991.1/EL609912.1
GO:0008361	GO:0008361	11	0.336321357564331	0.852185848072729	0.697396963123644	0.968499568363768	0.833066887961276	8209	tags=55%, list=46%, signal=30%	XM_067118301.1/XM_067122702.1/XM_067122703.1/XM_067122704.1/XM_067114228.1/XM_067107727.1
GO:0160175	GO:0160175	11	0.336178725362729	0.851824440326979	0.697396963123644	0.968499568363768	0.833066887961276	2080	tags=18%, list=12%, signal=16%	XM_067091124.1/XM_067103814.1
GO:0030031	GO:0030031	13	0.325906730109276	0.849280985136036	0.69967707212056	0.969077707011226	0.833564181072787	2299	tags=23%, list=13%, signal=20%	XM_067120979.1/XM_067100416.1/XM_067093449.1
GO:0030330	GO:0030330	12	0.32927546139075	0.848092925254499	0.7	0.969077707011226	0.833564181072787	3171	tags=25%, list=18%, signal=21%	XM_067131703.1/JP354889.1/XM_067109009.1
GO:0071361	GO:0071361	18	-0.193987814113079	-0.811332100101051	0.7	0.969077707011226	0.833564181072787	2472	tags=33%, list=14%, signal=29%	XM_067090121.1/XM_067090120.1/XM_067089425.1/XM_067090126.1/XM_067130964.1/XM_067096269.1
GO:0002009	GO:0002009	15	0.322188463328143	0.860660154628352	0.702127659574468	0.969077707011226	0.833564181072787	4352	tags=20%, list=24%, signal=15%	XM_067134535.1/XM_067123843.1/XM_067097767.1
GO:0007552	GO:0007552	13	0.324751214980522	0.846269826002997	0.702906350914962	0.969077707011226	0.833564181072787	6596	tags=46%, list=37%, signal=29%	XM_067094948.1/XM_067120233.1/XM_067129190.1/XM_067129191.1/XM_067129189.1/XM_067129027.1
GO:0050966	GO:0050966	10	0.347956402008897	0.855696554498924	0.703003337041157	0.969077707011226	0.833564181072787	1864	tags=20%, list=10%, signal=18%	XM_067082432.1/XM_067082434.1
GO:0007156	GO:0007156	49	0.282652584706907	0.901256751735941	0.704225352112676	0.969077707011226	0.833564181072787	4612	tags=27%, list=26%, signal=20%	XM_067095100.1/XM_067105792.1/XM_067128834.1/XM_067088325.1/XM_067112419.1/XM_067114892.1/XM_067122663.1/XM_067081815.1/XM_067084496.1/XM_067119508.1/XM_067103790.1/XM_067134022.1/XM_067107728.1
GO:0050680	GO:0050680	15	0.3217907219069	0.859597670299853	0.704255319148936	0.969077707011226	0.833564181072787	6683	tags=40%, list=37%, signal=25%	XM_067132377.1/XM_067131223.1/XM_067131225.1/XM_067081503.1/XM_067095985.1/XM_067131221.1
GO:0051607	GO:0051607	94	0.275809435343256	0.922016078229378	0.704295704295704	0.969077707011226	0.833564181072787	7508	tags=43%, list=42%, signal=25%	JP354303.1/XM_067095119.1/XM_067095264.1/XM_067082002.1/XM_067128143.1/XM_067131721.1/XM_067103478.1/XM_067128144.1/XM_067133739.1/XM_067093480.1/XM_067128286.1/XM_067119704.1/XM_067131758.1/XM_067133612.1/XM_067093469.1/XM_067131759.1/XM_067108459.1/XM_067082000.1/XM_067112866.1/XM_067113519.1/XM_067085202.1/XM_067131761.1/XM_067092917.1/XM_067095263.1/JP354258.1/XM_067086668.1/XM_067129887.1/JP354683.1/XM_067103297.1/XM_067103420.1/XM_067091877.1/XM_067097979.1/XM_067131841.1/XM_067117008.1/XM_067107738.1/XM_067123348.1/XM_067082003.1/XM_067090771.1/XM_067090769.1/XM_067090770.1
GO:0061723	GO:0061723	17	0.315400635900831	0.861301152922133	0.704329461457233	0.969077707011226	0.833564181072787	8928	tags=65%, list=50%, signal=33%	XM_067127274.1/XM_067127276.1/XM_067124266.1/XM_067134062.1/XM_067120824.1/JP354710.1/XM_067124269.1/XM_067115425.1/XM_067132745.1/XM_067129274.1/XM_067115424.1
GO:0035159	GO:0035159	19	0.311856990132049	0.867059385540084	0.704900938477581	0.969077707011226	0.833564181072787	9283	tags=58%, list=52%, signal=28%	XM_067086030.1/XM_067086029.1/XM_067134690.1/XM_067087995.1/XM_067134688.1/XM_067134692.1/XM_067134691.1/XM_067093225.1/XM_067092195.1/XM_067134681.1/XM_067087978.1
GO:0032467	GO:0032467	13	0.322746786801639	0.841046482693008	0.709364908503768	0.974324038712024	0.838076878203442	7546	tags=54%, list=42%, signal=31%	XM_067097697.1/XM_067084838.1/XM_067115587.1/XM_067091651.1/XM_067103660.1/XM_067091161.1/XM_067133248.1
GO:0032436	GO:0032436	45	0.28266661708792	0.892601805830205	0.711111111111111	0.975831305758313	0.83937337260426	8854	tags=53%, list=49%, signal=27%	XM_067091344.1/XM_067125832.1/XM_067088950.1/XM_067108530.1/XM_067113046.1/XM_067116704.1/XM_067132921.1/JP355213.1/XM_067116312.1/XM_067108528.1/XM_067113384.1/XM_067134438.1/XM_067084854.1/JP353912.1/XM_067114860.1/XM_067099531.1/XM_067108529.1/XM_067096274.1/XM_067114469.1/XM_067106275.1/XM_067125883.1/XM_067108877.1/XM_067108527.1/XM_067132915.1
GO:0007431	GO:0007431	19	0.310294612640099	0.86271549038616	0.712200208550574	0.976434925852382	0.83989258389738	5988	tags=37%, list=33%, signal=25%	XM_067091124.1/XM_067083537.1/XM_067121827.1/XM_067103814.1/JP354449.1/XM_067115524.1/XM_067121828.1
GO:0055074	GO:0055074	14	-0.216427515397631	-0.827276703413408	0.714285714285714	0.9784022898777	0.84158483640796	10452	tags=93%, list=58%, signal=39%	XM_067112301.1/XM_067116320.1/XM_067113808.1/XM_067126191.1/XM_067126197.1/XM_067113619.1/XM_067126192.1/XM_067097790.1/XM_067121268.1/XM_067117222.1/XM_067117561.1/XM_067091203.1/XM_067125578.1
GO:0046677	GO:0046677	11	0.330594861506784	0.837675800496125	0.715835140997831	0.97963244045563	0.842642965649475	75	tags=9%, list=0%, signal=9%	XM_067116047.1
GO:0007033	GO:0007033	13	0.320640331123352	0.835557265722862	0.717976318622174	0.9812134498783	0.844002890467827	7316	tags=46%, list=41%, signal=27%	XM_067134577.1/XM_067095985.1/XM_067099669.1/XM_067134581.1/JP353036.1/XM_067103678.1
GO:0071526	GO:0071526	18	0.310651604865489	0.859093079653925	0.718295218295218	0.9812134498783	0.844002890467827	6552	tags=28%, list=36%, signal=18%	XM_067132585.1/XM_067100093.1/XM_067112225.1/XM_067098423.1/XM_067132584.1
GO:0006879	GO:0006879	34	0.288187655956829	0.880824930015449	0.719066937119676	0.981376291676944	0.844142960855938	6229	tags=32%, list=35%, signal=21%	XM_067130848.1/XM_067120759.1/XM_067089670.1/XM_067085699.1/JP355248.1/XM_067081078.1/XM_067081640.1/XM_067100814.1/GH626017.1/XM_067127033.1/XM_067123913.1
GO:0006625	GO:0006625	18	0.309802594463503	0.856745179467747	0.721413721413721	0.983686524937658	0.846130136582014	6776	tags=39%, list=38%, signal=24%	XM_067090230.1/XM_067127377.1/XM_067083403.1/XM_067127375.1/XM_067091529.1/XM_067091518.1/XM_067091522.1
GO:0071539	GO:0071539	10	0.342031964201725	0.841127140084729	0.723025583982202	0.984991375280102	0.847252519750312	5160	tags=40%, list=29%, signal=29%	XM_067081649.1/XM_067117499.1/XM_067133145.1/XM_067110806.1
GO:0060213	GO:0060213	17	0.309820626478253	0.846063173026322	0.724392819429778	0.985505169452055	0.847694466165017	7775	tags=59%, list=43%, signal=33%	XM_067103218.1/XM_067112368.1/XM_067120351.1/XM_067108459.1/XM_067114903.1/XM_067114904.1/XM_067112357.1/XM_067112367.1/XM_067112994.1/XM_067103216.1
GO:0048172	GO:0048172	19	0.306754636992072	0.852873257544415	0.724713242961418	0.985505169452055	0.847694466165017	8442	tags=58%, list=47%, signal=31%	XM_067110066.1/XM_067088133.1/XM_067117717.1/XM_067131927.1/XM_067088134.1/XM_067117715.1/XM_067109236.1/XM_067110080.1/XM_067117716.1/XM_067117718.1/XM_067110075.1
GO:0006729	GO:0006729	15	-0.203700577764722	-0.828565484880734	0.725806451612903	0.986100183582481	0.848206274932019	3755	tags=67%, list=21%, signal=53%	XM_067086427.1/XM_067086429.1/XM_067086431.1/XM_067125364.1/XM_067086430.1/XM_067112289.1/XM_067112699.1/XM_067125362.1/XM_067125365.1/XM_067125363.1
GO:0045089	GO:0045089	28	0.288832488214205	0.860364561153804	0.731083844580777	0.991711711711712	0.853033100289539	6022	tags=36%, list=33%, signal=24%	XM_067095119.1/XM_067106243.1/XM_067093480.1/XM_067128286.1/XM_067119704.1/XM_067093469.1/XM_067095934.1/JP354258.1/XM_067086668.1/XM_067129887.1
GO:0019221	GO:0019221	16	0.308333930232671	0.834906338024125	0.731501057082452	0.991711711711712	0.853033100289539	6588	tags=44%, list=37%, signal=28%	XM_067130824.1/XM_067132636.1/XM_067134595.1/XM_067125889.1/XM_067116312.1/XM_067124071.1/XM_067091877.1
GO:0071425	GO:0071425	15	0.315763143522143	0.843496235471704	0.731914893617021	0.991711711711712	0.853033100289539	1356	tags=20%, list=8%, signal=19%	XM_067102442.1/XM_067102444.1/XM_067102441.1
GO:0043484	GO:0043484	47	0.27784804796726	0.883835732885047	0.733668341708543	0.992068607995196	0.85334008904402	5643	tags=32%, list=31%, signal=22%	XM_067097841.1/XM_067130274.1/XM_067129848.1/XM_067130211.1/XM_067098714.1/XM_067128253.1/XM_067134263.1/XM_067130335.1/XM_067129840.1/XM_067103699.1/XM_067097821.1/XM_067104882.1/XM_067099769.1/XM_067097844.1/XM_067084249.1
GO:0032496	GO:0032496	27	0.290948045816907	0.862249770684299	0.735173824130879	0.992068607995196	0.85334008904402	9920	tags=63%, list=55%, signal=28%	XM_067116567.1/XM_067129306.1/XM_067129605.1/XM_067094940.1/XM_067083343.1/XM_067116564.1/EU077526.1/XM_067120288.1/XM_067120287.1/XM_067094941.1/XM_067129308.1/XM_067120291.1/XM_067116565.1/XM_067090208.1/XM_067116005.1/XM_067083297.1/XM_067107765.1
GO:0030042	GO:0030042	12	0.319273861414041	0.822332468809777	0.735483870967742	0.992068607995196	0.85334008904402	5448	tags=42%, list=30%, signal=29%	GH625197.1/XM_067083341.1/XM_067091389.1/GH625194.1/XM_067093562.1
GO:0040008	GO:0040008	16	0.307113378667287	0.83160132959688	0.735729386892178	0.992068607995196	0.85334008904402	6401	tags=50%, list=36%, signal=32%	XM_067128906.1/XM_067110066.1/XM_067128693.1/XM_067110307.1/XM_067117391.1/XM_067112878.1/XM_067117394.1/XM_067110080.1
GO:0009966	GO:0009966	35	0.281235138075786	0.861485608078183	0.737055837563452	0.992068607995196	0.85334008904402	3340	tags=20%, list=19%, signal=16%	XM_067123219.1/XM_067113593.1/XM_067104598.1/JP353943.1/XM_067116059.1/XM_067101995.1/XM_067082755.1
GO:0048008	GO:0048008	15	0.313464898676864	0.8373569474802	0.737234042553191	0.992068607995196	0.85334008904402	5066	tags=40%, list=28%, signal=29%	XM_067126771.1/XM_067092177.1/XM_067092175.1/XM_067092174.1/XM_067121778.1/XM_067082077.1
GO:0048255	GO:0048255	22	0.297465601908649	0.848570052879381	0.737823834196891	0.992068607995196	0.85334008904402	6896	tags=45%, list=38%, signal=28%	XM_067090499.1/XM_067113320.1/XM_067091288.1/XM_067118303.1/XM_067113319.1/XM_067091283.1/XM_067132330.1/XM_067113321.1/XM_067112357.1/GH624825.1
GO:0006661	GO:0006661	17	0.303261459981216	0.828151295169859	0.738120380147835	0.992068607995196	0.85334008904402	2548	tags=24%, list=14%, signal=20%	XM_067089800.1/XM_067109038.1/XM_067091679.1/XM_067091678.1
GO:1900153	GO:1900153	17	0.303061652292447	0.827605657104774	0.738120380147835	0.992068607995196	0.85334008904402	8175	tags=53%, list=45%, signal=29%	XM_067112368.1/XM_067133612.1/XM_067108459.1/XM_067114903.1/XM_067114904.1/XM_067112367.1/XM_067112994.1/XM_067133613.1/XM_067131965.1
GO:0007615	GO:0007615	13	-0.216533807077349	-0.81538370242681	0.73972602739726	0.992068607995196	0.85334008904402	1874	tags=31%, list=10%, signal=28%	XM_067105663.1/XM_067083728.1/XM_067085027.1/XM_067096269.1
GO:0007416	GO:0007416	25	0.292905046040396	0.853784135283662	0.739938080495356	0.992068607995196	0.85334008904402	3667	tags=24%, list=20%, signal=19%	XM_067119987.1/XM_067125324.1/XM_067125325.1/XM_067100093.1/XM_067120168.1/XM_067115414.1
GO:1903475	GO:1903475	11	0.323060204527982	0.81858415524969	0.741865509761388	0.992068607995196	0.85334008904402	8850	tags=73%, list=49%, signal=37%	XM_067110066.1/XM_067134690.1/XM_067134688.1/XM_067110080.1/XM_067134692.1/XM_067134691.1/XM_067110075.1/XM_067134681.1
GO:0008344	GO:0008344	34	0.283029068513915	0.865058076961672	0.742393509127789	0.992068607995196	0.85334008904402	9850	tags=68%, list=55%, signal=31%	XM_067122585.1/XM_067113359.1/XM_067083969.1/XM_067108538.1/XM_067083967.1/XM_067123311.1/XM_067083968.1/XM_067126315.1/XM_067083028.1/XM_067113360.1/GH624168.1/XM_067094151.1/XM_067116582.1/XM_067123313.1/XM_067108539.1/XM_067083029.1/XM_067081602.1/XM_067084478.1/XM_067092195.1/XM_067081601.1/XM_067122589.1/XM_067092197.1/XM_067106234.1
GO:0007314	GO:0007314	29	0.283341407012976	0.846618165220656	0.743877551020408	0.992068607995196	0.85334008904402	8949	tags=48%, list=50%, signal=24%	XM_067086030.1/XM_067086029.1/XM_067085773.1/XM_067088168.1/XM_067085784.1/JP354730.1/XM_067088169.1/XM_067110365.1/JP353912.1/XM_067101084.1/XM_067132567.1/XM_067096274.1/XM_067105141.1/XM_067110366.1
GO:0030148	GO:0030148	23	0.292882791075553	0.842597878568887	0.744329896907217	0.992068607995196	0.85334008904402	7908	tags=43%, list=44%, signal=24%	XM_067116292.1/XM_067101159.1/XM_067102618.1/XM_067102653.1/XM_067116293.1/XM_067120697.1/XM_067098761.1/XM_067133130.1/XM_067093027.1/XM_067102652.1
GO:0006651	GO:0006651	12	0.316834078265266	0.816048481479254	0.745161290322581	0.992068607995196	0.85334008904402	1156	tags=17%, list=6%, signal=16%	XM_067119026.1/XM_067119017.1
GO:0031647	GO:0031647	63	0.270481477121853	0.8804887079141	0.745745745745746	0.992068607995196	0.85334008904402	6703	tags=40%, list=37%, signal=25%	XM_067087334.1/JP353985.1/XM_067132394.1/XM_067129330.1/XM_067102568.1/XM_067134577.1/XM_067095965.1/XM_067087332.1/XM_067091389.1/XM_067113046.1/XM_067094940.1/XM_067116704.1/XM_067107229.1/XM_067112878.1/XM_067106765.1/JP355213.1/XM_067088533.1/XM_067102565.1/XM_067112165.1/XM_067107228.1/XM_067092541.1/XM_067134581.1/JP353036.1/XM_067133161.1/JP354836.1
GO:0046513	GO:0046513	34	0.281892909442463	0.861585488133137	0.746450304259635	0.992068607995196	0.85334008904402	1364	tags=18%, list=8%, signal=16%	XM_067130848.1/XM_067091683.1/XM_067114790.1/XM_067114787.1/XM_067101159.1/XM_067120209.1
GO:0045464	GO:0045464	10	0.334704770410253	0.823108059403041	0.747497219132369	0.992068607995196	0.85334008904402	8703	tags=50%, list=48%, signal=26%	XM_067133208.1/XM_067082755.1/XM_067133211.1/XM_067085786.1/XM_067116246.1
GO:0043252	GO:0043252	10	-0.230089970009997	-0.802346375930689	0.747572815533981	0.992068607995196	0.85334008904402	13874	tags=40%, list=77%, signal=9%	XM_067096785.1/XM_067105036.1/XM_067105035.1/XM_067105037.1
GO:0044314	GO:0044314	17	0.300150571253695	0.81965602996542	0.747624076029567	0.992068607995196	0.85334008904402	4467	tags=35%, list=25%, signal=27%	XM_067092678.1/XM_067112797.1/XM_067092027.1/XM_067082352.1/XM_067113066.1/XM_067092029.1
GO:0045071	GO:0045071	12	0.315562856282086	0.812774279491019	0.748387096774194	0.992068607995196	0.85334008904402	7490	tags=42%, list=42%, signal=24%	XM_067093480.1/LT574898.1/XM_067093469.1/XM_067097979.1/XM_067111372.1
GO:0009952	GO:0009952	21	0.295029043555023	0.834650152415704	0.748447204968944	0.992068607995196	0.85334008904402	497	tags=10%, list=3%, signal=9%	XM_067119832.1/XM_067132377.1
GO:0150007	GO:0150007	10	0.334581805081041	0.822805662298341	0.74860956618465	0.992068607995196	0.85334008904402	9126	tags=80%, list=51%, signal=39%	XM_067110066.1/XM_067119676.1/XM_067110080.1/XM_067123899.1/XM_067111525.1/XM_067119677.1/XM_067110075.1/XM_067123884.1
GO:0006361	GO:0006361	14	0.314181797259449	0.828083781174161	0.748668796592119	0.992068607995196	0.85334008904402	8827	tags=57%, list=49%, signal=29%	XM_067087675.1/XM_067087104.1/XM_067108387.1/XM_067108385.1/XM_067083406.1/XM_067108376.1/XM_067108386.1/XM_067108384.1
GO:0003015	GO:0003015	16	0.302992572199752	0.820443013562962	0.749471458773784	0.992131574607487	0.853394250554733	8139	tags=50%, list=45%, signal=27%	XM_067130034.1/XM_067103242.1/XM_067113807.1/XM_067133257.1/XM_067107775.1/XM_067104872.1/XM_067104869.1/XM_067113808.1
GO:0060612	GO:0060612	21	0.294070705817253	0.831938972766211	0.751552795031056	0.992131574607487	0.853394250554733	7732	tags=43%, list=43%, signal=24%	XM_067106478.1/XM_067116599.1/XM_067119845.1/XM_067095985.1/XM_067091447.1/XM_067106479.1/XM_067133130.1/EL609912.1/XM_067107616.1
GO:0009117	GO:0009117	19	0.299769708981124	0.833452986135237	0.751824817518248	0.992131574607487	0.853394250554733	3123	tags=21%, list=17%, signal=17%	XM_067120225.1/XM_067120218.1/XM_067109100.1/XM_067124623.1
GO:0009880	GO:0009880	13	0.310187362669634	0.808317854793875	0.752421959095802	0.992131574607487	0.853394250554733	5085	tags=31%, list=28%, signal=22%	XM_067092850.1/XM_067133046.1/XM_067125323.1/XM_067100164.1
GO:0048383	GO:0048383	10	0.333371819396192	0.819830057953829	0.753058954393771	0.992131574607487	0.853394250554733	7926	tags=50%, list=44%, signal=28%	XM_067096073.1/XM_067082543.1/XM_067104872.1/XM_067128790.1/XM_067104869.1
GO:0031468	GO:0031468	13	-0.213053794892313	-0.802279304281204	0.753424657534247	0.992131574607487	0.853394250554733	771	tags=23%, list=4%, signal=22%	XM_067093912.1/XM_067089741.1/XM_067089742.1
GO:0010842	GO:0010842	13	-0.212459142667051	-0.800040070880957	0.753424657534247	0.992131574607487	0.853394250554733	4667	tags=54%, list=26%, signal=40%	XM_067107555.1/XM_067132510.1/XM_067085911.1/XM_067082666.1/XM_067082661.1/XM_067082654.1/XM_067105201.1
GO:0060446	GO:0060446	14	0.312444096868502	0.82350375291398	0.753993610223642	0.992131574607487	0.853394250554733	3236	tags=21%, list=18%, signal=18%	XM_067106590.1/XM_067095215.1/XM_067129593.1
GO:0007420	GO:0007420	80	0.267112767546499	0.885567031220868	0.756	0.993902097902098	0.854917188075083	9013	tags=51%, list=50%, signal=26%	XM_067095100.1/XM_067092246.1/XM_067132377.1/XM_067123304.1/XM_067088107.1/XM_067107806.1/XM_067090847.1/XM_067092812.1/XM_067107152.1/XM_067083028.1/XM_067120233.1/XM_067130584.1/XM_067095605.1/XM_067104074.1/XM_067112147.1/XM_067095724.1/XM_067092813.1/XM_067134477.1/XM_067089021.1/XM_067103957.1/JP354448.1/XM_067125534.1/XM_067086340.1/XM_067114798.1/XM_067092815.1/JP353984.1/XM_067122667.1/XM_067090367.1/XM_067118766.1/XM_067098107.1/XM_067118395.1/XM_067118737.1/XM_067098575.1/XM_067083029.1/XM_067098464.1/XM_067118637.1/XM_067134480.1/XM_067091133.1/XM_067134476.1/XM_067095390.1/XM_067109730.1
GO:0007631	GO:0007631	10	0.330246567380243	0.812144418699746	0.758620689655172	0.996476434271947	0.857131535358499	1864	tags=20%, list=10%, signal=18%	XM_067082432.1/XM_067082434.1
GO:0036099	GO:0036099	10	0.329703142449598	0.810808024720223	0.760845383759733	0.998033948797956	0.858471250750761	8938	tags=70%, list=50%, signal=35%	XM_067127487.1/GH626008.1/XM_067130820.1/XM_067127489.1/XM_067084178.1/XM_067129555.1/XM_067086646.1
GO:0030512	GO:0030512	37	0.278106621501062	0.858342370268261	0.761133603238866	0.998033948797956	0.858471250750761	5323	tags=32%, list=30%, signal=23%	XM_067105397.1/XM_067091162.1/XM_067115637.1/XM_067113477.1/XM_067081637.1/XM_067116704.1/XM_067116482.1/XM_067101482.1/JP355213.1/XM_067109672.1/XM_067087596.1/XM_067087597.1
GO:0035646	GO:0035646	11	0.312399631952396	0.791571927578336	0.762472885032538	0.99891918039106	0.859232693659444	5299	tags=36%, list=29%, signal=26%	XM_067105696.1/XM_067129485.1/XM_067130011.1/XM_067128829.1
GO:0008016	GO:0008016	11	0.311779389582651	0.790000330182026	0.764642082429501	1	0.860162374020157	1864	tags=18%, list=10%, signal=16%	XM_067082432.1/XM_067082434.1
GO:0071233	GO:0071233	11	0.311607778548859	0.789565494596712	0.764642082429501	1	0.860162374020157	8336	tags=45%, list=46%, signal=24%	XM_067094786.1/XM_067094095.1/XM_067108597.1/XM_067134320.1/XM_067132573.1
GO:0007143	GO:0007143	12	0.30952898397545	0.797233235547042	0.766666666666667	1	0.860162374020157	10190	tags=75%, list=57%, signal=33%	XM_067115166.1/XM_067082988.1/XM_067082987.1/LT574897.1/XM_067084560.1/XM_067115161.1/XM_067115157.1/XM_067115156.1/XM_067084561.1
GO:0001751	GO:0001751	20	0.294351428318943	0.827627888003099	0.768355739400207	1	0.860162374020157	9122	tags=55%, list=51%, signal=27%	XM_067081815.1/XM_067082755.1/XM_067134079.1/XM_067095968.1/XM_067088533.1/XM_067118992.1/XM_067091877.1/XM_067095299.1/XM_067095283.1/XM_067095967.1/XM_067091409.1
GO:0045165	GO:0045165	11	0.310584553001662	0.786972800701137	0.77114967462039	1	0.860162374020157	4263	tags=36%, list=24%, signal=28%	XM_067107798.1/XM_067108051.1/XM_067087674.1/XM_067103769.1
GO:0006488	GO:0006488	19	0.293734649662789	0.816673644995446	0.773722627737226	1	0.860162374020157	10247	tags=74%, list=57%, signal=32%	XM_067081280.1/XM_067089665.1/XM_067134106.1/XM_067124320.1/XM_067087699.1/XM_067119409.1/XM_067100590.1/XM_067111378.1/XM_067100593.1/XM_067098898.1/XM_067081282.1/XM_067087857.1/XM_067100591.1/XM_067098899.1
GO:0045766	GO:0045766	41	0.269136070841677	0.842393299964833	0.774193548387097	1	0.860162374020157	7855	tags=41%, list=44%, signal=23%	JP353313.1/XM_067112368.1/XM_067132609.1/XM_067125216.1/XM_067115240.1/XM_067083434.1/XM_067097499.1/XM_067099708.1/XM_067092541.1/XM_067091798.1/XM_067113794.1/XM_067129236.1/XM_067091799.1/XM_067112367.1/XM_067112994.1/XM_067116106.1/XM_067133139.1
GO:0006622	GO:0006622	18	-0.179422442834621	-0.750414081502138	0.775	1	0.860162374020157	2364	tags=33%, list=13%, signal=29%	XM_067126900.1/XM_067126899.1/XM_067113577.1/PZ246843.1/XM_067110247.1/XM_067113580.1
GO:0012501	GO:0012501	18	-0.179038112033616	-0.748806661379703	0.775	1	0.860162374020157	2976	tags=39%, list=17%, signal=32%	XM_067123022.1/XM_067091891.1/XM_067130515.1/XM_067109898.1/XM_067098984.1/XM_067087770.1/XM_067130514.1
GO:0072499	GO:0072499	20	0.290861017025018	0.817813898840716	0.77559462254395	1	0.860162374020157	3121	tags=20%, list=17%, signal=17%	XM_067090362.1/XM_067105469.1/XM_067105466.1/XM_067083900.1
GO:0110052	GO:0110052	12	0.306674341463196	0.789880722521782	0.77741935483871	1	0.860162374020157	4847	tags=33%, list=27%, signal=24%	XM_067092927.1/XM_067109100.1/XM_067107687.1/XM_067131022.1
GO:0030723	GO:0030723	21	-0.187999195925185	-0.876962195587418	0.777777777777778	1	0.860162374020157	2341	tags=24%, list=13%, signal=21%	XM_067094593.1/XM_067094598.1/JP355214.1/XM_067083887.1/XM_067083878.1
GO:0045329	GO:0045329	21	-0.187576450582927	-0.874990210113244	0.777777777777778	1	0.860162374020157	4898	tags=67%, list=27%, signal=49%	XM_067123811.1/XM_067088164.1/XM_067112959.1/XM_067112997.1/XM_067112948.1/XM_067113004.1/XM_067112973.1/XM_067088143.1/XM_067112985.1/XM_067123810.1/XM_067088152.1/XM_067113764.1/XM_067099752.1/XM_067108737.1
GO:0031669	GO:0031669	32	0.273801479085107	0.830866386123668	0.779128672745694	1	0.860162374020157	7612	tags=41%, list=42%, signal=24%	XM_067083363.1/XM_067123562.1/XM_067099680.1/XM_067082583.1/XM_067082582.1/XM_067116482.1/XM_067087586.1/XM_067086671.1/XM_067130939.1/XM_067083355.1/XM_067108597.1/XM_067109798.1/XM_067112607.1
GO:0035269	GO:0035269	14	0.303188925589748	0.799110050621939	0.779552715654952	1	0.860162374020157	6513	tags=43%, list=36%, signal=27%	XM_067106588.1/XM_067083986.1/XM_067107757.1/XM_067125562.1/XM_067099712.1/XM_067115720.1
GO:0019915	GO:0019915	23	-0.179815147387494	-0.859786048933267	0.78125	1	0.860162374020157	11906	tags=39%, list=66%, signal=13%	XM_067134439.1/XM_067107580.1/XM_067085934.1/XM_067085935.1/XM_067115531.1/XM_067105245.1/XM_067105250.1/XM_067100534.1/XM_067106407.1
GO:0045429	GO:0045429	15	0.301665127758733	0.805836288552589	0.781914893617021	1	0.860162374020157	5199	tags=27%, list=29%, signal=19%	XM_067112769.1/XM_067095119.1/XM_067093137.1/XM_067097499.1
GO:0051453	GO:0051453	13	0.302687475246302	0.78877388349521	0.782561894510226	1	0.860162374020157	5758	tags=31%, list=32%, signal=21%	XM_067092797.1/XM_067089478.1/XM_067104086.1/XM_067099655.1
GO:0008544	GO:0008544	20	0.28852112982642	0.811234838187264	0.782833505687694	1	0.860162374020157	1200	tags=15%, list=7%, signal=14%	XM_067132377.1/XM_067112474.1/XM_067112472.1
GO:0030183	GO:0030183	23	0.282318953738443	0.812206653133251	0.784536082474227	1	0.860162374020157	8918	tags=61%, list=50%, signal=31%	XM_067130824.1/XM_067082046.1/XM_067094880.1/XM_067106403.1/XM_067110526.1/XM_067123372.1/XM_067103893.1/XM_067103892.1/XM_067082944.1/XM_067129236.1/XM_067123937.1/XM_067106405.1/XM_067095444.1/XM_067095447.1
GO:0001178	GO:0001178	18	0.286866551413421	0.793316581159034	0.784823284823285	1	0.860162374020157	7604	tags=56%, list=42%, signal=32%	XM_067082002.1/XM_067082000.1/XM_067112954.1/XM_067112953.1/XM_067082003.1/XM_067112946.1/XM_067090771.1/XM_067090769.1/XM_067090770.1/XM_067112955.1
GO:0007423	GO:0007423	14	0.30095569393171	0.793223958773981	0.78594249201278	1	0.860162374020157	7380	tags=57%, list=41%, signal=34%	XM_067090798.1/XM_067096670.1/XM_067088398.1/XM_067120158.1/XM_067096669.1/XM_067096672.1/XM_067101084.1/XM_067130820.1
GO:0043124	GO:0043124	36	0.271674713413238	0.835024282309437	0.786004056795132	1	0.860162374020157	7648	tags=39%, list=42%, signal=22%	GH625579.1/XM_067105473.1/XM_067113320.1/XM_067105475.1/XM_067117782.1/XM_067114157.1/XM_067113319.1/XM_067091235.1/XM_067093312.1/XM_067113321.1/XM_067085613.1/XM_067088691.1/XM_067117781.1/XM_067084510.1
GO:0031623	GO:0031623	15	0.300692667613095	0.803238561462459	0.786170212765957	1	0.860162374020157	4572	tags=27%, list=25%, signal=20%	XM_067123409.1/XM_067122678.1/XM_067112878.1/XM_067114181.1
GO:0015918	GO:0015918	11	-0.21353431391833	-0.766622508258424	0.7875	1	0.860162374020157	1437	tags=27%, list=8%, signal=25%	XM_067083223.1/XM_067098984.1/XM_067098146.1
GO:0097320	GO:0097320	14	0.300461909888316	0.791922500314885	0.788072417465389	1	0.860162374020157	8341	tags=57%, list=46%, signal=31%	XM_067096495.1/XM_067131605.1/XM_067118533.1/XM_067118531.1/XM_067118532.1/XM_067131579.1/XM_067123916.1/XM_067111525.1
GO:0071902	GO:0071902	10	0.318831011551288	0.784071212590789	0.791991101223582	1	0.860162374020157	8850	tags=60%, list=49%, signal=31%	XM_067134690.1/XM_067134673.1/XM_067134688.1/XM_067134692.1/XM_067134691.1/XM_067134681.1
GO:0001837	GO:0001837	10	0.317966958328529	0.781946327515103	0.793103448275862	1	0.860162374020157	6892	tags=30%, list=38%, signal=19%	XM_067113519.1/XM_067100133.1/XM_067118320.1
GO:0050766	GO:0050766	14	0.29837460092287	0.786421014501059	0.793397231096912	1	0.860162374020157	1360	tags=14%, list=8%, signal=13%	XM_067113447.1/XM_067095119.1
GO:0006884	GO:0006884	13	-0.206602429679335	-0.77798592430481	0.794520547945205	1	0.860162374020157	4827	tags=54%, list=27%, signal=39%	XM_067133380.1/XM_067085601.1/XM_067117638.1/XM_067104043.1/XM_067093216.1/XM_067104051.1/XM_067095038.1
GO:0016042	GO:0016042	40	0.264583538577781	0.823618587929345	0.797365754812563	1	0.860162374020157	6932	tags=35%, list=38%, signal=22%	XM_067105242.1/XM_067087675.1/XM_067112019.1/XM_067118946.1/XM_067115427.1/XM_067118945.1/XM_067133039.1/XM_067118950.1/XM_067091447.1/XM_067121614.1/XM_067092170.1/XM_067114798.1/XM_067130940.1/XM_067118948.1
GO:0035329	GO:0035329	10	0.317115933105422	0.779853480977433	0.797552836484983	1	0.860162374020157	3340	tags=20%, list=19%, signal=16%	XM_067132387.1/XM_067082755.1
GO:0051642	GO:0051642	25	0.278156123893129	0.810792742980596	0.799793601651187	1	0.860162374020157	9874	tags=64%, list=55%, signal=29%	XM_067093015.1/XM_067120904.1/XM_067120926.1/XM_067120927.1/XM_067130233.1/XM_067091180.1/XM_067120922.1/XM_067120920.1/XM_067095299.1/XM_067120894.1/XM_067131551.1/XM_067095283.1/XM_067091181.1/XM_067120929.1/XM_067112637.1/XM_067120915.1
GO:0060348	GO:0060348	17	-0.18729597511204	-0.798038116058204	0.8	1	0.860162374020157	3785	tags=47%, list=21%, signal=37%	XM_067111459.1/XM_067127925.1/XM_067123816.1/XM_067127930.1/XM_067111463.1/XM_067127929.1/XM_067082099.1/XM_067127921.1
GO:0036092	GO:0036092	15	0.294232362056823	0.785981185076066	0.8	1	0.860162374020157	6684	tags=40%, list=37%, signal=25%	XM_067116297.1/XM_067131953.1/XM_067115287.1/XM_067122022.1/XM_067134062.1/XM_067129236.1
GO:0007229	GO:0007229	32	0.267166330685669	0.810731645469759	0.802431610942249	1	0.860162374020157	2937	tags=19%, list=16%, signal=16%	XM_067130394.1/XM_067091124.1/XM_067126771.1/XM_067130393.1/XM_067103814.1/XM_067132860.1
GO:0046330	GO:0046330	26	0.274959850208754	0.80777155761258	0.8043254376931	1	0.860162374020157	8648	tags=54%, list=48%, signal=28%	XM_067105957.1/XM_067125832.1/XM_067132402.1/XM_067127342.1/XM_067113178.1/XM_067127548.1/XM_067109294.1/XM_067124071.1/XM_067081269.1/XM_067110262.1/XM_067092052.1/XM_067081270.1/XM_067131708.1/JP354327.1
GO:0007377	GO:0007377	14	0.290995649358708	0.766972433565904	0.805111821086262	1	0.860162374020157	8924	tags=57%, list=50%, signal=29%	XM_067091124.1/XM_067103814.1/XM_067134690.1/XM_067134688.1/XM_067134692.1/XM_067134691.1/XM_067134681.1/XM_067091666.1
GO:0140896	GO:0140896	10	0.312973610979572	0.769666656564229	0.805339265850946	1	0.860162374020157	2154	tags=20%, list=12%, signal=18%	XM_067095119.1/XM_067123562.1
GO:0035725	GO:0035725	14	0.29055591382458	0.765813429871249	0.806176783812567	1	0.860162374020157	1482	tags=14%, list=8%, signal=13%	XM_067108010.1/XM_067092797.1
GO:0007616	GO:0007616	33	0.26496842954378	0.806695293607382	0.807302231237322	1	0.860162374020157	9264	tags=55%, list=51%, signal=27%	XM_067130908.1/XM_067096670.1/XM_067082583.1/XM_067082582.1/XM_067096669.1/XM_067108797.1/XM_067096672.1/XM_067085215.1/XM_067091877.1/XM_067108800.1/XM_067130820.1/XM_067097957.1/XM_067081602.1/XM_067097960.1/XM_067095622.1/XM_067081601.1/XM_067095368.1/XM_067117617.1
GO:0006002	GO:0006002	15	0.290816687959323	0.776856914869281	0.808510638297872	1	0.860162374020157	2064	tags=20%, list=11%, signal=18%	XM_067114129.1/JZ905123.1/XM_067102327.1
GO:0120168	GO:0120168	10	0.31048563894912	0.763548220226067	0.810901001112347	1	0.860162374020157	4312	tags=30%, list=24%, signal=23%	XM_067082432.1/XM_067082434.1/XM_067083028.1
GO:0009395	GO:0009395	10	0.310258577802281	0.762989830037271	0.810901001112347	1	0.860162374020157	4815	tags=30%, list=27%, signal=22%	XM_067082601.1/XM_067082589.1/XM_067082586.1
GO:0016236	GO:0016236	41	0.261799084161499	0.819428602583375	0.8125	1	0.860162374020157	6263	tags=39%, list=35%, signal=26%	XM_067128238.1/XM_067128768.1/XM_067129553.1/XM_067104394.1/XM_067120680.1/JP354784.1/XM_067095548.1/XM_067086629.1/XM_067098538.1/JP354016.1/XM_067124266.1/XM_067098539.1/XM_067117468.1/XM_067134062.1/XM_067103297.1/XM_067120824.1
GO:0120162	GO:0120162	26	0.272590607771827	0.800811244489825	0.812564366632338	1	0.860162374020157	7621	tags=42%, list=42%, signal=24%	XM_067105242.1/XM_067090080.1/XM_067115481.1/XM_067116482.1/XM_067100047.1/XM_067091698.1/XM_067083830.1/XM_067115483.1/XM_067100048.1/XM_067127198.1/XM_067099512.1
GO:0015937	GO:0015937	14	0.287007225089777	0.756460209502156	0.813631522896699	1	0.860162374020157	9503	tags=71%, list=53%, signal=34%	XM_067106478.1/XM_067089492.1/XM_067106479.1/XM_067107775.1/XM_067098021.1/XM_067118472.1/XM_067118660.1/GH625627.1/JP353572.1/XM_067118470.1
GO:0051592	GO:0051592	16	0.283502816727366	0.767668671283616	0.815010570824524	1	0.860162374020157	2539	tags=19%, list=14%, signal=16%	JP355071.1/XM_067101137.1/XM_067121328.1
GO:0015693	GO:0015693	10	-0.211277450940252	-0.736745269993385	0.815533980582524	1	0.860162374020157	3239	tags=40%, list=18%, signal=33%	XM_067107381.1/XM_067104684.1/XM_067107549.1/XM_067107471.1
GO:0001568	GO:0001568	16	0.283232661888531	0.766937146254823	0.816067653276956	1	0.860162374020157	7505	tags=38%, list=42%, signal=22%	XM_067130394.1/XM_067130393.1/XM_067099708.1/XM_067131126.1/XM_067118766.1/XM_067132854.1
GO:0048010	GO:0048010	22	0.274624370014533	0.783411643867193	0.816580310880829	1	0.860162374020157	7799	tags=45%, list=43%, signal=26%	XM_067126771.1/XM_067128466.1/XM_067129190.1/XM_067108797.1/XM_067129191.1/XM_067129189.1/XM_067131841.1/XM_067108800.1/XM_067104111.1/XM_067093194.1
GO:0035050	GO:0035050	11	0.296963417354463	0.752458968105771	0.816702819956616	1	0.860162374020157	7926	tags=55%, list=44%, signal=31%	XM_067112148.1/XM_067134275.1/XM_067094407.1/XM_067104872.1/XM_067131551.1/XM_067104869.1
GO:0009611	GO:0009611	24	0.271941805969405	0.787386169837469	0.816959669079628	1	0.860162374020157	3682	tags=25%, list=20%, signal=20%	XM_067105068.1/XM_067132636.1/XM_067110651.1/XM_067134690.1/XM_067115414.1/XM_067084234.1
GO:0032760	GO:0032760	12	0.293929355171139	0.757054308245098	0.817204301075269	1	0.860162374020157	5030	tags=33%, list=28%, signal=24%	XM_067130824.1/XM_067129958.1/XM_067098396.1/XM_067083531.1
GO:0061057	GO:0061057	10	0.30701131401185	0.755004138666229	0.817575083426029	1	0.860162374020157	7769	tags=50%, list=43%, signal=28%	XM_067095119.1/XM_067088533.1/XM_067108797.1/XM_067108800.1/XM_067085210.1
GO:0046512	GO:0046512	13	0.293671048186015	0.765277958591788	0.819160387513455	1	0.860162374020157	7393	tags=46%, list=41%, signal=27%	XM_067091683.1/XM_067120209.1/XM_067133130.1/XM_067134438.1/XM_067118766.1/XM_067120208.1
GO:0000423	GO:0000423	43	0.258248048533326	0.812093856928943	0.819191919191919	1	0.860162374020157	6943	tags=37%, list=39%, signal=23%	XM_067119910.1/XM_067101362.1/XM_067133172.1/XM_067119909.1/JP353934.1/XM_067086662.1/XM_067127885.1/XM_067116482.1/XM_067126315.1/XM_067109856.1/XM_067095896.1/XM_067131560.1/XM_067134062.1/XM_067103297.1/XM_067134438.1/XM_067126484.1
GO:0042060	GO:0042060	44	0.258863428122753	0.816611227089168	0.821392532795156	1	0.860162374020157	8850	tags=52%, list=49%, signal=27%	XM_067105792.1/XM_067086030.1/XM_067086029.1/XM_067089823.1/XM_067107226.1/XM_067133344.1/XM_067134690.1/XM_067095096.1/XM_067134688.1/XM_067108797.1/GH624156.1/XM_067095097.1/XM_067130208.1/JP353649.1/XM_067108800.1/XM_067106355.1/XM_067134692.1/XM_067133346.1/XM_067092052.1/XM_067119003.1/XM_067134691.1/XM_067093225.1/XM_067134681.1
GO:0006487	GO:0006487	60	0.255376990899439	0.829237799953806	0.821821821821822	1	0.860162374020157	9082	tags=52%, list=50%, signal=26%	JP353985.1/XM_067081280.1/XM_067116485.1/XM_067099033.1/XM_067089665.1/XM_067119621.1/XM_067134106.1/XM_067114439.1/XM_067104530.1/XM_067124320.1/XM_067097993.1/XM_067082584.1/XM_067123807.1/XM_067081552.1/XM_067097992.1/XM_067092991.1/XM_067087699.1/XM_067134054.1/XM_067119409.1/XM_067134219.1/JP352587.1/XM_067100590.1/XM_067112807.1/XM_067111378.1/XM_067100593.1/XM_067098898.1/XM_067112808.1/XM_067096842.1/XM_067096841.1/XM_067081282.1/XM_067116484.1
GO:0050796	GO:0050796	13	-0.203109942108158	-0.764834548614784	0.821917808219178	1	0.860162374020157	2173	tags=38%, list=12%, signal=34%	XM_067082526.1/XM_067132867.1/XM_067082535.1/XM_067096920.1/XM_067110304.1
GO:0030335	GO:0030335	56	0.255033852120657	0.824120368198852	0.822645290581162	1	0.860162374020157	5505	tags=29%, list=31%, signal=20%	XM_067130824.1/XM_067126771.1/XM_067129306.1/XM_067107798.1/XM_067123562.1/XM_067133375.1/XM_067127553.1/XM_067134673.1/XM_067112148.1/XM_067115240.1/XM_067083434.1/XM_067101348.1/XM_067133372.1/EU077526.1/XM_067112225.1/XM_067098423.1
GO:0033539	GO:0033539	14	0.283818100256028	0.748054685776711	0.82321618743344	1	0.860162374020157	10041	tags=57%, list=56%, signal=25%	XM_067084665.1/JP353743.1/XM_067084482.1/XM_067084664.1/XM_067109106.1/XM_067087870.1/XM_067118679.1/XM_067118680.1
GO:0048060	GO:0048060	16	0.279263197547843	0.756188634295402	0.824524312896406	1	0.860162374020157	2184	tags=19%, list=12%, signal=16%	XM_067082432.1/XM_067082434.1/XM_067121851.1
GO:0051480	GO:0051480	13	0.29103284114122	0.758403049696089	0.82454251883746	1	0.860162374020157	828	tags=15%, list=5%, signal=15%	XM_067081486.1/XM_067081458.1
GO:0048167	GO:0048167	26	0.267716715931514	0.786492822362028	0.824922760041195	1	0.860162374020157	3682	tags=23%, list=20%, signal=18%	XM_067091344.1/XM_067120818.1/XM_067120815.1/XM_067087046.1/XM_067120817.1/XM_067084234.1
GO:0008090	GO:0008090	11	-0.209941682865871	-0.753724385337829	0.825	1	0.860162374020157	14237	tags=18%, list=79%, signal=4%	XM_067119415.1/XM_067095302.1
GO:0006740	GO:0006740	11	0.293041947014689	0.742522574082524	0.825379609544469	1	0.860162374020157	3198	tags=18%, list=18%, signal=15%	XM_067109121.1/XM_067109127.1
GO:0048705	GO:0048705	14	-0.206553053836734	-0.789532371353445	0.825396825396825	1	0.860162374020157	4779	tags=64%, list=27%, signal=47%	JP353637.1/XM_067104977.1/XM_067107617.1/XM_067101434.1/XM_067104975.1/XM_067101431.1/XM_067101433.1/XM_067107618.1/XM_067106385.1
GO:0045475	GO:0045475	24	0.267823757822291	0.775462684420419	0.826266804550155	1	0.860162374020157	9903	tags=71%, list=55%, signal=32%	XM_067103218.1/XM_067111786.1/XM_067111783.1/XM_067091314.1/XM_067111780.1/XM_067111787.1/XM_067111779.1/XM_067095140.1/XM_067091877.1/XM_067090694.1/XM_067103216.1/XM_067090690.1/XM_067095351.1/XM_067090122.1/XM_067090693.1/JP351550.1/XM_067090691.1
GO:0048488	GO:0048488	45	0.255246159555972	0.806013760302018	0.828282828282828	1	0.860162374020157	8662	tags=47%, list=48%, signal=24%	XM_067121827.1/XM_067110066.1/XM_067099469.1/XM_067116428.1/JP354449.1/XM_067114181.1/XM_067099462.1/XM_067101208.1/XM_067119676.1/XM_067121828.1/XM_067099642.1/XM_067112438.1/XM_067110080.1/XM_067131053.1/XM_067101207.1/XM_067128531.1/XM_067113313.1/XM_067111525.1/XM_067119677.1/XM_067110075.1/XM_067081602.1
GO:0030177	GO:0030177	14	0.280905280479155	0.740377414732519	0.829605963791267	1	0.860162374020157	7439	tags=43%, list=41%, signal=25%	XM_067114893.1/XM_067117121.1/XM_067092541.1/XM_067091445.1/XM_067118400.1/XM_067114860.1
GO:0032438	GO:0032438	13	0.288112968367808	0.750794147527533	0.829924650161464	1	0.860162374020157	4310	tags=31%, list=24%, signal=23%	XM_067092941.1/XM_067105696.1/XM_067130011.1/XM_067105302.1
GO:0051290	GO:0051290	11	0.291253070782378	0.73798984080573	0.831887201735358	1	0.860162374020157	1443	tags=18%, list=8%, signal=17%	XM_067112769.1/XM_067118663.1
GO:0006000	GO:0006000	11	0.290665433727143	0.736500860189388	0.832971800433839	1	0.860162374020157	1849	tags=18%, list=10%, signal=16%	XM_067123451.1/XM_067122155.1
GO:0016319	GO:0016319	27	0.263294003423219	0.780294617332084	0.833333333333333	1	0.860162374020157	9202	tags=59%, list=51%, signal=29%	GH625197.1/XM_067120158.1/XM_067134079.1/XM_067116428.1/GH625194.1/XM_067093562.1/XM_067102975.1/XM_067108797.1/XM_067108800.1/XM_067107727.1/XM_067093563.1/XM_067097957.1/XM_067097960.1/EL696234.1/XM_067091409.1/XM_067095368.1
GO:0007097	GO:0007097	21	0.270375851591554	0.764905187032302	0.833333333333333	1	0.860162374020157	8891	tags=62%, list=49%, signal=31%	XM_067083628.1/XM_067091789.1/XM_067108533.1/XM_067128145.1/XM_067102975.1/XM_067091790.1/XM_067128146.1/XM_067131520.1/XM_067095299.1/XM_067091791.1/XM_067091793.1/XM_067095283.1/XM_067108535.1
GO:0061024	GO:0061024	21	0.270316437823009	0.76473710286549	0.833333333333333	1	0.860162374020157	2134	tags=19%, list=12%, signal=17%	XM_067095812.1/XM_067083628.1/XM_067111075.1/XM_067134046.1
GO:0005978	GO:0005978	14	0.278668165089816	0.734481086598024	0.833865814696486	1	0.860162374020157	6150	tags=36%, list=34%, signal=24%	XM_067085792.1/XM_067134632.1/GH625984.1/XM_067085793.1/XM_067092675.1
GO:0015804	GO:0015804	13	0.286943247726479	0.747745970221503	0.834230355220667	1	0.860162374020157	1759	tags=15%, list=10%, signal=14%	XM_067116479.1/XM_067116476.1
GO:2000060	GO:2000060	12	0.287708525809179	0.741031731437186	0.835483870967742	1	0.860162374020157	5117	tags=17%, list=28%, signal=12%	XM_067094692.1/XM_067121810.1
GO:0001525	GO:0001525	72	0.254788284626022	0.837463427755369	0.837	1	0.860162374020157	8035	tags=44%, list=45%, signal=25%	XM_067092246.1/XM_067095452.1/XM_067116297.1/JP353313.1/XM_067109843.1/XM_067100817.1/XM_067123766.1/XM_067120174.1/XM_067132609.1/XM_067100818.1/LT574898.1/XM_067134673.1/XM_067081459.1/XM_067115240.1/XM_067107757.1/XM_067131323.1/XM_067121778.1/XM_067095263.1/XM_067099708.1/XM_067091445.1/XM_067100816.1/XM_067113794.1/XM_067125843.1/XM_067123765.1/XM_067109842.1/XM_067109841.1/XM_067111372.1/EL609912.1/XM_067134076.1/XM_067133139.1/GH625399.1/XM_067098464.1
GO:0048511	GO:0048511	47	0.255888446331768	0.813982153752989	0.837185929648241	1	0.860162374020157	9981	tags=68%, list=55%, signal=30%	XM_067085919.1/XM_067102568.1/XM_067107383.1/XM_067113269.1/XM_067087046.1/XM_067082583.1/XM_067095139.1/XM_067082582.1/XM_067086309.1/XM_067085922.1/XM_067102565.1/XM_067134150.1/XM_067082750.1/XM_067132988.1/XM_067098370.1/XM_067103297.1/XM_067082752.1/XM_067109798.1/XM_067112607.1/XM_067084560.1/XM_067109802.1/XM_067128819.1/GH625904.1/XM_067112608.1/XM_067104171.1/XM_067082745.1/XM_067127486.1/XM_067113277.1/XM_067104181.1/XM_067127485.1/XM_067104190.1/XM_067108701.1
GO:0007528	GO:0007528	33	0.252739340087324	0.769463881070375	0.837728194726166	1	0.860162374020157	7810	tags=42%, list=43%, signal=24%	XM_067103852.1/XM_067103854.1/XM_067100878.1/XM_067115023.1/XM_067093449.1/XM_067100877.1/XM_067103850.1/XM_067094082.1/XM_067102269.1/XM_067104422.1/XM_067134253.1/XM_067122856.1/XM_067110647.1/XM_067100860.1
GO:0033119	GO:0033119	15	0.282489558672977	0.754612703189059	0.838297872340426	1	0.860162374020157	9643	tags=60%, list=54%, signal=28%	XM_067088168.1/XM_067088708.1/XM_067088169.1/XM_067110365.1/XM_067084782.1/XM_067110366.1/XM_067084781.1/XM_067084780.1/XM_067084784.1
GO:0010389	GO:0010389	11	0.288419257697579	0.730809400573095	0.838394793926247	1	0.860162374020157	4991	tags=36%, list=28%, signal=26%	XM_067099163.1/XM_067099166.1/XM_067119678.1/XM_067091651.1
GO:0045931	GO:0045931	11	0.288076304494111	0.729940410662185	0.838394793926247	1	0.860162374020157	3468	tags=18%, list=19%, signal=15%	XM_067090798.1/XM_067120822.1
GO:0008103	GO:0008103	15	-0.193489250597189	-0.787030240657642	0.838709677419355	1	0.860162374020157	14534	tags=13%, list=81%, signal=3%	XM_067096269.1/XM_067089608.1
GO:0055088	GO:0055088	25	0.266114504523516	0.775692823331268	0.839009287925697	1	0.860162374020157	9373	tags=56%, list=52%, signal=27%	JP354196.1/XM_067134046.1/XM_067087995.1/XM_067085574.1/XM_067107370.1/XM_067082584.1/XM_067083749.1/XM_067134047.1/XM_067130855.1/XM_067104111.1/XM_067134048.1/XM_067093392.1/XM_067087978.1/XM_067108353.1
GO:0008586	GO:0008586	26	0.262852039261301	0.772201472376945	0.840370751802266	1	0.860162374020157	8414	tags=42%, list=47%, signal=23%	XM_067084260.1/XM_067131927.1/XM_067133208.1/XM_067129593.1/XM_067120193.1/XM_067125902.1/XM_067131841.1/XM_067133211.1/XM_067127262.1/XM_067118513.1/XM_067085625.1
GO:0031667	GO:0031667	15	0.279657390980554	0.747047150223833	0.840425531914894	1	0.860162374020157	4315	tags=27%, list=24%, signal=20%	XM_067109255.1/XM_067122136.1/XM_067120607.1/XM_067095934.1
GO:0006935	GO:0006935	21	0.268182399035845	0.758699813188835	0.840579710144927	1	0.860162374020157	8998	tags=57%, list=50%, signal=29%	XM_067103878.1/XM_067095100.1/XM_067134595.1/XM_067129872.1/XM_067120393.1/XM_067103957.1/XM_067122667.1/XM_067103875.1/XM_067134613.1/XM_067103874.1/XM_067134615.1/XM_067095390.1
GO:0030837	GO:0030837	14	-0.202617122559138	-0.774487591828949	0.841269841269841	1	0.860162374020157	2059	tags=29%, list=11%, signal=25%	JP352037.1/XM_067133947.1/XM_067125439.1/XM_067125440.1
GO:0009749	GO:0009749	24	0.263403713223244	0.762664791963436	0.842812823164426	1	0.860162374020157	8274	tags=50%, list=46%, signal=27%	XM_067123451.1/XM_067125781.1/XM_067111644.1/XM_067125779.1/XM_067100269.1/JP354683.1/XM_067116869.1/XM_067117008.1/XM_067108597.1/XM_067123444.1/XM_067105963.1/XM_067125778.1
GO:1902476	GO:1902476	24	0.263355101504473	0.76252404054452	0.842812823164426	1	0.860162374020157	1352	tags=12%, list=8%, signal=12%	XM_067093606.1/XM_067088672.1/XM_067093612.1
GO:0006536	GO:0006536	19	0.270572078539192	0.752274496278433	0.843587069864442	1	0.860162374020157	9236	tags=63%, list=51%, signal=31%	XM_067110853.1/GU219831.1/XM_067120398.1/XM_067083343.1/XM_067096034.1/XM_067081379.1/XM_067098438.1/XM_067085785.1/XM_067098457.1/XM_067091332.1/EL609008.1/XM_067098491.1
GO:0032958	GO:0032958	10	0.296209683977793	0.728440702701979	0.844271412680756	1	0.860162374020157	7435	tags=40%, list=41%, signal=24%	XM_067134176.1/XM_067095339.1/XM_067133453.1/XM_067124570.1
GO:0071222	GO:0071222	35	0.255549004195569	0.782803282617793	0.844670050761421	1	0.860162374020157	8043	tags=43%, list=45%, signal=24%	XM_067114790.1/XM_067114787.1/XM_067132547.1/XM_067093480.1/XM_067093469.1/XM_067116482.1/XM_067093312.1/XM_067124071.1/XM_067114789.1/XM_067132548.1/XM_067110311.1/XM_067110310.1/EL609912.1/XM_067108011.1/XM_067090927.1
GO:0030324	GO:0030324	11	0.283741007248325	0.718955443823318	0.845986984815618	1	0.860162374020157	5555	tags=36%, list=31%, signal=25%	XM_067132377.1/XM_067108431.1/XM_067095605.1/XM_067095724.1
GO:0045862	GO:0045862	12	0.283432995632191	0.730019532473133	0.846236559139785	1	0.860162374020157	9292	tags=50%, list=52%, signal=24%	XM_067116704.1/XM_067116482.1/JP355213.1/XM_067109798.1/XM_067109802.1/XM_067126191.1
GO:0006493	GO:0006493	22	0.263391644750894	0.75136842875329	0.848704663212435	1	0.860162374020157	7983	tags=50%, list=44%, signal=28%	XM_067128198.1/XM_067084256.1/XM_067116482.1/XM_067092138.1/XM_067099712.1/XM_067084257.1/XM_067115720.1/XM_067102231.1/XM_067118519.1/XM_067124815.1/XM_067124107.1
GO:0007315	GO:0007315	17	0.266699792522193	0.728308102890713	0.848996832101373	1	0.860162374020157	2867	tags=18%, list=16%, signal=15%	XM_067085773.1/XM_067101614.1/XM_067085784.1
GO:0006637	GO:0006637	17	0.266020046135113	0.726451840473185	0.848996832101373	1	0.860162374020157	761	tags=12%, list=4%, signal=11%	XM_067130846.1/XM_067130847.1
GO:0007629	GO:0007629	13	0.282561430419556	0.736327383934986	0.849300322927879	1	0.860162374020157	2080	tags=15%, list=12%, signal=14%	XM_067091124.1/XM_067103814.1
GO:0048598	GO:0048598	13	-0.197927207758055	-0.745318348442067	0.849315068493151	1	0.860162374020157	3983	tags=46%, list=22%, signal=36%	XM_067105190.1/XM_067090617.1/XM_067095187.1/XM_067095184.1/XM_067100419.1/XM_067083290.1
GO:0010586	GO:0010586	10	0.293275568302775	0.721225107129893	0.849833147942158	1	0.860162374020157	10185	tags=70%, list=57%, signal=30%	XM_067113519.1/XM_067084510.1/XM_067083844.1/XM_067083842.1/XM_067118627.1/XM_067094978.1/XM_067094990.1
GO:0000380	GO:0000380	19	0.268035180638875	0.745221131421368	0.849843587069864	1	0.860162374020157	9363	tags=53%, list=52%, signal=25%	JP354303.1/XM_067113519.1/XM_067088926.1/XM_067091745.1/XM_067123348.1/XM_067103817.1/XM_067114716.1/XM_067129557.1/XM_067103819.1/XM_067127111.1
GO:0075522	GO:0075522	10	0.292749286317921	0.719930871189602	0.850945494994438	1	0.860162374020157	3043	tags=20%, list=17%, signal=17%	XM_067089625.1/XM_067087534.1
GO:0006081	GO:0006081	10	0.292579040376465	0.719512201308318	0.850945494994438	1	0.860162374020157	4714	tags=30%, list=26%, signal=22%	XM_067093147.1/XM_067093149.1/XM_067093150.1
GO:0000425	GO:0000425	18	0.263088844763352	0.727560399915549	0.852390852390852	1	0.860162374020157	8928	tags=56%, list=50%, signal=28%	XM_067127274.1/XM_067127276.1/XM_067083403.1/XM_067122022.1/JP354710.1/XM_067133616.1/XM_067115425.1/XM_067132745.1/XM_067129274.1/XM_067115424.1
GO:0071549	GO:0071549	13	0.28132658087044	0.733109487080826	0.852529601722282	1	0.860162374020157	2335	tags=15%, list=13%, signal=13%	XM_067093698.1/XM_067089424.1
GO:0034644	GO:0034644	26	0.259022358492778	0.760950712685302	0.852729145211123	1	0.860162374020157	6671	tags=46%, list=37%, signal=29%	XM_067130824.1/XM_067082583.1/XM_067110761.1/XM_067094880.1/XM_067133612.1/XM_067082582.1/XM_067134150.1/XM_067091698.1/XM_067093144.1/XM_067130961.1/XM_067130208.1/XM_067108002.1
GO:0097193	GO:0097193	22	0.259946960805348	0.741541895469878	0.853886010362694	1	0.860162374020157	7167	tags=41%, list=40%, signal=25%	XM_067134234.1/XM_067127553.1/XM_067134233.1/XM_067093480.1/XM_067093469.1/XM_067086723.1/XM_067132447.1/XM_067123913.1/XM_067086724.1
GO:0098586	GO:0098586	20	0.257085380479418	0.722846944204757	0.854188210961737	1	0.860162374020157	5474	tags=20%, list=30%, signal=14%	XM_067107861.1/XM_067082583.1/XM_067082582.1/XM_067095985.1
GO:0019941	GO:0019941	11	0.27938189349219	0.707910129663015	0.855748373101952	1	0.860162374020157	3480	tags=18%, list=19%, signal=15%	XM_067107761.1/EL609362.1
GO:0060857	GO:0060857	11	0.277913418780489	0.704189243851222	0.855748373101952	1	0.860162374020157	5304	tags=27%, list=29%, signal=19%	XM_067103242.1/XM_067118088.1/XM_067088231.1
GO:0050829	GO:0050829	41	0.25078833606336	0.784965067478379	0.855846774193548	1	0.860162374020157	2343	tags=17%, list=13%, signal=15%	XM_067123406.1/XM_067123409.1/XM_067095119.1/XM_067102038.1/XM_067111118.1/XM_067120568.1/XM_067091389.1
GO:0006654	GO:0006654	16	-0.180833069246984	-0.751292925261496	0.857142857142857	1	0.860162374020157	11967	tags=31%, list=66%, signal=11%	XM_067117015.1/XM_067117020.1/XM_067110305.1/XM_067086603.1/XM_067114102.1
GO:0006829	GO:0006829	13	0.277779891294028	0.723867161779913	0.857911733046286	1	0.860162374020157	8006	tags=46%, list=44%, signal=26%	XM_067104428.1/XM_067092596.1/XM_067110526.1/XM_067112111.1/XM_067130484.1/XM_067113614.1
GO:0002218	GO:0002218	19	0.265814598805209	0.739047223568848	0.859228362877998	1	0.860162374020157	7180	tags=42%, list=40%, signal=25%	JP354303.1/XM_067107861.1/XM_067122098.1/XM_067125261.1/XM_067097979.1/XM_067105854.1/XM_067105865.1/XM_067123348.1
GO:0019882	GO:0019882	12	-0.201399688958009	-0.734242151571767	0.861111111111111	1	0.860162374020157	14391	tags=50%, list=80%, signal=10%	XM_067134439.1/XM_067085934.1/XM_067085935.1/XM_067133668.1/XM_067081004.1/KP216765.1
GO:0032526	GO:0032526	10	0.28313166229273	0.696279150188613	0.862068965517241	1	0.860162374020157	5317	tags=30%, list=30%, signal=21%	XM_067081623.1/XM_067086304.1/XM_067099708.1
GO:0071320	GO:0071320	16	0.262191196950674	0.709961086485234	0.862579281183932	1	0.860162374020157	1200	tags=12%, list=7%, signal=12%	XM_067112474.1/XM_067112472.1
GO:0045746	GO:0045746	26	0.253460477139268	0.744611128703239	0.86302780638517	1	0.860162374020157	9846	tags=62%, list=55%, signal=28%	XM_067090798.1/XM_067084260.1/XM_067113529.1/XM_067112165.1/XM_067082988.1/XM_067082987.1/XM_067108002.1/XM_067099997.1/XM_067131551.1/XM_067118513.1/XM_067085625.1/XM_067112167.1/XM_067085739.1/JQ936559.1/XM_067088122.1/XM_067092142.1
GO:0045494	GO:0045494	22	0.253757520628969	0.723885489001153	0.865284974093264	1	0.860162374020157	1726	tags=14%, list=10%, signal=12%	XM_067089016.1/XM_067088262.1/XM_067112963.1
GO:0035331	GO:0035331	30	0.249367803620496	0.749499497284874	0.86815415821501	1	0.860162374020157	3430	tags=23%, list=19%, signal=19%	XM_067099163.1/XM_067118862.1/XM_067099166.1/XM_067099469.1/XM_067097697.1/XM_067096226.1/XM_067111080.1
GO:0009408	GO:0009408	61	0.24334495642854	0.791043808553579	0.868868868868869	1	0.860162374020157	8982	tags=48%, list=50%, signal=24%	XM_067133751.1/XM_067121204.1/XM_067125781.1/XM_067093662.1/XM_067107893.1/XM_067133753.1/XM_067082432.1/XM_067082434.1/XM_067121900.1/XM_067103242.1/XM_067133754.1/XM_067133752.1/XM_067125779.1/XM_067092050.1/XM_067121901.1/XM_067130961.1/XM_067108797.1/XM_067116869.1/XM_067121201.1/XM_067108800.1/XM_067122681.1/XM_067121903.1/XM_067092568.1/XM_067125778.1/XM_067127952.1/XM_067092051.1/XM_067131708.1/XM_067127068.1/XM_067132605.1
GO:0035418	GO:0035418	16	0.260247217280376	0.704697180088371	0.86892177589852	1	0.860162374020157	2742	tags=19%, list=15%, signal=16%	XM_067119987.1/XM_067121837.1/XM_067108971.1
GO:0010595	GO:0010595	29	0.252779789255979	0.75530069410208	0.869387755102041	1	0.860162374020157	2634	tags=17%, list=15%, signal=15%	XM_067130394.1/XM_067126771.1/XM_067130393.1/XM_067111233.1/XM_067132609.1
GO:0040017	GO:0040017	11	0.272069762958099	0.689382331709472	0.870932754880694	1	0.860162374020157	2937	tags=18%, list=16%, signal=15%	XM_067108410.1/XM_067132860.1
GO:0035729	GO:0035729	12	0.270299595511084	0.696192706507413	0.870967741935484	1	0.860162374020157	3674	tags=25%, list=20%, signal=20%	XM_067126771.1/XM_067082583.1/XM_067082582.1
GO:0001676	GO:0001676	23	0.248270826766813	0.714253204075403	0.871134020618557	1	0.860162374020157	4480	tags=22%, list=25%, signal=16%	XM_067122690.1/XM_067134278.1/XM_067100047.1/XM_067095934.1/XM_067132327.1
GO:0034198	GO:0034198	43	0.245982576541546	0.773523519172556	0.871717171717172	1	0.860162374020157	9964	tags=56%, list=55%, signal=25%	XM_067097841.1/XM_067095119.1/XM_067088594.1/XM_067129680.1/XM_067129679.1/XM_067101731.1/XM_067097821.1/XM_067130939.1/XM_067097844.1/XM_067112996.1/XM_067093202.1/XM_067094095.1/XM_067108597.1/XM_067106298.1/XM_067097842.1/XM_067082935.1/XM_067134320.1/XM_067097834.1/XM_067099352.1/XM_067129678.1/XM_067107292.1/JP352138.1/XM_067095260.1/XM_067118361.1
GO:0006915	GO:0006915	259	0.254271397273346	0.892368160316685	0.872127872127872	1	0.860162374020157	7671	tags=43%, list=43%, signal=25%	XM_067095452.1/GH625579.1/XM_067119910.1/XM_067093953.1/XM_067113195.1/XM_067105473.1/XM_067081486.1/XM_067131820.1/XM_067088151.1/XM_067081458.1/XM_067114790.1/XM_067117985.1/XM_067120619.1/XM_067094293.1/XM_067117986.1/XM_067114787.1/XM_067105236.1/XM_067126608.1/XM_067102222.1/XM_067119909.1/XM_067102038.1/XM_067120174.1/XM_067088262.1/XM_067085343.1/XM_067107226.1/XM_067100106.1/XM_067084026.1/XM_067134045.1/XM_067083472.1/XM_067100416.1/XM_067123909.1/XM_067091389.1/XM_067133337.1/XM_067093686.1/XM_067128466.1/XM_067123911.1/XM_067088937.1/XM_067082608.1/JP354480.1/JP352682.1/XM_067123867.1/XM_067083465.1/JP354889.1/XM_067093480.1/XM_067098396.1/XM_067109009.1/XM_067119332.1/XM_067134067.1/XM_067116523.1/XM_067107746.1/XM_067093469.1/XM_067109172.1/XM_067114486.1/XM_067097666.1/XM_067134673.1/XM_067116482.1/XM_067108506.1/XM_067132597.1/XM_067128266.1/XM_067083474.1/XM_067113569.1/JP353726.1/XM_067133412.1/XM_067117984.1/XM_067087114.1/XM_067117688.1/XM_067094065.1/XM_067109856.1/XM_067101348.1/XM_067134068.1/XM_067128018.1/XM_067087596.1/XM_067112168.1/XM_067087597.1/XM_067097673.1/XM_067095985.1/XM_067086698.1/XM_067093104.1/XM_067090873.1/XM_067123910.1/XM_067097657.1/XM_067097158.1/EL609526.1/XM_067116799.1/XM_067132447.1/XM_067130961.1/XM_067114789.1/XM_067107745.1/XM_067113794.1/XM_067116574.1/XM_067098604.1/XM_067088301.1/XM_067105237.1/XM_067118678.1/XM_067106882.1/XM_067082732.1/XM_067083475.1/JP353649.1/XM_067086830.1/XM_067088691.1/XM_067097716.1/XM_067110311.1/XM_067110310.1/XM_067104111.1/XM_067130297.1/XM_067092887.1/XM_067082873.1/XM_067112301.1/XM_067113602.1/EL609912.1/XM_067081496.1/EL609000.1
GO:0071456	GO:0071456	45	0.245173495944396	0.774206404265998	0.872727272727273	1	0.860162374020157	5980	tags=29%, list=33%, signal=19%	XM_067104952.1/XM_067116047.1/XM_067115102.1/XM_067133172.1/JF268691.1/XM_067104394.1/XM_067116704.1/JP355213.1/XM_067127858.1/XM_067092541.1/XM_067107654.1/XM_067089856.1/XM_067120433.1
GO:0046686	GO:0046686	16	-0.175106935076202	-0.727503006141499	0.875	1	0.860162374020157	1563	tags=25%, list=9%, signal=23%	XM_067089070.1/XM_067098984.1/XM_067133708.1/XM_067089858.1
GO:0006520	GO:0006520	18	-0.164899223892741	-0.689672360285187	0.875	1	0.860162374020157	1172	tags=22%, list=7%, signal=21%	XM_067084277.1/JP354804.1/XM_067110626.1/XM_067104516.1
GO:1902115	GO:1902115	12	0.268619331905624	0.691864963193852	0.876344086021505	1	0.860162374020157	6072	tags=33%, list=34%, signal=22%	XM_067134577.1/XM_067082755.1/XM_067134581.1/JP353036.1
GO:0006641	GO:0006641	19	0.259569939755245	0.721685130012835	0.876955161626695	1	0.860162374020157	8977	tags=53%, list=50%, signal=26%	XM_067130846.1/XM_067130847.1/XM_067093541.1/XM_067095934.1/JP354683.1/XM_067117008.1/XM_067114492.1/XM_067130843.1/XM_067093392.1/XM_067094230.1
GO:0018105	GO:0018105	30	0.247230944372258	0.743076956327018	0.877281947261663	1	0.860162374020157	4072	tags=23%, list=23%, signal=18%	XM_067101112.1/JP354889.1/XM_067109009.1/LT574898.1/XM_067116598.1/XM_067097617.1/XM_067116347.1
GO:0007031	GO:0007031	13	0.269641879511877	0.702660300967076	0.877287405812702	1	0.860162374020157	2682	tags=15%, list=15%, signal=13%	XM_067101464.1/XM_067096168.1
GO:0007249	GO:0007249	13	0.269389141034634	0.702001689275127	0.879440258342304	1	0.860162374020157	7337	tags=38%, list=41%, signal=23%	XM_067082583.1/XM_067117782.1/XM_067082582.1/XM_067124071.1/XM_067117781.1
GO:0007310	GO:0007310	13	0.26917467425866	0.701442809884336	0.879440258342304	1	0.860162374020157	6610	tags=38%, list=37%, signal=24%	XM_067093558.1/XM_067103242.1/XM_067121435.1/JP354730.1/XM_067093560.1
GO:0019991	GO:0019991	30	0.245812813878954	0.738814625439133	0.880324543610548	1	0.860162374020157	3270	tags=17%, list=18%, signal=14%	XM_067111118.1/XM_067103242.1/XM_067106014.1/XM_067118088.1/XM_067106009.1
GO:0034498	GO:0034498	13	0.26801550666691	0.698422132790835	0.880516684607104	1	0.860162374020157	4898	tags=38%, list=27%, signal=28%	XM_067122619.1/XM_067122613.1/XM_067122620.1/XM_067089104.1/XM_067093177.1
GO:0010458	GO:0010458	11	0.265874212638277	0.673683773812909	0.88177874186551	1	0.860162374020157	4305	tags=27%, list=24%, signal=21%	XM_067124181.1/XM_067088549.1/XM_067133924.1
GO:0032509	GO:0032509	17	0.251387806541223	0.68649388415501	0.883843717001056	1	0.860162374020157	3289	tags=18%, list=18%, signal=14%	GH625111.1/XM_067124608.1/JP354852.1
GO:0006898	GO:0006898	35	0.240545550764093	0.736844376873931	0.885279187817259	1	0.860162374020157	6718	tags=37%, list=37%, signal=23%	XM_067121385.1/XM_067081623.1/XM_067117474.1/XM_067116428.1/XM_067129872.1/XM_067122072.1/XM_067118164.1/XM_067133196.1/XM_067119092.1/XM_067121382.1/XM_067101142.1/XM_067114798.1/XM_067123899.1
GO:0006826	GO:0006826	16	0.250710610475693	0.678873964789082	0.885835095137421	1	0.860162374020157	2117	tags=12%, list=12%, signal=11%	XM_067085699.1/JP355248.1
GO:0030307	GO:0030307	41	0.239914767112339	0.750930901777735	0.888104838709677	1	0.860162374020157	9122	tags=46%, list=51%, signal=23%	XM_067108911.1/XM_067134278.1/XM_067123562.1/XM_067090412.1/XM_067100533.1/XM_067134673.1/XM_067100958.1/XM_067113384.1/XM_067100870.1/XM_067086576.1/XM_067096309.1/XM_067108913.1/XM_067104111.1/XM_067101279.1/XM_067101275.1/XM_067108910.1/XM_067100691.1/JP354575.1/XM_067091409.1
GO:0042789	GO:0042789	12	0.262015862614526	0.674856846147227	0.888172043010753	1	0.860162374020157	7410	tags=42%, list=41%, signal=25%	XM_067134263.1/XM_067127473.1/XM_067095985.1/XM_067085344.1/XM_067104047.1
GO:0071260	GO:0071260	14	0.257190183171617	0.677871923896836	0.889243876464324	1	0.860162374020157	402	tags=7%, list=2%, signal=7%	XM_067132585.1
GO:0045879	GO:0045879	36	0.239882266146312	0.737306444942862	0.889452332657201	1	0.860162374020157	9536	tags=56%, list=53%, signal=26%	XM_067086030.1/XM_067086029.1/XM_067105957.1/XM_067121900.1/XM_067087371.1/XM_067088533.1/XM_067101714.1/XM_067095896.1/XM_067121901.1/XM_067133161.1/JP353912.1/JP354740.1/XM_067121903.1/XM_067096274.1/XM_067085625.1/XM_067086646.1/XM_067083198.1/XM_067125226.1/XM_067108871.1/XM_067126220.1
GO:0048286	GO:0048286	15	0.252536146782398	0.67459832948029	0.890425531914894	1	0.860162374020157	7505	tags=33%, list=42%, signal=19%	XM_067108431.1/XM_067088091.1/XM_067126023.1/XM_067103678.1/XM_067132854.1
GO:0042051	GO:0042051	19	0.250963411180092	0.697756304897048	0.89051094890511	1	0.860162374020157	6254	tags=37%, list=35%, signal=24%	XM_067090798.1/XM_067083628.1/XM_067129172.1/XM_067116428.1/XM_067129190.1/XM_067129191.1/XM_067129189.1
GO:0007405	GO:0007405	18	0.248056731056379	0.685989763691657	0.890852390852391	1	0.860162374020157	8850	tags=56%, list=49%, signal=28%	XM_067116599.1/XM_067134690.1/XM_067104074.1/XM_067134688.1/XM_067103660.1/XM_067130820.1/XM_067131551.1/XM_067134692.1/XM_067134691.1/XM_067134681.1
GO:0030048	GO:0030048	22	0.243517929221121	0.694675353218496	0.89119170984456	1	0.860162374020157	941	tags=14%, list=5%, signal=13%	XM_067086030.1/XM_067086029.1/XM_067098124.1
GO:0030866	GO:0030866	48	0.238683339723004	0.758570970907257	0.893145161290323	1	0.860162374020157	5845	tags=33%, list=32%, signal=23%	XM_067120979.1/XM_067110066.1/XM_067093449.1/XM_067103242.1/XM_067096226.1/XM_067118088.1/XM_067134690.1/XM_067105182.1/XM_067118533.1/XM_067133412.1/XM_067130584.1/XM_067134193.1/XM_067088231.1/XM_067105264.1/XM_067134688.1/XM_067118531.1
GO:0042790	GO:0042790	13	0.260057782955967	0.677685085015221	0.894510226049516	1	0.860162374020157	8827	tags=54%, list=49%, signal=27%	XM_067108387.1/XM_067087811.1/XM_067108385.1/XM_067083406.1/XM_067108376.1/XM_067108386.1/XM_067108384.1
GO:0090263	GO:0090263	56	0.23797329941309	0.768990632039809	0.894789579158317	1	0.860162374020157	7506	tags=39%, list=42%, signal=23%	JP353236.1/XM_067087091.1/XM_067095217.1/XM_067081861.1/XM_067128293.1/XM_067088398.1/XM_067124191.1/XM_067113372.1/XM_067106765.1/XM_067100115.1/XM_067113361.1/XM_067112165.1/XM_067091733.1/XM_067091736.1/XM_067091447.1/XM_067096284.1/XM_067096499.1/XM_067133161.1/XM_067130940.1/XM_067110804.1/XM_067114860.1/XM_067092887.1
GO:0006123	GO:0006123	15	0.251053625387544	0.670638078763194	0.895744680851064	1	0.860162374020157	5881	tags=27%, list=33%, signal=18%	XM_067123416.1/XM_067090884.1/GH624888.1/XM_067087230.1
GO:0007266	GO:0007266	19	0.246295157378254	0.684777108018206	0.896767466110532	1	0.860162374020157	6552	tags=37%, list=36%, signal=23%	XM_067132585.1/XM_067088349.1/XM_067088937.1/XM_067132582.1/XM_067082543.1/XM_067103660.1/XM_067132584.1
GO:0035006	GO:0035006	14	0.250455476411408	0.660121368365803	0.89776357827476	1	0.860162374020157	8850	tags=50%, list=49%, signal=25%	XM_067134690.1/XM_067134688.1/XM_067108797.1/XM_067108800.1/XM_067134692.1/XM_067134691.1/XM_067134681.1
GO:0046856	GO:0046856	23	0.238831719469157	0.68709772745835	0.897938144329897	1	0.860162374020157	5627	tags=35%, list=31%, signal=24%	XM_067115372.1/XM_067087102.1/JP354099.1/XM_067084335.1/XM_067131644.1/XM_067096007.1/XM_067090752.1/XM_067099669.1
GO:0061001	GO:0061001	13	0.257775556157071	0.671737825738248	0.898815931108719	1	0.860162374020157	3088	tags=15%, list=17%, signal=13%	XM_067087046.1/XM_067110750.1
GO:0055091	GO:0055091	15	0.247850091410028	0.662080497216155	0.898936170212766	1	0.860162374020157	6806	tags=33%, list=38%, signal=21%	XM_067130440.1/XM_067109308.1/JP354683.1/XM_067109307.1/XM_067117008.1
GO:0036258	GO:0036258	11	0.254233144574018	0.644187123547647	0.899132321041215	1	0.860162374020157	5721	tags=36%, list=32%, signal=25%	XM_067128238.1/XM_067124608.1/XM_067098538.1/XM_067098539.1
GO:0045947	GO:0045947	18	0.241299998829366	0.667304323776368	0.899168399168399	1	0.860162374020157	7879	tags=50%, list=44%, signal=28%	XM_067131720.1/XM_067112368.1/XM_067116482.1/XM_067086671.1/XM_067134657.1/XM_067112367.1/XM_067112994.1/XM_067103817.1/XM_067119542.1
GO:0150104	GO:0150104	24	0.241223162998003	0.698442748484379	0.899689762150982	1	0.860162374020157	6357	tags=29%, list=35%, signal=19%	XM_067116047.1/XM_067122690.1/XM_067089478.1/XM_067128322.1/XM_067129615.1/XM_067122645.1/XM_067116648.1
GO:0051897	GO:0051897	47	0.232777370568856	0.740465730894831	0.900502512562814	1	0.860162374020157	9307	tags=53%, list=52%, signal=26%	XM_067104952.1/XM_067105792.1/XM_067130639.1/XM_067116297.1/XM_067101362.1/XM_067130034.1/XM_067123562.1/XM_067087995.1/XM_067111143.1/GH624168.1/XM_067115324.1/XM_067119676.1/XM_067116582.1/XM_067082988.1/XM_067082987.1/XM_067108597.1/XM_067112607.1/XM_067116106.1/XM_067104128.1/XM_067119677.1/XM_067119181.1/XM_067095251.1/XM_067125437.1/XM_067087978.1/XM_067112608.1
GO:0048814	GO:0048814	20	0.243873014476181	0.685697735745898	0.900723888314374	1	0.860162374020157	1429	tags=15%, list=8%, signal=14%	XM_067128834.1/XM_067112419.1/XM_067085988.1
GO:0048678	GO:0048678	14	0.248522612641392	0.655026951206276	0.902023429179979	1	0.860162374020157	95	tags=7%, list=1%, signal=7%	XM_067092246.1
GO:0007009	GO:0007009	18	0.238445529471461	0.659410416798092	0.902286902286902	1	0.860162374020157	4917	tags=22%, list=27%, signal=16%	XM_067125824.1/XM_067131223.1/XM_067131225.1/XM_067116784.1
GO:0006703	GO:0006703	15	-0.17960744544586	-0.730565086054516	0.903225806451613	1	0.860162374020157	2661	tags=33%, list=15%, signal=28%	XM_067133791.1/XM_067102100.1/XM_067082351.1/XM_067126664.1/XM_067092586.1
GO:0090303	GO:0090303	19	0.240679273971273	0.66916320622925	0.904066736183525	1	0.860162374020157	170	tags=11%, list=1%, signal=10%	XM_067104952.1/XM_067105792.1
GO:0030163	GO:0030163	54	0.230319292931308	0.741032962246406	0.904618473895582	1	0.860162374020157	4609	tags=26%, list=26%, signal=19%	XM_067123751.1/XM_067103657.1/XM_067100817.1/XM_067102953.1/XM_067091389.1/XM_067100818.1/JP354889.1/XM_067109009.1/XM_067123750.1/XM_067100209.1/XM_067111099.1/XM_067094082.1/XM_067129268.1/XM_067115587.1
GO:0007179	GO:0007179	26	0.235165088180274	0.690863300337337	0.905252317198764	1	0.860162374020157	9121	tags=50%, list=51%, signal=25%	XM_067090976.1/XM_067105397.1/XM_067105396.1/XM_067090968.1/XM_067120288.1/XM_067120287.1/XM_067113468.1/XM_067092052.1/XM_067120291.1/XM_067094762.1/XM_067104535.1/XM_067101402.1/XM_067122232.1
GO:0007620	GO:0007620	13	0.254918955983487	0.664293805761283	0.906350914962325	1	0.860162374020157	1864	tags=15%, list=10%, signal=14%	XM_067082432.1/XM_067082434.1
GO:0033209	GO:0033209	13	0.252521019647468	0.658045018775309	0.909580193756728	1	0.860162374020157	7225	tags=38%, list=40%, signal=23%	XM_067117520.1/XM_067084050.1/XM_067124071.1/XM_067108797.1/XM_067108800.1
GO:0010467	GO:0010467	42	0.232044861727254	0.729605862630164	0.910372608257805	1	0.860162374020157	5869	tags=31%, list=33%, signal=21%	XM_067084610.1/XM_067130908.1/XM_067130034.1/XM_067085790.1/XM_067132597.1/XM_067090135.1/XM_067113519.1/XM_067115587.1/XM_067115078.1/XM_067124176.1/XM_067095985.1/XM_067091445.1/XM_067093144.1
GO:0045324	GO:0045324	14	0.244962570819381	0.645643807692478	0.910543130990415	1	0.860162374020157	159	tags=7%, list=1%, signal=7%	GH625111.1
GO:0006013	GO:0006013	11	0.247732570886225	0.627715684025608	0.912147505422993	1	0.860162374020157	7316	tags=36%, list=41%, signal=22%	XM_067114439.1/XM_067093153.1/XM_067081552.1/XM_067103678.1
GO:2000643	GO:2000643	15	0.239173435294727	0.63890259656536	0.912765957446809	1	0.860162374020157	6072	tags=33%, list=34%, signal=22%	XM_067134577.1/XM_067082755.1/XM_067104450.1/XM_067134581.1/JP353036.1
GO:0006508	GO:0006508	308	0.249872329151355	0.880415175709649	0.913086913086913	1	0.860162374020157	5049	tags=28%, list=28%, signal=20%	XM_067081971.1/XM_067086961.1/XM_067097296.1/XM_067090001.1/XM_067122998.1/XM_067134656.1/XM_067090047.1/XM_067081257.1/XM_067096167.1/XM_067087334.1/XM_067084984.1/XM_067109297.1/XM_067126713.1/XM_067132787.1/XM_067129614.1/XM_067083241.1/XM_067097910.1/XM_067104336.1/XM_067097748.1/XM_067116949.1/XM_067110001.1/XM_067125228.1/XM_067092089.1/XM_067102568.1/XM_067105299.1/XM_067105397.1/XM_067102689.1/XM_067105739.1/XM_067123435.1/XM_067114800.1/XM_067085012.1/XM_067087062.1/XM_067094226.1/XM_067132331.1/XM_067111075.1/XM_067104660.1/JP354039.1/XM_067087332.1/XM_067099680.1/XM_067090495.1/XM_067103484.1/XM_067081362.1/XM_067112550.1/XM_067097522.1/XM_067091389.1/XM_067133007.1/XM_067132878.1/XM_067102272.1/XM_067097909.1/XM_067094339.1/XM_067095247.1/XM_067121678.1/XM_067094893.1/XM_067096606.1/XM_067114157.1/XM_067094740.1/XM_067113046.1/XM_067111304.1/XM_067087818.1/KP262355.1/XM_067100101.1/XM_067091902.1/XM_067087105.1/XM_067100209.1/XM_067125216.1/XM_067111355.1/XM_067083343.1/XM_067128266.1/XM_067084903.1/XM_067130369.1/XM_067093818.1/XM_067083793.1/XM_067125229.1/XM_067106765.1/XM_067100132.1/XM_067104334.1/XM_067094082.1/XM_067117490.1/XM_067109856.1/XM_067112746.1/XM_067102565.1/XM_067129273.1/XM_067100889.1/XM_067083531.1/XM_067129433.1/XM_067105756.1
GO:0048812	GO:0048812	45	0.231619690517038	0.731406333550297	0.913131313131313	1	0.860162374020157	8850	tags=49%, list=49%, signal=25%	XM_067123144.1/XM_067100416.1/XM_067093449.1/XM_067123143.1/XM_067134690.1/XM_067082971.1/XM_067123141.1/XM_067129485.1/XM_067105114.1/XM_067133412.1/XM_067091698.1/XM_067123140.1/XM_067134688.1/XM_067108797.1/XM_067108800.1/XM_067134692.1/XM_067105136.1/XM_067128891.1/XM_067134691.1/XM_067097957.1/XM_067097960.1/XM_067134681.1
GO:0006953	GO:0006953	12	0.249992318593732	0.643888602788148	0.913978494623656	1	0.860162374020157	7626	tags=33%, list=42%, signal=19%	XM_067093480.1/XM_067093469.1/XM_067129473.1/XM_067129478.1
GO:0002250	GO:0002250	22	0.233214051140459	0.665281829020512	0.913989637305699	1	0.860162374020157	7528	tags=32%, list=42%, signal=19%	XM_067105475.1/XM_067124323.1/XM_067087105.1/XM_067125188.1/GH625325.1/XM_067129236.1/XM_067092002.1
GO:1903078	GO:1903078	21	0.232753433172025	0.658469709054518	0.91407867494824	1	0.860162374020157	8344	tags=48%, list=46%, signal=26%	XM_067095058.1/XM_067093573.1/XM_067123908.1/XM_067105182.1/XM_067134673.1/XM_067105264.1/XM_067087954.1/XM_067095062.1/XM_067116106.1/XM_067093577.1
GO:0006883	GO:0006883	18	-0.227136348483165	-0.949972097302507	0.914090728422073	1	0.860162374020157	13929	tags=100%, list=77%, signal=23%	XM_067112375.1/XM_067112560.1/XM_067095700.1/XM_067092195.1/GH625436.1/XM_067092197.1/XM_067092181.1/XM_067092196.1/XM_067104936.1/XM_067104231.1/XM_067097790.1/EL696418.1/XM_067092193.1/XM_067104233.1/XM_067104230.1/XM_067098649.1/XM_067098646.1
GO:0030509	GO:0030509	19	0.236082638596502	0.656383130843051	0.914494264859228	1	0.860162374020157	7505	tags=32%, list=42%, signal=18%	XM_067105397.1/XM_067105396.1/XM_067133208.1/XM_067095985.1/XM_067133211.1/XM_067132854.1
GO:0007424	GO:0007424	35	0.231925990042966	0.710440750499172	0.914720812182741	1	0.860162374020157	8442	tags=46%, list=47%, signal=24%	XM_067083537.1/XM_067123304.1/XM_067110066.1/XM_067111118.1/XM_067134690.1/XM_067129593.1/XM_067084234.1/XM_067134688.1/XM_067094352.1/XM_067110080.1/XM_067091877.1/XM_067104111.1/XM_067134692.1/XM_067123916.1/XM_067134691.1/XM_067110075.1
GO:0030308	GO:0030308	27	0.22570253860048	0.668889050636886	0.915132924335378	1	0.860162374020157	7505	tags=41%, list=42%, signal=24%	XM_067118744.1/XM_067112731.1/XM_067112734.1/XM_067115414.1/XM_067082287.1/XM_067099728.1/XM_067086444.1/XM_067114798.1/XM_067108597.1/XM_067118766.1/XM_067132854.1
GO:0070593	GO:0070593	20	0.238679253747481	0.671094439110866	0.915201654601861	1	0.860162374020157	8998	tags=55%, list=50%, signal=28%	XM_067100093.1/XM_067134690.1/XM_067084496.1/XM_067134688.1/XM_067122667.1/XM_067134033.1/XM_067134692.1/XM_067118637.1/XM_067134691.1/XM_067134681.1/XM_067095390.1
GO:0051603	GO:0051603	36	0.230018192851405	0.706988051963834	0.915821501014199	1	0.860162374020157	6293	tags=33%, list=35%, signal=22%	XM_067088758.1/XM_067088757.1/XM_067088755.1/XM_067113608.1/XM_067123163.1/XM_067094740.1/XM_067100209.1/XM_067093170.1/XM_067093171.1/XM_067134060.1/XM_067111570.1/XM_067111571.1
GO:0043622	GO:0043622	12	-0.190457676071984	-0.694350892923218	0.916666666666667	1	0.860162374020157	14588	tags=42%, list=81%, signal=8%	XM_067105143.1/XM_067105146.1/XM_067105144.1/XM_067133947.1/XM_067095315.1
GO:0032964	GO:0032964	12	-0.186967420116953	-0.681626478822995	0.916666666666667	1	0.860162374020157	754	tags=50%, list=4%, signal=48%	JP353637.1/XM_067101434.1/XM_067101431.1/XM_067101433.1/XM_067092896.1/XM_067092911.1
GO:0031929	GO:0031929	14	0.242146910753036	0.63822261889485	0.916932907348243	1	0.860162374020157	6575	tags=36%, list=36%, signal=23%	XM_067109255.1/XM_067115324.1/XM_067106291.1/XM_067106292.1/XM_067109254.1
GO:0006825	GO:0006825	12	0.247450740780115	0.63734242970374	0.917204301075269	1	0.860162374020157	7194	tags=42%, list=40%, signal=25%	XM_067123766.1/XM_067090057.1/XM_067123765.1/XM_067096800.1/XM_067112111.1
GO:0035317	GO:0035317	22	0.22961584566873	0.65501735007631	0.919170984455959	1	0.860162374020157	3108	tags=18%, list=17%, signal=15%	XM_067086030.1/XM_067086029.1/XM_067083341.1/XM_067134690.1
GO:0042462	GO:0042462	15	0.231956160175207	0.619623131819178	0.920212765957447	1	0.860162374020157	3341	tags=20%, list=19%, signal=16%	XM_067121357.1/XM_067101117.1/XM_067104266.1
GO:0036211	GO:0036211	13	0.24563373483768	0.640097429824911	0.920344456404736	1	0.860162374020157	5844	tags=31%, list=32%, signal=21%	XM_067092089.1/XM_067082092.1/XM_067085520.1/XM_067102275.1
GO:0032691	GO:0032691	10	-0.185062671097689	-0.645331752048266	0.922330097087379	1	0.860162374020157	3877	tags=40%, list=22%, signal=31%	XM_067089167.1/XM_067089166.1/XM_067102687.1/XM_067099242.1
GO:0030948	GO:0030948	10	-0.18382502782703	-0.641015968127457	0.922330097087379	1	0.860162374020157	2904	tags=30%, list=16%, signal=25%	XM_067113800.1/XM_067122485.1/XM_067113791.1
GO:0033627	GO:0033627	20	0.234660149369075	0.659793923644163	0.923474663908997	1	0.860162374020157	2299	tags=15%, list=13%, signal=13%	XM_067091124.1/XM_067103814.1/XM_067093449.1
GO:0035332	GO:0035332	32	0.221060410676755	0.670820570976235	0.924012158054711	1	0.860162374020157	7173	tags=34%, list=40%, signal=21%	XM_067100975.1/XM_067082755.1/XM_067117391.1/XM_067124272.1/JP355704.1/XM_067132651.1/XM_067100133.1/XM_067117394.1/XM_067103718.1/JP353912.1/XM_067085786.1
GO:0007417	GO:0007417	58	0.227878321291671	0.73767816134482	0.924849699398798	1	0.860162374020157	4234	tags=24%, list=24%, signal=19%	XM_067091124.1/XM_067091388.1/XM_067094697.1/XM_067084528.1/XM_067103814.1/XM_067093449.1/XM_067119846.1/XM_067105283.1/XM_067086680.1/XM_067091789.1/XM_067121296.1/XM_067120697.1/XM_067126486.1/XM_067100671.1
GO:0032728	GO:0032728	19	0.230592784268513	0.641119629074773	0.924921793534932	1	0.860162374020157	7140	tags=42%, list=40%, signal=25%	XM_067107861.1/XM_067128286.1/XM_067119704.1/JP354258.1/XM_067086668.1/XM_067129887.1/XM_067105854.1/XM_067105865.1
GO:0051591	GO:0051591	15	0.228126388758101	0.609392685868416	0.925531914893617	1	0.860162374020157	6765	tags=40%, list=38%, signal=25%	XM_067130824.1/XM_067132636.1/XM_067126950.1/XM_067126949.1/XM_067086340.1/JP353984.1
GO:0032868	GO:0032868	36	0.224365281971411	0.689613163475976	0.925963488843813	1	0.860162374020157	7500	tags=39%, list=42%, signal=23%	XM_067123451.1/XM_067130824.1/XM_067109255.1/XM_067108538.1/XM_067116482.1/XM_067083830.1/XM_067094095.1/XM_067106840.1/XM_067109254.1/XM_067085532.1/XM_067108597.1/XM_067081379.1/XM_067104207.1/XM_067108539.1
GO:0001578	GO:0001578	24	0.227710049376254	0.659316587873368	0.926577042399173	1	0.860162374020157	9358	tags=54%, list=52%, signal=26%	XM_067081649.1/XM_067095118.1/XM_067090271.1/XM_067125606.1/XM_067113185.1/XM_067100089.1/XM_067129735.1/XM_067095700.1/XM_067125597.1/XM_067081651.1/XM_067091133.1/XM_067100086.1/XM_067104306.1
GO:0009888	GO:0009888	23	0.224838343609655	0.646840023105239	0.92680412371134	1	0.860162374020157	2183	tags=13%, list=12%, signal=11%	XM_067118590.1/XM_067095812.1/XM_067108051.1
GO:0006936	GO:0006936	32	0.218046751928666	0.661675449622614	0.927051671732523	1	0.860162374020157	2523	tags=9%, list=14%, signal=8%	XM_067118601.1/XM_067101614.1/XM_067101137.1
GO:0030317	GO:0030317	15	0.22674878964311	0.605712713422858	0.927659574468085	1	0.860162374020157	7583	tags=40%, list=42%, signal=23%	XM_067093015.1/XM_067081637.1/XM_067098396.1/XM_067084582.1/XM_067129027.1/XM_067096478.1
GO:0043123	GO:0043123	53	0.222009563379183	0.712259539645337	0.928571428571429	1	0.860162374020157	6856	tags=36%, list=38%, signal=22%	JP353707.1/XM_067115102.1/XM_067095460.1/XM_067117782.1/XM_067130542.1/XM_067133239.1/XM_067125889.1/XM_067133612.1/XM_067119354.1/XM_067082287.1/XM_067100505.1/XM_067088762.1/XM_067100504.1/XM_067100502.1/XM_067124071.1/XM_067123913.1/XM_067082612.1/XM_067107944.1/XM_067106882.1
GO:0006470	GO:0006470	29	0.22264419603778	0.665256175345739	0.928571428571429	1	0.860162374020157	9788	tags=55%, list=54%, signal=25%	XM_067087368.1/XM_067095568.1/XM_067105114.1/XM_067133924.1/XM_067102975.1/XM_067087954.1/XM_067096314.1/XM_067109798.1/XM_067092709.1/XM_067105136.1/XM_067134168.1/XM_067109802.1/XM_067093530.1/XM_067093529.1/XM_067093532.1/XM_067111856.1
GO:0050804	GO:0050804	27	0.219450838467136	0.650361595017694	0.929447852760736	1	0.860162374020157	9406	tags=56%, list=52%, signal=27%	XM_067119987.1/XM_067132546.1/XM_067122585.1/XM_067084496.1/XM_067126315.1/XM_067102461.1/XM_067104996.1/JP353912.1/XM_067112607.1/XM_067096274.1/XM_067089339.1/XM_067128819.1/XM_067116318.1/XM_067112608.1/XM_067122589.1
GO:0010976	GO:0010976	49	0.220689926831042	0.703684655149475	0.930583501006036	1	0.860162374020157	5992	tags=29%, list=33%, signal=19%	XM_067104952.1/XM_067121942.1/XM_067107383.1/XM_067125648.1/XM_067121357.1/XM_067082971.1/XM_067105182.1/XM_067084496.1/XM_067129485.1/XM_067118164.1/XM_067105264.1/XM_067099669.1/XM_067101142.1/XM_067095542.1
GO:0008407	GO:0008407	20	0.228261014727024	0.641801477271151	0.93071354705274	1	0.860162374020157	7593	tags=40%, list=42%, signal=23%	XM_067090798.1/XM_067081815.1/XM_067093449.1/XM_067094809.1/XM_067125299.1/XM_067125300.1/XM_067130820.1/XM_067094808.1
GO:0006882	GO:0006882	23	0.224131984133083	0.644807889382803	0.930927835051546	1	0.860162374020157	7972	tags=39%, list=44%, signal=22%	XM_067110259.1/XM_067111322.1/XM_067104428.1/XM_067111323.1/XM_067092596.1/XM_067110526.1/XM_067098736.1/XM_067112111.1/XM_067130484.1
GO:0007010	GO:0007010	62	0.223901073875481	0.728135194649681	0.931931931931932	1	0.860162374020157	5751	tags=27%, list=32%, signal=19%	XM_067109003.1/XM_067131605.1/XM_067101879.1/XM_067082053.1/JP354882.1/XM_067083628.1/XM_067123562.1/XM_067093449.1/XM_067129355.1/XM_067096226.1/XM_067134079.1/XM_067088945.1/XM_067107206.1/XM_067116636.1/XM_067134618.1/XM_067129700.1/XM_067088946.1
GO:0006094	GO:0006094	36	0.22128379199772	0.680141840505218	0.932048681541582	1	0.860162374020157	8241	tags=36%, list=46%, signal=20%	XM_067093698.1/XM_067089424.1/XM_067128868.1/XM_067106417.1/XM_067115103.1/XM_067123947.1/XM_067105477.1/XM_067103570.1/XM_067085532.1/XM_067112478.1/XM_067126400.1/XM_067098515.1/XM_067085785.1
GO:0030007	GO:0030007	16	0.227202533281554	0.615218814577957	0.932346723044397	1	0.860162374020157	4545	tags=19%, list=25%, signal=14%	XM_067112561.1/XM_067112375.1/XM_067112560.1
GO:0036376	GO:0036376	16	0.227202533281554	0.615218814577957	0.932346723044397	1	0.860162374020157	4545	tags=19%, list=25%, signal=14%	XM_067112561.1/XM_067112375.1/XM_067112560.1
GO:0007368	GO:0007368	49	0.220344029590004	0.702581738562966	0.932595573440644	1	0.860162374020157	8850	tags=47%, list=49%, signal=24%	JP353147.1/XM_067132377.1/XM_067112769.1/XM_067124111.1/XM_067112268.1/JP353019.1/XM_067134690.1/XM_067092091.1/XM_067089029.1/XM_067124736.1/XM_067134688.1/XM_067124110.1/XM_067129187.1/XM_067088050.1/XM_067124116.1/XM_067132738.1/XM_067127198.1/XM_067110455.1/XM_067134692.1/XM_067088052.1/XM_067134691.1/XM_067105141.1/XM_067134681.1
GO:0042052	GO:0042052	22	0.223802865555439	0.63843485848578	0.932642487046632	1	0.860162374020157	561	tags=9%, list=3%, signal=9%	GH625197.1/XM_067090362.1
GO:0009615	GO:0009615	23	0.222250407118581	0.639394758775294	0.93298969072165	1	0.860162374020157	1595	tags=13%, list=9%, signal=12%	XM_067082934.1/XM_067118693.1/XM_067082931.1
GO:0140374	GO:0140374	34	0.219540161086374	0.67100877857674	0.933062880324544	1	0.860162374020157	2540	tags=18%, list=14%, signal=15%	XM_067133172.1/XM_067102568.1/XM_067095119.1/XM_067098534.1/XM_067081362.1/XM_067112797.1
GO:0046889	GO:0046889	12	0.237915923179741	0.612784233607636	0.934408602150538	1	0.860162374020157	3878	tags=17%, list=22%, signal=13%	XM_067098545.1/XM_067132960.1
GO:0014029	GO:0014029	12	0.236333371010587	0.608708159147556	0.934408602150538	1	0.860162374020157	667	tags=8%, list=4%, signal=8%	XM_067134535.1
GO:0007596	GO:0007596	10	0.25217764286071	0.620156832498955	0.935483870967742	1	0.860162374020157	5638	tags=30%, list=31%, signal=21%	XM_067093847.1/XM_067093818.1/XM_067111309.1
GO:0035206	GO:0035206	11	0.23343302471886	0.591482865016009	0.936008676789588	1	0.860162374020157	8757	tags=45%, list=49%, signal=23%	XM_067112971.1/XM_067091877.1/XM_067086963.1/XM_067104111.1/XM_067105644.1
GO:0046716	GO:0046716	35	0.218925133744495	0.670616243965399	0.938071065989848	1	0.860162374020157	8535	tags=37%, list=47%, signal=20%	XM_067090362.1/EL609201.1/XM_067091389.1/XM_067131927.1/XM_067132860.1/EL609969.1/GH625164.1/EL696220.1/EL609632.1/XM_067130820.1/XM_067098515.1/XM_067103239.1/EL696108.1
GO:0045167	GO:0045167	11	0.231724478325975	0.587153675019461	0.938177874186551	1	0.860162374020157	7280	tags=45%, list=40%, signal=27%	XM_067099864.1/XM_067111080.1/XM_067129027.1/XM_067111084.1/XM_067101084.1
GO:0048190	GO:0048190	19	0.219714401254761	0.61087434232465	0.938477580813347	1	0.860162374020157	7380	tags=32%, list=41%, signal=19%	XM_067090798.1/XM_067084260.1/XM_067117391.1/XM_067086028.1/XM_067117394.1/XM_067130820.1
GO:0007300	GO:0007300	21	0.21892964685262	0.619361608986053	0.938923395445135	1	0.860162374020157	275	tags=10%, list=2%, signal=9%	XM_067086030.1/XM_067086029.1
GO:1901524	GO:1901524	15	0.222772322929127	0.595090401184928	0.93936170212766	1	0.860162374020157	6229	tags=27%, list=35%, signal=17%	XM_067113269.1/XM_067101285.1/XM_067101288.1/XM_067123913.1
GO:0007294	GO:0007294	22	0.215315565877275	0.614223426002522	0.939896373056995	1	0.860162374020157	8556	tags=45%, list=47%, signal=24%	XM_067090806.1/XM_067083900.1/XM_067117391.1/XM_067134436.1/JP354730.1/XM_067117394.1/XM_067128531.1/XM_067101084.1/XM_067132567.1/XM_067134437.1
GO:0050728	GO:0050728	25	0.21638642886486	0.63074126770088	0.940144478844169	1	0.860162374020157	3564	tags=20%, list=20%, signal=16%	XM_067082046.1/XM_067095965.1/XM_067111619.1/XM_067114157.1/XM_067111620.1
GO:0030536	GO:0030536	11	0.230670709781192	0.584483589933246	0.940347071583514	1	0.860162374020157	6401	tags=36%, list=36%, signal=23%	XM_067110066.1/XM_067121851.1/XM_067114704.1/XM_067110080.1
GO:0070555	GO:0070555	11	0.229780708321967	0.582228465091315	0.940347071583514	1	0.860162374020157	6527	tags=36%, list=36%, signal=23%	XM_067082583.1/XM_067082582.1/XM_067124071.1/XM_067130208.1
GO:0030514	GO:0030514	27	0.215461991009692	0.638540299583939	0.940695296523517	1	0.860162374020157	7184	tags=33%, list=40%, signal=20%	XM_067121618.1/XM_067101482.1/XM_067092827.1/XM_067116742.1/XM_067101208.1/XM_067121614.1/XM_067101207.1/XM_067114910.1/XM_067118333.1
GO:0051384	GO:0051384	20	-0.211721782935974	-0.963205440316833	0.941073462588906	1	0.860162374020157	2749	tags=40%, list=15%, signal=34%	XM_067117561.1/XM_067123178.1/XM_067119584.1/XM_067089425.1/XM_067126352.1/XM_067123179.1/XM_067130830.1/XM_067130822.1
GO:0007264	GO:0007264	49	0.215064707595674	0.685748265779013	0.941649899396378	1	0.860162374020157	8850	tags=45%, list=49%, signal=23%	XM_067120006.1/XM_067088349.1/XM_067100416.1/XM_067130551.1/XM_067127885.1/XM_067134690.1/XM_067132402.1/XM_067129872.1/XM_067081990.1/XM_067134688.1/XM_067119676.1/XM_067095542.1/XM_067112540.1/XM_067134692.1/XM_067095700.1/XM_067132523.1/XM_067119677.1/XM_067134691.1/XM_067081809.1/XM_067087231.1/XM_067127880.1/XM_067134681.1
GO:0008206	GO:0008206	10	-0.180623092307997	-0.629850503767806	0.941747572815534	1	0.860162374020157	4308	tags=50%, list=24%, signal=38%	XM_067131796.1/XM_067126833.1/XM_067123095.1/XM_067083223.1/XM_067098984.1
GO:1901739	GO:1901739	13	0.234927875852385	0.612199010965288	0.941872981700754	1	0.860162374020157	8850	tags=54%, list=49%, signal=27%	XM_067081815.1/XM_067134690.1/XM_067134688.1/XM_067134692.1/XM_067134691.1/XM_067093225.1/XM_067134681.1
GO:0050803	GO:0050803	12	0.22579079412457	0.58155434442593	0.943010752688172	1	0.860162374020157	8442	tags=58%, list=47%, signal=31%	XM_067110066.1/XM_067106014.1/XM_067106009.1/XM_067110080.1/XM_067114798.1/XM_067111525.1/XM_067110075.1
GO:0030838	GO:0030838	20	0.220771864756043	0.620744234882961	0.943123061013444	1	0.860162374020157	8533	tags=35%, list=47%, signal=18%	XM_067123562.1/XM_067123908.1/XM_067105182.1/XM_067105264.1/XM_067123916.1/XM_067092052.1/XM_067083453.1
GO:0006103	GO:0006103	20	0.218934650791361	0.615578540522029	0.944157187176836	1	0.860162374020157	1282	tags=10%, list=7%, signal=9%	XM_067110853.1/XM_067120398.1
GO:0048675	GO:0048675	33	0.20757418633144	0.631958756280007	0.945233265720081	1	0.860162374020157	8332	tags=45%, list=46%, signal=24%	XM_067128834.1/XM_067112419.1/XM_067115023.1/XM_067119508.1/XM_067100671.1/XM_067092558.1/XM_067107728.1/XM_067104422.1/XM_067108797.1/XM_067108800.1/XM_067095299.1/XM_067100673.1/XM_067107733.1/XM_067133907.1/XM_067095283.1
GO:0008360	GO:0008360	68	0.217935138546978	0.713531677059909	0.945891783567134	1	0.860162374020157	3340	tags=18%, list=19%, signal=14%	XM_067132585.1/XM_067091124.1/XM_067120979.1/XM_067101879.1/JP354882.1/XM_067106590.1/XM_067103814.1/XM_067100416.1/XM_067093449.1/XM_067095215.1/XM_067100093.1/XM_067082755.1
GO:0043162	GO:0043162	12	0.224651515617507	0.578619980481365	0.946236559139785	1	0.860162374020157	4809	tags=25%, list=27%, signal=18%	XM_067128238.1/XM_067124608.1/XM_067104450.1
GO:0048870	GO:0048870	12	0.223739759719563	0.576271631402027	0.946236559139785	1	0.860162374020157	6139	tags=25%, list=34%, signal=16%	XM_067111075.1/XM_067107746.1/XM_067107745.1
GO:0008049	GO:0008049	26	0.214544796994894	0.630285420633834	0.946446961894954	1	0.860162374020157	2184	tags=15%, list=12%, signal=14%	XM_067131636.1/XM_067082432.1/XM_067082434.1/XM_067121851.1
GO:0008355	GO:0008355	22	0.207775981026571	0.5927155075259	0.949222797927461	1	0.860162374020157	4360	tags=27%, list=24%, signal=21%	XM_067110066.1/XM_067109758.1/XM_067087995.1/XM_067128305.1/XM_067087371.1/XM_067133257.1
GO:0060325	GO:0060325	11	0.225486685987075	0.571348082437047	0.950108459869848	1	0.860162374020157	8813	tags=55%, list=49%, signal=28%	XM_067082583.1/XM_067082582.1/XM_067134477.1/XM_067107616.1/XM_067134480.1/XM_067134476.1
GO:0042742	GO:0042742	44	0.207904895924877	0.655857312136619	0.950554994954591	1	0.860162374020157	2595	tags=16%, list=14%, signal=14%	XM_067107893.1/XM_067101489.1/XM_067095119.1/XM_067105739.1/XM_067098503.1/XM_067132636.1/XM_067117782.1
GO:0007584	GO:0007584	29	0.201984409391348	0.603525167340789	0.951020408163265	1	0.860162374020157	6114	tags=28%, list=34%, signal=18%	XM_067122690.1/XM_067134278.1/XM_067126950.1/XM_067134194.1/XM_067100047.1/XM_067095934.1/XM_067126949.1/XM_067100048.1
GO:0007035	GO:0007035	13	0.229629883577617	0.598392962538952	0.951560818083961	1	0.860162374020157	502	tags=8%, list=3%, signal=7%	XM_067093919.1
GO:0007268	GO:0007268	50	0.21004516326235	0.670064872948472	0.95166163141994	1	0.860162374020157	8842	tags=46%, list=49%, signal=23%	XM_067110066.1/XM_067121275.1/XM_067131700.1/XM_067116179.1/XM_067117717.1/XM_067128322.1/XM_067117715.1/XM_067107479.1/XM_067130167.1/XM_067104422.1/XM_067095542.1/XM_067110080.1/XM_067131053.1/XM_067121822.1/XM_067123899.1/XM_067119115.1/XM_067117716.1/XM_067098515.1/XM_067117718.1/XM_067103239.1/XM_067110075.1/XM_067095351.1/XM_067092195.1
GO:0006749	GO:0006749	53	0.210109236809072	0.674080458548817	0.951710261569417	1	0.860162374020157	5124	tags=25%, list=28%, signal=18%	XM_067124422.1/XM_067083955.1/XM_067095118.1/XM_067099801.1/XM_067122185.1/XM_067104096.1/XM_067082287.1/XM_067123544.1/XM_067099804.1/XM_067087175.1/XM_067094502.1/XM_067100622.1/XM_067099079.1
GO:0001934	GO:0001934	39	0.207497132946658	0.645601962364204	0.952573158425832	1	0.860162374020157	3843	tags=18%, list=21%, signal=14%	XM_067130824.1/JP354889.1/XM_067109009.1/XM_067134673.1/XM_067116482.1/XM_067084496.1/XM_067129872.1
GO:0030316	GO:0030316	10	0.237086023864206	0.583043428915741	0.953281423804227	1	0.860162374020157	760	tags=10%, list=4%, signal=10%	XM_067083955.1
GO:0006633	GO:0006633	63	0.212494403022033	0.691725453242623	0.953953953953954	1	0.860162374020157	3319	tags=19%, list=18%, signal=16%	XM_067130848.1/XM_067092113.1/XM_067083363.1/XM_067088159.1/XM_067082340.1/XM_067134278.1/XM_067130245.1/XM_067108803.1/XM_067092110.1/XM_067096168.1/XM_067102618.1/XM_067101995.1
GO:0008203	GO:0008203	38	0.20261339396975	0.627336162830797	0.954499494438827	1	0.860162374020157	3206	tags=18%, list=18%, signal=15%	XM_067087675.1/XM_067130440.1/XM_067095812.1/XM_067096586.1/XM_067089921.1/XM_067086680.1/XM_067081044.1
GO:0007293	GO:0007293	21	0.210471359921632	0.595432742895253	0.955486542443064	1	0.860162374020157	7380	tags=33%, list=41%, signal=20%	XM_067107965.1/XM_067088168.1/XM_067103769.1/XM_067088169.1/XM_067110365.1/XM_067128531.1/XM_067130820.1
GO:0006909	GO:0006909	16	0.211418581110131	0.572479043132607	0.957716701902748	1	0.860162374020157	8373	tags=38%, list=46%, signal=20%	XM_067116297.1/XM_067122161.1/XM_067099655.1/XM_067128998.1/JP353998.1/XM_067092972.1
GO:0010043	GO:0010043	17	0.214366575982433	0.585395709537164	0.957761351636748	1	0.860162374020157	1634	tags=12%, list=9%, signal=11%	XM_067123451.1/XM_067129306.1
GO:0072375	GO:0072375	14	0.21049225501913	0.554790964863497	0.958466453674121	1	0.860162374020157	9191	tags=50%, list=51%, signal=25%	XM_067108367.1/XM_067126905.1/XM_067116054.1/XM_067108365.1/XM_067116050.1/XM_067081602.1/XM_067081601.1
GO:0071364	GO:0071364	20	0.203903500674419	0.573315456912791	0.960703205791106	1	0.860162374020157	7754	tags=35%, list=43%, signal=20%	XM_067123908.1/XM_067109672.1/XM_067082077.1/XM_067128716.1/XM_067104207.1/XM_067109668.1/XM_067116106.1
GO:0010669	GO:0010669	23	0.207334684809093	0.596483545285611	0.960824742268041	1	0.860162374020157	8825	tags=43%, list=49%, signal=22%	GH625197.1/XM_067082755.1/XM_067134585.1/GH625194.1/XM_067093562.1/XM_067095272.1/XM_067093563.1/XM_067095351.1/EL696234.1/XM_067105141.1
GO:0032570	GO:0032570	14	0.207259098745871	0.546269388199153	0.961661341853035	1	0.860162374020157	5258	tags=21%, list=29%, signal=15%	XM_067116567.1/XM_067116564.1/XM_067087695.1
GO:0045924	GO:0045924	17	0.211018544027547	0.576252849775555	0.961985216473073	1	0.860162374020157	1864	tags=12%, list=10%, signal=11%	XM_067082432.1/XM_067082434.1
GO:0030970	GO:0030970	11	-0.191753885531317	-0.688427269588814	0.9625	1	0.860162374020157	10761	tags=27%, list=60%, signal=11%	XM_067125359.1/XM_067098433.1/XM_067098431.1
GO:1904380	GO:1904380	11	-0.191690480513915	-0.688199635385275	0.9625	1	0.860162374020157	269	tags=18%, list=1%, signal=18%	XM_067091644.1/XM_067091639.1
GO:0019896	GO:0019896	11	-0.170286031657873	-0.611354223662905	0.9625	1	0.860162374020157	14951	tags=18%, list=83%, signal=3%	XM_067121429.1/XM_067095302.1
GO:0032012	GO:0032012	16	0.20873652396646	0.565216571219432	0.963002114164905	1	0.860162374020157	5496	tags=25%, list=31%, signal=17%	XM_067092841.1/XM_067092793.1/XM_067118833.1/XM_067092822.1
GO:0005977	GO:0005977	28	0.198747802950953	0.592023311932158	0.96319018404908	1	0.860162374020157	3141	tags=18%, list=17%, signal=15%	XM_067083363.1/JP353943.1/XM_067108431.1/XM_067098774.1/XM_067134632.1
GO:0045471	GO:0045471	33	0.196099031352337	0.597022694157453	0.963488843813387	1	0.860162374020157	8199	tags=39%, list=46%, signal=22%	XM_067113717.1/XM_067100817.1/XM_067100818.1/XM_067087371.1/EL695619.1/XM_067095934.1/XM_067087695.1/XM_067100816.1/XM_067120288.1/XM_067081379.1/XM_067120287.1/XM_067113715.1/XM_067120291.1
GO:0097009	GO:0097009	22	0.199303208608237	0.56854551646499	0.963730569948187	1	0.860162374020157	5019	tags=27%, list=28%, signal=20%	XM_067120225.1/XM_067089690.1/XM_067120218.1/XM_067134675.1/XM_067122556.1/XM_067122557.1
GO:0045087	GO:0045087	158	0.226755194836992	0.782352589356729	0.964035964035964	1	0.860162374020157	3720	tags=22%, list=21%, signal=17%	XM_067113447.1/XM_067134656.1/JP354303.1/JP353707.1/XM_067094700.1/XM_067123409.1/XM_067097910.1/XM_067114450.1/XM_067101655.1/XM_067127138.1/XM_067105739.1/XM_067121275.1/XM_067106243.1/XM_067087062.1/XM_067128143.1/XM_067114451.1/XM_067081290.1/XM_067120568.1/XM_067097909.1/XM_067122098.1/XM_067128144.1/XM_067114157.1/XM_067133739.1/XM_067128286.1/XM_067119704.1/XM_067131758.1/XM_067125889.1/XM_067080977.1/XM_067133612.1/XM_067087818.1/XM_067131759.1/XM_067119354.1/XM_067115414.1/XM_067103633.1
GO:0036335	GO:0036335	28	0.196766908276659	0.586122689091293	0.964212678936605	1	0.860162374020157	8139	tags=39%, list=45%, signal=22%	XM_067084260.1/XM_067113807.1/XM_067133208.1/XM_067084234.1/XM_067125902.1/XM_067103718.1/XM_067131841.1/XM_067133211.1/XM_067130820.1/XM_067114228.1/XM_067113808.1
GO:0030589	GO:0030589	12	0.211126464763449	0.543784405748325	0.964516129032258	1	0.860162374020157	8850	tags=58%, list=49%, signal=30%	XM_067134690.1/XM_067134688.1/XM_067129027.1/XM_067134692.1/XM_067123916.1/XM_067134691.1/XM_067134681.1
GO:0009410	GO:0009410	53	0.200438155652147	0.643053327519605	0.964788732394366	1	0.860162374020157	9341	tags=49%, list=52%, signal=24%	XM_067092518.1/XM_067126986.1/XM_067120281.1/XM_067129306.1/XM_067082053.1/XM_067104532.1/XM_067134194.1/XM_067116132.1/XM_067095934.1/EU077526.1/XM_067087695.1/XM_067083830.1/XM_067112240.1/XM_067106840.1/XM_067101583.1/XM_067099997.1/XM_067088867.1/XM_067126988.1/XM_067129308.1/XM_067099620.1/XM_067103767.1/XM_067134160.1/XM_067098982.1/XM_067117390.1/XM_067127130.1/XM_067101582.1
GO:0010608	GO:0010608	25	0.19900694653678	0.580082098486325	0.964912280701754	1	0.860162374020157	8743	tags=52%, list=49%, signal=27%	XM_067134642.1/XM_067134641.1/XM_067111619.1/XM_067111620.1/XM_067129700.1/XM_067084249.1/XM_067095492.1/XM_067133962.1/XM_067129703.1/XM_067095493.1/XM_067130405.1/XM_067134649.1/XM_067084478.1
GO:0016525	GO:0016525	16	0.207650648111054	0.562276237558126	0.965116279069767	1	0.860162374020157	5474	tags=25%, list=30%, signal=17%	XM_067091344.1/XM_067122678.1/XM_067099708.1/XM_067095985.1
GO:0045444	GO:0045444	37	0.191703843821068	0.591670672229154	0.965587044534413	1	0.860162374020157	9143	tags=43%, list=51%, signal=21%	XM_067105242.1/XM_067116599.1/XM_067129447.1/XM_067131183.1/XM_067120071.1/XM_067116134.1/XM_067111143.1/XM_067095985.1/XM_067131235.1/XM_067090709.1/XM_067129453.1/XM_067107616.1/XM_067093392.1/XM_067115315.1/XM_067105243.1/XM_067108448.1
GO:0007015	GO:0007015	109	0.212522455257651	0.718276740947619	0.966033966033966	1	0.860162374020157	5708	tags=28%, list=32%, signal=20%	GH625197.1/XM_067091124.1/XM_067121591.1/XM_067126771.1/XM_067098124.1/XM_067094293.1/XM_067130333.1/XM_067085798.1/XM_067085797.1/XM_067090798.1/XM_067103814.1/XM_067133375.1/XM_067100416.1/XM_067121598.1/XM_067092177.1/XM_067129680.1/XM_067134690.1/XM_067107746.1/XM_067129679.1/XM_067087371.1/XM_067109172.1/XM_067092175.1/XM_067092174.1/XM_067121596.1/XM_067134436.1/GH625194.1/XM_067133372.1/XM_067093562.1/XM_067101539.1/XM_067134688.1/XM_067098118.1
GO:0032007	GO:0032007	20	0.197905290892962	0.556450290938982	0.966907962771458	1	0.860162374020157	9927	tags=55%, list=55%, signal=25%	EL609839.1/XM_067108538.1/XM_067095929.1/XM_067113794.1/XM_067108539.1/XM_067131436.1/XM_067132573.1/XM_067099352.1/XM_067120667.1/XM_067107292.1/XM_067113785.1
GO:0045595	GO:0045595	13	0.209761250005745	0.546617251471037	0.967707212055974	1	0.860162374020157	10129	tags=69%, list=56%, signal=30%	XM_067133208.1/XM_067082755.1/XM_067133211.1/XM_067130820.1/XM_067084782.1/XM_067084781.1/XM_067084780.1/XM_067084784.1/XM_067096817.1
GO:0009062	GO:0009062	13	0.209631037748749	0.546277931095968	0.967707212055974	1	0.860162374020157	6371	tags=31%, list=35%, signal=20%	XM_067089723.1/XM_067119754.1/XM_067089717.1/XM_067117872.1
GO:0030950	GO:0030950	13	0.20891491409874	0.544411783076396	0.967707212055974	1	0.860162374020157	8850	tags=46%, list=49%, signal=23%	XM_067100416.1/XM_067134690.1/XM_067134688.1/XM_067134692.1/XM_067134691.1/XM_067134681.1
GO:0014032	GO:0014032	12	0.209591876492134	0.539831868712664	0.967741935483871	1	0.860162374020157	667	tags=8%, list=4%, signal=8%	XM_067134535.1
GO:0090630	GO:0090630	14	-0.168203532940784	-0.642944424040013	0.968253968253968	1	0.860162374020157	14989	tags=21%, list=83%, signal=4%	XM_067102052.1/XM_067109974.1/XM_067107766.1
GO:0032527	GO:0032527	12	0.208529963099495	0.537096768952342	0.96989247311828	1	0.860162374020157	9228	tags=50%, list=51%, signal=24%	XM_067109784.1/XM_067087586.1/XM_067081975.1/XM_067104937.1/XM_067094762.1/JP355090.1
GO:0032507	GO:0032507	10	0.222323821192736	0.546740128014069	0.969966629588432	1	0.860162374020157	9713	tags=60%, list=54%, signal=28%	AF221096.1/EL609684.1/XM_067095542.1/XM_067123916.1/XM_067093225.1/JN627517.1
GO:0098609	GO:0098609	82	0.202201508115548	0.67220612511472	0.972027972027972	1	0.860162374020157	2131	tags=12%, list=12%, signal=11%	XM_067130394.1/XM_067119987.1/XM_067091124.1/XM_067128834.1/XM_067112419.1/XM_067105285.1/XM_067130393.1/XM_067096501.1/XM_067103814.1/XM_067081815.1
GO:0032511	GO:0032511	12	0.208239485555174	0.536348605243929	0.972043010752688	1	0.860162374020157	5311	tags=33%, list=29%, signal=24%	XM_067117363.1/XM_067128142.1/XM_067114802.1/XM_067117362.1
GO:0035149	GO:0035149	25	0.189903608613867	0.55354692744104	0.972136222910217	1	0.860162374020157	8850	tags=48%, list=49%, signal=24%	XM_067083628.1/XM_067090495.1/XM_067098136.1/XM_067134690.1/XM_067134688.1/XM_067095299.1/XM_067134692.1/XM_067095283.1/XM_067134691.1/XM_067134598.1/XM_067105141.1/XM_067134681.1
GO:0007297	GO:0007297	16	0.202414987355763	0.548099120089939	0.972515856236786	1	0.860162374020157	10220	tags=56%, list=57%, signal=24%	XM_067088168.1/XM_067088169.1/XM_067129027.1/XM_067110365.1/XM_067130820.1/XM_067110366.1/XM_067091409.1/XM_067093026.1/GH625899.1
GO:0048803	GO:0048803	16	0.201254751742604	0.544957435143695	0.972515856236786	1	0.860162374020157	7380	tags=38%, list=41%, signal=22%	XM_067091124.1/XM_067103814.1/XM_067108797.1/XM_067132738.1/XM_067108800.1/XM_067130820.1
GO:0007614	GO:0007614	15	0.19982721448711	0.533797267421915	0.974468085106383	1	0.860162374020157	8705	tags=53%, list=48%, signal=28%	XM_067110066.1/XM_067129593.1/XM_067087256.1/XM_067110080.1/XM_067093194.1/XM_067110075.1/XM_067097957.1/XM_067097960.1
GO:0048738	GO:0048738	31	0.18432360168725	0.555831774694646	0.974567650050865	1	0.860162374020157	4093	tags=19%, list=23%, signal=15%	XM_067081591.1/XM_067081589.1/XM_067101137.1/XM_067081585.1/XM_067081584.1/XM_067081582.1
GO:0034446	GO:0034446	34	0.181814875563864	0.555704145316684	0.974645030425964	1	0.860162374020157	2937	tags=12%, list=16%, signal=10%	XM_067120536.1/XM_067091124.1/XM_067103814.1/XM_067132860.1
GO:0008610	GO:0008610	39	0.17833111969708	0.554855477721889	0.974772956609485	1	0.860162374020157	4730	tags=21%, list=26%, signal=15%	XM_067130846.1/XM_067130847.1/XM_067134278.1/XM_067123562.1/XM_067119621.1/XM_067085342.1/XM_067100047.1/XM_067128337.1
GO:0006821	GO:0006821	18	-0.138893166828476	-0.58090496688078	0.975	1	0.860162374020157	3950	tags=44%, list=22%, signal=35%	XM_067095248.1/XM_067117988.1/XM_067121097.1/XM_067114391.1/XM_067096642.1/XM_067096641.1/XM_067117936.1/XM_067091379.1
GO:0016024	GO:0016024	21	0.187453420321256	0.530313978436505	0.975155279503106	1	0.860162374020157	7465	tags=38%, list=41%, signal=22%	XM_067130846.1/XM_067130847.1/XM_067114103.1/XM_067094250.1/XM_067094252.1/JP354683.1/XM_067117008.1/XM_067125919.1
GO:0045600	GO:0045600	15	0.197541999515559	0.527692786055769	0.975531914893617	1	0.860162374020157	7631	tags=27%, list=42%, signal=15%	XM_067107798.1/XM_067132960.1/XM_067100979.1/EL609912.1
GO:0050790	GO:0050790	11	0.210184695757011	0.532575226571319	0.976138828633406	1	0.860162374020157	5696	tags=27%, list=32%, signal=19%	XM_067083363.1/XM_067132597.1/XM_067083355.1
GO:0045786	GO:0045786	15	0.194247984570397	0.518893503229917	0.976595744680851	1	0.860162374020157	8199	tags=47%, list=46%, signal=25%	XM_067134675.1/XM_067097617.1/XM_067127011.1/XM_067120288.1/XM_067096513.1/XM_067120287.1/XM_067120291.1
GO:0048468	GO:0048468	26	0.179865321886702	0.528404751132219	0.977342945417096	1	0.860162374020157	7732	tags=31%, list=43%, signal=18%	XM_067119871.1/XM_067125832.1/XM_067119872.1/GH625179.1/XM_067133006.1/XM_067124071.1/XM_067091868.1/XM_067107616.1
GO:0007391	GO:0007391	60	0.185497605401731	0.602331579122575	0.977977977977978	1	0.860162374020157	8924	tags=43%, list=50%, signal=22%	XM_067091124.1/XM_067091388.1/XM_067085798.1/XM_067085797.1/XM_067103814.1/XM_067106014.1/XM_067134690.1/XM_067106009.1/XM_067084234.1/XM_067116428.1/XM_067133257.1/XM_067134688.1/XM_067094352.1/XM_067108797.1/XM_067129027.1/XM_067108800.1/XM_067119115.1/XM_067130820.1/XM_067104872.1/XM_067134692.1/XM_067104869.1/XM_067134691.1/XM_067095351.1/XM_067093225.1/XM_067134681.1/XM_067091666.1
GO:0019432	GO:0019432	34	0.176563760451559	0.539654488068379	0.979716024340771	1	0.860162374020157	8452	tags=41%, list=47%, signal=22%	XM_067130846.1/XM_067130847.1/XM_067134278.1/XM_067100047.1/XM_067124706.1/JP354683.1/XM_067100048.1/XM_067117872.1/XM_067117008.1/XM_067125919.1/XM_067111286.1/XM_067089502.1/XM_067117876.1/XM_067130843.1
GO:0006567	GO:0006567	10	0.216281704431045	0.531881316780797	0.979977753058954	1	0.860162374020157	2865	tags=20%, list=16%, signal=17%	XM_067096003.1/XM_067096006.1
GO:0007601	GO:0007601	78	0.187001305480741	0.617992696903909	0.98001998001998	1	0.860162374020157	6716	tags=31%, list=37%, signal=19%	XM_067126928.1/XM_067085387.1/XM_067091124.1/XM_067120650.1/XM_067085218.1/XM_067088262.1/XM_067084528.1/XM_067103814.1/XM_067134690.1/XM_067082092.1/XM_067116796.1/XM_067095968.1/XM_067119738.1/XM_067126280.1/XM_067105302.1/XM_067119729.1/XM_067118992.1/XM_067092091.1/XM_067134688.1/XM_067126925.1/XM_067102275.1/XM_067090709.1/XM_067120811.1/XM_067114798.1
GO:0015813	GO:0015813	10	-0.159670359335025	-0.556786261263113	0.980582524271845	1	0.860162374020157	4547	tags=60%, list=25%, signal=45%	XM_067082666.1/XM_067128318.1/XM_067128319.1/XM_067082661.1/XM_067082654.1/XM_067118158.1
GO:0006954	GO:0006954	63	0.184565541820742	0.600809627233735	0.980980980980981	1	0.860162374020157	8039	tags=37%, list=45%, signal=20%	XM_067110596.1/XM_067110600.1/XM_067095452.1/XM_067115102.1/XM_067121275.1/XM_067105396.1/XM_067129958.1/XM_067101995.1/XM_067119354.1/XM_067090135.1/XM_067134071.1/XM_067115587.1/XM_067091240.1/GH624168.1/XM_067104996.1/XM_067116582.1/XM_067087858.1/XM_067129236.1/XM_067134613.1/XM_067103856.1/XM_067103859.1/XM_067099234.1/XM_067108011.1
GO:0002225	GO:0002225	14	0.194863287012452	0.513597951659958	0.982960596379127	1	0.860162374020157	3667	tags=14%, list=20%, signal=11%	XM_067095119.1/XM_067115414.1
GO:0045214	GO:0045214	57	0.176805209874141	0.572330261093127	0.982982982982983	1	0.860162374020157	3610	tags=16%, list=20%, signal=13%	XM_067091124.1/XM_067130333.1/XM_067103814.1/XM_067106588.1/XM_067083341.1/XM_067101137.1/XM_067095472.1/XM_067083900.1/XM_067083986.1
GO:0055085	GO:0055085	73	0.175309642098391	0.577334080977755	0.983016983016983	1	0.860162374020157	6922	tags=29%, list=38%, signal=18%	XM_067093558.1/XM_067112769.1/XM_067130440.1/XM_067123766.1/XM_067120281.1/XM_067096501.1/XM_067089478.1/XM_067127437.1/XM_067134194.1/XM_067080977.1/XM_067102248.1/XM_067129872.1/XM_067113569.1/XM_067092596.1/XM_067101208.1/XM_067096210.1/XM_067123765.1/XM_067116648.1/XM_067116304.1/XM_067093560.1/XM_067101207.1
GO:0008654	GO:0008654	11	0.203327322478272	0.515199712552777	0.983731019522777	1	0.860162374020157	842	tags=9%, list=5%, signal=9%	XM_067127332.1
GO:0043588	GO:0043588	15	-0.142668256600949	-0.580312508215805	0.983870967741935	1	0.860162374020157	4779	tags=53%, list=27%, signal=39%	JP353637.1/XM_067087181.1/XM_067101434.1/XM_067101431.1/XM_067095835.1/XM_067101433.1/XM_067095795.1/XM_067116923.1
GO:0001938	GO:0001938	18	0.17895508049235	0.494892248460966	0.984407484407484	1	0.860162374020157	8035	tags=33%, list=45%, signal=18%	JP353313.1/XM_067123562.1/XM_067113794.1/XM_067129236.1/XM_067133139.1/XM_067098464.1
GO:0061158	GO:0061158	17	0.191818010653942	0.523819722986915	0.985216473072862	1	0.860162374020157	154	tags=6%, list=1%, signal=6%	XM_067103218.1
GO:0048149	GO:0048149	24	0.174736553147522	0.505935984439655	0.985522233712513	1	0.860162374020157	10306	tags=58%, list=57%, signal=25%	XM_067084051.1/XM_067118088.1/XM_067133257.1/XM_067118992.1/XM_067118767.1/XM_067081602.1/XM_067095351.1/XM_067095622.1/XM_067081601.1/XM_067117617.1/XM_067090122.1/JP351550.1/XM_067087752.1/XM_067095620.1
GO:0006955	GO:0006955	39	0.160353558619582	0.498920494209908	0.985872855701312	1	0.860162374020157	7226	tags=28%, list=40%, signal=17%	XM_067095119.1/XM_067132851.1/XM_067093480.1/XM_067093469.1/XM_067132850.1/XM_067103238.1/XM_067124071.1/XM_067081358.1/XM_067129236.1/XM_067106882.1/XM_067081357.1
GO:0000038	GO:0000038	14	0.186311724182701	0.491058738552202	0.98615548455804	1	0.860162374020157	6114	tags=21%, list=34%, signal=14%	XM_067096168.1/XM_067100047.1/XM_067100048.1
GO:0007623	GO:0007623	36	0.164519899160597	0.505671319189857	0.987829614604463	1	0.860162374020157	9530	tags=47%, list=53%, signal=22%	XM_067115102.1/XM_067091314.1/XM_067117259.1/XM_067102618.1/XM_067132960.1/XM_067087695.1/XM_067108002.1/XM_067085532.1/XM_067090694.1/XM_067104111.1/XM_067082959.1/XM_067090690.1/XM_067103767.1/XM_067130206.1/XM_067130196.1/XM_067090122.1/XM_067090693.1
GO:0007498	GO:0007498	33	0.166792479091145	0.507799016371882	0.988843813387424	1	0.860162374020157	2877	tags=12%, list=16%, signal=10%	XM_067090798.1/XM_067096501.1/XM_067096670.1/XM_067128868.1
GO:0043525	GO:0043525	33	0.16522246753191	0.503019122639167	0.988843813387424	1	0.860162374020157	9067	tags=45%, list=50%, signal=23%	XM_067087046.1/XM_067091389.1/LT574898.1/XM_067093372.1/XM_067083434.1/XM_067095985.1/XM_067130820.1/XM_067110311.1/XM_067110310.1/XM_067111372.1/XM_067082033.1/XM_067107239.1/XM_067083445.1/GH625904.1/XM_067132222.1
GO:0051496	GO:0051496	12	0.195526376574366	0.503604295239552	0.989247311827957	1	0.860162374020157	1372	tags=8%, list=8%, signal=8%	XM_067130034.1
GO:0060828	GO:0060828	14	0.178058483606673	0.469305808488294	0.989350372736954	1	0.860162374020157	8363	tags=43%, list=46%, signal=23%	XM_067112653.1/XM_067104152.1/XM_067109809.1/XM_067104154.1/XM_067109798.1/XM_067109802.1
GO:0032869	GO:0032869	51	0.154075098892776	0.492836412764599	0.989939637826962	1	0.860162374020157	941	tags=8%, list=5%, signal=7%	XM_067093698.1/XM_067130824.1/XM_067116297.1/XM_067098124.1
GO:0051645	GO:0051645	11	0.189129147919795	0.479223753384363	0.990238611713666	1	0.860162374020157	5160	tags=27%, list=29%, signal=19%	XM_067113359.1/XM_067113360.1/XM_067110806.1
GO:0032024	GO:0032024	21	0.167230061522569	0.473101206092845	0.990683229813665	1	0.860162374020157	9643	tags=57%, list=54%, signal=27%	XM_067119987.1/XM_067134278.1/XM_067115906.1/GH626008.1/XM_067084178.1/XM_067084782.1/JP354575.1/PP645730.1/XM_067084781.1/XM_067081155.1/XM_067084780.1/XM_067084784.1
GO:0006997	GO:0006997	20	0.162495992763956	0.456889970156616	0.991726990692865	1	0.860162374020157	8089	tags=35%, list=45%, signal=19%	XM_067083628.1/XM_067129298.1/XM_067091789.1/XM_067091790.1/XM_067129027.1/XM_067091791.1/XM_067091793.1
GO:0051056	GO:0051056	27	0.155866888523194	0.461925044071182	0.991820040899795	1	0.860162374020157	9674	tags=44%, list=54%, signal=21%	XM_067133465.1/XM_067088349.1/XM_067095929.1/XM_067129872.1/XM_067103660.1/JP354004.1/XM_067109897.1/XM_067081809.1/XM_067116318.1/XM_067119806.1/XM_067122600.1/XM_067128969.1
GO:0070935	GO:0070935	14	0.173914354192295	0.458383194940766	0.992545260915868	1	0.860162374020157	9643	tags=57%, list=54%, signal=27%	XM_067120013.1/XM_067088708.1/XM_067085268.1/XM_067085318.1/XM_067084782.1/XM_067084781.1/XM_067084780.1/XM_067084784.1
GO:1990573	GO:1990573	25	0.155865970490864	0.454331171943476	0.992776057791538	1	0.860162374020157	4545	tags=16%, list=25%, signal=12%	XM_067123329.1/XM_067112561.1/XM_067112375.1/XM_067112560.1
GO:0001932	GO:0001932	11	0.183330877087848	0.464531839727548	0.993492407809111	1	0.860162374020157	8738	tags=36%, list=49%, signal=19%	XM_067123562.1/XM_067133453.1/XM_067108597.1/XM_067108877.1
GO:0070588	GO:0070588	33	0.154245244060655	0.469599010943652	0.993914807302231	1	0.860162374020157	1864	tags=9%, list=10%, signal=8%	XM_067112769.1/XM_067082432.1/XM_067082434.1
GO:0007040	GO:0007040	49	0.145391066409004	0.463589180969558	0.993963782696177	1	0.860162374020157	9062	tags=43%, list=50%, signal=21%	XM_067108753.1/XM_067092941.1/XM_067123101.1/XM_067132597.1/XM_067097286.1/XM_067086671.1/XM_067083434.1/XM_067128018.1/XM_067110806.1/XM_067101208.1/XM_067104422.1/XM_067134438.1/XM_067101207.1/XM_067109798.1/XM_067089964.1/XM_067128013.1/XM_067109802.1/XM_067091322.1/XM_067083445.1/XM_067104637.1/XM_067132205.1
GO:0007602	GO:0007602	50	0.155169715201124	0.495006758959865	0.99496475327291	1	0.860162374020157	1720	tags=8%, list=10%, signal=7%	XM_067085387.1/XM_067120650.1/XM_067085218.1/XM_067107965.1
GO:0030032	GO:0030032	19	0.165362227073077	0.459758400595129	0.995828988529718	1	0.860162374020157	8770	tags=42%, list=49%, signal=22%	GH625197.1/XM_067127885.1/GH625194.1/XM_067093562.1/XM_067083453.1/XM_067127880.1/XM_067093563.1/EL696234.1
GO:0032956	GO:0032956	69	0.150527437650353	0.493398207818864	0.995995995995996	1	0.860162374020157	3108	tags=13%, list=17%, signal=11%	XM_067086030.1/XM_067086029.1/XM_067110066.1/XM_067123562.1/XM_067100416.1/XM_067123908.1/XM_067097697.1/XM_067132860.1/XM_067134690.1
GO:0016477	GO:0016477	133	0.187406989160019	0.641011485398569	0.996003996003996	1	0.860162374020157	5707	tags=24%, list=32%, signal=17%	XM_067081649.1/XM_067099252.1/XM_067116297.1/XM_067091124.1/XM_067126771.1/XM_067133172.1/XM_067101489.1/XM_067103814.1/XM_067087046.1/XM_067100416.1/XM_067093449.1/XM_067127553.1/XM_067132851.1/XM_067125641.1/XM_067128466.1/XM_067106014.1/XM_067134690.1/XM_067106009.1/XM_067109172.1/XM_067084234.1/XM_067110181.1/XM_067116135.1/XM_067083793.1/XM_067131953.1/XM_067115587.1/XM_067101387.1/XM_067094166.1/XM_067082077.1/XM_067128829.1/XM_067134688.1/JP353339.1/XM_067132850.1
GO:0032367	GO:0032367	13	0.165719802309272	0.431849556818226	0.996770721205597	1	0.860162374020157	6643	tags=31%, list=37%, signal=19%	XM_067130440.1/XM_067114047.1/XM_067115885.1/XM_067122236.1
GO:0051014	GO:0051014	18	0.163500184422768	0.452152426576261	0.996881496881497	1	0.860162374020157	171	tags=6%, list=1%, signal=6%	GH625197.1
GO:0006629	GO:0006629	127	0.173129048249792	0.590979673179177	0.997002997002997	1	0.860162374020157	3907	tags=15%, list=22%, signal=12%	XM_067130189.1/XM_067092246.1/XM_067126951.1/XM_067104898.1/XM_067134278.1/XM_067090230.1/XM_067094226.1/XM_067123273.1/XM_067131936.1/XM_067104831.1/XM_067104899.1/XM_067101343.1/XM_067098545.1/XM_067118547.1/XM_067101995.1/XM_067118936.1/XM_067084657.1/XM_067082287.1/XM_067098654.1
GO:0030036	GO:0030036	155	0.1748038050485	0.60258359556888	0.999000999000999	1	0.860162374020157	3951	tags=18%, list=22%, signal=14%	XM_067127330.1/XM_067127603.1/XM_067123837.1/XM_067116297.1/EL609734.1/XM_067126771.1/XM_067131605.1/XM_067101879.1/XM_067114971.1/XM_067131223.1/JP354882.1/XM_067105469.1/XM_067115014.1/XM_067122663.1/XM_067123562.1/XM_067093449.1/XM_067105466.1/XM_067099461.1/XM_067127885.1/XM_067115004.1/XM_067134690.1/XM_067111563.1/XM_067099464.1/XM_067107746.1/XM_067101111.1/XM_067131225.1/XM_067134504.1/XM_067109611.1
GO:0007163	GO:0007163	30	-0.125041699099299	-0.684636913928504	1	1	0.860162374020157	15768	tags=37%, list=88%, signal=5%	XM_067101450.1/XM_067115027.1/XM_067101447.1/XM_067103402.1/XM_067090617.1/XM_067101443.1/XM_067100419.1/XM_067102642.1/XM_067101155.1/XM_067086947.1/XM_067131543.1
GO:0007165	GO:0007165	231	0.193855832074814	0.67715577432302	1	1	0.860162374020157	9846	tags=53%, list=55%, signal=24%	XM_067131836.1/XM_067130394.1/XM_067120670.1/XM_067090362.1/XM_067110893.1/XM_067097281.1/XM_067109003.1/XM_067084316.1/XM_067133465.1/XM_067115279.1/XM_067111118.1/XM_067130393.1/XM_067107798.1/XM_067084050.1/XM_067132878.1/XM_067081623.1/XM_067127564.1/XM_067121283.1/XM_067128466.1/XM_067088937.1/XM_067082238.1/XM_067134280.1/XM_067100633.1/XM_067089465.1/XM_067098774.1/XM_067081637.1/XM_067134690.1/XM_067122056.1/XM_067116796.1/XM_067107545.1/XM_067117391.1/XM_067115414.1/XM_067115282.1/XM_067092042.1/XM_067105114.1/XM_067083434.1/XM_067105302.1/XM_067127011.1/XM_067104152.1/XM_067121778.1/XM_067101545.1/XM_067133362.1/XM_067082077.1/XM_067124720.1/XM_067092250.1/XM_067117839.1/XM_067092546.1/XM_067107357.1/XM_067100133.1/XM_067091733.1/XM_067091736.1/XM_067090752.1/XM_067099207.1/XM_067134688.1/XM_067101836.1/XM_067103238.1/XM_067124071.1/XM_067117394.1/XM_067084822.1/XM_067133722.1/XM_067093082.1/XM_067087183.1/XM_067129236.1/XM_067133283.1/XM_067134541.1/XM_067082732.1/JP354635.1/XM_067119887.1/XM_067087954.1/XM_067105297.1/XM_067104154.1/XM_067104433.1/XM_067114860.1/XM_067134692.1/XM_067120693.1/XM_067092038.1/XM_067105023.1/XM_067114117.1/XM_067105136.1/XM_067083159.1/XM_067105022.1/XM_067106275.1/XM_067085048.1/XM_067133907.1/XM_067131837.1/XM_067134691.1/XM_067134742.1/XM_067090755.1/XM_067131708.1/XM_067095351.1/XM_067116875.1/XM_067094762.1/XM_067116318.1/XM_067083445.1/XM_067134681.1/XM_067114122.1/XM_067104535.1/XM_067094488.1/XM_067105485.1/XM_067122232.1/XM_067129196.1/EL696195.1/XM_067115970.1/XM_067082239.1/JP354088.1/XM_067098772.1/XM_067092926.1/XM_067106276.1/JQ936559.1/XM_067108871.1/XM_067108491.1/XM_067084621.1/XM_067133328.1/XM_067132881.1/XM_067090758.1/XM_067090751.1/JP351550.1/XM_067110811.1/XM_067114779.1/XM_067129396.1/XM_067083541.1/XM_067092142.1
GO:0045187	GO:0045187	11	-0.159450963877143	-0.572454588813633	1	1	0.860162374020157	3282	tags=45%, list=18%, signal=37%	XM_067084723.1/XM_067084719.1/XM_067091843.1/XM_067091844.1/XM_067096269.1
GO:0060339	GO:0060339	14	-0.144700022260732	-0.553104152121202	1	1	0.860162374020157	2798	tags=36%, list=16%, signal=30%	XM_067119059.1/XM_067119057.1/XM_067119052.1/XM_067119058.1/XM_067119539.1
GO:0045332	GO:0045332	14	-0.142364792074085	-0.544177923277466	1	1	0.860162374020157	8868	tags=86%, list=49%, signal=44%	XM_067127130.1/JP352999.1/XM_067087325.1/XM_067126209.1/XM_067110108.1/XM_067110101.1/XM_067110104.1/XM_067123411.1/XM_067110109.1/XM_067109332.1/XM_067133181.1/XM_067097217.1
GO:0030198	GO:0030198	33	0.118651382120867	0.361233644708981	1	1	0.860162374020157	6401	tags=21%, list=36%, signal=14%	XM_067100817.1/XM_067110066.1/XM_067100818.1/XM_067108506.1/XM_067100816.1/XM_067119708.1/XM_067110080.1
GO:1904646	GO:1904646	14	0.131691345693368	0.34709670783258	1	1	0.860162374020157	1054	tags=7%, list=6%, signal=7%	XM_067115102.1
GO:0045184	GO:0045184	23	0.120601051340634	0.346958555125836	1	1	0.860162374020157	5624	tags=22%, list=31%, signal=15%	XM_067125324.1/XM_067125325.1/XM_067134690.1/XM_067091651.1/XM_067134688.1
