ID	Description	setSize	enrichmentScore	NES	pvalue	p.adjust	qvalue	rank	leading_edge	core_enrichment
GO:0006936	GO:0006936	32	0.799549759949239	2.52097743113281	1e-10	1.513e-07	1.40105263157895e-07	1344	tags=56%, list=7%, signal=52%	XM_067103334.1/XM_067103326.1/XM_067083499.1/XM_067083486.1/XM_067107548.1/XM_067103336.1/XM_067083495.1/XM_067083490.1/XM_067103337.1/XM_067083482.1/XM_067099903.1/XM_067107547.1/XM_067099902.1/XM_067099904.1/XM_067092947.1/XM_067103319.1/XM_067126307.1/XM_067103333.1
GO:0045214	GO:0045214	57	0.632527812549228	2.24533232463415	5.25064501206013e-08	3.97211295162348e-05	3.67821500581686e-05	1041	tags=30%, list=6%, signal=28%	XM_067083499.1/XM_067083486.1/XM_067107548.1/XM_067089444.1/XM_067083495.1/XM_067083490.1/XM_067101074.1/XM_067083482.1/XM_067099903.1/XM_067107547.1/XM_067083986.1/JP353538.1/XM_067099902.1/XM_067099904.1/XM_067130334.1/XM_067101841.1/XM_067126307.1
GO:0035149	GO:0035149	25	-0.730636905940905	-2.49890090366578	2.84970414875475e-07	0.000130911960284575	0.000121225741217358	1971	tags=52%, list=11%, signal=46%	XM_067134598.1/XM_067083647.1/XM_067134692.1/XM_067083648.1/XM_067095299.1/XM_067134689.1/XM_067105143.1/XM_067083628.1/XM_067134688.1/XM_067105146.1/XM_067134681.1/XM_067105149.1/XM_067134690.1
GO:0030239	GO:0030239	34	0.705843624377579	2.22424124384356	3.46099035782088e-07	0.000130911960284575	0.000121225741217358	1634	tags=47%, list=9%, signal=43%	XM_067083499.1/XM_067107548.1/XM_067083490.1/XM_067115008.1/XM_067083482.1/XM_067105190.1/XM_067099903.1/XM_067105192.1/XM_067107547.1/XM_067099902.1/XM_067099904.1/XM_067130334.1/XM_067105189.1/XM_067101841.1/XM_067115015.1/XM_067115012.1
GO:0007498	GO:0007498	33	0.683517673206173	2.15088373602274	1.52679210167092e-06	0.00046200728996562	0.000427823218383998	1579	tags=36%, list=9%, signal=33%	XM_067083499.1/EL696537.1/XM_067083490.1/XM_067101074.1/XM_067083482.1/XM_067105190.1/XM_067105192.1/XM_067087673.1/JP353538.1/XM_067105189.1/XM_067128884.1/XM_067128859.1
GO:0071689	GO:0071689	14	0.832250604308606	2.13914121263625	2.23615443849396e-06	0.000563883610906894	0.000522161676778151	560	tags=64%, list=3%, signal=62%	XM_067083499.1/XM_067107548.1/XM_067083490.1/XM_067083482.1/XM_067099903.1/XM_067107547.1/XM_067099902.1/XM_067099904.1/XM_067130334.1
GO:0000272	GO:0000272	30	0.640546150408919	1.97881543571094	4.93775037691782e-05	0.0106725947432524	0.00988292594237235	2380	tags=50%, list=13%, signal=44%	XM_067094319.1/XM_067086790.1/XM_067126961.1/XM_067107896.1/XM_067107897.1/XM_067126960.1/XM_067107903.1/XM_067094724.1/XM_067108215.1/XM_067126962.1/XM_067107901.1/XM_067107900.1/XM_067107899.1/XM_067090077.1/LT574899.1
GO:0043588	GO:0043588	15	0.766113008341773	1.99008824895517	6.99990069104216e-05	0.0132385621819335	0.0122590366049699	1414	tags=47%, list=8%, signal=43%	XM_067101433.1/JP353637.1/XM_067101431.1/XM_067095835.1/XM_067101434.1/XM_067095819.1/XM_067101432.1
GO:0048646	GO:0048646	21	0.704967969951807	2.02207623410987	0.000103041420687296	0.0173224077222087	0.0160407170683965	1248	tags=38%, list=7%, signal=36%	XM_067123589.1/XM_067123587.1/XM_067123590.1/XM_067123601.1/XM_067090818.1/XM_067090833.1/XM_067119013.1/XM_067105098.1
GO:0006032	GO:0006032	34	0.621691356285391	1.95906218861206	0.000128694755932661	0.0194715165726116	0.0180308126469865	2380	tags=47%, list=13%, signal=41%	XM_067094319.1/XM_067086790.1/XM_067126961.1/XM_067107896.1/XM_067107897.1/XM_067126960.1/XM_067107903.1/XM_067094724.1/XM_067108215.1/XM_067126962.1/XM_067107901.1/XM_067107900.1/XM_067107899.1/XM_067090077.1/XM_067118234.1/LT574899.1
GO:0006937	GO:0006937	10	0.809818551956041	1.90319770916561	0.000150622128340127	0.0207173891071465	0.0191845026622688	788	tags=50%, list=4%, signal=48%	XM_067083486.1/XM_067083495.1/XM_067101598.1/XM_067101602.1/XM_067101605.1
GO:0007349	GO:0007349	37	-0.534347584840737	-2.03446196594557	0.000168546267225507	0.0212508751926827	0.0196785159365921	3002	tags=43%, list=16%, signal=36%	JP353649.1/XM_067134691.1/XM_067110080.1/XM_067120929.1/XM_067120904.1/XM_067120915.1/XM_067106355.1/XM_067134692.1/XM_067110070.1/GH624156.1/XM_067095299.1/XM_067134689.1/XM_067134688.1/XM_067134681.1/XM_067107205.1/XM_067134690.1
GO:0007041	GO:0007041	24	-0.619536650218765	-2.08691581608202	0.000200176117489	0.0232974204431428	0.0215736366297862	2490	tags=46%, list=14%, signal=40%	XM_067099424.1/XM_067115923.1/XM_067122236.1/XM_067131796.1/XM_067083434.1/XM_067083729.1/XM_067099407.1/JZ905044.1/XM_067098984.1/XM_067083423.1/XM_067099408.1
GO:0042692	GO:0042692	16	0.722201581097326	1.91027358834857	0.000253590242846685	0.0274058598162167	0.0253780912202209	460	tags=44%, list=3%, signal=43%	XM_067107548.1/XM_067127868.1/XM_067099903.1/XM_067113619.1/XM_067107547.1/XM_067099902.1/XM_067099904.1
GO:0030199	GO:0030199	21	0.678598095774088	1.94643890284945	0.000289254476165566	0.0291761348292335	0.0270173830018504	3523	tags=71%, list=19%, signal=58%	XM_067101433.1/JP353637.1/XM_067104978.1/XM_067101431.1/XM_067118819.1/XM_067104975.1/XM_067101434.1/XM_067118838.1/XM_067095236.1/XM_067101432.1/XM_067104977.1/XM_067096305.1/XM_067086322.1/XM_067086321.1/XM_067099845.1
GO:0048680	GO:0048680	13	-0.740499969588675	-2.13279726748942	0.000354256682754192	0.0334993975629433	0.0310207661016993	1560	tags=46%, list=9%, signal=42%	XM_067104111.1/XM_067083434.1/XM_067130547.1/XM_067110765.1/XM_067098798.1/XM_067083423.1
GO:0001523	GO:0001523	21	0.673243157836517	1.93107920822469	0.000381846688017557	0.0339843552335626	0.031469841594512	2747	tags=38%, list=15%, signal=32%	XM_067101485.1/XM_067121380.1/XM_067082099.1/XM_067129341.1/XM_067087972.1/XM_067127016.1/XM_067087971.1/XM_067127937.1
GO:0003012	GO:0003012	13	0.754730075193828	1.91119242404317	0.000438895646626016	0.0368916174080645	0.0341619944829957	2747	tags=54%, list=15%, signal=46%	XM_067113860.1/XM_067114239.1/JZ905045.1/XM_067113913.1/XM_067082099.1/XM_067114149.1/XM_067127937.1
GO:0007314	GO:0007314	29	-0.553195204423223	-1.93422562779204	0.000516790244424414	0.0411528231481126	0.038107912206587	1632	tags=31%, list=9%, signal=28%	JP353912.1/XM_067105143.1/XM_067110365.1/XM_067086029.1/XM_067105146.1/XM_067105149.1/XM_067096269.1/XM_067086030.1/XM_067096270.1
GO:0035159	GO:0035159	19	-0.635949556319842	-2.01767940656328	0.000652654269243992	0.0457187426654524	0.0423359978347078	1672	tags=53%, list=9%, signal=48%	XM_067093225.1/XM_067134691.1/XM_067134692.1/XM_067106238.1/XM_067134689.1/XM_067086029.1/XM_067134688.1/XM_067134681.1/XM_067086030.1/XM_067134690.1
GO:0032964	GO:0032964	12	0.767570862107645	1.89748647265229	0.000666157092034059	0.0457187426654524	0.0423359978347078	2455	tags=58%, list=13%, signal=50%	XM_067101433.1/JP353637.1/XM_067101431.1/XM_067101434.1/XM_067101432.1/XM_067090013.1/XM_067096305.1
GO:0009952	GO:0009952	21	-0.614754479996575	-2.0139732750293	0.00070643119536002	0.0457187426654524	0.0423359978347078	1826	tags=33%, list=10%, signal=30%	XM_067132377.1/XM_067099996.1/XM_067105143.1/XM_067105146.1/XM_067119832.1/XM_067105149.1/XM_067132853.1
GO:0090254	GO:0090254	10	-0.769900807064683	-2.01117229406373	0.000713437409692754	0.0457187426654524	0.0423359978347078	1672	tags=80%, list=9%, signal=73%	XM_067134691.1/XM_067134692.1/XM_067134689.1/XM_067086029.1/XM_067134688.1/XM_067134681.1/XM_067086030.1/XM_067134690.1
GO:0006886	GO:0006886	211	-0.284789756429607	-1.44458054162691	0.000725214688678691	0.0457187426654524	0.0423359978347078	3409	tags=27%, list=19%, signal=22%	XM_067114181.1/XM_067133233.1/XM_067102175.1/XM_067121827.1/XM_067098575.1/XM_067119858.1/XM_067130941.1/XM_067104324.1/JP354449.1/XM_067123901.1/XM_067134048.1/XM_067112685.1/XM_067104049.1/XM_067082945.1/XM_067127885.1/XM_067095965.1/XM_067100033.1/XM_067116496.1/XM_067118513.1/JP354879.1/XM_067082971.1/XM_067084261.1/XM_067122608.1/XM_067130011.1/XM_067127051.1/XM_067108753.1/XM_067111174.1/XM_067107838.1/XM_067095299.1/XM_067088301.1/XM_067130867.1/XM_067120524.1/XM_067089608.1/XM_067134046.1/XM_067082030.1/XM_067091921.1/JP353339.1/XM_067096495.1/XM_067091911.1/XM_067116401.1/JP354448.1/XM_067114339.1/XM_067104997.1/XM_067130868.1/XM_067122686.1/XM_067101489.1/XM_067128419.1/XM_067127591.1/XM_067081221.1/XM_067120089.1/XM_067094878.1/GH625542.1/XM_067094875.1/XM_067122620.1/XM_067130942.1/XM_067104326.1
GO:0045199	GO:0045199	12	-0.746437970703793	-2.09040772770217	0.000846640815912325	0.0512387021790139	0.0474475337254444	1769	tags=75%, list=10%, signal=68%	XM_067134691.1/XM_067110534.1/XM_067134692.1/XM_067134689.1/XM_067086029.1/XM_067134688.1/XM_067134681.1/XM_067086030.1/XM_067134690.1
GO:0030589	GO:0030589	12	-0.744504127548219	-2.08499197872471	0.00095030960803481	0.055300709113718	0.0512089914289203	1672	tags=67%, list=9%, signal=61%	XM_067134691.1/XM_067134692.1/XM_067134689.1/XM_067134688.1/XM_067134681.1/XM_067129028.1/XM_067134690.1/XM_067129033.1
GO:0010496	GO:0010496	19	0.664568324648811	1.86633730182369	0.00106913786795226	0.0581847461517564	0.0538796376164384	3303	tags=63%, list=18%, signal=52%	XM_067116817.1/XM_067116816.1/JP353873.1/XM_067116845.1/XM_067116846.1/JP353561.1/XM_067123371.1/XM_067107965.1/XM_067116060.1/XM_067116072.1/XM_067116842.1/XM_067116074.1
GO:0048705	GO:0048705	14	0.712874714918437	1.83230829059619	0.00110648726642039	0.0581847461517564	0.0538796376164384	1620	tags=57%, list=9%, signal=52%	XM_067101433.1/JP353637.1/XM_067104978.1/XM_067101431.1/XM_067104975.1/XM_067101434.1/XM_067101432.1/XM_067104977.1
GO:0030316	GO:0030316	10	0.760437291325718	1.7871441785564	0.00111523968169262	0.0581847461517564	0.0538796376164384	2747	tags=50%, list=15%, signal=42%	XM_067082099.1/XM_067085457.1/XM_067124071.1/XM_067099183.1/XM_067127937.1
GO:0007318	GO:0007318	11	-0.732141659943579	-1.98487610574259	0.00127846490228053	0.0640055141391652	0.0592697250629484	1324	tags=45%, list=7%, signal=42%	JP351550.1/XM_067105143.1/XM_067105146.1/XM_067105149.1/XM_067095351.1
GO:0034334	GO:0034334	15	-0.655472017107892	-1.97415134168282	0.00131141502862797	0.0640055141391652	0.0592697250629484	3044	tags=60%, list=17%, signal=50%	XM_067131225.1/XM_067134691.1/XM_067110080.1/XM_067134692.1/XM_067110070.1/XM_067134689.1/XM_067134688.1/XM_067134681.1/XM_067134690.1
GO:0032722	GO:0032722	17	0.669899940489249	1.81704245735454	0.0015163083948723	0.071692956295056	0.066388370841284	5262	tags=82%, list=29%, signal=59%	XM_067086720.1/XM_067107896.1/XM_067107897.1/XM_067107903.1/XM_067107901.1/XM_067107899.1/XM_067086716.1/LT574899.1/JP351928.1/XM_067107902.1/XM_067107938.1/XM_067086719.1/XM_067107937.1/XM_067081317.1
GO:0016336	GO:0016336	10	-0.747922929883148	-1.95376061548872	0.00159198784843905	0.07299023074813	0.0675896595302195	1324	tags=50%, list=7%, signal=46%	JP351550.1/XM_067105143.1/XM_067105146.1/XM_067105149.1/XM_067095351.1
GO:0030048	GO:0030048	22	-0.599734139689731	-1.98710058021798	0.00168036371501519	0.0747761853181758	0.0692434707332884	869	tags=27%, list=5%, signal=26%	XM_067086029.1/XM_067098118.1/XM_067098114.1/XM_067129028.1/XM_067086030.1/XM_067129033.1
GO:0006699	GO:0006699	10	-0.745115426415929	-1.9464267185283	0.00179521712532786	0.0758381394204075	0.070226850501661	1823	tags=60%, list=10%, signal=54%	XM_067098983.1/XM_067084441.1/XM_067084440.1/XM_067098981.1/XM_067098139.1/XM_067098146.1
GO:0035277	GO:0035277	17	-0.624670944260745	-1.92240356705115	0.0018260517865077	0.0758381394204075	0.070226850501661	1867	tags=65%, list=10%, signal=58%	XM_067093225.1/XM_067134691.1/XM_067133257.1/XM_067134692.1/XM_067134689.1/XM_067086029.1/XM_067134688.1/XM_067134681.1/XM_067087618.1/XM_067086030.1/XM_067134690.1
GO:0006361	GO:0006361	14	-0.668721773146793	-1.98177930372441	0.0018546008979214	0.0758381394204075	0.070226850501661	2172	tags=43%, list=12%, signal=38%	XM_067108386.1/XM_067108385.1/XM_067087675.1/XM_067108375.1/XM_067108372.1/XM_067108373.1
GO:0006890	GO:0006890	58	-0.402710992498413	-1.66407497059895	0.00210259930209774	0.0834099073679862	0.0772383808444635	4341	tags=48%, list=24%, signal=37%	XM_067095821.1/XM_067124835.1/XM_067099469.1/XM_067116523.1/XM_067130394.1/XM_067082647.1/XM_067116210.1/XM_067130397.1/XM_067119858.1/XM_067098741.1/XM_067112231.1/XM_067107278.1/XM_067119620.1/XM_067096017.1/XM_067093166.1/XM_067105072.1/JP354879.1/XM_067113360.1/XM_067089608.1/XM_067091921.1/XM_067091911.1/XM_067128419.1/XM_067125380.1/XM_067081536.1/XM_067094878.1/XM_067094875.1/XM_067113717.1/XM_067094947.1
GO:0007300	GO:0007300	21	-0.58021899338663	-1.90083290869484	0.00215002404980268	0.0834099073679862	0.0772383808444635	869	tags=29%, list=5%, signal=27%	XM_067086029.1/XM_067129028.1/XM_067086030.1/XM_067098798.1/XM_067103250.1/XM_067129033.1
GO:0032956	GO:0032956	69	-0.396765842695565	-1.70819236466434	0.00244873515735119	0.091884057799595	0.0850855260940348	1672	tags=28%, list=9%, signal=25%	XM_067134692.1/XM_067110070.1/JP353912.1/XM_067093049.1/XM_067134689.1/XM_067105143.1/XM_067086029.1/XM_067134688.1/XM_067105146.1/XM_067134681.1/XM_067129028.1/XM_067105149.1/XM_067096269.1/XM_067086030.1/XM_067134690.1/XM_067101450.1/XM_067096270.1/XM_067123908.1/XM_067129033.1
GO:0006622	GO:0006622	18	-0.620371415758419	-1.93364681823433	0.00248991828802604	0.091884057799595	0.0850855260940348	1319	tags=56%, list=7%, signal=52%	XM_067118164.1/XM_067125810.1/XM_067081623.1/XM_067084222.1/XM_067110247.1/XM_067113577.1/XM_067107580.1/XM_067101142.1/XM_067126900.1/PZ246843.1
GO:0090303	GO:0090303	19	-0.589637312653986	-1.87074438728741	0.00279596750268361	0.100721400751436	0.0932689911296211	2938	tags=58%, list=16%, signal=49%	JP351916.1/XM_067134691.1/XM_067104952.1/XM_067125439.1/XM_067134692.1/XM_067134689.1/XM_067091621.1/XM_067134688.1/XM_067134681.1/XM_067134690.1/XM_067091622.1
GO:1903475	GO:1903475	11	-0.697180039474765	-1.89009323941596	0.003032527831945	0.105628225239515	0.0978127580573937	2938	tags=73%, list=16%, signal=61%	XM_067134691.1/XM_067110080.1/XM_067134692.1/XM_067110070.1/XM_067134689.1/XM_067134688.1/XM_067134681.1/XM_067134690.1
GO:0045187	GO:0045187	11	-0.695261253988987	-1.88489130696062	0.00312512232982961	0.105628225239515	0.0978127580573937	1632	tags=36%, list=9%, signal=33%	JP353912.1/XM_067096269.1/XM_067084724.1/XM_067096270.1
GO:0006096	GO:0006096	42	0.511374907898642	1.71834987237401	0.00314161938914619	0.105628225239515	0.0978127580573937	4429	tags=45%, list=24%, signal=34%	XM_067126079.1/EL696537.1/EL609611.1/XM_067116603.1/XM_067128884.1/GH624065.1/XM_067128859.1/JP354750.1/XM_067103977.1/XM_067098515.1/XM_067092529.1/MH219928.1/XM_067106417.1/XM_067094437.1/XM_067116605.1/XM_067126278.1/XM_067126198.1/XM_067132205.1/XM_067103570.1
GO:0007527	GO:0007527	15	0.676368128257387	1.75696307118746	0.00322703301010016	0.106141324875686	0.0982878932824557	1601	tags=40%, list=9%, signal=37%	XM_067107548.1/XM_067099903.1/XM_067107547.1/XM_067099902.1/XM_067099904.1/XM_067084074.1
GO:0000902	GO:0000902	28	-0.520580653191684	-1.81490025458732	0.00338509865185954	0.106749463340889	0.0988510353822823	2138	tags=29%, list=12%, signal=25%	XM_067121598.1/XM_067121596.1/XM_067121587.1/XM_067121589.1/XM_067121584.1/XM_067121586.1/XM_067098798.1/XM_067121699.1
GO:0048592	GO:0048592	10	0.727680752286647	1.71016129157663	0.00338663201610223	0.106749463340889	0.0988510353822823	1414	tags=50%, list=8%, signal=46%	XM_067101433.1/JP353637.1/XM_067101431.1/XM_067101434.1/XM_067101432.1
GO:0042790	GO:0042790	13	-0.667106547184596	-1.92140861497932	0.00362452286014175	0.111916389538663	0.103635659008564	2172	tags=38%, list=12%, signal=34%	XM_067108386.1/XM_067108385.1/XM_067108375.1/XM_067108372.1/XM_067108373.1
GO:0034453	GO:0034453	22	-0.565650115613055	-1.87416990054388	0.0038636479937429	0.11691398829066	0.108263483782564	1875	tags=32%, list=10%, signal=29%	XM_067083647.1/XM_067083648.1/XM_067105143.1/XM_067113577.1/XM_067083628.1/XM_067105146.1/XM_067105149.1
GO:0010669	GO:0010669	23	-0.538580853337063	-1.79154571978779	0.00424589053515013	0.12560251168448	0.116309140468253	4586	tags=57%, list=25%, signal=42%	XM_067098266.1/XM_067093562.1/XM_067095270.1/XM_067095271.1/JP351550.1/XM_067105142.1/XM_067093563.1/XM_067134585.1/XM_067105143.1/GH625197.1/XM_067105146.1/XM_067105149.1/XM_067095351.1
GO:0030203	GO:0030203	16	0.640604073482219	1.69444248557617	0.00431680806846859	0.12560251168448	0.116309140468253	2747	tags=44%, list=15%, signal=37%	XM_067094319.1/XM_067093790.1/XM_067082099.1/XM_067129304.1/XM_067090077.1/XM_067100534.1/XM_067127937.1
GO:0051225	GO:0051225	32	-0.47771384482572	-1.71934989268081	0.00456134200614342	0.12615694382468	0.116822549991755	3676	tags=44%, list=20%, signal=35%	XM_067114859.1/XM_067108535.1/XM_067114860.1/XM_067095140.1/XM_067083982.1/XM_067115548.1/XM_067118737.1/XM_067125259.1/XM_067108533.1/XM_067095299.1/XM_067133347.1/XM_067098337.1/XM_067107315.1/XM_067091682.1
GO:0042052	GO:0042052	22	-0.551240905520389	-1.8264278297816	0.0045661188776757	0.12615694382468	0.116822549991755	4534	tags=41%, list=25%, signal=31%	XM_067093562.1/XM_067104417.1/XM_067090362.1/XM_067093563.1/XM_067095299.1/XM_067105143.1/GH625197.1/XM_067105146.1/XM_067105149.1
GO:0007517	GO:0007517	47	0.491698846626564	1.6921388010827	0.00458600919389121	0.12615694382468	0.116822549991755	4303	tags=43%, list=24%, signal=33%	XM_067107548.1/XM_067089444.1/XM_067099903.1/XM_067107547.1/XM_067083986.1/XM_067099902.1/XM_067099904.1/XM_067134533.1/XM_067105351.1/XM_067084074.1/XM_067091665.1/XM_067097083.1/XM_067099887.1/XM_067111620.1/XM_067119133.1/XM_067093279.1/XM_067091125.1/XM_067091666.1/XM_067112606.1/XM_067087183.1
GO:0007368	GO:0007368	49	-0.417600830013982	-1.69362685352637	0.00503518464902957	0.136039899535388	0.125974262553729	3383	tags=41%, list=19%, signal=33%	XM_067127198.1/JP353147.1/XM_067131735.1/XM_067134691.1/XM_067089585.1/XM_067089029.1/XM_067124110.1/XM_067104644.1/XM_067132377.1/XM_067134692.1/XM_067134689.1/XM_067105143.1/XM_067124736.1/XM_067134688.1/XM_067105146.1/XM_067088265.1/XM_067134681.1/XM_067105149.1/XM_067134690.1/XM_067124111.1
GO:0045751	GO:0045751	10	0.714489541254118	1.67915992397695	0.00525079011200494	0.137768462338182	0.12757492842531	4434	tags=80%, list=24%, signal=61%	XM_067131655.1/XM_067129373.1/XM_067131656.1/XM_067109002.1/XM_067109898.1/KF878972.1/XM_067101500.1/LT574896.1
GO:0000281	GO:0000281	68	-0.365865152860128	-1.58341527317789	0.00528127615043922	0.137768462338182	0.12757492842531	3322	tags=38%, list=18%, signal=31%	XM_067093225.1/XM_067116865.1/JP353649.1/XM_067093563.1/XM_067134691.1/XM_067126931.1/XM_067104306.1/XM_067121962.1/XM_067118513.1/XM_067091161.1/XM_067134692.1/XM_067107838.1/XM_067111191.1/XM_067100511.1/XM_067134689.1/XM_067096495.1/GH625197.1/XM_067086029.1/XM_067134688.1/XM_067122083.1/XM_067134681.1/XM_067107205.1/XM_067125824.1/XM_067086030.1/XM_067098798.1/XM_067134690.1
GO:0006904	GO:0006904	23	-0.530411306341936	-1.76437038137567	0.00546691550589993	0.138401547109844	0.128161171046163	2936	tags=35%, list=16%, signal=29%	XM_067126931.1/XM_067121962.1/XM_067131700.1/XM_067108753.1/XM_067107838.1/XM_067103889.1/XM_067122083.1/XM_067125824.1
GO:0008103	GO:0008103	15	-0.601667203538566	-1.81210194502735	0.00548849492834807	0.138401547109844	0.128161171046163	2324	tags=53%, list=13%, signal=47%	XM_067117391.1/XM_067111961.1/XM_067121352.1/JP353912.1/XM_067089608.1/XM_067087371.1/XM_067096269.1/XM_067096270.1
GO:0071364	GO:0071364	20	-0.54962119554777	-1.77971035536419	0.00562897235284516	0.139616969997619	0.12928666439408	3880	tags=45%, list=21%, signal=35%	XM_067082077.1/XM_067090314.1/XM_067128716.1/XM_067128035.1/XM_067114805.1/XM_067116106.1/XM_067121084.1/XM_067121085.1/XM_067123908.1
GO:0045329	GO:0045329	21	0.602950879740549	1.72945821118987	0.00589431498902446	0.143840299651516	0.133197508495612	865	tags=33%, list=5%, signal=32%	XM_067112985.1/XM_067112959.1/XM_067112997.1/XM_067113004.1/XM_067112973.1/XM_067112948.1/XM_067099752.1
GO:0009887	GO:0009887	30	0.528553937323022	1.63284205066705	0.00599231901844582	0.143910772617596	0.133262767143716	2156	tags=33%, list=12%, signal=29%	XM_067090459.1/XM_067094945.1/XM_067087673.1/XM_067129897.1/XM_067098462.1/XM_067119013.1/XM_067098464.1/XM_067093026.1/XM_067090458.1/XM_067124071.1
GO:0061003	GO:0061003	20	-0.547717400612977	-1.77354573946621	0.0061550298751701	0.145508753142693	0.134742512563346	4763	tags=65%, list=26%, signal=48%	XM_067112117.1/XM_067123140.1/XM_067112111.1/XM_067123144.1/XM_067083378.1/XM_067128035.1/XM_067083382.1/XM_067105498.1/XM_067081155.1/XM_067112122.1/XM_067083380.1/XM_067112114.1/XM_067123908.1
GO:0071902	GO:0071902	10	-0.706400297986087	-1.84529317905836	0.00643099836761113	0.149693854310702	0.138617956717254	1672	tags=70%, list=9%, signal=64%	XM_067134691.1/XM_067134692.1/XM_067134689.1/XM_067134688.1/XM_067127148.1/XM_067134681.1/XM_067134690.1
GO:0002532	GO:0002532	11	0.697679710431311	1.69367736529865	0.00720950115162841	0.162255541594911	0.150250200621161	2380	tags=55%, list=13%, signal=47%	XM_067107896.1/XM_067107897.1/XM_067107903.1/XM_067107901.1/XM_067107899.1/LT574899.1
GO:0007097	GO:0007097	21	-0.532347621584678	-1.7440033668448	0.00726503505461255	0.162255541594911	0.150250200621161	3398	tags=48%, list=19%, signal=39%	JP351825.1/XM_067108535.1/XM_067131520.1/XM_067091789.1/XM_067083647.1/XM_067108533.1/XM_067083648.1/XM_067128146.1/XM_067095299.1/XM_067083628.1
GO:0003007	GO:0003007	28	0.557510585691964	1.71212253501444	0.0072923838919061	0.162255541594911	0.150250200621161	5174	tags=57%, list=28%, signal=41%	XM_067101433.1/JP353637.1/XM_067101431.1/XM_067101434.1/XM_067126307.1/XM_067101432.1/XM_067091665.1/XM_067134072.1/XM_067094072.1/XM_067091125.1/XM_067134476.1/XM_067091666.1/XM_067101251.1/JP354937.1/XM_067115985.1/XM_067112249.1
GO:0008355	GO:0008355	22	-0.529608104538433	-1.75475181779865	0.0075482425501789	0.164897192361035	0.152696394776872	1867	tags=41%, list=10%, signal=37%	XM_067110080.1/XM_067133257.1/XM_067110070.1/JP353912.1/XM_067087371.1/XM_067123859.1/XM_067096269.1/XM_067105663.1/XM_067096270.1
GO:0060361	GO:0060361	12	0.702210178887024	1.735910495271	0.00779985608068234	0.164897192361035	0.152696394776872	460	tags=42%, list=3%, signal=41%	XM_067107548.1/XM_067099903.1/XM_067107547.1/XM_067099902.1/XM_067099904.1
GO:0001666	GO:0001666	41	-0.412177033285439	-1.60716363571138	0.00788122511117989	0.164897192361035	0.152696394776872	2223	tags=37%, list=12%, signal=32%	XM_067086312.1/XM_067092050.1/XM_067092051.1/XM_067100817.1/EL696441.1/EU077526.1/XM_067101180.1/XM_067099655.1/JP355486.1/XM_067100816.1/XM_067131636.1/XM_067107240.1/XM_067107239.1/XM_067095934.1/XM_067085484.1
GO:0030207	GO:0030207	12	0.701654761585327	1.73453746657922	0.00792268594125902	0.164897192361035	0.152696394776872	3191	tags=50%, list=18%, signal=41%	XM_067082099.1/XM_067131457.1/XM_067108463.1/XM_067100534.1/XM_067127937.1/XM_067092094.1
GO:0090522	GO:0090522	11	-0.654193930482977	-1.77355554557236	0.00795604431087609	0.164897192361035	0.152696394776872	2936	tags=55%, list=16%, signal=46%	XM_067126931.1/XM_067121962.1/XM_067131700.1/XM_067107838.1/XM_067122083.1/XM_067125824.1
GO:0006914	GO:0006914	121	-0.295823320395028	-1.37797754995977	0.00836206612706359	0.170322063254379	0.157719877685726	1740	tags=19%, list=10%, signal=17%	XM_067119910.1/XM_067129371.1/XM_067109236.1/XM_067095548.1/XM_067131796.1/XM_067091638.1/XM_067081975.1/XM_067110247.1/JP353339.1/XM_067103889.1/XM_067095258.1/XM_067088263.1/XM_067101489.1/EL609826.1/XM_067101142.1/XM_067130934.1/XM_067103657.1/XM_067113717.1/XM_067098984.1/XM_067126900.1/XM_067124269.1/PZ246843.1/XM_067105959.1
GO:0006869	GO:0006869	53	-0.386749422931863	-1.59541715327175	0.00844293109324415	0.170322063254379	0.157719877685726	2758	tags=34%, list=15%, signal=29%	XM_067101207.1/XM_067124681.1/XM_067103798.1/XM_067086156.1/XM_067083647.1/XM_067098983.1/XM_067083648.1/XM_067085695.1/XM_067081631.1/XM_067098981.1/XM_067098139.1/XM_067094065.1/XM_067083628.1/XM_067124522.1/XM_067126831.1/XM_067122070.1/XM_067098146.1/XM_067132693.1
GO:0042461	GO:0042461	18	-0.569808904181468	-1.77604761693461	0.00871718915530626	0.171738773385788	0.159031764967812	3492	tags=50%, list=19%, signal=40%	XM_067086028.1/XM_067129190.1/JP353649.1/XM_067086021.1/XM_067106355.1/XM_067110534.1/GH624156.1/XM_067089240.1/XM_067107205.1
GO:0006120	GO:0006120	18	0.609613896747879	1.68167662387234	0.00874017551269377	0.171738773385788	0.159031764967812	2383	tags=44%, list=13%, signal=39%	XM_067110743.1/XM_067089062.1/XM_067126012.1/JP355420.1/XM_067098175.1/XM_067133028.1/XM_067098041.1/XM_067087208.1
GO:0042776	GO:0042776	14	0.655815546034021	1.68564859568275	0.00910590764096498	0.174581066436486	0.161663755819364	5518	tags=79%, list=30%, signal=55%	XM_067092786.1/JP355420.1/XM_067113828.1/XM_067107187.1/XM_067094076.1/XM_067098041.1/EU826058.1/XM_067118058.1/XM_067118063.1/XM_067120115.1/JZ905270.1
GO:2000643	GO:2000643	15	-0.573495421744472	-1.72725414165079	0.00911560095735784	0.174581066436486	0.161663755819364	1324	tags=20%, list=7%, signal=19%	XM_067105143.1/XM_067105146.1/XM_067105149.1
GO:0009888	GO:0009888	23	0.567250726584119	1.6601794557795	0.00949893220462998	0.179648555320065	0.166356299531086	3263	tags=43%, list=18%, signal=36%	XM_067087673.1/XM_067095835.1/XM_067129897.1/XM_067098462.1/XM_067095819.1/XM_067098464.1/XM_067093026.1/XM_067115142.1/XM_067125558.1/XM_067095805.1
GO:0030030	GO:0030030	18	-0.562834373573889	-1.75430857710226	0.00974879777126878	0.179960016639842	0.166644715725209	1672	tags=39%, list=9%, signal=35%	XM_067134692.1/XM_067134689.1/XM_067095794.1/XM_067134688.1/XM_067134681.1/XM_067134690.1/XM_067116796.1
GO:0001568	GO:0001568	16	0.615261234099426	1.62740890659514	0.00975328576633643	0.179960016639842	0.166644715725209	1414	tags=31%, list=8%, signal=29%	XM_067101433.1/JP353637.1/XM_067101431.1/XM_067101434.1/XM_067101432.1
GO:0035336	GO:0035336	10	-0.687471877911553	-1.79584744049699	0.0101754546870546	0.18487896451315	0.171199709024944	678	tags=40%, list=4%, signal=39%	JP354575.1/XM_067088630.1/XM_067088629.1/XM_067097334.1
GO:0006999	GO:0006999	11	-0.644601199938828	-1.7475491281157	0.0103799864395582	0.18487896451315	0.171199709024944	4470	tags=64%, list=25%, signal=48%	XM_067119457.1/XM_067130939.1/XM_067129433.1/JP351565.1/XM_067132792.1/XM_067129436.1/XM_067091189.1
GO:0006891	GO:0006891	33	-0.452111335030576	-1.64852243418729	0.010386458680514	0.18487896451315	0.171199709024944	3440	tags=42%, list=19%, signal=34%	XM_067082647.1/XM_067128130.1/XM_067126528.1/XM_067082945.1/XM_067109236.1/XM_067108952.1/XM_067120299.1/XM_067089608.1/XM_067091921.1/XM_067091911.1/XM_067102263.1/XM_067128419.1/XM_067094878.1/XM_067094875.1
GO:0035774	GO:0035774	13	-0.622980165107586	-1.79431525781103	0.0112410493840896	0.197764043234041	0.1831314165266	1703	tags=31%, list=9%, signal=28%	XM_067115599.1/XM_067098139.1/XM_067098146.1/XM_067120393.1
GO:0045292	GO:0045292	25	0.551955708538718	1.64426888460104	0.011619019979553	0.202064106081191	0.187113316307139	5850	tags=52%, list=32%, signal=35%	XM_067112938.1/XM_067112943.1/XM_067112944.1/XM_067093312.1/XM_067132849.1/XM_067112953.1/XM_067090698.1/XM_067112954.1/XM_067112955.1/XM_067114341.1/XM_067094157.1/XM_067104540.1/XM_067081064.1
GO:0061640	GO:0061640	13	-0.619151101152859	-1.78328673995138	0.0119967329565825	0.205047815003548	0.18987625962342	3322	tags=62%, list=18%, signal=50%	XM_067093225.1/JP353649.1/XM_067084264.1/XM_067106355.1/GH624156.1/XM_067107205.1/XM_067084262.1/XM_067101267.1
GO:0048468	GO:0048468	25	0.549358900123711	1.63653302607106	0.0120616361766793	0.205047815003548	0.18987625962342	380	tags=24%, list=2%, signal=24%	XM_067123589.1/XM_067123587.1/XM_067123590.1/XM_067123601.1/XM_067090818.1/XM_067090833.1
GO:0007424	GO:0007424	35	-0.443250581327858	-1.65793720941825	0.0122047463364208	0.205175346744496	0.189994355248843	2938	tags=37%, list=16%, signal=31%	XM_067134691.1/XM_067084546.1/XM_067110080.1/XM_067110534.1/XM_067134692.1/XM_067110070.1/XM_067104111.1/XM_067134689.1/XM_067134688.1/XM_067134681.1/XM_067087618.1/XM_067134690.1/XM_067123304.1
GO:0000245	GO:0000245	22	0.553007484021022	1.59672051669958	0.0125616799512715	0.208855184244767	0.193401920360236	5386	tags=41%, list=30%, signal=29%	XM_067081496.1/EL696522.1/XM_067103171.1/XM_067081494.1/XM_067111372.1/XM_067128355.1/XM_067120328.1/XM_067110801.1/JP355281.1
GO:1902115	GO:1902115	12	-0.643803119625345	-1.80297770103344	0.0128759784936526	0.211753863705396	0.196086125572673	1324	tags=25%, list=7%, signal=23%	XM_067105143.1/XM_067105146.1/XM_067105149.1
GO:0042438	GO:0042438	10	0.675080510866434	1.58654266277304	0.0134296337921101	0.218484257284544	0.202318535113736	922	tags=40%, list=5%, signal=38%	XM_067088929.1/XM_067088818.1/JP352938.1/XM_067084436.1
GO:0033539	GO:0033539	14	0.637302603342615	1.6380646125972	0.0136342700292126	0.219184203715446	0.202966692277635	6131	tags=86%, list=34%, signal=57%	XM_067098630.1/XM_067084482.1/XM_067118680.1/XM_067118679.1/XM_067102134.1/XM_067109106.1/XM_067121093.1/XM_067095875.1/XM_067084664.1/EL609055.1/XM_067087870.1/XM_067121091.1
GO:0016266	GO:0016266	27	-0.493072287427787	-1.70154915280443	0.0137623921698396	0.219184203715446	0.202966692277635	1219	tags=30%, list=7%, signal=28%	XM_067121032.1/XM_067127703.1/XM_067095192.1/XM_067084256.1/XM_067128187.1/XM_067104245.1/XM_067087139.1/XM_067096460.1
GO:0015721	GO:0015721	16	-0.550632131120367	-1.69158657340458	0.0143975333343021	0.224435818191897	0.207829738068957	1952	tags=56%, list=11%, signal=50%	XM_067125866.1/XM_067125871.1/XM_067098983.1/XM_067108753.1/XM_067116190.1/XM_067125868.1/XM_067098981.1/XM_067125869.1/XM_067098398.1
GO:0006986	GO:0006986	20	-0.512996599137454	-1.66111745170531	0.0144854758053592	0.224435818191897	0.207829738068957	4577	tags=85%, list=25%, signal=64%	XM_067107862.1/XM_067104496.1/XM_067120977.1/XM_067090719.1/XM_067106983.1/XM_067106984.1/XM_067130831.1/XM_067133752.1/XM_067118296.1/XM_067120985.1/XM_067116201.1/XM_067133753.1/XM_067133751.1/XM_067104530.1/XM_067101292.1/XM_067133754.1/XM_067123938.1
GO:0006631	GO:0006631	66	-0.343903497386603	-1.47300448139285	0.01464359163132	0.224435818191897	0.207829738068957	3903	tags=39%, list=21%, signal=31%	XM_067115588.1/XM_067092519.1/XM_067130846.1/XM_067122690.1/XM_067130111.1/XM_067084573.1/XM_067084574.1/XM_067104516.1/XM_067090230.1/XM_067114601.1/XM_067130848.1/XM_067119017.1/XM_067096960.1/XM_067091759.1/XM_067093957.1/XM_067130843.1/XM_067084441.1/XM_067130845.1/XM_067092518.1/XM_067084440.1/JP354683.1/JP354575.1/XM_067117016.1/XM_067130488.1/XM_067095934.1/XM_067097334.1
GO:0007189	GO:0007189	23	-0.48152987078528	-1.60177023303025	0.0146854897561122	0.224435818191897	0.207829738068957	1632	tags=26%, list=9%, signal=24%	JP353912.1/XM_067118918.1/XM_067087371.1/XM_067096269.1/XM_067099658.1/XM_067096270.1
GO:1905907	GO:1905907	12	0.671783239423034	1.6606930672949	0.0151830003447881	0.229718795216643	0.212721825883294	2497	tags=58%, list=14%, signal=50%	XM_067129897.1/XM_067098462.1/XM_067092947.1/XM_067090279.1/XM_067098464.1/XM_067109611.1/EL696583.1
GO:0007165	GO:0007165	231	-0.245425852970359	-1.2672220337758	0.0154322395856664	0.23117800488231	0.214073068145096	2637	tags=21%, list=14%, signal=18%	XM_067110839.1/XM_067134723.1/XM_067099207.1/XM_067105114.1/XM_067092038.1/XM_067117391.1/XM_067107545.1/XM_067121154.1/XM_067104152.1/XM_067092141.1/XM_067129196.1/XM_067081637.1/XM_067122232.1/XM_067134692.1/XM_067105828.1/EL696195.1/XM_067085102.1/GH624882.1/XM_067083434.1/XM_067114118.1/XM_067105136.1/XM_067107357.1/XM_067134689.1/XM_067090755.1/XM_067083159.1/XM_067114116.1/XM_067085123.1/XM_067134280.1/XM_067134688.1/XM_067098378.1/XM_067114863.1/XM_067134281.1/XM_067134681.1/XM_067092926.1/XM_067131836.1/XM_067097281.1/XM_067134706.1/XM_067124690.1/XM_067134690.1/XM_067105663.1/XM_067101450.1/XM_067089518.1/XM_067116796.1/XM_067083423.1/XM_067099926.1/XM_067095351.1/XM_067132882.1/XM_067110521.1
GO:0045167	GO:0045167	11	-0.6173392596031	-1.67364051598627	0.0159906647665882	0.237194860704391	0.219644734822795	436	tags=27%, list=2%, signal=27%	XM_067129028.1/XM_067095351.1/XM_067129033.1
GO:0015918	GO:0015918	11	-0.615399122153318	-1.66838069718805	0.0169257809960799	0.246425091563913	0.228192017860346	2380	tags=45%, list=13%, signal=40%	XM_067122236.1/XM_067131796.1/XM_067098139.1/XM_067098984.1/XM_067098146.1
GO:0007615	GO:0007615	13	-0.604766866225731	-1.74185708673405	0.0170976163361416	0.246425091563913	0.228192017860346	4530	tags=62%, list=25%, signal=46%	XM_067081601.1/XM_067126481.1/XM_067085027.1/XM_067108365.1/JP353912.1/XM_067096269.1/XM_067105663.1/XM_067096270.1
GO:0001958	GO:0001958	13	0.640198247200141	1.62116507629618	0.017101543036491	0.246425091563913	0.228192017860346	2747	tags=38%, list=15%, signal=33%	XM_067129897.1/XM_067098462.1/XM_067082099.1/XM_067098464.1/XM_067127937.1
GO:0006563	GO:0006563	13	-0.602996621159853	-1.73675840477004	0.0174754604082063	0.246865210133687	0.228599571912156	3816	tags=69%, list=21%, signal=55%	XM_067111453.1/XM_067086272.1/XM_067111452.1/XM_067086267.1/XM_067086270.1/XM_067086266.1/XM_067101540.1/XM_067086269.1/XM_067134270.1
GO:0016477	GO:0016477	133	0.358674581277199	1.43082432385983	0.0175847591975925	0.246865210133687	0.228599571912156	3983	tags=32%, list=22%, signal=25%	XM_067101433.1/XM_067101382.1/JP353637.1/XM_067100419.1/XM_067101431.1/XM_067131955.1/XM_067126524.1/XM_067101434.1/XM_067127816.1/JP355654.1/XM_067104208.1/XM_067101841.1/XM_067098927.1/XM_067112518.1/XM_067101432.1/XM_067093451.1/XM_067124862.1/XM_067093026.1/XM_067106014.1/XM_067134076.1/XM_067127553.1/XM_067091665.1/XM_067130482.1/XM_067129151.1/XM_067106009.1/JP354050.1/XM_067092619.1/XM_067097083.1/XM_067132094.1/XM_067106316.1/XM_067090660.1/XM_067087770.1/XM_067094246.1/XM_067129350.1/XM_067116135.1/XM_067093279.1/XM_067091125.1/XM_067122023.1/XM_067089286.1/GH625904.1/XM_067103402.1/XM_067091666.1
GO:0007030	GO:0007030	99	-0.307696357201443	-1.39056006384398	0.0176758505044722	0.246865210133687	0.228599571912156	4422	tags=41%, list=24%, signal=32%	XM_067121265.1/XM_067095821.1/XM_067124835.1/XM_067120390.1/XM_067099423.1/XM_067117782.1/XM_067089800.1/XM_067114859.1/XM_067111539.1/JP351916.1/XM_067133233.1/XM_067113641.1/XM_067121827.1/XM_067116210.1/JP354449.1/XM_067114860.1/XM_067098741.1/XM_067089802.1/XM_067112231.1/XM_067120385.1/XM_067110104.1/XM_067091778.1/XM_067100860.1/XM_067103687.1/XM_067099424.1/JP353081.1/XM_067120386.1/XM_067125439.1/XM_067109236.1/XM_067108952.1/XM_067091777.1/XM_067100878.1/JP353339.1/XM_067103889.1/XM_067099407.1/XM_067102263.1/XM_067085790.1/XM_067101489.1/XM_067082455.1/XM_067099408.1/XM_067110109.1
GO:0002225	GO:0002225	14	0.621111202050727	1.59644770824831	0.017810433191865	0.246865210133687	0.228599571912156	4434	tags=64%, list=24%, signal=49%	XM_067131655.1/XM_067095152.1/XM_067131656.1/XM_067090096.1/XM_067095250.1/XM_067115414.1/XM_067101500.1/XM_067118010.1/LT574896.1
GO:0033615	GO:0033615	10	0.656728702964293	1.5434131016213	0.0179479002740949	0.246865210133687	0.228599571912156	5379	tags=80%, list=30%, signal=56%	XM_067088314.1/JP355296.1/XM_067092820.1/XM_067118058.1/XM_067104806.1/JP353433.1/XM_067118063.1/XM_067092821.1
GO:0006820	GO:0006820	17	-0.527172814824372	-1.62235639256457	0.0183022680402758	0.249471455359795	0.23101298019542	2187	tags=41%, list=12%, signal=36%	XM_067118638.1/XM_067121924.1/XM_067118579.1/XM_067118159.1/XM_067118576.1/XM_067118157.1/XM_067121920.1
GO:1903078	GO:1903078	21	-0.491727947722183	-1.61093083096035	0.0187737008174103	0.253612583363766	0.234847704774183	2257	tags=24%, list=12%, signal=21%	XM_067093575.1/XM_067116106.1/XM_067093576.1/XM_067095038.1/XM_067123908.1
GO:0045740	GO:0045740	12	-0.623407474596623	-1.74585947332684	0.0194567004000441	0.260513165533333	0.241237710595795	4448	tags=67%, list=24%, signal=50%	XM_067132850.1/XM_067121580.1/XM_067132851.1/XM_067094138.1/XM_067118911.1/JP354187.1/XM_067097513.1/XM_067105473.1
GO:0006013	GO:0006013	11	-0.606948806961266	-1.64547143026833	0.0197348178547181	0.260588205937343	0.241307198735593	3967	tags=55%, list=22%, signal=43%	XM_067104221.1/XM_067103678.1/XM_067114438.1/XM_067114439.1/XM_067088055.1/XM_067088056.1
GO:0030388	GO:0030388	11	0.662298399631034	1.60778619724392	0.0199393988296379	0.260588205937343	0.241307198735593	2139	tags=45%, list=12%, signal=40%	EL696537.1/XM_067128884.1/XM_067128859.1/JP354750.1/XM_067105009.1
GO:0045197	GO:0045197	25	-0.460095193555668	-1.57360281912933	0.0199790032311512	0.260588205937343	0.241307198735593	3974	tags=40%, list=22%, signal=31%	XM_067090749.1/XM_067081040.1/JP351550.1/XM_067105142.1/XM_067090743.1/XM_067090747.1/XM_067105143.1/XM_067105146.1/XM_067105149.1/XM_067095351.1
GO:0007614	GO:0007614	15	-0.529441436054795	-1.59457229912228	0.0206290251033444	0.266136435877858	0.246444913315079	2651	tags=40%, list=15%, signal=34%	XM_067097959.1/XM_067110080.1/XM_067110070.1/XM_067123859.1/XM_067105663.1/XM_067098864.1
GO:0016476	GO:0016476	17	-0.519120300763485	-1.59757505465122	0.0207561794009169	0.266136435877858	0.246444913315079	2015	tags=47%, list=11%, signal=42%	XM_067134691.1/XM_067113724.1/XM_067134692.1/XM_067134689.1/XM_067134688.1/XM_067128095.1/XM_067134681.1/XM_067134690.1
GO:0043473	GO:0043473	12	-0.61798352892173	-1.73066965394675	0.0217234329481919	0.276197933198439	0.255761957134395	1922	tags=42%, list=11%, signal=37%	XM_067095341.1/XM_067098450.1/XM_067113360.1/XM_067111308.1/XM_067099669.1
GO:0002003	GO:0002003	13	0.624837536095809	1.58226736219227	0.0227609609915079	0.284606065951665	0.263547969375355	3469	tags=46%, list=19%, signal=37%	XM_067089011.1/XM_067097325.1/XM_067111498.1/XM_067134076.1/XM_067122746.1/XM_067089014.1
GO:0061001	GO:0061001	13	0.624749740860707	1.58204503954513	0.0227609609915079	0.284606065951665	0.263547969375355	4579	tags=46%, list=25%, signal=35%	XM_067097865.1/XM_067102050.1/XM_067090660.1/XM_067112526.1/GH625904.1/XM_067097885.1
GO:0001178	GO:0001178	18	0.568188133872142	1.56739980468261	0.0233833756484395	0.289992191443352	0.268535573667583	4678	tags=44%, list=26%, signal=33%	XM_067112938.1/XM_067112943.1/XM_067112944.1/XM_067112953.1/XM_067090762.1/XM_067112954.1/XM_067112955.1/XM_067090771.1
GO:0006094	GO:0006094	36	0.464996419193339	1.50224120814163	0.0238067708188235	0.292842636169756	0.271175113049672	4763	tags=50%, list=26%, signal=37%	EL696537.1/EL609611.1/XM_067085785.1/XM_067128884.1/XM_067093687.1/XM_067105476.1/XM_067128859.1/XM_067105009.1/XM_067098515.1/XM_067089421.1/XM_067106417.1/XM_067093675.1/XM_067093698.1/XM_067094437.1/XM_067110474.1/XM_067103570.1/XM_067089427.1/XM_067107494.1
GO:0051493	GO:0051493	13	-0.588159194478914	-1.6940234629992	0.0241119490424088	0.294204668557778	0.272436368212615	2938	tags=54%, list=16%, signal=45%	XM_067134691.1/XM_067082971.1/XM_067134692.1/XM_067134689.1/XM_067134688.1/XM_067134681.1/XM_067134690.1
GO:0045880	GO:0045880	22	-0.480399347405794	-1.59170832339185	0.024349766709063	0.294729576246498	0.272922437808529	2452	tags=32%, list=13%, signal=28%	XM_067090268.1/JP353912.1/JP354577.1/XM_067087371.1/XM_067096269.1/XM_067116796.1/XM_067096270.1
GO:0048812	GO:0048812	45	-0.362628305246841	-1.45204448507768	0.0245880726158407	0.295252014823548	0.273406220983158	4714	tags=53%, list=26%, signal=40%	XM_067133414.1/XM_067100416.1/XM_067134686.1/XM_067123140.1/XM_067123144.1/XM_067105133.1/XM_067103394.1/XM_067082741.1/XM_067128891.1/XM_067100418.1/XM_067128885.1/XM_067082742.1/XM_067133412.1/XM_067134691.1/XM_067091698.1/XM_067097959.1/XM_067105114.1/XM_067082971.1/XM_067134692.1/XM_067105136.1/XM_067134689.1/XM_067134688.1/XM_067134681.1/XM_067134690.1
GO:0035317	GO:0035317	22	-0.477013954946779	-1.58049149434314	0.0252272124559647	0.300541515321848	0.278304349597091	1672	tags=55%, list=9%, signal=50%	XM_067134686.1/XM_067125566.1/XM_067103394.1/XM_067093225.1/XM_067134691.1/XM_067134692.1/XM_067134689.1/XM_067086029.1/XM_067134688.1/XM_067134681.1/XM_067086030.1/XM_067134690.1
GO:0042060	GO:0042060	44	-0.383393886905026	-1.5149729630915	0.0257457800062855	0.304323165230547	0.281806193983273	1837	tags=30%, list=10%, signal=27%	XM_067106355.1/XM_067134692.1/GH624156.1/XM_067134689.1/XM_067086029.1/XM_067133347.1/XM_067119003.1/XM_067134688.1/XM_067134681.1/XM_067107205.1/XM_067086030.1/XM_067098798.1/XM_067134690.1
GO:0051028	GO:0051028	61	-0.351696399868235	-1.47721169542969	0.0261151854645501	0.306296710138483	0.283633715653335	3879	tags=34%, list=21%, signal=27%	JP354730.1/XM_067100504.1/XM_067129433.1/XM_067123870.1/XM_067095118.1/XM_067095807.1/XM_067123872.1/XM_067115122.1/XM_067093266.1/XM_067115115.1/JP351565.1/XM_067132792.1/XM_067095299.1/XM_067115112.1/XM_067101655.1/XM_067129436.1/XM_067094990.1/XM_067093435.1/XM_067091189.1/XM_067100576.1/XM_067115119.1
GO:0010803	GO:0010803	10	-0.642389261462936	-1.67808043945819	0.0263471639491639	0.306640454269885	0.283952026043216	5343	tags=70%, list=29%, signal=49%	XM_067114157.1/XM_067125976.1/XM_067102568.1/XM_067109881.1/XM_067102565.1/XM_067133878.1/XM_067102566.1
GO:0035088	GO:0035088	11	-0.59187367511887	-1.60460192287382	0.0276285404448418	0.31481137472023	0.29151837739773	1324	tags=55%, list=7%, signal=51%	XM_067105144.1/XM_067131543.1/XM_067131840.1/XM_067105143.1/XM_067105146.1/XM_067105149.1
GO:0048872	GO:0048872	15	0.597458386479472	1.55198371679663	0.0276697602778418	0.31481137472023	0.29151837739773	4264	tags=40%, list=23%, signal=31%	XM_067082099.1/XM_067085935.1/XM_067085934.1/XM_067127937.1/XM_067107765.1/XM_067107766.1
GO:0008610	GO:0008610	39	-0.395850108083144	-1.52103160896255	0.0277918810420056	0.31481137472023	0.29151837739773	4120	tags=41%, list=23%, signal=32%	XM_067128357.1/XM_067119471.1/XM_067082535.1/XM_067111314.1/XM_067130846.1/XM_067127381.1/XM_067127383.1/XM_067132639.1/XM_067082526.1/XM_067091759.1/XM_067130843.1/XM_067130845.1/XM_067128337.1/JP354575.1/XM_067128366.1/XM_067097334.1
GO:0030155	GO:0030155	24	-0.459556450590838	-1.54802080681084	0.0278815097240653	0.31481137472023	0.29151837739773	2897	tags=42%, list=16%, signal=35%	XM_067091389.1/XM_067091651.1/XM_067105114.1/XM_067105136.1/XM_067121084.1/XM_067121085.1/XM_067099460.1/XM_067105473.1/XM_067106306.1/XM_067133372.1
GO:0045806	GO:0045806	10	-0.638341698271454	-1.6675071982374	0.0281895939165491	0.31593226367214	0.292556331406837	2625	tags=50%, list=14%, signal=43%	XM_067118040.1/XM_067131584.1/XM_067131605.1/XM_067131606.1/XM_067103657.1
GO:0034440	GO:0034440	13	0.613819685773017	1.55436701376538	0.0284373674607347	0.316365713000673	0.292957709676764	4550	tags=54%, list=25%, signal=40%	XM_067086720.1/XM_067086716.1/XM_067085741.1/JP351928.1/XM_067106819.1/XM_067086719.1/XM_067106816.1
GO:0051299	GO:0051299	14	-0.565955998654763	-1.67722949960907	0.0298834248347047	0.327835050584437	0.30357842719441	3398	tags=50%, list=19%, signal=41%	XM_067093562.1/XM_067108535.1/XM_067093563.1/XM_067108533.1/XM_067095299.1/GH625197.1/XM_067133347.1
GO:0016139	GO:0016139	10	0.631015790799056	1.48298381729501	0.0300189480133766	0.327835050584437	0.30357842719441	2897	tags=40%, list=16%, signal=34%	XM_067120435.1/XM_067092909.1/XM_067104526.1/XM_067120434.1
GO:0006865	GO:0006865	16	-0.515671341216174	-1.58418419084252	0.0301183556055762	0.327835050584437	0.30357842719441	4930	tags=62%, list=27%, signal=46%	XM_067097193.1/XM_067129615.1/XM_067132688.1/XM_067116479.1/XM_067118638.1/XM_067112621.1/XM_067128319.1/XM_067111157.1/XM_067116476.1/XM_067118157.1
GO:0007015	GO:0007015	109	-0.292171624313363	-1.33190304150046	0.0309517538094962	0.334500025098341	0.309750258048417	3046	tags=28%, list=17%, signal=23%	XM_067099572.1/XM_067087231.1/XM_067131735.1/XM_067093563.1/XM_067134691.1/XM_067110020.1/XM_067099437.1/XM_067086139.1/XM_067121598.1/XM_067109145.1/XM_067134436.1/XM_067134692.1/XM_067121596.1/XM_067134689.1/XM_067087371.1/GH625197.1/XM_067121587.1/XM_067134688.1/XM_067098118.1/XM_067121589.1/XM_067134681.1/XM_067121584.1/XM_067121586.1/XM_067098114.1/XM_067129028.1/XM_067098798.1/XM_067134690.1/XM_067133372.1/XM_067101450.1/XM_067129033.1
GO:0032367	GO:0032367	13	-0.577090973520244	-1.66214463465875	0.0313264160451912	0.334517483052504	0.3097664242828	2380	tags=46%, list=13%, signal=40%	XM_067111761.1/XM_067122236.1/XM_067131796.1/XM_067098139.1/XM_067098984.1/XM_067098146.1
GO:0001676	GO:0001676	23	-0.449896527214227	-1.49654446994166	0.0317691064668176	0.334517483052504	0.3097664242828	3559	tags=39%, list=20%, signal=32%	XM_067122690.1/XM_067084573.1/XM_067084574.1/XM_067114601.1/XM_067132327.1/JP354575.1/XM_067122695.1/XM_067095934.1/XM_067097334.1
GO:0006405	GO:0006405	33	-0.414601573878609	-1.51175151523689	0.0318875732478395	0.334517483052504	0.3097664242828	1324	tags=21%, list=7%, signal=20%	XM_067105143.1/XM_067110365.1/XM_067105146.1/XM_067129436.1/XM_067105149.1/XM_067093435.1/XM_067100576.1
GO:0030574	GO:0030574	21	0.532207527863602	1.52654338860378	0.0319741406354611	0.334517483052504	0.3097664242828	3733	tags=52%, list=21%, signal=42%	XM_067130098.1/XM_067129481.1/XM_067123295.1/XM_067116229.1/XM_067123300.1/XM_067123302.1/XM_067130097.1/XM_067133778.1/XM_067096305.1/XM_067098591.1/XM_067089286.1
GO:0045879	GO:0045879	36	-0.396375724501147	-1.48525921497013	0.0320588466904251	0.334517483052504	0.3097664242828	1632	tags=22%, list=9%, signal=20%	JP353912.1/XM_067087371.1/XM_067107580.1/XM_067086029.1/XM_067096269.1/XM_067086030.1/XM_067088533.1/XM_067096270.1
GO:1904059	GO:1904059	10	-0.629843042441473	-1.64530659656871	0.0326114323077135	0.337952719736785	0.312947486673156	2938	tags=60%, list=16%, signal=50%	XM_067134691.1/XM_067134692.1/XM_067134689.1/XM_067134688.1/XM_067134681.1/XM_067134690.1
GO:0051647	GO:0051647	18	-0.492865175336238	-1.53622032527454	0.0331303382010133	0.340994569375056	0.315764268854628	1875	tags=33%, list=10%, signal=30%	XM_067083647.1/XM_067083648.1/XM_067083628.1/XM_067127866.1/XM_067129028.1/XM_067129033.1
GO:0002009	GO:0002009	15	-0.509862324032805	-1.53560390801123	0.0337387522395956	0.343566106635667	0.318145537226196	2981	tags=40%, list=16%, signal=33%	XM_067092115.1/XM_067123843.1/XM_067134534.1/XM_067105143.1/XM_067105146.1/XM_067105149.1
GO:0006814	GO:0006814	30	-0.413120533458151	-1.46795635530667	0.0338343356832217	0.343566106635667	0.318145537226196	2533	tags=30%, list=14%, signal=26%	XM_067087012.1/XM_067096631.1/XM_067121924.1/XM_067096642.1/XM_067082907.1/XM_067118159.1/XM_067082906.1/XM_067096641.1/XM_067121920.1
GO:0007219	GO:0007219	51	-0.348686306091405	-1.42480289902597	0.034812667043037	0.351143768240766	0.325162525152857	3492	tags=33%, list=19%, signal=27%	XM_067086028.1/XM_067099156.1/XM_067082212.1/XM_067086021.1/XM_067122489.1/XM_067082216.1/XM_067118513.1/XM_067090796.1/XM_067083465.1/XM_067132377.1/XM_067112301.1/XM_067123107.1/XM_067107580.1/XM_067093096.1/XM_067108869.1/XM_067123304.1/XM_067122486.1
GO:0150104	GO:0150104	24	-0.44657764306658	-1.50430155519482	0.0360417921641327	0.361133983737303	0.334413561313772	3559	tags=33%, list=20%, signal=27%	XM_067122690.1/XM_067116648.1/XM_067099026.1/XM_067128319.1/XM_067109332.1/XM_067082907.1/XM_067082906.1/XM_067122695.1
GO:0034220	GO:0034220	52	0.419754888536925	1.45752463342891	0.0366350067842605	0.364142570360121	0.337199541621262	3303	tags=38%, list=18%, signal=32%	XM_067101656.1/XM_067116817.1/XM_067116849.1/XM_067116816.1/XM_067110101.1/XM_067116079.1/JP353873.1/XM_067116089.1/XM_067116845.1/XM_067092568.1/XM_067116846.1/JP353561.1/XM_067123371.1/XM_067116083.1/XM_067107965.1/XM_067116085.1/XM_067116060.1/XM_067116072.1/XM_067116842.1/XM_067116074.1
GO:0061025	GO:0061025	15	-0.503882183003732	-1.51759291268593	0.0368234059914729	0.364142570360121	0.337199541621262	4103	tags=53%, list=23%, signal=41%	XM_067117782.1/XM_067098575.1/XM_067100860.1/JP353081.1/XM_067084261.1/XM_067100878.1/JP354448.1/XM_067120089.1
GO:0007622	GO:0007622	10	-0.618465821459032	-1.61558646715287	0.0388829750176445	0.378218558764165	0.350234043006299	1632	tags=30%, list=9%, signal=27%	JP353912.1/XM_067096269.1/XM_067096270.1
GO:0008284	GO:0008284	121	-0.269345491476591	-1.2546409118186	0.0390384381617047	0.378218558764165	0.350234043006299	2541	tags=22%, list=14%, signal=19%	XM_067091651.1/XM_067095460.1/XM_067104952.1/XM_067118766.1/XM_067131965.1/XM_067083465.1/XM_067133257.1/XM_067095184.1/XM_067090269.1/XM_067110534.1/XM_067121276.1/XM_067104111.1/XM_067105143.1/XM_067114038.1/XM_067095187.1/XM_067124223.1/XM_067127148.1/XM_067121084.1/XM_067105146.1/XM_067121085.1/XM_067133637.1/XM_067114033.1/XM_067081591.1/XM_067105149.1/XM_067091408.1/XM_067133372.1/XM_067085484.1
GO:0035194	GO:0035194	16	-0.501118066325065	-1.53947534983323	0.0391734334536528	0.378218558764165	0.350234043006299	2820	tags=44%, list=15%, signal=37%	XM_067112368.1/XM_067131965.1/XM_067112994.1/XM_067096513.1/XM_067103218.1/XM_067103298.1/XM_067090544.1
GO:0003333	GO:0003333	21	-0.457217405810599	-1.49787218498334	0.0394980742858014	0.378218558764165	0.350234043006299	2508	tags=38%, list=14%, signal=33%	XM_067119490.1/XM_067112823.1/XM_067124316.1/XM_067124013.1/JP353558.1/XM_067128693.1/XM_067116476.1/XM_067084285.1
GO:0008345	GO:0008345	16	-0.499368759580067	-1.53410133761098	0.0395671330051226	0.378218558764165	0.350234043006299	188	tags=19%, list=1%, signal=19%	XM_067103484.1/XM_067098864.1/XM_067082529.1
GO:0030214	GO:0030214	14	0.590939846675535	1.51889800219819	0.0397466958648396	0.378218558764165	0.350234043006299	2747	tags=43%, list=15%, signal=36%	XM_067093790.1/XM_067082099.1/XM_067096178.1/XM_067129304.1/XM_067100534.1/XM_067127937.1
GO:0032543	GO:0032543	71	0.391658630105548	1.43951962154271	0.0400516795865633	0.378738695090439	0.350715694274446	4409	tags=32%, list=24%, signal=25%	XM_067103339.1/XM_067100023.1/XM_067117385.1/XM_067086587.1/XM_067134184.1/XM_067108064.1/XM_067086649.1/XM_067119209.1/XM_067088182.1/XM_067096029.1/XM_067116111.1/XM_067123943.1/XM_067102163.1/XM_067122759.1/XM_067097624.1/XM_067094305.1/JP355282.1/XM_067126989.1/XM_067091198.1/JP354791.1/XM_067091080.1/JP354463.1/XM_067128105.1
GO:0009060	GO:0009060	15	0.573370067031979	1.48941085750881	0.0407166123778502	0.381062833941812	0.352867869326575	4978	tags=53%, list=27%, signal=39%	JP355420.1/XM_067115092.1/XM_067090097.1/XM_067098041.1/XM_067124180.1/XM_067134138.1/XM_067118058.1/XM_067118063.1
GO:0000447	GO:0000447	13	0.599812167267314	1.51889597037166	0.0408011758748008	0.381062833941812	0.352867869326575	4727	tags=54%, list=26%, signal=40%	XM_067110370.1/XM_067093521.1/XM_067111420.1/XM_067111422.1/XM_067114667.1/XM_067094256.1/XM_067105521.1
GO:0010976	GO:0010976	49	-0.355080063177588	-1.44006689385475	0.0414610409432579	0.383171775390796	0.354820769503008	1890	tags=37%, list=10%, signal=33%	XM_067084784.1/XM_067085482.1/XM_067114340.1/XM_067082741.1/XM_067128035.1/XM_067082742.1/XM_067104952.1/XM_067082971.1/JP355486.1/XM_067105828.1/XM_067110247.1/XM_067101142.1/XM_067099669.1/XM_067087325.1/XM_067126900.1/XM_067090376.1/PZ246843.1/XM_067110521.1
GO:0022904	GO:0022904	37	0.448236526176713	1.45197635749621	0.0416068866571019	0.383171775390796	0.354820769503008	4639	tags=46%, list=25%, signal=34%	XM_067098542.1/XM_067086340.1/XM_067119701.1/XM_067123093.1/XM_067085935.1/XM_067124884.1/JP353406.1/XM_067100512.1/XM_067085934.1/XM_067090097.1/XM_067104897.1/XM_067117429.1/XM_067125507.1/XM_067088082.1/XM_067109106.1/XM_067093556.1/XM_067095695.1
GO:0046716	GO:0046716	35	0.455779879526475	1.4549586713068	0.0417867435158501	0.383171775390796	0.354820769503008	2294	tags=26%, list=13%, signal=23%	XM_067083499.1/EL695680.1/XM_067083490.1/XM_067083482.1/EL696419.1/XM_067116996.1/XM_067103239.1/EL695736.1/XM_067098515.1
GO:0040017	GO:0040017	11	0.607684137267266	1.47520538888014	0.043046357615894	0.388530322136427	0.359782835609688	5566	tags=55%, list=31%, signal=38%	XM_067128744.1/XM_067132857.1/XM_067132858.1/XM_067128742.1/XM_067098249.1/JP355162.1
GO:0033627	GO:0033627	20	0.531042029601335	1.49675450797651	0.0430769230769231	0.388530322136427	0.359782835609688	5566	tags=60%, list=31%, signal=42%	XM_067087673.1/XM_067101841.1/XM_067112518.1/XM_067093451.1/XM_067093026.1/XM_067091665.1/XM_067125558.1/XM_067091125.1/XM_067091666.1/XM_067115985.1/XM_067134191.1/JP355162.1
GO:0019682	GO:0019682	13	0.596236636909768	1.50984170480589	0.0432739450030602	0.388530322136427	0.359782835609688	4118	tags=54%, list=23%, signal=42%	XM_067126079.1/EL696537.1/XM_067128884.1/XM_067128859.1/MH219928.1/XM_067126278.1/XM_067126198.1
GO:0006693	GO:0006693	16	0.562309927702097	1.48734900541675	0.0434083601286174	0.388530322136427	0.359782835609688	3914	tags=38%, list=22%, signal=29%	XM_067097550.1/XM_067120288.1/XM_067120287.1/XM_067116864.1/XM_067085745.1/JP352756.1
GO:0051489	GO:0051489	26	-0.425427574978635	-1.4635076634751	0.0436550923748795	0.388530322136427	0.359782835609688	1899	tags=27%, list=10%, signal=24%	XM_067134436.1/XM_067134692.1/XM_067134689.1/XM_067134688.1/XM_067104245.1/XM_067134681.1/XM_067134690.1
GO:0097320	GO:0097320	14	-0.547367989419143	-1.62214331357501	0.0439947058934521	0.38926309951341	0.360461394547152	1169	tags=43%, list=6%, signal=40%	XM_067111525.1/XM_067131584.1/XM_067096495.1/XM_067131605.1/XM_067118533.1/XM_067131606.1
GO:0008347	GO:0008347	21	-0.447891306680247	-1.46731931384541	0.0447938536394903	0.39402965439854	0.364875270466105	2938	tags=48%, list=16%, signal=40%	XM_067134691.1/XM_067101207.1/XM_067112148.1/XM_067134692.1/XM_067134689.1/XM_067096885.1/XM_067131558.1/XM_067134688.1/XM_067134681.1/XM_067134690.1
GO:0007552	GO:0007552	13	-0.55014659201354	-1.58453909028093	0.0461725380645591	0.401961087057689	0.372219853809987	460	tags=38%, list=3%, signal=38%	XM_067129190.1/XM_067106611.1/XM_067108016.1/XM_067129028.1/XM_067129033.1
GO:1904906	GO:1904906	10	-0.604225430595759	-1.57838702626639	0.046289049986217	0.401961087057689	0.372219853809987	3612	tags=60%, list=20%, signal=48%	XM_067130398.1/XM_067130394.1/XM_067130397.1/XM_067100072.1/XM_067111232.1/JP355323.1
GO:0051289	GO:0051289	39	-0.370081307197155	-1.42201645177982	0.0464925249405787	0.401961087057689	0.372219853809987	3819	tags=33%, list=21%, signal=26%	XM_067082283.1/EU077526.1/XM_067091284.1/XM_067093149.1/XM_067123909.1/XM_067093147.1/XM_067115599.1/XM_067123335.1/XM_067123910.1/XM_067119057.1/XM_067119059.1/XM_067091287.1/XM_067123330.1
GO:0031667	GO:0031667	15	-0.490305088770573	-1.47670140534926	0.046886546385145	0.403064458413207	0.373241586355431	3945	tags=47%, list=22%, signal=37%	XM_067109255.1/XM_067111453.1/XM_067114340.1/XM_067111452.1/XM_067120607.1/XM_067099926.1/XM_067095934.1
GO:0070252	GO:0070252	12	-0.575180106365378	-1.610798199391	0.0482172767661333	0.409516591782602	0.379216324251326	1672	tags=50%, list=9%, signal=45%	XM_067134691.1/XM_067134692.1/XM_067134689.1/XM_067134688.1/XM_067134681.1/XM_067134690.1
GO:1901739	GO:1901739	13	-0.548053180216376	-1.5785096194584	0.0484620345162152	0.409516591782602	0.379216324251326	3322	tags=69%, list=18%, signal=57%	XM_067095843.1/XM_067134686.1/XM_067093225.1/XM_067134691.1/XM_067134692.1/XM_067134689.1/XM_067134688.1/XM_067134681.1/XM_067134690.1
GO:0007297	GO:0007297	16	-0.485502425457913	-1.49150283436772	0.0486649134001501	0.409516591782602	0.379216324251326	1293	tags=25%, list=7%, signal=23%	XM_067110365.1/XM_067129028.1/XM_067091408.1/XM_067129033.1
GO:0007602	GO:0007602	50	0.409916431034649	1.4162986927041	0.0487804878048781	0.409516591782602	0.379216324251326	3303	tags=38%, list=18%, signal=31%	XM_067089607.1/XM_067116817.1/XM_067116816.1/XM_067116079.1/JP353873.1/XM_067116089.1/XM_067116845.1/XM_067131053.1/XM_067116846.1/JP353561.1/XM_067096838.1/XM_067123371.1/XM_067116083.1/XM_067107965.1/XM_067116085.1/XM_067116060.1/XM_067116072.1/XM_067116842.1/XM_067116074.1
GO:0001751	GO:0001751	20	-0.459450113550731	-1.48773033406136	0.0491190892503599	0.409516591782602	0.379216324251326	2729	tags=35%, list=15%, signal=30%	XM_067095843.1/XM_067104417.1/XM_067103962.1/XM_067110534.1/XM_067095299.1/XM_067091408.1/XM_067088533.1
GO:0071805	GO:0071805	14	0.573908509428757	1.47512220291096	0.0492610837438424	0.409516591782602	0.379216324251326	2303	tags=29%, list=13%, signal=25%	XM_067094069.1/XM_067132295.1/XM_067109742.1/XM_067112773.1
GO:0042026	GO:0042026	27	0.480227677021413	1.46583745025743	0.0506512301013025	0.417705243894743	0.386799095296138	1261	tags=26%, list=7%, signal=24%	JP355154.1/JP354782.1/XM_067108947.1/JZ905129.1/XM_067092947.1/XM_067109366.1/XM_067132606.1
GO:0043409	GO:0043409	28	0.480360602886776	1.47519389630027	0.0507982583454282	0.417705243894743	0.386799095296138	3980	tags=43%, list=22%, signal=34%	XM_067109287.1/XM_067104127.1/XM_067099049.1/XM_067087686.1/XM_067085935.1/XM_067126273.1/XM_067108544.1/XM_067085934.1/XM_067113477.1/XM_067129449.1/XM_067094072.1/XM_067104128.1
GO:0034355	GO:0034355	10	-0.593400227818638	-1.55010890562644	0.051473318563102	0.420968275599856	0.389820694210463	2478	tags=70%, list=14%, signal=61%	XM_067082079.1/XM_067110651.1/XM_067117343.1/XM_067083245.1/XM_067110656.1/XM_067114765.1/XM_067132601.1
GO:0000462	GO:0000462	23	0.498887279251654	1.46009934046423	0.0522388059701493	0.424931792649655	0.393490949328063	5735	tags=57%, list=32%, signal=39%	XM_067085894.1/XM_067086125.1/XM_067093582.1/XM_067103800.1/XM_067130880.1/XM_067130190.1/XM_067109662.1/XM_067132985.1/XM_067093175.1/XM_067132928.1/XM_067091259.1/XM_067104476.1/JP355301.1
GO:0016446	GO:0016446	14	-0.533855717321381	-1.58209924403077	0.0531759983120087	0.430242168160798	0.398408408405762	1794	tags=29%, list=10%, signal=26%	XM_067085704.1/XM_067119057.1/XM_067119059.1/XM_067093428.1
GO:0061014	GO:0061014	14	-0.531495480236119	-1.57510460261893	0.0539411074842512	0.431814262559111	0.399864183021656	461	tags=21%, list=3%, signal=21%	XM_067094990.1/XM_067098509.1/XM_067087236.1
GO:0043687	GO:0043687	14	-0.531165709822268	-1.57412731698626	0.0539411074842512	0.431814262559111	0.399864183021656	5441	tags=79%, list=30%, signal=55%	XM_067096890.1/XM_067083829.1/XM_067094491.1/XM_067096842.1/XM_067092089.1/XM_067096840.1/XM_067130369.1/XM_067096887.1/XM_067115866.1/XM_067104530.1/XM_067088554.1
GO:0023021	GO:0023021	10	0.619245728601431	1.45532236726136	0.0553691275167785	0.440913104909926	0.408289799029541	2888	tags=50%, list=16%, signal=42%	XM_067087686.1/XM_067085935.1/XM_067108544.1/XM_067085934.1/XM_067129449.1
GO:0000045	GO:0000045	56	-0.32229920759384	-1.34683303155563	0.0568969069323775	0.450706911982655	0.417358959090628	3707	tags=32%, list=20%, signal=26%	JP354710.1/XM_067115425.1/XM_067091382.1/XM_067101696.1/XM_067086663.1/XM_067101878.1/XM_067088620.1/XM_067111525.1/XM_067119910.1/JP353081.1/XM_067130964.1/XM_067095263.1/XM_067104394.1/XM_067101362.1/JP353339.1/XM_067101489.1/XM_067124269.1/XM_067091381.1
GO:0030511	GO:0030511	12	-0.561328227162626	-1.5720058596855	0.0573290297490402	0.451764697970301	0.418338479144586	1732	tags=42%, list=10%, signal=38%	XM_067081637.1/JP355486.1/XM_067122653.1/XM_067082583.1/XM_067082701.1
GO:0006122	GO:0006122	10	0.615091722363186	1.44555981596219	0.0587248322147651	0.459412955465587	0.425420839548263	1825	tags=50%, list=10%, signal=45%	XM_067094863.1/XM_067127974.1/GH625616.1/XM_067116608.1/XM_067115092.1
GO:0071549	GO:0071549	13	0.57029775181373	1.44415702850497	0.0592105263157895	0.459412955465587	0.425420839548263	4490	tags=54%, list=25%, signal=41%	XM_067104190.1/XM_067130634.1/XM_067093687.1/XM_067089421.1/XM_067093675.1/XM_067093698.1/XM_067089427.1
GO:1902459	GO:1902459	13	0.5698027744959	1.44290360435904	0.0592105263157895	0.459412955465587	0.425420839548263	4344	tags=54%, list=24%, signal=41%	XM_067087114.1/XM_067098905.1/XM_067116482.1/XM_067128387.1/XM_067087596.1/XM_067087597.1/XM_067108701.1
GO:0034067	GO:0034067	21	-0.434646256623385	-1.42392771978807	0.0607595265680572	0.468099872901197	0.433465009101119	4312	tags=38%, list=24%, signal=29%	XM_067124835.1/XM_067114859.1/XM_067121827.1/JP354449.1/XM_067114860.1/XM_067098741.1/XM_067113577.1/XM_067087368.1
GO:0030866	GO:0030866	48	-0.337983433457835	-1.34405019318819	0.0609844031477398	0.468099872901197	0.433465009101119	3094	tags=33%, list=17%, signal=28%	XM_067133412.1/XM_067134691.1/XM_067110080.1/XM_067120978.1/XM_067111961.1/XM_067134692.1/XM_067110070.1/XM_067134689.1/XM_067105143.1/XM_067118533.1/XM_067134688.1/XM_067105146.1/XM_067134681.1/XM_067105149.1/XM_067134690.1/XM_067103250.1
GO:0001952	GO:0001952	11	0.598726536108377	1.45346004341093	0.0612582781456954	0.468099872901197	0.433465009101119	7225	tags=91%, list=40%, signal=55%	XM_067115008.1/XM_067115015.1/XM_067115012.1/XM_067115004.1/XM_067115014.1/XM_067108538.1/XM_067114971.1/XM_067111563.1/XM_067115002.1/XM_067108539.1
GO:0008206	GO:0008206	10	-0.576670722788089	-1.50640727977789	0.061576354679803	0.468165952917296	0.433526199835058	2380	tags=50%, list=13%, signal=43%	XM_067122236.1/XM_067084441.1/XM_067131796.1/XM_067084440.1/XM_067098984.1
GO:0007032	GO:0007032	39	-0.359826862467793	-1.38261432898833	0.0621225451943487	0.469957054395248	0.435184777124622	5028	tags=51%, list=28%, signal=37%	XM_067106864.1/XM_067089799.1/XM_067110807.1/XM_067086671.1/XM_067102881.1/XM_067103903.1/XM_067120200.1/XM_067103904.1/XM_067089800.1/XM_067089802.1/XM_067104049.1/XM_067099922.1/XM_067111961.1/XM_067120204.1/XM_067108753.1/XM_067104637.1/XM_067096495.1/XM_067128013.1/XM_067133197.1/XM_067090613.1
GO:0007427	GO:0007427	29	0.460797620765387	1.42564296798321	0.0625	0.470460199004975	0.435650693898926	460	tags=17%, list=3%, signal=17%	XM_067107548.1/XM_067099903.1/XM_067107547.1/XM_067099902.1/XM_067099904.1
GO:0010608	GO:0010608	25	0.483193690964215	1.43942772761858	0.0636094674556213	0.472126269956459	0.437193491711863	3276	tags=40%, list=18%, signal=33%	XM_067134654.1/XM_067084481.1/XM_067095493.1/XM_067095492.1/XM_067134640.1/XM_067129708.1/XM_067134649.1/XM_067084468.1/XM_067129703.1/XM_067111620.1
GO:0061621	GO:0061621	17	0.532443574850769	1.44420460903893	0.0642633228840125	0.472126269956459	0.437193491711863	2294	tags=35%, list=13%, signal=31%	EL696537.1/XM_067128884.1/XM_067128859.1/JP354750.1/XM_067103977.1/XM_067098515.1
GO:0003383	GO:0003383	20	-0.442702329347681	-1.43349988367659	0.0653493865712033	0.472126269956459	0.437193491711863	2938	tags=45%, list=16%, signal=38%	XM_067134691.1/XM_067111961.1/XM_067134692.1/XM_067134689.1/XM_067086029.1/XM_067134688.1/XM_067134681.1/XM_067086030.1/XM_067134690.1
GO:0046777	GO:0046777	50	-0.332396689509316	-1.35803600850422	0.0654921190004799	0.472126269956459	0.437193491711863	2335	tags=36%, list=13%, signal=31%	XM_067124804.1/XM_067083378.1/XM_067117986.1/XM_067117985.1/XM_067087148.1/XM_067083382.1/XM_067104952.1/XM_067116106.1/XM_067110500.1/XM_067101112.1/XM_067099728.1/XM_067095184.1/XM_067092972.1/XM_067095187.1/XM_067091621.1/XM_067083380.1/XM_067133372.1/XM_067091622.1
GO:0031468	GO:0031468	13	-0.522704578252565	-1.50550025926474	0.065989847715736	0.472126269956459	0.437193491711863	3472	tags=38%, list=19%, signal=31%	XM_067117362.1/JP353081.1/XM_067119019.1/XM_067089742.1/XM_067093913.1
GO:0030950	GO:0030950	13	-0.520425719345884	-1.49893666135958	0.065989847715736	0.472126269956459	0.437193491711863	4989	tags=85%, list=27%, signal=61%	XM_067131274.1/XM_067100416.1/XM_067134686.1/XM_067100418.1/XM_067134691.1/XM_067084546.1/XM_067134692.1/XM_067134689.1/XM_067134688.1/XM_067134681.1/XM_067134690.1
GO:0085020	GO:0085020	13	-0.515434019682278	-1.4845595056001	0.065989847715736	0.472126269956459	0.437193491711863	5413	tags=62%, list=30%, signal=43%	XM_067093553.1/XM_067092678.1/JP355140.1/XM_067093551.1/XM_067089205.1/XM_067120985.1/XM_067088174.1/XM_067104152.1
GO:0032467	GO:0032467	13	-0.514754932764605	-1.4826035909723	0.065989847715736	0.472126269956459	0.437193491711863	2541	tags=46%, list=14%, signal=40%	XM_067091651.1/XM_067091161.1/XM_067126818.1/XM_067122653.1/XM_067107315.1/XM_067084306.1
GO:1902042	GO:1902042	13	-0.51132320188436	-1.4727194767998	0.065989847715736	0.472126269956459	0.437193491711863	2111	tags=15%, list=12%, signal=14%	XM_067116157.1/XM_067116556.1
GO:0051491	GO:0051491	21	-0.432279919349475	-1.41617545415287	0.0660814381899717	0.472126269956459	0.437193491711863	5002	tags=48%, list=27%, signal=35%	XM_067095621.1/XM_067131274.1/XM_067095622.1/XM_067082741.1/XM_067129396.1/XM_067082742.1/XM_067084546.1/XM_067134436.1/XM_067098798.1/XM_067123908.1
GO:0030488	GO:0030488	20	0.514663754750233	1.45059195332021	0.0661538461538462	0.472126269956459	0.437193491711863	4822	tags=45%, list=26%, signal=33%	XM_067114417.1/XM_067103419.1/XM_067101550.1/XM_067103719.1/XM_067091246.1/XM_067114413.1/XM_067103349.1/XM_067100824.1/XM_067119850.1
GO:0071526	GO:0071526	18	0.522361203001465	1.44098195430197	0.0668740279937792	0.472475860949074	0.43751721635177	2400	tags=33%, list=13%, signal=29%	XM_067111154.1/XM_067127827.1/XM_067085457.1/XM_067111156.1/XM_067106832.1/XM_067123786.1
GO:0098609	GO:0098609	82	0.361980103376665	1.35935601425404	0.0676020408163265	0.472475860949074	0.43751721635177	5621	tags=44%, list=31%, signal=30%	XM_067101382.1/XM_067081672.1/XM_067081717.1/XM_067081673.1/XM_067098558.1/XM_067113711.1/XM_067101841.1/XM_067105329.1/XM_067100847.1/EL696179.1/XM_067128392.1/XM_067112518.1/XM_067081670.1/XM_067084281.1/XM_067099560.1/XM_067091665.1/XM_067131391.1/XM_067105348.1/XM_067092619.1/XM_067084283.1/XM_067083682.1/XM_067091125.1/XM_067091666.1/XM_067120452.1/XM_067100141.1/XM_067083679.1/XM_067105345.1/XM_067119987.1/XM_067108466.1/XM_067115985.1/XM_067083681.1/XM_067130506.1/XM_067084276.1/JP355162.1/XM_067126039.1/XM_067103022.1
GO:1904262	GO:1904262	45	-0.334274187451651	-1.33850828346837	0.0678460443841303	0.472475860949074	0.43751721635177	4651	tags=36%, list=26%, signal=27%	XM_067134047.1/XM_067102568.1/XM_067094096.1/XM_067100817.1/XM_067118361.1/EL696441.1/XM_067134048.1/XM_067102565.1/XM_067122236.1/XM_067131796.1/XM_067100816.1/XM_067099053.1/XM_067134046.1/XM_067098984.1/XM_067102566.1/XM_067088594.1
GO:0015031	GO:0015031	284	-0.219609312758857	-1.16407428645958	0.0680192344668361	0.472475860949074	0.43751721635177	3642	tags=26%, list=20%, signal=21%	EL696441.1/JP351916.1/XM_067091957.1/XM_067098870.1/XM_067117362.1/XM_067082647.1/XM_067114181.1/XM_067105272.1/XM_067086663.1/XM_067108896.1/XM_067098741.1/XM_067120534.1/XM_067095118.1/XM_067113953.1/XM_067120536.1/XM_067126931.1/XM_067088620.1/XM_067114798.1/XM_067104306.1/XM_067112231.1/XM_067121962.1/XM_067115510.1/XM_067107278.1/XM_067106611.1/XM_067130595.1/XM_067126528.1/XM_067096017.1/XM_067093166.1/XM_067122005.1/XM_067115923.1/XM_067133985.1/XM_067105273.1/XM_067099922.1/XM_067105072.1/XM_067090710.1/XM_067089097.1/XM_067125439.1/XM_067115107.1/XM_067096638.1/XM_067096210.1/XM_067108952.1/XM_067093266.1/XM_067095548.1/XM_067118403.1/XM_067109730.1/XM_067100816.1/XM_067111191.1/XM_067132792.1/XM_067113360.1/XM_067104637.1/XM_067093049.1/XM_067130221.1/XM_067119019.1/XM_067083159.1/XM_067089742.1/XM_067128013.1/XM_067108665.1/XM_067102263.1/XM_067133197.1/XM_067129279.1/XM_067085790.1/XM_067095365.1/JZ905044.1/XM_067098118.1/GH625111.1/XM_067108902.1/XM_067083136.1/XM_067116423.1/XM_067116179.1/XM_067120089.1/XM_067098114.1/XM_067124269.1/XM_067082455.1/XM_067109716.1
GO:0051402	GO:0051402	22	0.492826698099288	1.42295813848793	0.0680786686838124	0.472475860949074	0.43751721635177	2331	tags=32%, list=13%, signal=28%	XM_067082661.1/XM_067083911.1/XM_067085935.1/XM_067082666.1/XM_067099374.1/XM_067085934.1/XM_067133722.1
GO:0030198	GO:0030198	33	0.443624355138355	1.39599083941001	0.0681159420289855	0.472475860949074	0.43751721635177	3922	tags=45%, list=22%, signal=36%	XM_067130098.1/XM_067129481.1/XM_067129897.1/XM_067098462.1/XM_067118838.1/XM_067119708.1/XM_067098464.1/XM_067125512.1/XM_067093026.1/XM_067130097.1/XM_067096305.1/XM_067121770.1/XM_067121898.1/XM_067089286.1/XM_067110075.1
GO:1902953	GO:1902953	10	-0.562488730307253	-1.46936038998332	0.0689655172413793	0.472475860949074	0.43751721635177	3181	tags=50%, list=17%, signal=41%	XM_067130941.1/XM_067096638.1/XM_067130867.1/XM_067130868.1/XM_067130942.1
GO:0035006	GO:0035006	14	-0.513088082045029	-1.52055366344604	0.0692433211197434	0.472475860949074	0.43751721635177	3090	tags=50%, list=17%, signal=42%	XM_067103180.1/XM_067134691.1/XM_067134692.1/XM_067134689.1/XM_067134688.1/XM_067134681.1/XM_067134690.1
GO:0016540	GO:0016540	14	-0.512452033849007	-1.51866871337912	0.0692433211197434	0.472475860949074	0.43751721635177	3944	tags=50%, list=22%, signal=39%	XM_067122556.1/XM_067105299.1/XM_067091389.1/XM_067098244.1/XM_067093655.1/XM_067127590.1/XM_067103484.1
GO:0030042	GO:0030042	12	-0.546502343689599	-1.53048581033323	0.0694780660318597	0.472475860949074	0.43751721635177	4534	tags=50%, list=25%, signal=38%	XM_067093562.1/XM_067123010.1/XM_067093563.1/XM_067091389.1/GH625197.1/XM_067090376.1
GO:0007405	GO:0007405	18	-0.46604718730428	-1.45263085626903	0.0696378830083565	0.472475860949074	0.43751721635177	1920	tags=44%, list=11%, signal=40%	XM_067134691.1/XM_067091485.1/XM_067134692.1/XM_067134689.1/XM_067131558.1/XM_067134688.1/XM_067134681.1/XM_067134690.1
GO:0051292	GO:0051292	12	-0.545382814393567	-1.52735055625497	0.0702373816411202	0.474415885817031	0.439313698140653	3702	tags=58%, list=20%, signal=46%	XM_067129433.1/XM_067087753.1/XM_067117837.1/XM_067102175.1/XM_067132792.1/XM_067129436.1/XM_067100576.1
GO:0030036	GO:0030036	155	-0.248285575887471	-1.22107678778731	0.0708407189626526	0.47636447906886	0.441118114335863	2231	tags=21%, list=12%, signal=18%	XM_067099424.1/XM_067127885.1/XM_067091216.1/XM_067116106.1/XM_067094598.1/XM_067084264.1/XM_067104110.1/XM_067134436.1/JP354004.1/XM_067134692.1/XM_067127603.1/XM_067105466.1/XM_067134689.1/XM_067105143.1/XM_067091621.1/XM_067131584.1/XM_067099407.1/XM_067131605.1/XM_067131606.1/XM_067134688.1/XM_067091211.1/XM_067105146.1/XM_067134681.1/XM_067129028.1/XM_067105149.1/XM_067084262.1/XM_067119806.1/XM_067134690.1/XM_067091622.1/XM_067127330.1/XM_067099408.1/XM_067129033.1
GO:0048598	GO:0048598	13	0.557368091124322	1.41141542939923	0.0723684210526316	0.484484163949697	0.448637021057534	836	tags=23%, list=5%, signal=22%	XM_067105190.1/XM_067100419.1/XM_067105189.1
GO:1901224	GO:1901224	12	-0.522282987105435	-1.46265923645761	0.0732323232323232	0.484591497124396	0.448736412615279	687	tags=33%, list=4%, signal=32%	XM_067116563.1/XM_067082583.1/XM_067082701.1/XM_067100522.1
GO:0030855	GO:0030855	14	-0.493414044447697	-1.46224899609894	0.0737913486005089	0.484591497124396	0.448736412615279	335	tags=50%, list=2%, signal=49%	XM_067116567.1/XM_067095341.1/XM_067116564.1/XM_067116565.1/XM_067090128.1/XM_067129972.1/XM_067095934.1
GO:0042147	GO:0042147	69	-0.312751234341446	-1.34648503740107	0.0738885445133619	0.484591497124396	0.448736412615279	4308	tags=33%, list=24%, signal=26%	XM_067122020.1/XM_067120200.1/XM_067087584.1/XM_067103794.1/XM_067110206.1/XM_067092023.1/XM_067098870.1/XM_067098741.1/XM_067120534.1/XM_067120536.1/XM_067115923.1/XM_067095965.1/XM_067116496.1/XM_067120204.1/XM_067089784.1/XM_067129178.1/XM_067095548.1/XM_067122608.1/XM_067089608.1/XM_067113577.1/JZ905044.1/XM_067096166.1/XM_067122620.1
GO:0071333	GO:0071333	28	0.461193342780644	1.41633098175765	0.0740203193033382	0.484591497124396	0.448736412615279	4490	tags=43%, list=25%, signal=32%	XM_067104127.1/XM_067093687.1/XM_067116482.1/XM_067083749.1/XM_067113178.1/XM_067089421.1/XM_067092596.1/XM_067093675.1/XM_067093698.1/XM_067104128.1/XM_067108701.1/XM_067089427.1
GO:0006123	GO:0006123	15	-0.483334762143547	-1.45570816795154	0.0747422680412371	0.484591497124396	0.448736412615279	2227	tags=47%, list=12%, signal=41%	GH624886.1/EL609846.1/GH624900.1/GH624894.1/EL696415.1/EL609140.1/GH624888.1
GO:0035278	GO:0035278	15	-0.48285403702705	-1.45426031951722	0.0747422680412371	0.484591497124396	0.448736412615279	4647	tags=40%, list=26%, signal=30%	XM_067112367.1/XM_067125279.1/XM_067112368.1/XM_067133962.1/XM_067112994.1/XM_067103218.1
GO:0042462	GO:0042462	15	-0.482399397219381	-1.45289103484469	0.0747422680412371	0.484591497124396	0.448736412615279	1324	tags=27%, list=7%, signal=25%	XM_067105143.1/XM_067123859.1/XM_067105146.1/XM_067105149.1
GO:0006720	GO:0006720	10	0.604538738446935	1.4207586864181	0.075503355704698	0.484591497124396	0.448736412615279	1267	tags=30%, list=7%, signal=28%	XM_067112041.1/XM_067127055.1/XM_067127046.1
GO:0018108	GO:0018108	12	-0.51619714671663	-1.44561577366816	0.0757575757575758	0.484591497124396	0.448736412615279	5210	tags=58%, list=29%, signal=42%	XM_067116598.1/XM_067086312.1/XM_067121393.1/XM_067121401.1/XM_067104952.1/XM_067095184.1/XM_067095187.1
GO:0042476	GO:0042476	12	0.576638244470448	1.42548828064188	0.0759075907590759	0.484591497124396	0.448736412615279	1160	tags=33%, list=6%, signal=31%	XM_067090194.1/XM_067090193.1/XM_067118387.1/XM_067090203.1
GO:0180035	GO:0180035	12	0.576638244470448	1.42548828064188	0.0759075907590759	0.484591497124396	0.448736412615279	1160	tags=33%, list=6%, signal=31%	XM_067090194.1/XM_067090193.1/XM_067118387.1/XM_067090203.1
GO:0071361	GO:0071361	18	-0.45628408069413	-1.42220005376385	0.0779944289693593	0.495821727019499	0.459135714100917	4674	tags=39%, list=26%, signal=29%	XM_067089425.1/XM_067090122.1/EU077526.1/XM_067130964.1/JP353912.1/XM_067096269.1/XM_067096270.1
GO:0016024	GO:0016024	21	-0.426660532977347	-1.39776600071449	0.079646017699115	0.502255036630037	0.465093021014074	1939	tags=52%, list=11%, signal=47%	XM_067086603.1/XM_067130846.1/XM_067114102.1/XM_067093056.1/XM_067130843.1/XM_067130845.1/XM_067094252.1/JP354683.1/XM_067125919.1/XM_067117016.1/XM_067094249.1
GO:0021987	GO:0021987	17	-0.465415219011164	-1.43229949368909	0.0796703296703297	0.502255036630037	0.465093021014074	3974	tags=47%, list=22%, signal=37%	XM_067090749.1/XM_067131520.1/XM_067090743.1/XM_067091698.1/XM_067091651.1/XM_067123372.1/XM_067090747.1/XM_067081155.1
GO:0060261	GO:0060261	24	0.47393787773219	1.40100782058925	0.0803571428571429	0.504482809721399	0.46715596044052	5504	tags=58%, list=30%, signal=41%	XM_067113619.1/XM_067133613.1/XM_067095239.1/XM_067118320.1/XM_067104047.1/XM_067095238.1/XM_067087133.1/XM_067128785.1/XM_067134264.1/XM_067119872.1/XM_067113808.1/XM_067087132.1/XM_067133612.1/XM_067134263.1
GO:0006099	GO:0006099	39	0.418117646566955	1.37519889828617	0.0812324929971989	0.504901347349101	0.467543530331272	3232	tags=28%, list=18%, signal=23%	XM_067087615.1/JP353056.1/XM_067127464.1/XM_067099955.1/XM_067128765.1/XM_067124450.1/XM_067107187.1/XM_067090097.1/XM_067118016.1/XM_067124180.1/XM_067124451.1
GO:0060446	GO:0060446	14	-0.490903277580181	-1.45480825465111	0.0814249363867685	0.504901347349101	0.467543530331272	1324	tags=29%, list=7%, signal=27%	XM_067105143.1/XM_067128095.1/XM_067105146.1/XM_067105149.1
GO:0006892	GO:0006892	14	-0.489273587898727	-1.44997861486385	0.0814249363867685	0.504901347349101	0.467543530331272	4002	tags=50%, list=22%, signal=39%	XM_067099469.1/XM_067084222.1/XM_067098741.1/XM_067121962.1/JP354879.1/XM_067098118.1/XM_067098114.1
GO:0050727	GO:0050727	24	-0.412656718999896	-1.39003856057475	0.0818181818181818	0.505269016697588	0.467883995703545	3082	tags=33%, list=17%, signal=28%	XM_067082975.1/XM_067098244.1/XM_067101995.1/XM_067087160.1/XM_067110549.1/XM_067083434.1/XM_067087163.1/XM_067083423.1
GO:0007162	GO:0007162	10	0.60261122894965	1.4162287436911	0.0822147651006711	0.505654226005347	0.468240703247725	1179	tags=30%, list=6%, signal=28%	XM_067129897.1/XM_067098462.1/XM_067098464.1
GO:0051256	GO:0051256	10	-0.557272406846482	-1.45573405640254	0.083743842364532	0.512145725760184	0.474251894797234	5093	tags=60%, list=28%, signal=43%	JP352929.1/XM_067129735.1/XM_067087299.1/XM_067091161.1/XM_067090269.1/XM_067095299.1
GO:0010591	GO:0010591	14	-0.486442179920635	-1.44158764277843	0.083969465648855	0.512145725760184	0.474251894797234	3096	tags=36%, list=17%, signal=30%	XM_067101614.1/XM_067093563.1/XM_067134436.1/GH625197.1/XM_067090376.1
GO:0040011	GO:0040011	38	0.418426468539566	1.36328064440454	0.0842857142857143	0.512145725760184	0.474251894797234	3877	tags=42%, list=21%, signal=33%	XM_067107548.1/EL695680.1/XM_067099903.1/XM_067107547.1/XM_067099902.1/XM_067099904.1/XM_067130334.1/EL696419.1/XM_067103239.1/EL695736.1/XM_067099887.1/XM_067123440.1/EL695978.1/XM_067083339.1/XM_067081602.1/XM_067130333.1
GO:0006085	GO:0006085	12	-0.528677140473479	-1.48056613312856	0.0862279194233752	0.51798314852502	0.479657404728704	2804	tags=50%, list=15%, signal=42%	XM_067128357.1/XM_067132639.1/XM_067106478.1/XM_067128337.1/XM_067092713.1/XM_067128366.1
GO:0035338	GO:0035338	13	-0.496554519539925	-1.43018253332616	0.0862944162436548	0.51798314852502	0.479657404728704	678	tags=15%, list=4%, signal=15%	JP354575.1/XM_067097334.1
GO:0019886	GO:0019886	10	0.594577735517789	1.39734880292019	0.087248322147651	0.51798314852502	0.479657404728704	3326	tags=50%, list=18%, signal=41%	XM_067114177.1/XM_067113660.1/XM_067124071.1/XM_067099679.1/KJ631065.1
GO:0048741	GO:0048741	10	0.592365736266785	1.3921502656713	0.087248322147651	0.51798314852502	0.479657404728704	3545	tags=60%, list=19%, signal=48%	XM_067123645.1/XM_067087936.1/XM_067087932.1/XM_067112335.1/XM_067087935.1/XM_067105483.1
GO:0009611	GO:0009611	24	-0.405324840233506	-1.36534104872655	0.0878787878787879	0.51798314852502	0.479657404728704	1672	tags=46%, list=9%, signal=42%	XM_067134686.1/XM_067094138.1/XM_067126481.1/XM_067110651.1/XM_067134691.1/XM_067134692.1/XM_067134689.1/XM_067134688.1/XM_067134681.1/XM_067105068.1/XM_067134690.1
GO:0050770	GO:0050770	17	-0.461298082588515	-1.41962914649646	0.0879120879120879	0.51798314852502	0.479657404728704	2938	tags=41%, list=16%, signal=35%	XM_067134691.1/XM_067105498.1/XM_067134692.1/XM_067134689.1/XM_067134688.1/XM_067134681.1/XM_067134690.1
GO:0006825	GO:0006825	12	-0.507531233281545	-1.42134678800118	0.0883838383838384	0.51798314852502	0.479657404728704	601	tags=42%, list=3%, signal=40%	XM_067112117.1/XM_067112111.1/XM_067123769.1/XM_067112122.1/XM_067112114.1
GO:0006686	GO:0006686	12	-0.504408465212922	-1.41260144175852	0.0883838383838384	0.51798314852502	0.479657404728704	2823	tags=50%, list=16%, signal=42%	XM_067098764.1/XM_067133130.1/XM_067098761.1/XM_067098139.1/XM_067114787.1/XM_067098146.1
GO:0010629	GO:0010629	93	-0.27620089304654	-1.24160204581528	0.0884816607275456	0.51798314852502	0.479657404728704	4699	tags=35%, list=26%, signal=26%	XM_067112421.1/XM_067134410.1/XM_067112420.1/XM_067131840.1/XM_067082904.1/XM_067100329.1/XM_067100366.1/XM_067108441.1/XM_067100817.1/XM_067114340.1/EL696441.1/XM_067103034.1/XM_067129983.1/XM_067116297.1/XM_067103821.1/XM_067108780.1/XM_067114226.1/XM_067130964.1/XM_067094880.1/XM_067116157.1/XM_067133257.1/XM_067100569.1/XM_067100574.1/XM_067133878.1/XM_067100816.1/XM_067108782.1/XM_067103218.1/XM_067131558.1/XM_067122625.1/XM_067116642.1/XM_067127148.1/XM_067130934.1/XM_067123304.1
GO:0008285	GO:0008285	126	0.315733527037178	1.25665226769683	0.0886699507389163	0.51798314852502	0.479657404728704	5784	tags=38%, list=32%, signal=26%	XM_067086720.1/XM_067081496.1/XM_067098946.1/XM_067095835.1/XM_067129897.1/XM_067098462.1/XM_067085050.1/XM_067132885.1/XM_067095819.1/XM_067087824.1/XM_067098464.1/XM_067109841.1/XM_067115420.1/XM_067086716.1/XM_067116521.1/XM_067108459.1/XM_067081494.1/XM_067115421.1/XM_067082285.1/JP351928.1/XM_067092950.1/XM_067088091.1/XM_067102352.1/XM_067095805.1/XM_067129350.1/XM_067091790.1/XM_067129558.1/XM_067134673.1/XM_067104706.1/XM_067095198.1/XM_067100141.1/XM_067086719.1/XM_067127061.1/XM_067091793.1/XM_067112400.1/XM_067112731.1/XM_067100502.1/XM_067131759.1/XM_067133248.1/XM_067082287.1/XM_067091912.1/XM_067111310.1/XM_067108538.1/XM_067091908.1/XM_067102339.1/XM_067130961.1/XM_067129564.1/XM_067100818.1
GO:0048738	GO:0048738	31	0.439367970487856	1.36648805265928	0.089311859443631	0.519726320531591	0.481271598864263	2700	tags=32%, list=15%, signal=28%	XM_067081580.1/XM_067129897.1/XM_067098462.1/XM_067128517.1/XM_067126307.1/XM_067098464.1/XM_067081582.1/XM_067119932.1/XM_067081585.1/XM_067134072.1
GO:0030490	GO:0030490	33	0.429870852529787	1.35271151213914	0.0898550724637681	0.520884002443223	0.482343623509883	4803	tags=30%, list=26%, signal=22%	XM_067092577.1/XM_067085894.1/XM_067111102.1/XM_067126280.1/XM_067103800.1/XM_067120342.1/XM_067098236.1/XM_067112866.1/XM_067114894.1/XM_067129830.1
GO:0009409	GO:0009409	15	0.535103549770764	1.39000809903743	0.0928338762214984	0.534812847507499	0.495241868739334	5175	tags=60%, list=28%, signal=43%	XM_067123426.1/XM_067131681.1/XM_067120061.1/HG001457.1/XM_067130559.1/XM_067131687.1/JP354473.1/XM_067130515.1/XM_067095875.1
GO:0060325	GO:0060325	11	-0.52220495787142	-1.41572621787316	0.092964824120603	0.534812847507499	0.495241868739334	1668	tags=36%, list=9%, signal=33%	JP355486.1/XM_067082583.1/XM_067082701.1/XM_067107617.1
GO:0000226	GO:0000226	69	0.355449194280892	1.30221643019306	0.0950520833333333	0.542721859530813	0.502565690357611	1355	tags=13%, list=7%, signal=12%	XM_067105738.1/XM_067106522.1/XM_067091471.1/XM_067090652.1/XM_067087930.1/XM_067094797.1/XM_067096677.1/XM_067132567.1/XM_067091133.1
GO:0051321	GO:0051321	55	-0.312307933943354	-1.29835971118966	0.0950570342205323	0.542721859530813	0.502565690357611	4143	tags=33%, list=23%, signal=25%	XM_067095973.1/XM_067116522.1/XM_067082643.1/XM_067112565.1/XM_067096127.1/XM_067088156.1/XM_067108820.1/XM_067118737.1/XM_067115162.1/XM_067125259.1/PQ202740.1/XM_067115157.1/XM_067130102.1/LT574897.1/XM_067131903.1/XM_067115156.1/XM_067092252.1/XM_067123908.1
GO:0030041	GO:0030041	23	-0.41012863444037	-1.36425978577114	0.0963855421686747	0.547921967769296	0.507381040874479	2957	tags=39%, list=16%, signal=33%	XM_067093562.1/XM_067102881.1/XM_067093563.1/XM_067094700.1/XM_067120978.1/XM_067104110.1/XM_067093394.1/GH625197.1/XM_067098798.1
GO:0008585	GO:0008585	14	-0.480605676219675	-1.42429096917643	0.0966921119592875	0.547921967769296	0.507381040874479	3574	tags=43%, list=20%, signal=34%	XM_067093562.1/XM_067087753.1/XM_067082975.1/XM_067093563.1/GH625197.1/XM_067107617.1
GO:0016559	GO:0016559	11	-0.519974174779785	-1.40967844283462	0.0979899497487437	0.548863336557911	0.508252757476313	4012	tags=55%, list=22%, signal=43%	XM_067119332.1/XM_067117446.1/XM_067091985.1/XM_067091984.1/XM_067089256.1/XM_067113269.1
GO:0042048	GO:0042048	25	-0.398730232322329	-1.3637243475759	0.098159509202454	0.548863336557911	0.508252757476313	1632	tags=24%, list=9%, signal=22%	JP353912.1/XM_067091131.1/XM_067091130.1/XM_067096269.1/XM_067082529.1/XM_067096270.1
GO:0051017	GO:0051017	29	-0.386329687089502	-1.35078680286915	0.0987261146496815	0.548863336557911	0.508252757476313	3801	tags=45%, list=21%, signal=36%	XM_067103394.1/XM_067094810.1/XM_067128035.1/XM_067134691.1/XM_067118839.1/XM_067131387.1/XM_067118835.1/XM_067134692.1/XM_067134689.1/XM_067118836.1/XM_067134688.1/XM_067134681.1/XM_067134690.1
GO:0050796	GO:0050796	13	-0.491698971616364	-1.41619752351004	0.0989847715736041	0.548863336557911	0.508252757476313	5997	tags=85%, list=33%, signal=57%	XM_067082520.1/XM_067082967.1/XM_067096920.1/XM_067095501.1/XM_067083830.1/XM_067082969.1/XM_067082535.1/XM_067082526.1/XM_067099174.1/XM_067132868.1/XM_067095934.1
GO:0046580	GO:0046580	10	0.585513817666259	1.37604720684113	0.098993288590604	0.548863336557911	0.508252757476313	2230	tags=40%, list=12%, signal=35%	XM_067109287.1/XM_067132771.1/XM_067105009.1/XM_067083645.1
GO:0016358	GO:0016358	14	-0.476200989053722	-1.41123753168509	0.099236641221374	0.548863336557911	0.508252757476313	4603	tags=50%, list=25%, signal=37%	XM_067098089.1/XM_067103394.1/XM_067128035.1/XM_067105498.1/XM_067082971.1/EL609826.1/XM_067127591.1
GO:0006836	GO:0006836	23	-0.40705693486828	-1.35404202517539	0.0993975903614458	0.548863336557911	0.508252757476313	3421	tags=48%, list=19%, signal=39%	XM_067099734.1/XM_067098368.1/XM_067099174.1/XM_067109528.1/XM_067116046.1/XM_067111174.1/XM_067108010.1/XM_067128319.1/XM_067117526.1/XM_067102003.1/XM_067111157.1
GO:0006955	GO:0006955	39	0.407586611144285	1.34056207195277	0.100840336134454	0.552496626180837	0.51161721880314	3727	tags=33%, list=20%, signal=27%	XM_067126736.1/XM_067120537.1/XM_067095152.1/XM_067104682.1/XM_067128451.1/XM_067089754.1/XM_067116807.1/XM_067124071.1/XM_067082545.1/XM_067090096.1/XM_067095250.1/XM_067124227.1/XM_067133605.1
GO:0140252	GO:0140252	12	-0.497735238822604	-1.39391299802639	0.101010101010101	0.552496626180837	0.51161721880314	1561	tags=42%, list=9%, signal=38%	XM_067100817.1/EL696441.1/XM_067100816.1/XM_067107240.1/XM_067107239.1
GO:0043162	GO:0043162	12	0.560744528798125	1.38619795322429	0.102310231023102	0.552496626180837	0.51161721880314	5629	tags=67%, list=31%, signal=46%	XM_067123905.1/XM_067088879.1/XM_067123903.1/XM_067126663.1/XM_067128237.1/XM_067121290.1/XM_067108011.1/XM_067133769.1
GO:0016601	GO:0016601	18	0.49820974582114	1.37435791375881	0.102643856920684	0.552496626180837	0.51161721880314	3025	tags=33%, list=17%, signal=28%	XM_067100419.1/XM_067127827.1/XM_067085457.1/XM_067093808.1/XM_067085455.1/XM_067090660.1
GO:0071363	GO:0071363	15	-0.45826539139745	-1.3802042095798	0.103092783505155	0.552496626180837	0.51161721880314	1659	tags=33%, list=9%, signal=30%	XM_067082934.1/XM_067121084.1/XM_067121085.1/XM_067132853.1/XM_067099926.1
GO:0015986	GO:0015986	29	0.437181481470205	1.35257795766227	0.103197674418605	0.552496626180837	0.51161721880314	5108	tags=55%, list=28%, signal=40%	EL695680.1/XM_067092786.1/EL696419.1/XM_067086768.1/EL695736.1/GH624864.1/EL695978.1/EU826058.1/XM_067118058.1/XM_067096803.1/JP352607.1/XM_067086769.1/XM_067111166.1/XM_067118063.1/XM_067118435.1/XM_067120115.1
GO:0006081	GO:0006081	10	-0.535498121782351	-1.39885421104819	0.103448275862069	0.552496626180837	0.51161721880314	6304	tags=70%, list=35%, signal=46%	XM_067125826.1/XM_067125825.1/XM_067112032.1/JP355469.1/XM_067093149.1/XM_067093147.1/XM_067085484.1
GO:0110025	GO:0110025	10	-0.534402164595568	-1.39599129843748	0.103448275862069	0.552496626180837	0.51161721880314	1650	tags=30%, list=9%, signal=27%	XM_067129211.1/XM_067119057.1/XM_067119059.1
GO:0002376	GO:0002376	39	0.405291003989198	1.33301176534291	0.103641456582633	0.552496626180837	0.51161721880314	3927	tags=38%, list=22%, signal=30%	XM_067107896.1/XM_067107897.1/XM_067107903.1/XM_067088818.1/XM_067107901.1/XM_067129692.1/XM_067107899.1/XM_067113518.1/XM_067099240.1/LT574899.1/XM_067090188.1/XM_067099236.1/XM_067089168.1/XM_067107902.1/XM_067088809.1
GO:0010498	GO:0010498	44	-0.32231253016419	-1.27361125344526	0.103942652329749	0.552496626180837	0.51161721880314	4115	tags=36%, list=23%, signal=28%	XM_067094842.1/XM_067100817.1/XM_067117546.1/JP354234.1/XM_067120347.1/XM_067129226.1/EL696441.1/XM_067116563.1/XM_067129330.1/XM_067089695.1/XM_067085645.1/XM_067095263.1/XM_067092062.1/XM_067100816.1/XM_067113717.1/XM_067089308.1
GO:0007586	GO:0007586	21	0.471129709746652	1.3513524441783	0.104072398190045	0.552496626180837	0.51161721880314	2244	tags=29%, list=12%, signal=25%	XM_067123295.1/XM_067123300.1/XM_067125407.1/XM_067123302.1/XM_067108672.1/XM_067126832.1
GO:0006364	GO:0006364	88	0.334810067738346	1.2707658493399	0.104930467762326	0.555104187847551	0.514031846123136	5657	tags=40%, list=31%, signal=28%	XM_067092577.1/XM_067118968.1/XM_067124229.1/XM_067127555.1/XM_067116916.1/XM_067093582.1/XM_067085916.1/XM_067113518.1/XM_067125619.1/XM_067111212.1/XM_067086345.1/XM_067084077.1/XM_067090515.1/XM_067134675.1/XM_067128154.1/XM_067084717.1/XM_067089415.1/XM_067119133.1/XM_067090547.1/XM_067106104.1/XM_067129255.1/XM_067108877.1/XM_067124230.1/XM_067131721.1/XM_067105521.1/XM_067129830.1/JP353071.1/XM_067110869.1/XM_067119953.1/XM_067086419.1/XM_067100891.1/XM_067115605.1/JP353033.1/XM_067097963.1/XM_067089357.1
GO:0090307	GO:0090307	27	-0.387449354908046	-1.33705369051989	0.106109324758842	0.559384698118915	0.517995640029412	4424	tags=44%, list=24%, signal=34%	XM_067081912.1/XM_067095821.1/XM_067116661.1/MH883364.1/XM_067095118.1/JP355704.1/XM_067087890.1/XM_067101112.1/JP354004.1/XM_067125606.1/XM_067117499.1/XM_067119806.1
GO:0032790	GO:0032790	18	-0.435988575004069	-1.35894062722489	0.11142061281337	0.581308231678033	0.538297044118316	3154	tags=39%, list=17%, signal=32%	XM_067085336.1/XM_067085337.1/XM_067096594.1/XM_067089630.1/XM_067089625.1/XM_067121671.1/XM_067104398.1
GO:0034501	GO:0034501	18	-0.434523277760467	-1.35437341590456	0.11142061281337	0.581308231678033	0.538297044118316	5559	tags=56%, list=31%, signal=39%	XM_067092873.1/XM_067120894.1/XM_067116598.1/XM_067120907.1/XM_067119463.1/XM_067084559.1/XM_067120929.1/XM_067120904.1/XM_067120915.1/XM_067095299.1
GO:0071108	GO:0071108	18	-0.433588777032423	-1.35146065378574	0.11142061281337	0.581308231678033	0.538297044118316	890	tags=22%, list=5%, signal=21%	XM_067102689.1/XM_067082701.1/XM_067082616.1/XM_067087105.1
GO:0034314	GO:0034314	14	-0.467082909709326	-1.38421579909007	0.111959287531807	0.582111347201455	0.539040736859594	2591	tags=57%, list=14%, signal=49%	XM_067125155.1/XM_067120978.1/XM_067099252.1/XM_067127246.1/XM_067089784.1/XM_067105199.1/XM_067093394.1/XM_067123908.1
GO:0016226	GO:0016226	27	0.434660309733724	1.32674852082667	0.11287988422576	0.584887893265666	0.541611845365848	5099	tags=44%, list=28%, signal=32%	JP355154.1/JP354782.1/XM_067129957.1/XM_067096231.1/XM_067125463.1/XM_067094938.1/XM_067116853.1/XM_067107953.1/XM_067081640.1/XM_067120759.1/XM_067122038.1/XM_067096022.1
GO:0050667	GO:0050667	14	-0.465891933602818	-1.38068630163106	0.114503816793893	0.589266240847484	0.545666237567747	1635	tags=43%, list=9%, signal=39%	XM_067112308.1/XM_067086272.1/XM_067086267.1/XM_067086270.1/XM_067086266.1/XM_067086269.1
GO:0007612	GO:0007612	14	-0.465466730703145	-1.37942619864011	0.114503816793893	0.589266240847484	0.545666237567747	3025	tags=36%, list=17%, signal=30%	XM_067095118.1/XM_067110080.1/XM_067110070.1/XM_067133637.1/XM_067105663.1
GO:0035999	GO:0035999	15	0.517858934891742	1.34521274240619	0.117263843648208	0.596820969820881	0.552661989655681	5495	tags=47%, list=30%, signal=33%	XM_067127035.1/XM_067083305.1/XM_067103173.1/XM_067097648.1/XM_067099351.1/XM_067083938.1/XM_067083304.1
GO:0007494	GO:0007494	19	0.480514957851448	1.34945190232518	0.117378048780488	0.596820969820881	0.552661989655681	3983	tags=42%, list=22%, signal=33%	XM_067131149.1/XM_067107807.1/XM_067101841.1/XM_067112518.1/XM_067091665.1/XM_067125558.1/XM_067091125.1/XM_067091666.1
GO:0006695	GO:0006695	19	0.480438244010538	1.34923646337399	0.117378048780488	0.596820969820881	0.552661989655681	3273	tags=37%, list=18%, signal=30%	XM_067095835.1/XM_067127055.1/XM_067095819.1/XM_067127046.1/XM_067091581.1/XM_067095805.1/XM_067089667.1
GO:0001881	GO:0001881	11	0.56256332066664	1.36567073474346	0.117549668874172	0.596820969820881	0.552661989655681	172	tags=18%, list=1%, signal=18%	XM_067126876.1/XM_067089607.1
GO:0031333	GO:0031333	15	0.514602992610156	1.33675496606862	0.120521172638436	0.607269574710614	0.562337498827583	2444	tags=40%, list=13%, signal=35%	XM_067088619.1/XM_067092947.1/XM_067085935.1/XM_067083403.1/XM_067085934.1/XM_067117337.1
GO:0048172	GO:0048172	19	-0.423006956380292	-1.34207566659937	0.121387283236994	0.607269574710614	0.562337498827583	2645	tags=42%, list=15%, signal=36%	XM_067131927.1/XM_067110080.1/XM_067117717.1/XM_067109236.1/XM_067110070.1/XM_067091807.1/XM_067117718.1/XM_067117729.1
GO:0043328	GO:0043328	17	0.499809990331118	1.35568898898294	0.122257053291536	0.607269574710614	0.562337498827583	3368	tags=47%, list=19%, signal=38%	XM_067123905.1/XM_067088879.1/XM_067123903.1/XM_067126663.1/XM_067098539.1/XM_067128237.1/XM_067129553.1/XM_067098538.1
GO:0001745	GO:0001745	51	-0.311490650949149	-1.27281391536923	0.123076923076923	0.607269574710614	0.562337498827583	2957	tags=29%, list=16%, signal=25%	XM_067093563.1/XM_067134691.1/XM_067091789.1/JP354879.1/XM_067083647.1/XM_067134692.1/XM_067083648.1/XM_067134689.1/XM_067089608.1/XM_067083628.1/GH625197.1/XM_067134688.1/XM_067134681.1/XM_067134690.1/XM_067088533.1
GO:0007155	GO:0007155	91	0.325290408407641	1.24441438403305	0.12406015037594	0.607269574710614	0.562337498827583	2996	tags=26%, list=16%, signal=22%	XM_067101433.1/JP353637.1/XM_067094945.1/XM_067101431.1/XM_067101434.1/XM_067098927.1/XM_067085457.1/XM_067105329.1/XM_067090794.1/XM_067112518.1/XM_067101432.1/XM_067125512.1/XM_067099863.1/XM_067087366.1/XM_067111219.1/XM_067106014.1/XM_067119136.1/XM_067130568.1/XM_067129151.1/XM_067106009.1/XM_067085691.1/XM_067105348.1/XM_067097083.1/XM_067106316.1
GO:0001932	GO:0001932	11	0.556491005347366	1.35092966823767	0.124172185430464	0.607269574710614	0.562337498827583	6490	tags=55%, list=36%, signal=35%	XM_067082661.1/XM_067082666.1/XM_067134072.1/XM_067108877.1/XM_067133769.1/XM_067133453.1
GO:0015771	GO:0015771	24	-0.38567763828497	-1.29915923934743	0.124242424242424	0.607269574710614	0.562337498827583	2245	tags=33%, list=12%, signal=29%	XM_067108764.1/XM_067124122.1/XM_067131749.1/XM_067108756.1/XM_067108765.1/XM_067091178.1/XM_067081551.1/XM_067091177.1
GO:0071168	GO:0071168	13	-0.471830611013078	-1.35897242297732	0.124365482233503	0.607269574710614	0.562337498827583	5126	tags=54%, list=28%, signal=39%	XM_067133901.1/XM_067096055.1/XM_067082154.1/XM_067099171.1/XM_067082149.1/XM_067099525.1/XM_067118448.1
GO:0001516	GO:0001516	18	0.484662218784448	1.33698580060584	0.124416796267496	0.607269574710614	0.562337498827583	5927	tags=50%, list=33%, signal=34%	XM_067089755.1/XM_067081665.1/XM_067127258.1/XM_067127023.1/XM_067085745.1/XM_067111263.1/XM_067130855.1/XM_067099510.1/XM_067127021.1
GO:0001938	GO:0001938	18	0.484443606196497	1.33638273745258	0.124416796267496	0.607269574710614	0.562337498827583	3763	tags=28%, list=21%, signal=22%	XM_067129897.1/XM_067098462.1/XM_067098464.1/XM_067134072.1/XM_067113794.1
GO:0007595	GO:0007595	14	-0.45562291709483	-1.35025372832128	0.124681933842239	0.607269574710614	0.562337498827583	2167	tags=43%, list=12%, signal=38%	XM_067130846.1/XM_067116046.1/XM_067130843.1/XM_067130845.1/XM_067121084.1/XM_067121085.1
GO:1902476	GO:1902476	24	0.448311783640523	1.32525452058846	0.125	0.607269574710614	0.562337498827583	3084	tags=38%, list=17%, signal=31%	XM_067093615.1/XM_067082661.1/XM_067093618.1/XM_067082666.1/XM_067117936.1/XM_067093616.1/XM_067095248.1/XM_067112497.1/XM_067087143.1
GO:0007268	GO:0007268	50	-0.308160735138169	-1.25901787813394	0.125	0.607269574710614	0.562337498827583	2699	tags=26%, list=15%, signal=22%	XM_067123884.1/XM_067110080.1/XM_067117717.1/XM_067131700.1/XM_067110070.1/XM_067128319.1/XM_067122653.1/XM_067117718.1/XM_067102003.1/XM_067116179.1/XM_067105663.1/XM_067095351.1/XM_067117729.1
GO:0016319	GO:0016319	27	-0.381037895831347	-1.31492830842408	0.12540192926045	0.607269574710614	0.562337498827583	2957	tags=37%, list=16%, signal=31%	XM_067097960.1/XM_067109093.1/XM_067093562.1/XM_067109097.1/XM_067093563.1/XM_067097959.1/XM_067099874.1/GH625197.1/XM_067123859.1/XM_067091408.1
GO:0009168	GO:0009168	11	-0.502113005534847	-1.36125583557903	0.125628140703518	0.607269574710614	0.562337498827583	2299	tags=27%, list=13%, signal=24%	XM_067116149.1/XM_067116146.1/XM_067084724.1
GO:0001933	GO:0001933	17	-0.437973591993453	-1.34784882066001	0.126373626373626	0.607718737901665	0.562753428286163	2223	tags=29%, list=12%, signal=26%	XM_067101180.1/XM_067089630.1/XM_067095568.1/XM_067087186.1/XM_067113778.1
GO:0034614	GO:0034614	19	0.47637603499311	1.33782837795097	0.126524390243902	0.607718737901665	0.562753428286163	2996	tags=37%, list=16%, signal=31%	XM_067104742.1/JP355186.1/XM_067083403.1/XM_067119193.1/XM_067118592.1/XM_067087858.1/XM_067106316.1
GO:0005975	GO:0005975	90	0.324001555308229	1.2374731425533	0.1275	0.610168124462288	0.565021583928275	3545	tags=24%, list=19%, signal=20%	XM_067084229.1/XM_067093790.1/XM_067111604.1/XM_067082099.1/XM_067096178.1/XM_067087936.1/XM_067087932.1/XM_067121464.1/XM_067129304.1/XM_067090249.1/XM_067133247.1/XM_067095800.1/XM_067087935.1/XM_067130501.1/XM_067127937.1/XM_067109249.1/XM_067121462.1/XM_067103608.1/XM_067110418.1/XM_067104930.1/XM_067130502.1/XM_067105483.1
GO:0006997	GO:0006997	20	-0.40479284011939	-1.31074641075254	0.127840909090909	0.610168124462288	0.565021583928275	2871	tags=40%, list=16%, signal=34%	XM_067091153.1/XM_067091789.1/XM_067083647.1/XM_067083648.1/XM_067083628.1/XM_067127866.1/XM_067129028.1/XM_067129033.1
GO:0007010	GO:0007010	62	-0.291437254628843	-1.2183103000231	0.128318584070796	0.610522068236211	0.565349339285767	2296	tags=24%, list=13%, signal=21%	XM_067129355.1/XM_067094598.1/XM_067084264.1/XM_067109145.1/XM_067083647.1/XM_067083648.1/XM_067105143.1/XM_067131584.1/XM_067083628.1/XM_067131605.1/XM_067131606.1/XM_067105146.1/XM_067105149.1/XM_067084262.1/XM_067090454.1
GO:0006611	GO:0006611	24	0.446057131476857	1.31858954304095	0.129464285714286	0.613573473282443	0.568174969867417	3688	tags=25%, list=20%, signal=20%	XM_067102939.1/XM_067131969.1/XM_067134239.1/XM_067102174.1/XM_067107394.1/XM_067130147.1
GO:0007377	GO:0007377	14	-0.454030746964436	-1.34553527897638	0.129770992366412	0.613573473282443	0.568174969867417	1672	tags=71%, list=9%, signal=65%	XM_067103814.1/XM_067091124.1/XM_067134686.1/XM_067091126.1/XM_067134691.1/XM_067134692.1/XM_067134689.1/XM_067134688.1/XM_067134681.1/XM_067134690.1
GO:0032456	GO:0032456	69	-0.274890243838519	-1.18348246022269	0.132478632478632	0.624424208536358	0.578222855645384	2480	tags=25%, list=14%, signal=21%	XM_067115923.1/XM_067082368.1/XM_067095965.1/XM_067100033.1/XM_067116496.1/XM_067089784.1/XM_067134692.1/XM_067111191.1/XM_067124431.1/XM_067134689.1/XM_067103889.1/XM_067118533.1/XM_067134688.1/JZ905044.1/XM_067134681.1/XM_067125824.1/XM_067134690.1
GO:0010595	GO:0010595	29	-0.365767063254247	-1.27889038424733	0.133757961783439	0.62541335978836	0.579138819270398	2302	tags=31%, list=13%, signal=27%	XM_067130394.1/XM_067130397.1/XM_067100072.1/XM_067101180.1/GH624882.1/XM_067083434.1/XM_067111232.1/JP355323.1/XM_067083423.1
GO:0000082	GO:0000082	47	-0.324284346765847	-1.28625814072406	0.133906886633947	0.62541335978836	0.579138819270398	3166	tags=26%, list=17%, signal=21%	XM_067087815.1/XM_067083541.1/XM_067093779.1/XM_067087258.1/XM_067082981.1/XM_067118365.1/XM_067092141.1/XM_067133962.1/XM_067092709.1/JP355071.1/XM_067089467.1/XM_067099926.1
GO:0031440	GO:0031440	24	0.443565947708562	1.31122535438692	0.133928571428571	0.62541335978836	0.579138819270398	4678	tags=33%, list=26%, signal=25%	XM_067112938.1/XM_067112943.1/XM_067112944.1/XM_067112953.1/XM_067090762.1/XM_067112954.1/XM_067112955.1/XM_067090771.1
GO:0015804	GO:0015804	13	-0.46383414316259	-1.33594089633113	0.134517766497462	0.625938408136907	0.579625019118672	3927	tags=62%, list=22%, signal=48%	XM_067116479.1/XM_067084067.1/XM_067099734.1/XM_067113858.1/XM_067124316.1/XM_067084068.1/XM_067124013.1/XM_067116476.1
GO:0030727	GO:0030727	13	0.523155375685828	1.32477904812715	0.134868421052632	0.625938408136907	0.579625019118672	2270	tags=31%, list=12%, signal=27%	XM_067116816.1/JP353561.1/XM_067123371.1/XM_067107965.1
GO:0003014	GO:0003014	10	0.564046331725999	1.32559532479377	0.135906040268456	0.627106935617574	0.580707086866101	5474	tags=70%, list=30%, signal=49%	XM_067113660.1/XM_067099679.1/XM_067107765.1/KJ631065.1/XM_067131151.1/XM_067107766.1/XM_067098727.1
GO:0042752	GO:0042752	44	-0.305083531476631	-1.20553122378308	0.136200716845878	0.627106935617574	0.580707086866101	5175	tags=39%, list=28%, signal=28%	XM_067095501.1/XM_067090694.1/XM_067101813.1/XM_067082904.1/XM_067102568.1/XM_067084561.1/XM_067114859.1/XM_067101814.1/XM_067114860.1/XM_067092115.1/XM_067102565.1/XM_067085532.1/XM_067127486.1/XM_067127485.1/XM_067131649.1/XM_067106306.1/XM_067102566.1
GO:0070585	GO:0070585	12	-0.472694092372648	-1.32378499261403	0.136363636363636	0.627106935617574	0.580707086866101	3297	tags=50%, list=18%, signal=41%	XM_067133753.1/XM_067133751.1/XM_067133754.1/XM_067092972.1/XM_067113269.1/XM_067113778.1
GO:0008069	GO:0008069	13	-0.45831529466986	-1.32004543992548	0.137055837563452	0.628380249192432	0.581886187550093	3066	tags=46%, list=17%, signal=38%	XM_067088169.1/XM_067110367.1/XM_067129190.1/XM_067088168.1/XM_067110365.1/XM_067103250.1
GO:0040018	GO:0040018	21	-0.401588167123656	-1.31562739674471	0.138643067846608	0.633737044265612	0.586846631591143	1560	tags=29%, list=9%, signal=26%	XM_067104111.1/JP354683.1/XM_067121084.1/XM_067117016.1/XM_067121085.1/XM_067134095.1
GO:0050995	GO:0050995	11	0.552686037697393	1.34169278276128	0.139072847682119	0.633786802840501	0.586892708512684	1879	tags=36%, list=10%, signal=33%	XM_067105243.1/XM_067085393.1/JP354205.1/XM_067085391.1
GO:0016079	GO:0016079	18	0.476993181970581	1.3158300493897	0.139968895800933	0.635714285714286	0.588677576293675	6241	tags=61%, list=34%, signal=40%	XM_067089210.1/XM_067131053.1/XM_067089191.1/XM_067107873.1/XM_067086208.1/XM_067089184.1/XM_067086209.1/XM_067092941.1/XM_067086203.1/XM_067130167.1/XM_067086212.1
GO:0071456	GO:0071456	45	-0.302551902411446	-1.21148519017912	0.140794223826715	0.635714285714286	0.588677576293675	2278	tags=20%, list=13%, signal=18%	XM_067104952.1/XM_067116046.1/GH624882.1/XM_067104394.1/XM_067096885.1/XM_067082059.1/XM_067107240.1/XM_067107239.1/XM_067081489.1
GO:0048025	GO:0048025	31	-0.353651284327913	-1.27100605761935	0.141065830721003	0.635714285714286	0.588677576293675	3926	tags=42%, list=22%, signal=33%	XM_067095810.1/XM_067118002.1/XM_067097825.1/XM_067084784.1/XM_067097816.1/XM_067095807.1/XM_067115122.1/XM_067097821.1/XM_067115115.1/XM_067090927.1/XM_067097841.1/XM_067115112.1/XM_067115119.1
GO:0043622	GO:0043622	12	-0.468500235902315	-1.31204005154921	0.141414141414141	0.635714285714286	0.588677576293675	1324	tags=25%, list=7%, signal=23%	XM_067105143.1/XM_067105146.1/XM_067105149.1
GO:0007169	GO:0007169	26	-0.372941284280716	-1.28295028266206	0.141955835962145	0.635714285714286	0.588677576293675	3720	tags=42%, list=20%, signal=34%	XM_067131221.1/XM_067099708.1/XM_067086312.1/XM_067090362.1/XM_067131225.1/XM_067104952.1/XM_067101180.1/XM_067095184.1/XM_067105828.1/XM_067095187.1/XM_067110521.1
GO:0006383	GO:0006383	17	0.483919533767319	1.31258757562548	0.142633228840125	0.635714285714286	0.588677576293675	5922	tags=65%, list=33%, signal=44%	XM_067111335.1/XM_067097578.1/XM_067129887.1/XM_067128143.1/EL695564.1/JP354258.1/XM_067124988.1/XM_067119704.1/XM_067128286.1/XM_067117357.1/XM_067121677.1
GO:0019343	GO:0019343	10	-0.509232691179948	-1.33024237711519	0.142857142857143	0.635714285714286	0.588677576293675	3819	tags=60%, list=21%, signal=47%	XM_067082283.1/XM_067086272.1/XM_067086267.1/XM_067086270.1/XM_067086266.1/XM_067086269.1
GO:0070814	GO:0070814	10	-0.509232691179948	-1.33024237711519	0.142857142857143	0.635714285714286	0.588677576293675	3819	tags=60%, list=21%, signal=47%	XM_067082283.1/XM_067086272.1/XM_067086267.1/XM_067086270.1/XM_067086266.1/XM_067086269.1
GO:0031398	GO:0031398	39	0.387483150391545	1.27444131071271	0.144257703081232	0.64006423683843	0.592705673101159	3193	tags=28%, list=18%, signal=23%	XM_067125360.1/XM_067096105.1/XM_067085292.1/XM_067117784.1/XM_067096102.1/XM_067084854.1/XM_067125359.1/XM_067127123.1/XM_067092887.1/XM_067113306.1/XM_067096108.1
GO:0007631	GO:0007631	10	-0.503293644550205	-1.3147281109587	0.147783251231527	0.653789646530118	0.605415535208257	101	tags=40%, list=1%, signal=40%	XM_067133743.1/XM_067092569.1/XM_067098864.1/XM_067082529.1
GO:0006164	GO:0006164	12	0.535885414119418	1.32474456024968	0.148514851485149	0.655110700574431	0.606638844028641	3897	tags=50%, list=21%, signal=39%	XM_067127035.1/XM_067114754.1/XM_067110357.1/XM_067128538.1/XM_067107847.1/XM_067114670.1
GO:0044571	GO:0044571	13	0.517373585321902	1.31013790117391	0.151315789473684	0.665525550795594	0.616283096051021	5099	tags=62%, list=28%, signal=44%	JP354782.1/XM_067133028.1/XM_067096231.1/XM_067125463.1/XM_067081640.1/XM_067128295.1/XM_067120759.1/XM_067096022.1
GO:0007224	GO:0007224	20	0.457609531002324	1.28978327560049	0.152307692307692	0.66606055966007	0.616778519433369	3170	tags=35%, list=17%, signal=29%	XM_067129897.1/XM_067098462.1/XM_067098464.1/XM_067115142.1/XM_067124099.1/XM_067096238.1/XM_067127452.1
GO:0045333	GO:0045333	11	0.546340105231347	1.32628748715248	0.152317880794702	0.66606055966007	0.616778519433369	5227	tags=64%, list=29%, signal=45%	XM_067127974.1/XM_067104742.1/XM_067115092.1/XM_067087208.1/XM_067132205.1/XM_067133691.1/XM_067110740.1
GO:0046488	GO:0046488	10	-0.498534653141859	-1.30229644238487	0.155172413793103	0.676587498757826	0.626526566839438	3592	tags=40%, list=20%, signal=32%	XM_067119762.1/XM_067124206.1/XM_067130940.1/XM_067099669.1
GO:0040014	GO:0040014	19	-0.398160717657397	-1.26324591712703	0.15606936416185	0.677381805157593	0.627262102247022	4506	tags=47%, list=25%, signal=36%	XM_067131840.1/XM_067123184.1/XM_067130846.1/XM_067100164.1/XM_067129190.1/XM_067130843.1/XM_067104111.1/XM_067130845.1/XM_067127330.1
GO:0098586	GO:0098586	20	-0.390420102017358	-1.26420651920118	0.15625	0.677381805157593	0.627262102247022	724	tags=20%, list=4%, signal=19%	XM_067107861.1/XM_067082583.1/XM_067082701.1/XM_067087236.1
GO:0045668	GO:0045668	14	0.51071225964406	1.31268831376912	0.157635467980296	0.679589846256513	0.629306769657647	4182	tags=36%, list=23%, signal=28%	XM_067115420.1/XM_067115421.1/XM_067118192.1/XM_067129350.1/XM_067108871.1
GO:0072659	GO:0072659	81	-0.26484844701886	-1.16819790464439	0.157657657657658	0.679589846256513	0.629306769657647	3198	tags=26%, list=18%, signal=21%	XM_067090743.1/XM_067130263.1/XM_067133412.1/XM_067121962.1/XM_067132464.1/XM_067110080.1/JP355090.1/XM_067090747.1/XM_067110070.1/XM_067090158.1/XM_067099053.1/XM_067103889.1/XM_067081155.1/XM_067118533.1/XM_067112613.1/XM_067098118.1/XM_067132470.1/XM_067095038.1/XM_067098114.1/XM_067125824.1/XM_067130266.1
GO:0036092	GO:0036092	15	0.497020020164556	1.29108067720433	0.159609120521173	0.684895300954996	0.634219672015236	4017	tags=33%, list=22%, signal=26%	XM_067131955.1/XM_067082099.1/XM_067122022.1/XM_067127937.1/XM_067115287.1
GO:0016322	GO:0016322	15	-0.422885177412367	-1.27364604220623	0.15979381443299	0.684895300954996	0.634219672015236	1449	tags=33%, list=8%, signal=31%	XM_067127590.1/XM_067108016.1/XM_067098798.1/XM_067088533.1/XM_067103484.1
GO:0001752	GO:0001752	20	-0.3873672275193	-1.25432110648086	0.161931818181818	0.692098420647149	0.640889830508475	5583	tags=45%, list=31%, signal=31%	XM_067098817.1/XM_067123293.1/XM_067094826.1/XM_067112421.1/XM_067112420.1/XM_067108441.1/XM_067129983.1/XM_067130934.1/XM_067123304.1
GO:0030218	GO:0030218	18	0.464864293168774	1.28237138173078	0.163297045101089	0.695967406304076	0.644472548642102	678	tags=17%, list=4%, signal=16%	JP355154.1/GH625981.1/XM_067124619.1
GO:0032869	GO:0032869	51	-0.287989092258505	-1.17678178457118	0.165384615384615	0.702884615384615	0.650877951144066	2748	tags=29%, list=15%, signal=25%	XM_067117872.1/XM_067082526.1/XM_067083382.1/XM_067116106.1/XM_067104111.1/XM_067096885.1/XM_067103889.1/XM_067082059.1/JP354683.1/XM_067098118.1/XM_067117016.1/XM_067098114.1/XM_067081918.1/XM_067083380.1/XM_067099926.1
GO:0045464	GO:0045464	10	0.552243882837108	1.29785776107209	0.166107382550336	0.703978906999041	0.651891275761453	5634	tags=70%, list=31%, signal=48%	XM_067133211.1/XM_067133208.1/XM_067085786.1/XM_067112234.1/XM_067091912.1/XM_067091908.1/XM_067116246.1
GO:0006884	GO:0006884	13	-0.441115939481665	-1.27050764214766	0.16751269035533	0.707951677395571	0.65557009956761	718	tags=31%, list=4%, signal=30%	XM_067104051.1/JP354148.1/XM_067093216.1/XM_067095038.1
GO:0006307	GO:0006307	11	-0.47732819885816	-1.29406286835764	0.168341708542714	0.709473551602021	0.656979369800181	2881	tags=36%, list=16%, signal=31%	XM_067102568.1/XM_067102565.1/XM_067104398.1/XM_067102566.1
GO:0006656	GO:0006656	13	-0.434147750813037	-1.25043777805293	0.17005076142132	0.710528787451864	0.657956528401873	3561	tags=54%, list=20%, signal=43%	XM_067130846.1/XM_067121305.1/XM_067130843.1/XM_067129998.1/XM_067130845.1/XM_067130163.1/XM_067105395.1
GO:0016241	GO:0016241	22	-0.376837870689373	-1.24857783130765	0.170087976539589	0.710528787451864	0.657956528401873	2336	tags=27%, list=13%, signal=24%	XM_067093921.1/XM_067116496.1/XM_067104394.1/XM_067093919.1/XM_067113717.1/XM_067108867.1
GO:0035332	GO:0035332	32	-0.339249983935625	-1.22100171428877	0.170491803278689	0.710528787451864	0.657956528401873	2401	tags=25%, list=13%, signal=22%	JP355704.1/XM_067117391.1/XM_067094598.1/XM_067099874.1/JP353912.1/XM_067103298.1/XM_067096269.1/XM_067096270.1
GO:0019722	GO:0019722	11	-0.475679217970342	-1.28959239093212	0.170854271356784	0.710528787451864	0.657956528401873	2578	tags=36%, list=14%, signal=31%	XM_067115483.1/XM_067116106.1/XM_067124206.1/XM_067091203.1
GO:0007391	GO:0007391	60	-0.281945502648134	-1.17961133682161	0.170940170940171	0.710528787451864	0.657956528401873	1964	tags=22%, list=11%, signal=19%	XM_067104644.1/XM_067133257.1/XM_067134692.1/XM_067134689.1/XM_067091621.1/XM_067134688.1/XM_067134681.1/XM_067129028.1/XM_067098798.1/XM_067134690.1/XM_067091622.1/XM_067095351.1/XM_067129033.1
GO:0050830	GO:0050830	13	0.505753842893384	1.28071338977755	0.172697368421053	0.715016997077138	0.662112653918441	3898	tags=38%, list=21%, signal=30%	XM_067104694.1/XM_067115414.1/XM_067128154.1/XM_067107760.1/XM_067116043.1
GO:0009617	GO:0009617	29	0.409732547462303	1.26765482007748	0.17296511627907	0.715016997077138	0.662112653918441	4219	tags=31%, list=23%, signal=24%	XM_067118281.1/XM_067084229.1/XM_067095152.1/XM_067122547.1/XM_067118575.1/XM_067095250.1/XM_067100647.1/XM_067100646.1/XM_067096324.1
GO:1903688	GO:1903688	21	-0.382602836903035	-1.25343029379371	0.174041297935103	0.716140374602745	0.663152912370859	1867	tags=29%, list=10%, signal=26%	XM_067133257.1/XM_067104111.1/XM_067086029.1/XM_067128095.1/XM_067125349.1/XM_067086030.1
GO:0001503	GO:0001503	18	0.457641104705709	1.26244554465101	0.174183514774495	0.716140374602745	0.663152912370859	2747	tags=33%, list=15%, signal=28%	XM_067082099.1/XM_067119708.1/XM_067133613.1/XM_067111116.1/XM_067124071.1/XM_067127937.1
GO:0019372	GO:0019372	10	0.546684216149551	1.28479169228677	0.176174496644295	0.719752093802345	0.666497399277087	4539	tags=60%, list=25%, signal=45%	XM_067086720.1/XM_067086716.1/JP351928.1/XM_067127500.1/XM_067086719.1/XM_067127507.1
GO:0071479	GO:0071479	10	0.545897847917943	1.2829436064244	0.176174496644295	0.719752093802345	0.666497399277087	5920	tags=70%, list=33%, signal=47%	XM_067099183.1/XM_067115102.1/XM_067114886.1/XM_067116240.1/XM_067084341.1/XM_067084838.1/XM_067107681.1
GO:0006493	GO:0006493	21	-0.38000023418853	-1.24490400812506	0.176991150442478	0.719752093802345	0.666497399277087	1219	tags=19%, list=7%, signal=18%	XM_067084256.1/XM_067128187.1/XM_067087139.1/XM_067096460.1
GO:0045429	GO:0045429	15	0.49264772450287	1.27972301309664	0.177524429967427	0.719752093802345	0.666497399277087	4003	tags=33%, list=22%, signal=26%	XM_067095152.1/XM_067112773.1/XM_067134072.1/XM_067095250.1/JP354473.1
GO:0036498	GO:0036498	10	0.544467441302416	1.27958193165507	0.177852348993289	0.719752093802345	0.666497399277087	2883	tags=40%, list=16%, signal=34%	XM_067086163.1/XM_067127036.1/XM_067113178.1/XM_067112543.1
GO:0007395	GO:0007395	18	-0.40509521115039	-1.26264854605737	0.178272980501393	0.719752093802345	0.666497399277087	3322	tags=50%, list=18%, signal=41%	XM_067134686.1/XM_067131840.1/XM_067093225.1/XM_067134691.1/XM_067134692.1/XM_067134689.1/XM_067134688.1/XM_067134681.1/XM_067134690.1
GO:0010634	GO:0010634	11	-0.471558351425268	-1.2784204962186	0.178391959798995	0.719752093802345	0.666497399277087	5416	tags=64%, list=30%, signal=45%	XM_067108172.1/XM_067132854.1/JP352541.1/XM_067098266.1/XM_067098014.1/XM_067110839.1/XM_067132853.1
GO:0044209	GO:0044209	10	-0.486527744587898	-1.27093141250115	0.179802955665025	0.723515616811655	0.669982457979137	1398	tags=40%, list=8%, signal=37%	XM_067130870.1/XM_067130871.1/XM_067129334.1/EL609221.1
GO:0007005	GO:0007005	86	0.313428725357176	1.18347031477611	0.180537772087068	0.7236052944522	0.670065500341516	4880	tags=30%, list=27%, signal=22%	XM_067083499.1/XM_067083490.1/JP354782.1/XM_067083482.1/XM_067085935.1/JP355186.1/XM_067126315.1/XM_067108849.1/XM_067085934.1/XM_067094076.1/JP355566.1/XM_067113856.1/XM_067121903.1/XM_067131239.1/XM_067094305.1/XM_067120358.1/XM_067132205.1/XM_067123532.1/XM_067106234.1/XM_067132857.1/XM_067110878.1/XM_067085574.1/XM_067130373.1/XM_067119489.1/XM_067132858.1/XM_067088757.1
GO:0045786	GO:0045786	15	0.491358479651985	1.27637401497256	0.180781758957655	0.7236052944522	0.670065500341516	4251	tags=47%, list=23%, signal=36%	XM_067086720.1/XM_067120288.1/XM_067120287.1/XM_067086716.1/JP351928.1/XM_067134675.1/XM_067086719.1
GO:0060828	GO:0060828	14	0.491130170442178	1.26235629379292	0.182266009852217	0.727621300544602	0.673784360820165	5298	tags=50%, list=29%, signal=35%	XM_067105329.1/XM_067115698.1/XM_067105348.1/XM_067112653.1/XM_067105345.1/XM_067111856.1/XM_067109802.1
GO:0007417	GO:0007417	58	0.336778562106177	1.20022733041442	0.182894736842105	0.728209833795014	0.674329348301502	5266	tags=36%, list=29%, signal=26%	XM_067100673.1/XM_067107807.1/XM_067108841.1/XM_067108845.1/XM_067093451.1/XM_067100667.1/XM_067085935.1/XM_067115142.1/XM_067091665.1/XM_067085934.1/XM_067130482.1/XM_067129350.1/XM_067091790.1/XM_067091125.1/XM_067117491.1/XM_067091666.1/XM_067091793.1/XM_067083842.1/XM_067094593.1/XM_067115985.1/XM_067120697.1
GO:0045184	GO:0045184	23	-0.365015368554259	-1.21419414956604	0.183734939759036	0.729635075736015	0.675649136121777	3139	tags=43%, list=17%, signal=36%	XM_067082741.1/XM_067082742.1/XM_067134691.1/XM_067091651.1/XM_067113724.1/XM_067134692.1/XM_067134689.1/XM_067134688.1/XM_067134681.1/XM_067134690.1
GO:0000915	GO:0000915	12	-0.446850616563793	-1.25141005502801	0.184343434343434	0.730135120841927	0.676112182725575	4534	tags=58%, list=25%, signal=44%	XM_067093562.1/XM_067096901.1/XM_067095821.1/XM_067132701.1/XM_067093563.1/GH625197.1/XM_067098798.1
GO:0007020	GO:0007020	10	-0.482059839326901	-1.25926013330393	0.187192118226601	0.73948217983511	0.684767649744691	4137	tags=70%, list=23%, signal=54%	XM_067118322.1/XM_067112637.1/XM_067114859.1/XM_067114860.1/XM_067118737.1/XM_067126478.1/XM_067125259.1
GO:0034446	GO:0034446	34	0.391758788333441	1.2345029756666	0.189705882352941	0.742533302173405	0.687593018536057	5142	tags=44%, list=28%, signal=32%	XM_067087673.1/XM_067101841.1/XM_067106313.1/XM_067112518.1/XM_067093026.1/XM_067091665.1/JP352604.1/XM_067125558.1/XM_067106316.1/XM_067091125.1/XM_067091666.1/XM_067085913.1/XM_067132857.1/XM_067132858.1/XM_067115985.1
GO:0002230	GO:0002230	16	0.471755691079304	1.24782672928056	0.189710610932476	0.742533302173405	0.687593018536057	4344	tags=44%, list=24%, signal=33%	XM_067095152.1/HG001457.1/XM_067123348.1/XM_067095250.1/JP354473.1/XM_067102687.1/XM_067108701.1
GO:0031054	GO:0031054	13	-0.427325432390278	-1.23078805126349	0.190355329949239	0.742533302173405	0.687593018536057	2820	tags=46%, list=15%, signal=39%	XM_067084510.1/XM_067112367.1/XM_067112368.1/XM_067112994.1/XM_067083844.1/XM_067132549.1
GO:0030031	GO:0030031	13	0.498759937874028	1.26300282181849	0.190789473684211	0.742533302173405	0.687593018536057	1484	tags=23%, list=8%, signal=21%	XM_067100419.1/XM_067127827.1/XM_067093451.1
GO:0016441	GO:0016441	13	0.498452268147164	1.26222371406803	0.190789473684211	0.742533302173405	0.687593018536057	3611	tags=46%, list=20%, signal=37%	XM_067084481.1/XM_067085393.1/JP354205.1/XM_067085391.1/XM_067084468.1/XM_067134731.1
GO:0048149	GO:0048149	24	-0.36144519816179	-1.21753200625724	0.190909090909091	0.742533302173405	0.687593018536057	5177	tags=50%, list=28%, signal=36%	XM_067084051.1/XM_067118088.1/XM_067095621.1/XM_067095622.1/XM_067118767.1/XM_067081601.1/EL695535.1/XM_067090122.1/JP351550.1/XM_067103962.1/XM_067133257.1/XM_067095351.1
GO:0045071	GO:0045071	12	-0.44021595402658	-1.23282960978966	0.191919191919192	0.744548044548044	0.689458689458689	1167	tags=33%, list=6%, signal=31%	XM_067108334.1/XM_067097978.1/XM_067083776.1/XM_067087236.1
GO:0030148	GO:0030148	22	-0.366330446091646	-1.21376355589297	0.193548387096774	0.748948106591865	0.693533189462395	3341	tags=32%, list=18%, signal=26%	XM_067102653.1/XM_067098764.1/XM_067093027.1/XM_067133130.1/XM_067098761.1/XM_067109332.1/XM_067102652.1
GO:2000819	GO:2000819	12	0.51339302753922	1.26914187731771	0.194719471947195	0.751557553714555	0.695949562732858	2208	tags=25%, list=12%, signal=22%	XM_067087114.1/XM_067082608.1/XM_067128387.1
GO:0006414	GO:0006414	36	-0.314953666491906	-1.18016267528608	0.196013289036545	0.754626224713212	0.698791181753425	4224	tags=50%, list=23%, signal=38%	XM_067081432.1/XM_067081430.1/EL609261.1/XM_067129077.1/XM_067083378.1/GH624820.1/JZ905060.1/JZ905061.1/XM_067129063.1/XM_067083382.1/XM_067103039.1/EL695668.1/KF228019.1/XM_067081427.1/OR130524.1/XM_067083380.1/XM_067098509.1/XM_067129064.1
GO:0006001	GO:0006001	11	0.52985089461184	1.28625851342665	0.198675496688742	0.762934077385955	0.706484333670091	1579	tags=27%, list=9%, signal=25%	EL696537.1/XM_067128884.1/XM_067128859.1
GO:0006470	GO:0006470	29	-0.33224602821952	-1.16168538225914	0.200636942675159	0.764543243554139	0.707974437103391	2705	tags=34%, list=15%, signal=29%	XM_067105133.1/XM_067090314.1/XM_067111650.1/XM_067105114.1/XM_067093532.1/XM_067105136.1/XM_067095568.1/XM_067092709.1/XM_067098378.1/XM_067087368.1
GO:0006536	GO:0006536	19	0.444859325369636	1.24931857599476	0.201219512195122	0.764543243554139	0.707974437103391	4325	tags=53%, list=24%, signal=40%	XM_067098438.1/XM_067085785.1/XM_067108841.1/XM_067108845.1/XM_067081379.1/XM_067098457.1/XM_067118631.1/XM_067120398.1/XM_067083343.1/XM_067098475.1
GO:0070593	GO:0070593	20	-0.375233452565766	-1.21503112802044	0.201704545454545	0.764543243554139	0.707974437103391	2938	tags=50%, list=16%, signal=42%	XM_067100093.1/XM_067118637.1/XM_067134691.1/XM_067134033.1/XM_067095390.1/XM_067134692.1/XM_067134689.1/XM_067134688.1/XM_067134681.1/XM_067134690.1
GO:0070213	GO:0070213	10	-0.47067653364926	-1.22952410915166	0.201970443349754	0.764543243554139	0.707974437103391	4997	tags=70%, list=27%, signal=51%	XM_067100365.1/XM_067116296.1/XM_067096499.1/XM_067107721.1/XM_067081290.1/XM_067094164.1/XM_067107723.1
GO:0018230	GO:0018230	12	-0.436309398044714	-1.22188925689538	0.202020202020202	0.764543243554139	0.707974437103391	1813	tags=25%, list=10%, signal=23%	XM_067120168.1/XM_067085544.1/XM_067120058.1
GO:0033077	GO:0033077	10	0.53360876162697	1.25406237022621	0.203020134228188	0.764543243554139	0.707974437103391	3841	tags=40%, list=21%, signal=32%	XM_067106405.1/XM_067085935.1/XM_067085934.1/XM_067106403.1
GO:0032402	GO:0032402	15	-0.402016885028725	-1.21079489626476	0.20360824742268	0.764543243554139	0.707974437103391	1611	tags=33%, list=9%, signal=30%	XM_067086088.1/XM_067128022.1/XM_067111308.1/XM_067098118.1/XM_067098114.1
GO:0006401	GO:0006401	21	0.429491710598903	1.2319211904175	0.203619909502262	0.764543243554139	0.707974437103391	6519	tags=57%, list=36%, signal=37%	XM_067124229.1/XM_067095442.1/XM_067097758.1/XM_067125800.1/XM_067101013.1/XM_067131484.1/XM_067124230.1/XM_067131721.1/XM_067086419.1/XM_067085826.1/XM_067132630.1/XM_067131486.1
GO:0048280	GO:0048280	11	0.528535540629042	1.28306537876226	0.20364238410596	0.764543243554139	0.707974437103391	3882	tags=45%, list=21%, signal=36%	XM_067129765.1/XM_067089210.1/XM_067089191.1/XM_067089184.1/XM_067128768.1
GO:0097194	GO:0097194	12	-0.432861568730557	-1.21223357306767	0.204545454545455	0.765320644718793	0.708694318099776	3783	tags=50%, list=21%, signal=40%	XM_067116523.1/XM_067132526.1/XM_067091389.1/XM_067104445.1/XM_067114608.1/XM_067127869.1
GO:0006635	GO:0006635	39	-0.303024859336749	-1.16435585071462	0.204861111111111	0.765320644718793	0.708694318099776	4929	tags=41%, list=27%, signal=30%	XM_067103235.1/XM_067126833.1/XM_067109231.1/XM_067083830.1/XM_067092519.1/XM_067119756.1/XM_067088388.1/XM_067131020.1/XM_067106478.1/XM_067096168.1/XM_067132327.1/XM_067098983.1/XM_067092518.1/XM_067098981.1/XM_067119754.1/XM_067095934.1
GO:0090148	GO:0090148	25	-0.350150105001713	-1.19757215477727	0.205521472392638	0.765896521502614	0.709227585570654	2936	tags=36%, list=16%, signal=30%	XM_067126931.1/XM_067121962.1/XM_067110080.1/XM_067086139.1/XM_067110070.1/XM_067107838.1/XM_067122083.1/XM_067093913.1/XM_067125824.1
GO:0071560	GO:0071560	12	-0.430805965959632	-1.20647683495134	0.207070707070707	0.769091639871383	0.712186296078763	2735	tags=42%, list=15%, signal=35%	XM_067114805.1/XM_067131387.1/XM_067087148.1/XM_067104952.1/XM_067123908.1
GO:0001501	GO:0001501	16	0.465134546781412	1.23031334048724	0.207395498392283	0.769091639871383	0.712186296078763	5501	tags=44%, list=30%, signal=31%	XM_067094945.1/XM_067082099.1/XM_067100534.1/XM_067127937.1/XM_067089286.1/XM_067100443.1/XM_067107564.1
GO:0000727	GO:0000727	13	-0.42235860408381	-1.21648253029769	0.210659898477157	0.778845446745925	0.721218415569504	3997	tags=46%, list=22%, signal=36%	XM_067118727.1/XM_067108054.1/XM_067087598.1/XM_067129265.1/XM_067125992.1/XM_067091552.1
GO:0046677	GO:0046677	11	-0.454829498147193	-1.23306765951391	0.21105527638191	0.778845446745925	0.721218415569504	3117	tags=45%, list=17%, signal=38%	XM_067091871.1/XM_067117222.1/XM_067091868.1/XM_067116046.1/XM_067110250.1
GO:0007520	GO:0007520	17	0.455628094951449	1.23584962955171	0.211598746081505	0.778951101755028	0.721316253129678	2363	tags=35%, list=13%, signal=31%	XM_067101074.1/JP353538.1/XM_067104208.1/XM_067093451.1/XM_067084074.1/XM_067093213.1
GO:0007420	GO:0007420	80	0.310460634757959	1.15893474586996	0.213367609254499	0.783556293208875	0.725580704950786	2760	tags=24%, list=15%, signal=20%	XM_067091471.1/XM_067082661.1/XM_067085894.1/XM_067129897.1/XM_067098462.1/XM_067120438.1/XM_067086340.1/XM_067098464.1/XM_067091133.1/XM_067122667.1/XM_067101280.1/XM_067082666.1/XM_067105787.1/XM_067084352.1/XM_067098108.1/XM_067133188.1/JP354050.1/XM_067118395.1/XM_067090367.1
GO:0007422	GO:0007422	32	-0.320577315936593	-1.15379652426144	0.216393442622951	0.790651763681231	0.732151179225462	1867	tags=31%, list=10%, signal=28%	XM_067134691.1/XM_067097959.1/XM_067133257.1/XM_067134692.1/XM_067134534.1/XM_067134689.1/XM_067134688.1/XM_067128095.1/XM_067134681.1/XM_067134690.1
GO:0007291	GO:0007291	32	-0.320567520486498	-1.15376126925208	0.216393442622951	0.790651763681231	0.732151179225462	2635	tags=25%, list=14%, signal=21%	XM_067110080.1/XM_067120929.1/XM_067120904.1/XM_067096592.1/XM_067120915.1/XM_067110070.1/XM_067129028.1/XM_067129033.1
GO:0042332	GO:0042332	23	-0.356913297057247	-1.18724326294994	0.216867469879518	0.790651763681231	0.732151179225462	5583	tags=48%, list=31%, signal=33%	XM_067098817.1/XM_067094826.1/XM_067123692.1/XM_067112421.1/XM_067112420.1/XM_067108441.1/XM_067123722.1/JP351550.1/XM_067129983.1/XM_067130934.1/XM_067095351.1
GO:0032024	GO:0032024	21	-0.36863800166986	-1.20768063947649	0.218289085545723	0.793921601996823	0.735179081126915	1099	tags=14%, list=6%, signal=13%	XM_067081155.1/JP354575.1/XM_067097334.1
GO:0048511	GO:0048511	47	-0.288190155350955	-1.14309228025846	0.219607843137255	0.794933296783626	0.736115920283164	4095	tags=32%, list=23%, signal=25%	XM_067082754.1/XM_067084561.1/XM_067086309.1/XM_067082741.1/XM_067082742.1/XM_067102565.1/XM_067127486.1/XM_067082752.1/XM_067127485.1/XM_067131649.1/XM_067114863.1/XM_067082583.1/XM_067113269.1/XM_067082701.1/XM_067102566.1
GO:0033209	GO:0033209	13	0.483444075272409	1.22421867695135	0.220394736842105	0.794933296783626	0.736115920283164	3117	tags=38%, list=17%, signal=32%	XM_067120472.1/XM_067131391.1/XM_067124071.1/XM_067099183.1/XM_067113306.1
GO:0099175	GO:0099175	11	-0.446797127808276	-1.2112914639626	0.221105527638191	0.794933296783626	0.736115920283164	4078	tags=64%, list=22%, signal=49%	XM_067100817.1/EL696441.1/XM_067128035.1/XM_067096887.1/XM_067116142.1/XM_067105498.1/XM_067100816.1
GO:0048026	GO:0048026	12	-0.423437208801035	-1.18584054967051	0.222222222222222	0.794933296783626	0.736115920283164	3702	tags=67%, list=20%, signal=53%	XM_067125348.1/XM_067129899.1/XM_067125343.1/XM_067129433.1/XM_067099769.1/XM_067100160.1/XM_067125349.1/XM_067129436.1
GO:0048383	GO:0048383	10	0.522440508352022	1.22781526339355	0.223154362416107	0.794933296783626	0.736115920283164	3101	tags=30%, list=17%, signal=25%	XM_067128790.1/XM_067104878.1/XM_067104869.1
GO:0006879	GO:0006879	34	-0.314937300162568	-1.1678109835909	0.22360248447205	0.794933296783626	0.736115920283164	2874	tags=29%, list=16%, signal=25%	XM_067089670.1/XM_067130848.1/XM_067107741.1/XM_067129785.1/XM_067086121.1/XM_067133483.1/XM_067119469.1/GH625360.1/XM_067107240.1/XM_067107239.1
GO:0030261	GO:0030261	18	0.440388199071423	1.21485180006311	0.223950233281493	0.794933296783626	0.736115920283164	6323	tags=44%, list=35%, signal=29%	XM_067131468.1/XM_067133192.1/XM_067124113.1/XM_067112929.1/XM_067104931.1/XM_067103902.1/XM_067130908.1/JP355182.1
GO:0030150	GO:0030150	14	0.47436163835309	1.21925598496589	0.22495894909688	0.794933296783626	0.736115920283164	4154	tags=50%, list=23%, signal=39%	JP354782.1/XM_067114952.1/XM_067088595.1/XM_067111116.1/XM_067127858.1/XM_067099355.1/XM_067131964.1
GO:0030071	GO:0030071	16	0.455762552454524	1.20552376137055	0.22508038585209	0.794933296783626	0.736115920283164	4835	tags=44%, list=27%, signal=32%	XM_067087114.1/XM_067082608.1/XM_067130815.1/XM_067128387.1/XM_067114894.1/XM_067083643.1/XM_067133248.1
GO:0071218	GO:0071218	12	0.500356660031267	1.23691510553675	0.226072607260726	0.794933296783626	0.736115920283164	6049	tags=58%, list=33%, signal=39%	XM_067125360.1/XM_067101275.1/XM_067125359.1/XM_067081360.1/XM_067107564.1/XM_067133769.1/JP355213.1
GO:0007088	GO:0007088	10	-0.457946555408456	-1.19627024150142	0.226600985221675	0.794933296783626	0.736115920283164	4775	tags=40%, list=26%, signal=30%	XM_067117394.1/XM_067116522.1/XM_067117391.1/XM_067090471.1
GO:1901524	GO:1901524	15	-0.394698995487547	-1.18875486850012	0.22680412371134	0.794933296783626	0.736115920283164	681	tags=33%, list=4%, signal=32%	XM_067082904.1/XM_067082535.1/XM_067082526.1/XM_067113269.1/XM_067113778.1
GO:0051290	GO:0051290	11	0.512581917123163	1.24433658871374	0.22682119205298	0.794933296783626	0.736115920283164	6383	tags=64%, list=35%, signal=41%	XM_067126664.1/XM_067113733.1/XM_067112773.1/XM_067092586.1/XM_067082351.1/XM_067130405.1/XM_067112770.1
GO:0006805	GO:0006805	65	0.320596661393192	1.16449704268634	0.226857887874837	0.794933296783626	0.736115920283164	3270	tags=28%, list=18%, signal=23%	XM_067125542.1/XM_067115374.1/XM_067120968.1/XM_067123441.1/XM_067123442.1/XM_067123267.1/XM_067094951.1/XM_067107858.1/XM_067104207.1/XM_067133010.1/XM_067131885.1/XM_067086055.1/XM_067131861.1/XM_067124914.1/XM_067122797.1/XM_067123179.1/XM_067125540.1/XM_067123095.1
GO:0042073	GO:0042073	13	0.481055647622037	1.21817049498432	0.226973684210526	0.794933296783626	0.736115920283164	424	tags=15%, list=2%, signal=15%	XM_067124903.1/XM_067083813.1
GO:0061061	GO:0061061	13	0.480942336295913	1.2178835582964	0.226973684210526	0.794933296783626	0.736115920283164	2612	tags=31%, list=14%, signal=26%	XM_067115008.1/XM_067115015.1/XM_067115012.1/XM_067115004.1
GO:0007478	GO:0007478	26	0.394771805631636	1.19171330556191	0.227737226277372	0.795765411911465	0.736886466938574	2183	tags=23%, list=12%, signal=20%	XM_067082911.1/XM_067114655.1/XM_067103643.1/XM_067116338.1/XM_067121038.1/XM_067082912.1
GO:0071260	GO:0071260	14	-0.399098412134609	-1.182741470486	0.231552162849873	0.807231387999672	0.747504071678828	5169	tags=57%, list=28%, signal=41%	XM_067120870.1/XM_067086312.1/XM_067094138.1/XM_067103794.1/XM_067093225.1/XM_067132584.1/XM_067120869.1/XM_067132585.1
GO:0007166	GO:0007166	51	0.334868068810902	1.15964033931195	0.235849056603774	0.820320971589677	0.759625152666964	4896	tags=39%, list=27%, signal=29%	XM_067081580.1/XM_067087662.1/XM_067081582.1/XM_067128790.1/XM_067095892.1/XM_067108849.1/XM_067081585.1/XM_067112773.1/XM_067099183.1/XM_067121419.1/XM_067113306.1/XM_067108152.1/XM_067094072.1/XM_067088831.1/XM_067132987.1/XM_067105877.1/XM_067081583.1/XM_067081581.1/XM_067100502.1/JP354937.1
GO:0006888	GO:0006888	130	-0.229394941102591	-1.10228497507938	0.238888888888889	0.824063450729645	0.763090724542496	3440	tags=26%, list=19%, signal=21%	XM_067082647.1/XM_067116563.1/XM_067133233.1/XM_067128130.1/XM_067130941.1/XM_067098741.1/XM_067134048.1/XM_067120385.1/XM_067112685.1/XM_067103962.1/XM_067119620.1/XM_067133239.1/XM_067082945.1/JP355090.1/XM_067105072.1/XM_067120386.1/XM_067084261.1/XM_067118403.1/XM_067109730.1/XM_067113360.1/XM_067088301.1/XM_067130867.1/XM_067105811.1/XM_067134046.1/XM_067091921.1/JP353339.1/XM_067091911.1/XM_067130868.1/XM_067085790.1/XM_067101489.1/XM_067128419.1/EL609826.1/XM_067116423.1/XM_067130942.1
GO:0061024	GO:0061024	21	-0.358206815148354	-1.17350743445768	0.238938053097345	0.824063450729645	0.763090724542496	4790	tags=52%, list=26%, signal=39%	XM_067114481.1/XM_067134047.1/XM_067092170.1/XM_067095812.1/XM_067093828.1/XM_067134048.1/XM_067083647.1/XM_067083648.1/XM_067134046.1/XM_067083628.1/XM_067114488.1
GO:0140042	GO:0140042	18	0.435803505936934	1.20220449770825	0.23950233281493	0.824063450729645	0.763090724542496	4214	tags=39%, list=23%, signal=30%	XM_067105243.1/XM_067086608.1/XM_067086609.1/XM_067093392.1/XM_067103874.1/XM_067086625.1/XM_067105250.1
GO:0045047	GO:0045047	12	-0.418055300727905	-1.17076845705543	0.23989898989899	0.824063450729645	0.763090724542496	4160	tags=50%, list=23%, signal=39%	XM_067105988.1/XM_067118296.1/XM_067112169.1/XM_067118688.1/XM_067118683.1/XM_067122686.1
GO:0006874	GO:0006874	40	0.356365230322025	1.18061656287473	0.240559440559441	0.824063450729645	0.763090724542496	2398	tags=25%, list=13%, signal=22%	XM_067083499.1/XM_067083490.1/XM_067127401.1/XM_067083482.1/XM_067085050.1/XM_067100534.1/XM_067094076.1/JP354884.1/XM_067127419.1/XM_067127418.1
GO:0035206	GO:0035206	11	0.504217595198905	1.22403147949617	0.241721854304636	0.824063450729645	0.763090724542496	2910	tags=36%, list=16%, signal=31%	XM_067101074.1/JP353538.1/JP354884.1/XM_067090096.1
GO:0007315	GO:0007315	17	-0.388232522947921	-1.19477237386732	0.241758241758242	0.824063450729645	0.763090724542496	3444	tags=29%, list=19%, signal=24%	XM_067105142.1/XM_067101614.1/XM_067105143.1/XM_067105146.1/XM_067105149.1
GO:0007051	GO:0007051	19	-0.366092825326025	-1.16150400170952	0.242774566473988	0.824063450729645	0.763090724542496	2496	tags=26%, list=14%, signal=23%	XM_067120929.1/XM_067120904.1/XM_067120915.1/XM_067129028.1/XM_067129033.1
GO:0006024	GO:0006024	14	0.468272555880286	1.20360516152727	0.243021346469622	0.824063450729645	0.763090724542496	1592	tags=29%, list=9%, signal=26%	XM_067093790.1/XM_067119708.1/XM_067129304.1/XM_067091219.1
GO:0090136	GO:0090136	10	0.51566550620087	1.21189297000755	0.243288590604027	0.824063450729645	0.763090724542496	4190	tags=40%, list=23%, signal=31%	XM_067126524.1/XM_067132094.1/XM_067116135.1/XM_067084275.1
GO:0030536	GO:0030536	11	-0.437137691423384	-1.18510420332128	0.243718592964824	0.824063450729645	0.763090724542496	2635	tags=36%, list=14%, signal=31%	XM_067110080.1/XM_067125818.1/XM_067110070.1/XM_067098864.1
GO:0006508	GO:0006508	309	0.252273648347411	1.09217328397212	0.244060475161987	0.824063450729645	0.763090724542496	4356	tags=28%, list=24%, signal=22%	XM_067101656.1/XM_067102939.1/XM_067097761.1/XM_067103457.1/XM_067130098.1/XM_067084447.1/XM_067091747.1/XM_067088873.1/XM_067125643.1/XM_067129273.1/XM_067123295.1/XM_067116948.1/XM_067123043.1/XM_067095397.1/XM_067091758.1/XM_067091760.1/XM_067091757.1/XM_067130634.1/XM_067119701.1/XM_067098165.1/XM_067116229.1/XM_067130296.1/XM_067104220.1/XM_067093431.1/XM_067093043.1/XM_067123300.1/XM_067113660.1/XM_067119569.1/XM_067087818.1/XM_067120553.1/XM_067112556.1/XM_067112165.1/XM_067097522.1/XM_067093432.1/XM_067120547.1/XM_067086342.1/XM_067125226.1/XM_067123302.1/XM_067110304.1/XM_067133049.1/XM_067123435.1/XM_067109002.1/XM_067109898.1/XM_067125642.1/XM_067133163.1/XM_067130097.1/XM_067094226.1/XM_067108672.1/XM_067097342.1/XM_067093819.1/XM_067103825.1/XM_067083645.1/XM_067126832.1/XM_067133778.1/XM_067099679.1/XM_067091748.1/XM_067096305.1/XM_067093579.1/XM_067113296.1/XM_067121678.1/XM_067087062.1/XM_067083241.1/XM_067089773.1/XM_067130554.1/XM_067095247.1/XM_067132881.1/XM_067112246.1/KJ631065.1/XM_067081365.1/XM_067098591.1/XM_067096606.1/KF878972.1/XM_067089286.1/XM_067133007.1/XM_067117490.1/XM_067120358.1/XM_067098166.1/XM_067132787.1/XM_067080949.1/XM_067124830.1/XM_067119707.1/XM_067132872.1/XM_067083343.1/XM_067133463.1/XM_067120959.1/XM_067095225.1/XM_067091749.1
GO:0006082	GO:0006082	29	0.37982275413889	1.17511813020801	0.244186046511628	0.824063450729645	0.763090724542496	3252	tags=34%, list=18%, signal=28%	XM_067125542.1/XM_067120968.1/XM_067123441.1/XM_067123442.1/XM_067094951.1/XM_067131885.1/XM_067086055.1/XM_067131861.1/XM_067122797.1/XM_067125540.1
GO:0006406	GO:0006406	58	0.325129980155053	1.15871356442268	0.244736842105263	0.824063450729645	0.763090724542496	5694	tags=38%, list=31%, signal=26%	XM_067089193.1/XM_067131969.1/XM_067130248.1/XM_067110254.1/EL696522.1/XM_067108002.1/XM_067113383.1/XM_067103171.1/EL609801.1/XM_067123653.1/XM_067128355.1/XM_067130297.1/XM_067122958.1/XM_067121024.1/XM_067108865.1/JP355299.1/XM_067103789.1/XM_067094237.1/XM_067123650.1/JP355281.1/XM_067089190.1/XM_067110364.1
GO:0035904	GO:0035904	19	0.428073712390241	1.20217877941481	0.245426829268293	0.824063450729645	0.763090724542496	4924	tags=32%, list=27%, signal=23%	XM_067082099.1/XM_067132915.1/XM_067132921.1/XM_067127937.1/XM_067101251.1/XM_067093356.1
GO:0001649	GO:0001649	29	0.37944107348028	1.17393726398293	0.245639534883721	0.824063450729645	0.763090724542496	1160	tags=17%, list=6%, signal=16%	XM_067090194.1/XM_067090193.1/XM_067091416.1/XM_067118387.1/XM_067090203.1
GO:0072499	GO:0072499	20	-0.355592444663941	-1.15143222492896	0.247159090909091	0.82655473052824	0.765397673728103	2264	tags=25%, list=12%, signal=22%	XM_067083887.1/XM_067105466.1/XM_067105143.1/XM_067105146.1/XM_067105149.1
GO:2000379	GO:2000379	12	-0.415015429828662	-1.16225526524526	0.247474747474747	0.82655473052824	0.765397673728103	18	tags=33%, list=0%, signal=33%	XM_067116567.1/XM_067116564.1/XM_067116565.1/XM_067101267.1
GO:0009636	GO:0009636	10	0.514749577851703	1.20974039801265	0.248322147651007	0.827558170475712	0.766326868823301	1814	tags=20%, list=10%, signal=18%	XM_067107858.1/XM_067133708.1
GO:0042981	GO:0042981	59	0.321751982529515	1.14853649038565	0.251315789473684	0.827608086819534	0.766373091840401	4873	tags=39%, list=27%, signal=29%	XM_067088619.1/XM_067113711.1/XM_067087824.1/XM_067116229.1/HG001457.1/XM_067088937.1/XM_067124071.1/XM_067093104.1/XM_067127588.1/XM_067133722.1/XM_067118592.1/XM_067130554.1/XM_067113306.1/XM_067083472.1/JP354806.1/JP354473.1/JP353423.1/XM_067100141.1/XM_067108877.1/XM_067128561.1/XM_067084026.1/XM_067095605.1/XM_067097106.1
GO:0006897	GO:0006897	145	-0.228209011249926	-1.10944389588683	0.251533742331288	0.827608086819534	0.766373091840401	2967	tags=26%, list=16%, signal=22%	XM_067131735.1/XM_067134691.1/XM_067091733.1/XM_067114798.1/XM_067101207.1/XM_067104049.1/XM_067124681.1/XM_067110080.1/XM_067118040.1/XM_067122489.1/XM_067108348.1/XM_067115107.1/JP354879.1/XM_067129178.1/XM_067134692.1/XM_067110070.1/XM_067134689.1/XM_067131584.1/JP353339.1/XM_067096495.1/JP353867.1/XM_067131605.1/XM_067118533.1/XM_067102689.1/XM_067131606.1/XM_067134688.1/XM_067098118.1/XM_067101489.1/XM_067114863.1/XM_067113269.1/XM_067134681.1/XM_067098114.1/XM_067129028.1/XM_067098984.1/XM_067134690.1/XM_067122486.1/XM_067129033.1
GO:0090090	GO:0090090	43	-0.28704956166089	-1.12532220791569	0.25177304964539	0.827608086819534	0.766373091840401	1672	tags=23%, list=9%, signal=21%	XM_067134692.1/EL696195.1/XM_067123433.1/XM_067134689.1/XM_067090755.1/XM_067134688.1/XM_067134681.1/XM_067092926.1/XM_067089467.1/XM_067134690.1
GO:0016236	GO:0016236	41	0.348691845418274	1.16129495316083	0.252454417952314	0.827608086819534	0.766373091840401	4237	tags=34%, list=23%, signal=26%	XM_067086608.1/XM_067086609.1/XM_067088879.1/XM_067126663.1/XM_067098539.1/XM_067128237.1/XM_067129553.1/XM_067087770.1/XM_067098538.1/XM_067119132.1/XM_067086625.1/XM_067103297.1/XM_067128768.1/XM_067088959.1
GO:0032880	GO:0032880	48	-0.279488723283922	-1.11143575494371	0.253012048192771	0.827608086819534	0.766373091840401	2771	tags=23%, list=15%, signal=19%	XM_067091698.1/XM_067132584.1/XM_067113724.1/XM_067090471.1/XM_067100816.1/XM_067132585.1/XM_067103889.1/XM_067103218.1/XM_067107580.1/XM_067129028.1/XM_067129033.1
GO:1990830	GO:1990830	33	-0.312078803220607	-1.13792525973431	0.253205128205128	0.827608086819534	0.766373091840401	2032	tags=21%, list=11%, signal=19%	XM_067097513.1/XM_067110790.1/JP351565.1/XM_067092991.1/XM_067091189.1/XM_067107617.1/XM_067104351.1
GO:0043525	GO:0043525	33	-0.309804615835918	-1.12963294624265	0.253205128205128	0.827608086819534	0.766373091840401	2225	tags=24%, list=12%, signal=21%	XM_067091389.1/XM_067105498.1/XM_067104445.1/XM_067120869.1/XM_067083434.1/XM_067114608.1/XM_067083423.1/XM_067107239.1
GO:0006119	GO:0006119	10	0.513009243745666	1.20565034614141	0.253355704697987	0.827608086819534	0.766373091840401	4735	tags=60%, list=26%, signal=44%	XM_067120105.1/XM_067115092.1/EL609540.1/EL696564.1/KU745282.1/XM_067098109.1
GO:0071539	GO:0071539	10	-0.445169678837536	-1.16289386375469	0.253694581280788	0.827608086819534	0.766373091840401	4712	tags=50%, list=26%, signal=37%	XM_067110807.1/XM_067133145.1/XM_067114859.1/XM_067114860.1/XM_067117499.1
GO:0006672	GO:0006672	13	-0.400138180025499	-1.15248298720474	0.253807106598985	0.827608086819534	0.766373091840401	3612	tags=46%, list=20%, signal=37%	XM_067130398.1/XM_067130394.1/XM_067130397.1/XM_067119017.1/XM_067120596.1/XM_067093027.1
GO:0007293	GO:0007293	21	0.416114014623648	1.1935496299329	0.254901960784314	0.827821675240883	0.766570876784093	2961	tags=29%, list=16%, signal=24%	XM_067089607.1/XM_067116816.1/JP353561.1/XM_067123371.1/XM_067107965.1/XM_067103769.1
GO:0030970	GO:0030970	11	0.49536058801646	1.20253033453681	0.254966887417219	0.827821675240883	0.766570876784093	2707	tags=27%, list=15%, signal=23%	XM_067125360.1/XM_067125359.1/XM_067114492.1
GO:1904707	GO:1904707	10	0.512385492534479	1.20418443519957	0.256711409395973	0.831081229538813	0.769589255585738	3733	tags=50%, list=21%, signal=40%	XM_067120288.1/XM_067120287.1/XM_067113178.1/XM_067113856.1/XM_067089286.1
GO:0007426	GO:0007426	80	0.299707979641319	1.11879559703795	0.25706940874036	0.831081229538813	0.769589255585738	6307	tags=40%, list=35%, signal=26%	XM_067126392.1/XM_067129481.1/XM_067112426.1/XM_067108554.1/XM_067111880.1/XM_067130209.1/XM_067126403.1/XM_067126397.1/XM_067106560.1/XM_067114508.1/XM_067124641.1/XM_067114526.1/XM_067109283.1/XM_067108611.1/XM_067112204.1/XM_067131841.1/XM_067093194.1/XM_067106590.1/XM_067115513.1/XM_067114540.1/XM_067112577.1/XM_067127171.1/XM_067113687.1/XM_067126391.1/XM_067114529.1/XM_067096988.1/XM_067111441.1/XM_067110890.1/XM_067111443.1/XM_067109940.1/XM_067126394.1/XM_067108569.1
GO:0032981	GO:0032981	35	0.364183352120621	1.16256059101156	0.257925072046109	0.832069582101841	0.770504479617039	3424	tags=29%, list=19%, signal=23%	XM_067086340.1/XM_067129342.1/JP354837.1/XM_067110944.1/XM_067124884.1/XM_067106954.1/XM_067110943.1/XM_067087208.1/JP355296.1/XM_067124468.1
GO:0045931	GO:0045931	11	-0.433162546005807	-1.17432736655883	0.258793969849246	0.833096332727467	0.771455260625637	730	tags=27%, list=4%, signal=26%	XM_067121084.1/XM_067121085.1/XM_067099926.1
GO:0070050	GO:0070050	23	0.395496559012889	1.15750448846241	0.259701492537313	0.833647338186782	0.771965497009501	2313	tags=30%, list=13%, signal=27%	EL695680.1/EL696419.1/XM_067101275.1/XM_067103239.1/XM_067126315.1/EL695736.1/XM_067132443.1
GO:0001837	GO:0001837	10	0.511169350255397	1.20132631445884	0.26006711409396	0.833647338186782	0.771965497009501	5229	tags=50%, list=29%, signal=36%	XM_067095236.1/XM_067113518.1/XM_067118320.1/XM_067100141.1/XM_067121967.1
GO:0035269	GO:0035269	14	0.458824804123326	1.17932152022327	0.261083743842365	0.834776334776335	0.773010958769473	3569	tags=36%, list=20%, signal=29%	XM_067083986.1/XM_067099712.1/XM_067107757.1/XM_067089330.1/XM_067110951.1
GO:0016055	GO:0016055	87	0.296177058729284	1.12006628432642	0.261874197689345	0.834776334776335	0.773010958769473	4821	tags=30%, list=26%, signal=22%	XM_067105744.1/XM_067122529.1/XM_067105746.1/XM_067105329.1/XM_067115698.1/XM_067133269.1/XM_067109240.1/XM_067091219.1/XM_067115142.1/XM_067113278.1/XM_067113317.1/XM_067105348.1/JP355075.1/XM_067092950.1/XM_067092887.1/XM_067114210.1/XM_067110359.1/XM_067112653.1/XM_067093621.1/XM_067112606.1/JP354182.1/XM_067112689.1/XM_067091655.1/XM_067105345.1/XM_067125323.1/XM_067110804.1
GO:0006446	GO:0006446	21	-0.351534812705224	-1.1516495463924	0.262536873156342	0.834776334776335	0.773010958769473	4645	tags=71%, list=26%, signal=53%	XM_067115284.1/XM_067105566.1/XM_067087534.1/XM_067088254.1/XM_067129112.1/EL696169.1/XM_067129115.1/JP354805.1/XM_067128509.1/XM_067094885.1/XM_067097313.1/XM_067094883.1/XM_067129114.1/XM_067092972.1/XM_067129113.1
GO:0035973	GO:0035973	12	-0.410232037595574	-1.14885932280781	0.262626262626263	0.834776334776335	0.773010958769473	6107	tags=67%, list=34%, signal=44%	XM_067123559.1/XM_067086662.1/XM_067086661.1/XM_067119909.1/XM_067101696.1/XM_067086663.1/XM_067119910.1/XM_067104394.1
GO:0120183	GO:0120183	10	-0.43993622519105	-1.1492227818705	0.263546798029557	0.834797002161019	0.773030096967556	10198	tags=60%, list=56%, signal=26%	XM_067130824.1/XM_067130830.1/XM_067130822.1/XM_067092841.1/XM_067105264.1/XM_067092822.1
GO:0001754	GO:0001754	17	-0.380547196624151	-1.17112104371581	0.263736263736264	0.834797002161019	0.773030096967556	2496	tags=47%, list=14%, signal=41%	XM_067095283.1/XM_067093648.1/XM_067120894.1/XM_067120907.1/XM_067120929.1/XM_067120904.1/XM_067120915.1/XM_067095299.1
GO:0045595	GO:0045595	13	0.469723149870701	1.1894733692705	0.266447368421053	0.837524757503428	0.775556024793587	3719	tags=38%, list=20%, signal=31%	XM_067133211.1/XM_067084782.1/XM_067113306.1/XM_067084783.1/XM_067133208.1
GO:0008306	GO:0008306	17	-0.378569733725426	-1.16503546895818	0.266483516483516	0.837524757503428	0.775556024793587	1028	tags=24%, list=6%, signal=22%	XM_067117718.1/XM_067133637.1/XM_067105663.1/XM_067117729.1
GO:0035725	GO:0035725	14	-0.389414144393209	-1.1540418196711	0.267175572519084	0.837524757503428	0.775556024793587	3421	tags=50%, list=19%, signal=41%	XM_067099734.1/XM_067098368.1/XM_067112621.1/XM_067109528.1/XM_067108010.1/XM_067117526.1/XM_067111157.1
GO:0032715	GO:0032715	11	0.491943898038993	1.19423602642872	0.268211920529801	0.837524757503428	0.775556024793587	5014	tags=45%, list=28%, signal=33%	XM_067085935.1/XM_067085934.1/XM_067129449.1/XM_067102687.1/XM_067116312.1
GO:0034063	GO:0034063	16	-0.375833869093534	-1.15459213303762	0.268421052631579	0.837524757503428	0.775556024793587	3881	tags=31%, list=21%, signal=25%	XM_067125279.1/XM_067123870.1/XM_067102222.1/XM_067123872.1/XM_067101655.1
GO:0006900	GO:0006900	10	-0.439373032950964	-1.1477515837381	0.268472906403941	0.837524757503428	0.775556024793587	3472	tags=40%, list=19%, signal=32%	XM_067117362.1/XM_067123884.1/XM_067089742.1/XM_067093913.1
GO:0070633	GO:0070633	10	-0.439154409580701	-1.14718048514842	0.268472906403941	0.837524757503428	0.775556024793587	1564	tags=40%, list=9%, signal=37%	XM_067107721.1/XM_067128319.1/XM_067109332.1/XM_067107723.1
GO:0032511	GO:0032511	12	-0.407290740213709	-1.14062218721472	0.27020202020202	0.838376129140181	0.776344403162473	1108	tags=33%, list=6%, signal=31%	XM_067121855.1/XM_067117362.1/XM_067089742.1/XM_067093913.1
GO:0072593	GO:0072593	15	0.451519073029967	1.17288545114379	0.270358306188925	0.838376129140181	0.776344403162473	1418	tags=27%, list=8%, signal=25%	XM_067115130.1/XM_067127464.1/XM_067086340.1/XM_067098175.1
GO:0048813	GO:0048813	109	-0.238723700353709	-1.08825360206209	0.270408163265306	0.838376129140181	0.776344403162473	3096	tags=30%, list=17%, signal=25%	XM_067112421.1/XM_067134686.1/XM_067125902.1/XM_067112420.1/XM_067110271.1/XM_067109097.1/XM_067108441.1/XM_067112961.1/XM_067085552.1/XM_067113389.1/XM_067129983.1/XM_067101614.1/XM_067134691.1/XM_067114226.1/XM_067112962.1/XM_067134033.1/XM_067112148.1/XM_067114851.1/XM_067103577.1/XM_067134598.1/XM_067114877.1/XM_067092752.1/XM_067134692.1/XM_067121352.1/XM_067134689.1/XM_067134688.1/XM_067112960.1/XM_067128693.1/XM_067134681.1/XM_067130934.1/XM_067108016.1/XM_067087618.1/XM_067134690.1
GO:0051896	GO:0051896	11	0.491324694500763	1.19273285670551	0.271523178807947	0.838869883213401	0.77680162420916	4375	tags=45%, list=24%, signal=35%	XM_067118537.1/XM_067134072.1/XM_067129350.1/XM_067120940.1/XM_067120950.1
GO:0050767	GO:0050767	19	-0.354218592661257	-1.1238305817372	0.271676300578035	0.838869883213401	0.77680162420916	1922	tags=26%, list=11%, signal=24%	XM_067098450.1/XM_067110534.1/XM_067125300.1/XM_067131558.1/XM_067132549.1
GO:0007098	GO:0007098	24	-0.33925920593089	-1.14279825472569	0.272727272727273	0.840399925939641	0.77821845857005	3856	tags=33%, list=21%, signal=26%	XM_067105133.1/XM_067100504.1/XM_067105114.1/XM_067083887.1/XM_067105136.1/XM_067095794.1/XM_067106639.1/XM_067098337.1
GO:0043069	GO:0043069	12	-0.403463076891166	-1.12990277407856	0.275252525252525	0.846457460786729	0.783827794418295	4896	tags=50%, list=27%, signal=37%	JP354804.1/XM_067119909.1/XM_067100504.1/XM_067119910.1/XM_067112480.1/XM_067112153.1
GO:0030307	GO:0030307	41	-0.281090056730675	-1.09602835931118	0.27681660899654	0.849540627610071	0.786682836712703	1680	tags=15%, list=9%, signal=13%	XM_067100691.1/XM_067104111.1/JP354575.1/XM_067134095.1/XM_067091408.1/XM_067097334.1
GO:0036258	GO:0036258	11	0.489040304397576	1.18718730370543	0.279801324503311	0.852258672838372	0.789199772879169	3368	tags=45%, list=19%, signal=37%	XM_067088879.1/XM_067126663.1/XM_067098539.1/XM_067128237.1/XM_067098538.1
GO:0006103	GO:0006103	20	0.412496185964603	1.16263024666642	0.28	0.852258672838372	0.789199772879169	6035	tags=55%, list=33%, signal=37%	XM_067085785.1/XM_067118787.1/XM_067081379.1/XM_067088763.1/XM_067118631.1/XM_067120398.1/XM_067094856.1/XM_067084483.1/EL609008.1/XM_067122326.1/XM_067086503.1
GO:0007062	GO:0007062	17	0.435108715326418	1.18019268479959	0.280564263322884	0.852258672838372	0.789199772879169	972	tags=18%, list=5%, signal=17%	XM_067101074.1/JP353538.1/XM_067093638.1
GO:0045324	GO:0045324	14	0.448724167154624	1.15335976218817	0.280788177339901	0.852258672838372	0.789199772879169	4234	tags=43%, list=23%, signal=33%	XM_067116983.1/XM_067123905.1/XM_067123903.1/XM_067107408.1/XM_067119020.1/XM_067088949.1
GO:0002098	GO:0002098	13	0.46484690041558	1.17712531090807	0.28125	0.852258672838372	0.789199772879169	5380	tags=62%, list=30%, signal=43%	XM_067081438.1/XM_067111367.1/XM_067086987.1/XM_067082580.1/XM_067134152.1/XM_067100824.1/XM_067081624.1/XM_067111366.1
GO:0006384	GO:0006384	17	0.434576908322102	1.17875020683004	0.282131661442006	0.852258672838372	0.789199772879169	5964	tags=59%, list=33%, signal=40%	XM_067088336.1/XM_067111335.1/XM_067129887.1/XM_067128143.1/JP354258.1/XM_067119704.1/XM_067128286.1/XM_067117357.1/XM_067121677.1/XM_067107738.1
GO:0000302	GO:0000302	25	-0.327767323201067	-1.12101928260041	0.282208588957055	0.852258672838372	0.789199772879169	1862	tags=28%, list=10%, signal=25%	XM_067129779.1/XM_067086169.1/XM_067085134.1/XM_067086170.1/XM_067104831.1/XM_067086167.1/XM_067085133.1
GO:0035435	GO:0035435	25	-0.327681857404653	-1.12072697522564	0.282208588957055	0.852258672838372	0.789199772879169	2533	tags=20%, list=14%, signal=17%	XM_067087012.1/XM_067121924.1/XM_067081631.1/XM_067118159.1/XM_067121920.1
GO:1903861	GO:1903861	14	-0.381862733395332	-1.13166296103294	0.28498727735369	0.856267930787162	0.792912384511575	3882	tags=43%, list=21%, signal=34%	XM_067096645.1/XM_067096644.1/XM_067086262.1/XM_067134033.1/XM_067094891.1/XM_067094892.1
GO:0006002	GO:0006002	15	0.44839316149785	1.16476544829878	0.285016286644951	0.856267930787162	0.792912384511575	2534	tags=33%, list=14%, signal=29%	XM_067092992.1/XM_067092993.1/JP354750.1/XM_067105009.1/XM_067092529.1
GO:0043517	GO:0043517	10	0.503760278796177	1.18391386102199	0.285234899328859	0.856267930787162	0.792912384511575	6286	tags=80%, list=35%, signal=52%	XM_067113619.1/XM_067116521.1/XM_067113477.1/XM_067118592.1/XM_067113808.1/XM_067113482.1/XM_067099620.1/XM_067113478.1
GO:0051123	GO:0051123	19	-0.350434296279198	-1.11182413122154	0.286127167630058	0.856267930787162	0.792912384511575	4144	tags=47%, list=23%, signal=37%	XM_067131902.1/XM_067094999.1/XM_067099222.1/XM_067099221.1/XM_067129848.1/XM_067110745.1/XM_067118588.1/XM_067122520.1/XM_067109188.1
GO:0006829	GO:0006829	13	-0.390306219723692	-1.1241648522595	0.286802030456853	0.856267930787162	0.792912384511575	1758	tags=69%, list=10%, signal=63%	XM_067130484.1/XM_067092604.1/XM_067110526.1/XM_067104428.1/XM_067112117.1/XM_067112111.1/XM_067130487.1/XM_067112122.1/XM_067112114.1
GO:0040034	GO:0040034	20	-0.34432151028803	-1.1149361822255	0.286931818181818	0.856267930787162	0.792912384511575	5583	tags=45%, list=31%, signal=31%	XM_067098817.1/XM_067094826.1/XM_067112421.1/XM_067112420.1/XM_067108441.1/XM_067129983.1/XM_067091389.1/JP353024.1/XM_067130934.1
GO:0045050	GO:0045050	11	0.48597099062348	1.17973628113954	0.288079470198675	0.856605727447811	0.793225187486024	5739	tags=64%, list=32%, signal=44%	XM_067113391.1/XM_067103861.1/XM_067129484.1/XM_067091876.1/XM_067104942.1/XM_067092879.1/EL696040.1
GO:0035329	GO:0035329	10	-0.431967332583909	-1.12840605343122	0.288177339901478	0.856605727447811	0.793225187486024	2634	tags=40%, list=14%, signal=34%	XM_067132386.1/XM_067127113.1/XM_067132385.1/XM_067089467.1
GO:0072015	GO:0072015	10	0.501270492694046	1.17806248209959	0.290268456375839	0.859253053237669	0.795676636768593	5610	tags=50%, list=31%, signal=35%	XM_067092174.1/XM_067125526.1/XM_067092175.1/XM_067103567.1/XM_067092177.1
GO:0090398	GO:0090398	10	0.501213243445631	1.17792793759184	0.290268456375839	0.859253053237669	0.795676636768593	4725	tags=50%, list=26%, signal=37%	XM_067099183.1/XM_067118592.1/XM_067091990.1/XM_067114096.1/XM_067100502.1
GO:0061157	GO:0061157	19	0.410047640577878	1.15155534615602	0.291158536585366	0.859253053237669	0.795676636768593	3276	tags=37%, list=18%, signal=30%	XM_067084481.1/XM_067108002.1/XM_067085393.1/JP354205.1/XM_067085391.1/XM_067084468.1/XM_067111620.1
GO:0022416	GO:0022416	31	0.36690690637003	1.14112529285219	0.291361639824305	0.859253053237669	0.795676636768593	6430	tags=52%, list=35%, signal=33%	XM_067113367.1/XM_067094808.1/XM_067098606.1/XM_067098605.1/XM_067095097.1/XM_067086940.1/XM_067092887.1/XM_067123141.1/XM_067094809.1/XM_067091821.1/XM_067098249.1/XM_067134191.1/XM_067085210.1/XM_067086947.1/XM_067130820.1/XM_067095096.1
GO:0042051	GO:0042051	19	-0.34659484586518	-1.09964269331361	0.291907514450867	0.859253053237669	0.795676636768593	3444	tags=32%, list=19%, signal=26%	XM_067105142.1/XM_067129190.1/XM_067083647.1/XM_067083648.1/XM_067095299.1/XM_067083628.1
GO:0045824	GO:0045824	23	0.387937934155218	1.13538257109051	0.295522388059701	0.860137728937729	0.796495855022171	6494	tags=52%, list=36%, signal=34%	XM_067131655.1/XM_067088818.1/XM_067131656.1/XM_067120838.1/XM_067093312.1/XM_067130554.1/XM_067105629.1/XM_067123801.1/XM_067123410.1/XM_067134062.1/XM_067129171.1/XM_067105628.1
GO:0006479	GO:0006479	19	0.407005753035853	1.14301267570805	0.295731707317073	0.860137728937729	0.796495855022171	2384	tags=26%, list=13%, signal=23%	XM_067081580.1/XM_067088619.1/XM_067081582.1/XM_067081585.1/XM_067122454.1
GO:0034389	GO:0034389	16	0.433959255340775	1.14785251873491	0.295819935691318	0.860137728937729	0.796495855022171	5722	tags=44%, list=31%, signal=30%	XM_067105243.1/XM_067084352.1/XM_067093392.1/XM_067105250.1/XM_067106234.1/XM_067084215.1/XM_067105245.1
GO:0042274	GO:0042274	65	0.30552309861262	1.10974563259853	0.295958279009126	0.860137728937729	0.796495855022171	5657	tags=34%, list=31%, signal=23%	XM_067096931.1/XM_067092577.1/XM_067085894.1/XM_067110006.1/GH624947.1/XM_067103800.1/XM_067120342.1/XM_067084077.1/XM_067130880.1/XM_067098236.1/XM_067130190.1/XM_067114894.1/XM_067105521.1/EL609765.1/XM_067129830.1/XM_067110862.1/XM_067110869.1/XM_067091259.1/XM_067104476.1/XM_067097963.1/XM_067103371.1/XM_067089357.1
GO:0035151	GO:0035151	13	0.459168336049646	1.16274556170724	0.296052631578947	0.860137728937729	0.796495855022171	5976	tags=77%, list=33%, signal=52%	XM_067107900.1/XM_067130209.1/XM_067098370.1/XM_067119601.1/XM_067106590.1/XM_067101753.1/XM_067127171.1/XM_067108466.1/XM_067086465.1/XM_067093293.1
GO:0046512	GO:0046512	13	0.457910660385662	1.15956076719604	0.296052631578947	0.860137728937729	0.796495855022171	2888	tags=31%, list=16%, signal=26%	XM_067085935.1/XM_067091513.1/XM_067085934.1/XM_067129449.1
GO:0009725	GO:0009725	20	0.406072552551845	1.14452508411393	0.296923076923077	0.860137728937729	0.796495855022171	7176	tags=60%, list=39%, signal=36%	XM_067095835.1/XM_067095819.1/XM_067133708.1/XM_067098108.1/XM_067095805.1/XM_067088757.1/XM_067106479.1/XM_067112566.1/XM_067113855.1/XM_067088758.1/XM_067087181.1/XM_067086763.1
GO:0006111	GO:0006111	12	0.472422905887126	1.16786099830636	0.297029702970297	0.860137728937729	0.796495855022171	5511	tags=50%, list=30%, signal=35%	XM_067116482.1/XM_067105009.1/XM_067105371.1/XM_067127015.1/XM_067123801.1/XM_067105372.1
GO:0000038	GO:0000038	14	-0.379083183878293	-1.12342567322844	0.297709923664122	0.860137728937729	0.796495855022171	3378	tags=43%, list=19%, signal=35%	XM_067084573.1/XM_067084574.1/XM_067114601.1/XM_067096168.1/XM_067098983.1/XM_067098981.1
GO:2000781	GO:2000781	20	0.40456598658144	1.14027879232897	0.298461538461538	0.860137728937729	0.796495855022171	2871	tags=20%, list=16%, signal=17%	XM_067087114.1/XM_067082608.1/XM_067128387.1/XM_067118592.1
GO:0031397	GO:0031397	20	0.403442665873547	1.13711268637177	0.298461538461538	0.860137728937729	0.796495855022171	2722	tags=25%, list=15%, signal=21%	XM_067098946.1/XM_067106694.1/XM_067116482.1/XM_067134072.1/XM_067086987.1
GO:0008584	GO:0008584	12	-0.397071168734655	-1.11200216514714	0.30050505050505	0.86438049698506	0.800424699264003	3082	tags=33%, list=17%, signal=28%	XM_067082975.1/XM_067081458.1/XM_067105694.1/XM_067107617.1
GO:1900745	GO:1900745	15	0.443832230301827	1.15291777637744	0.301302931596091	0.865030997162972	0.80102706871946	4658	tags=47%, list=26%, signal=35%	XM_067081580.1/XM_067081582.1/XM_067133032.1/XM_067081585.1/XM_067081583.1/XM_067102687.1/XM_067081581.1
GO:0006898	GO:0006898	35	-0.292531881511938	-1.09418805463683	0.301948051948052	0.865241292798111	0.801221804511278	1319	tags=20%, list=7%, signal=19%	XM_067110247.1/XM_067133197.1/XM_067092926.1/XM_067122070.1/XM_067101142.1/XM_067126900.1/PZ246843.1
GO:0008016	GO:0008016	11	-0.415470217562046	-1.12636249595485	0.304020100502513	0.869531969868245	0.805195012971534	101	tags=27%, list=1%, signal=27%	XM_067092569.1/XM_067098864.1/XM_067082529.1
GO:0045995	GO:0045995	40	0.337414386500915	1.11783355771051	0.304895104895105	0.870389233408101	0.805988847299672	6235	tags=50%, list=34%, signal=33%	XM_067087673.1/XM_067115166.1/XM_067133613.1/XM_067111875.1/XM_067132504.1/XM_067092311.1/XM_067115161.1/XM_067097083.1/JP355589.1/XM_067090693.1/XM_067134476.1/XM_067095605.1/XM_067120513.1/XM_067098504.1/XM_067133612.1/XM_067134480.1/XM_067095648.1/XM_067103660.1/XM_067111874.1/XM_067092317.1
GO:0043123	GO:0043123	53	-0.260927964573321	-1.07637898278623	0.306513409961686	0.871870812114715	0.807360803509712	3097	tags=34%, list=17%, signal=28%	XM_067100504.1/XM_067082283.1/XM_067082885.1/XM_067110198.1/JP353707.1/XM_067093525.1/XM_067114384.1/XM_067133239.1/XM_067131387.1/XM_067095460.1/XM_067091216.1/XM_067088762.1/XM_067125575.1/XM_067091211.1/XM_067132601.1/XM_067125889.1/XM_067085623.1/XM_067087236.1
GO:0021549	GO:0021549	14	0.442717110725118	1.1379197710263	0.307060755336617	0.871870812114715	0.807360803509712	3251	tags=36%, list=18%, signal=29%	XM_067116983.1/XM_067109611.1/XM_067099374.1/EL696583.1/XM_067113602.1
GO:0001822	GO:0001822	38	0.344837736686343	1.12352025321339	0.307142857142857	0.871870812114715	0.807360803509712	4948	tags=39%, list=27%, signal=29%	XM_067092174.1/XM_067082648.1/XM_067101117.1/XM_067120288.1/XM_067120287.1/XM_067112773.1/XM_067092950.1/XM_067122746.1/XM_067107618.1/XM_067092175.1/XM_067112689.1/XM_067110455.1/XM_067095605.1/XM_067093356.1/XM_067111463.1
GO:0070328	GO:0070328	14	-0.376400809176336	-1.11547636623316	0.307888040712468	0.872349448685326	0.80780402560279	480	tags=29%, list=3%, signal=28%	XM_067111143.1/XM_067131187.1/XM_067108451.1/XM_067088851.1
GO:0001578	GO:0001578	24	-0.328493895393926	-1.10653519132711	0.309090909090909	0.874120645709431	0.809444171175603	4668	tags=38%, list=26%, signal=28%	XM_067129735.1/XM_067117311.1/XM_067088122.1/XM_067095118.1/XM_067104306.1/XM_067090269.1/XM_067125606.1/XM_067110765.1/XM_067117314.1
GO:0045807	GO:0045807	45	-0.272555561769308	-1.09137316259683	0.310469314079422	0.875341588911593	0.810574776388027	2312	tags=24%, list=13%, signal=21%	XM_067083382.1/JP354879.1/XM_067099874.1/XM_067090158.1/XM_067105143.1/XM_067131558.1/XM_067107580.1/XM_067105146.1/XM_067127866.1/XM_067105149.1/XM_067083380.1
GO:0031032	GO:0031032	15	0.441261926796259	1.1462410449462	0.311074918566775	0.875341588911593	0.810574776388027	5229	tags=47%, list=29%, signal=33%	XM_067105190.1/XM_067105189.1/XM_067107986.1/XM_067099594.1/XM_067133410.1/XM_067110181.1/XM_067121967.1
GO:0050790	GO:0050790	11	0.47898912156981	1.16278719489427	0.311258278145695	0.875341588911593	0.810574776388027	4240	tags=27%, list=23%, signal=21%	XM_067082099.1/XM_067127937.1/XM_067132205.1
GO:1904380	GO:1904380	11	-0.409603283704602	-1.11045691720591	0.314070351758794	0.877838202947748	0.812886665129198	1906	tags=45%, list=10%, signal=41%	XM_067118296.1/XM_067092062.1/XM_067091638.1/XM_067092063.1/XM_067090755.1
GO:0032259	GO:0032259	113	0.272504974391915	1.07356865032159	0.314745972738538	0.877838202947748	0.812886665129198	3361	tags=23%, list=18%, signal=19%	XM_067090194.1/XM_067118281.1/XM_067090193.1/XM_067098949.1/XM_067118387.1/XM_067116120.1/XM_067129342.1/XM_067090203.1/JP354837.1/XM_067088819.1/XM_067130211.1/XM_067120567.1/XM_067130382.1/XM_067103173.1/XM_067131713.1/XM_067100747.1/XM_067130376.1/XM_067083306.1/XM_067116748.1/XM_067113966.1/XM_067088827.1/XM_067090198.1/XM_067106210.1/XM_067093408.1/XM_067105371.1/XM_067134675.1
GO:0000724	GO:0000724	65	-0.250333429672022	-1.06695342077893	0.314893617021277	0.877838202947748	0.812886665129198	4178	tags=32%, list=23%, signal=25%	XM_067121194.1/XM_067095973.1/XM_067090890.1/GH626050.1/XM_067118350.1/XM_067134044.1/XM_067096127.1/XM_067091223.1/XM_067091647.1/XM_067120818.1/XM_067127456.1/XM_067121470.1/XM_067108820.1/XM_067094880.1/XM_067127235.1/XM_067129211.1/XM_067104499.1/XM_067119057.1/XM_067082701.1/XM_067119059.1/XM_067113717.1
GO:0060041	GO:0060041	17	0.422594713682121	1.14624959729538	0.315047021943574	0.877838202947748	0.812886665129198	4812	tags=41%, list=26%, signal=30%	XM_067082661.1/XM_067113391.1/XM_067082666.1/XM_067127332.1/XM_067082584.1/XM_067132205.1/XM_067121357.1
GO:0051492	GO:0051492	17	0.42166953606055	1.14374013742327	0.315047021943574	0.877838202947748	0.812886665129198	5417	tags=47%, list=30%, signal=33%	XM_067101841.1/XM_067091665.1/XM_067120071.1/XM_067091125.1/XM_067133605.1/XM_067091666.1/XM_067115985.1/XM_067108538.1
GO:0006400	GO:0006400	28	0.359560032930068	1.10421371516386	0.316400580551524	0.879989114658926	0.8148784301743	1852	tags=21%, list=10%, signal=19%	XM_067092932.1/XM_067124694.1/XM_067081438.1/XM_067091174.1/XM_067114417.1/XM_067132369.1
GO:0061709	GO:0061709	18	-0.350811328694272	-1.09345013696504	0.317548746518106	0.880814397631303	0.815642650187682	2518	tags=22%, list=14%, signal=19%	XM_067100860.1/XM_067081705.1/XM_067100878.1/XM_067091960.1
GO:0006730	GO:0006730	27	-0.313675594733577	-1.0824669243909	0.318327974276527	0.880814397631303	0.815642650187682	3333	tags=44%, list=18%, signal=36%	XM_067109125.1/XM_067095997.1/XM_067109127.1/XM_067095996.1/XM_067104981.1/XM_067109130.1/XM_067091983.1/XM_067099375.1/XM_067091982.1/XM_067109123.1/XM_067092748.1/XM_067109124.1
GO:0050808	GO:0050808	35	0.349977276653635	1.11721139150893	0.318443804034582	0.880814397631303	0.815642650187682	5017	tags=40%, list=28%, signal=29%	XM_067082661.1/XM_067103791.1/XM_067105329.1/XM_067109742.1/XM_067082666.1/XM_067105348.1/XM_067111262.1/XM_067103790.1/XM_067095429.1/XM_067105345.1/XM_067104635.1/XM_067119987.1/XM_067108466.1/XM_067098249.1
GO:0000712	GO:0000712	11	0.474010333689257	1.15070076008208	0.31953642384106	0.882223739546575	0.81694771443037	2699	tags=27%, list=15%, signal=23%	XM_067097439.1/XM_067111644.1/XM_067127123.1
GO:0000027	GO:0000027	15	0.43830935813068	1.13857132502026	0.320846905537459	0.884228357155147	0.818804009721711	7472	tags=60%, list=41%, signal=35%	XM_067093448.1/XM_067114667.1/XM_067108877.1/JP354549.1/JP353033.1/XM_067081519.1/XM_067112364.1/XM_067098705.1/XM_067130082.1
GO:0030032	GO:0030032	19	0.39750095094793	1.11631990985509	0.321646341463415	0.884638052650289	0.819183391712203	1	tags=5%, list=0%, signal=5%	XM_067090459.1
GO:0006607	GO:0006607	15	-0.371329272636445	-1.11836991152695	0.322164948453608	0.884638052650289	0.819183391712203	4474	tags=47%, list=25%, signal=35%	XM_067100741.1/XM_067119457.1/XM_067100740.1/XM_067088372.1/JP355704.1/JP351565.1/XM_067091189.1
GO:0035001	GO:0035001	13	0.449386346662706	1.13797476666029	0.324013157894737	0.885638206296556	0.820109543660706	5142	tags=62%, list=28%, signal=44%	XM_067087673.1/XM_067130209.1/XM_067091665.1/XM_067091125.1/XM_067091666.1/XM_067106590.1/XM_067127171.1/XM_067115985.1
GO:0035160	GO:0035160	11	0.473031985384678	1.14832573562018	0.324503311258278	0.885638206296556	0.820109543660706	5976	tags=64%, list=33%, signal=43%	XM_067101841.1/XM_067112518.1/XM_067091665.1/XM_067091125.1/XM_067091666.1/XM_067115985.1/XM_067093293.1
GO:0007254	GO:0007254	13	0.448638476478678	1.1360809454428	0.325657894736842	0.885638206296556	0.820109543660706	5201	tags=46%, list=29%, signal=33%	XM_067095983.1/XM_067124071.1/XM_067094352.1/XM_067106882.1/XM_067092052.1/XM_067095982.1
GO:0071320	GO:0071320	16	-0.359530119878091	-1.10450569290765	0.326315789473684	0.885638206296556	0.820109543660706	4061	tags=62%, list=22%, signal=49%	XM_067129819.1/XM_067089425.1/XM_067112474.1/XM_067112475.1/XM_067112473.1/XM_067083378.1/XM_067091698.1/XM_067083382.1/XM_067083380.1/XM_067110521.1
GO:0010977	GO:0010977	21	0.389596298119889	1.11748823904619	0.327300150829563	0.885638206296556	0.820109543660706	6628	tags=52%, list=36%, signal=33%	XM_067121778.1/XM_067105787.1/XM_067095542.1/XM_067134673.1/XM_067093951.1/XM_067092941.1/XM_067106555.1/XM_067133769.1/XM_067133947.1/XM_067121382.1/XM_067121385.1
GO:0036211	GO:0036211	13	0.448239553306715	1.13507075786834	0.327302631578947	0.885638206296556	0.820109543660706	3172	tags=38%, list=17%, signal=32%	XM_067088619.1/XM_067095236.1/XM_067102275.1/XM_067082092.1/XM_067114210.1
GO:0006913	GO:0006913	21	-0.333836283986727	-1.0936680838635	0.327433628318584	0.885638206296556	0.820109543660706	1530	tags=38%, list=8%, signal=35%	XM_067119457.1/XM_067094304.1/XM_067129433.1/XM_067095118.1/XM_067132792.1/XM_067086193.1/XM_067129436.1/XM_067093435.1
GO:0006386	GO:0006386	14	0.436276208295177	1.12136466158795	0.328407224958949	0.885638206296556	0.820109543660706	4854	tags=50%, list=27%, signal=37%	XM_067088336.1/XM_067111335.1/XM_067129887.1/XM_067128143.1/JP354258.1/XM_067119704.1/XM_067128286.1
GO:0050807	GO:0050807	21	0.388331617259777	1.1138607251449	0.330316742081448	0.885638206296556	0.820109543660706	5716	tags=48%, list=31%, signal=33%	XM_067123572.1/XM_067105461.1/XM_067123571.1/XM_067093451.1/XM_067105453.1/XM_067094072.1/JP354937.1/XM_067094593.1/XM_067134191.1/XM_067094564.1
GO:0060070	GO:0060070	18	-0.344605921689553	-1.07410839231703	0.331476323119777	0.885638206296556	0.820109543660706	1858	tags=28%, list=10%, signal=25%	XM_067102353.1/XM_067133046.1/JP355486.1/XM_067128516.1/XM_067130876.1
GO:0006740	GO:0006740	11	-0.403321475220154	-1.09342659063962	0.331658291457286	0.885638206296556	0.820109543660706	5168	tags=64%, list=28%, signal=46%	XM_067109125.1/XM_067109127.1/XM_067107742.1/XM_067109130.1/XM_067107741.1/XM_067109123.1/XM_067109124.1
GO:0051298	GO:0051298	11	-0.403086174345955	-1.09278867709308	0.331658291457286	0.885638206296556	0.820109543660706	1809	tags=45%, list=10%, signal=41%	XM_067123913.1/XM_067118301.1/XM_067123191.1/JP354004.1/XM_067119806.1
GO:0061040	GO:0061040	11	0.468393960112343	1.13706653128044	0.332781456953642	0.885638206296556	0.820109543660706	2183	tags=27%, list=12%, signal=24%	XM_067082911.1/XM_067114655.1/XM_067082912.1
GO:0007080	GO:0007080	24	0.371553495393903	1.09834933494866	0.333333333333333	0.885638206296556	0.820109543660706	5105	tags=42%, list=28%, signal=30%	XM_067102196.1/XM_067098946.1/XM_067116996.1/XM_067132651.1/XM_067125309.1/XM_067114667.1/XM_067125310.1/XM_067083643.1/XM_067100502.1/XM_067125308.1
GO:0033617	GO:0033617	15	0.432713088376486	1.12403421293035	0.333876221498371	0.885638206296556	0.820109543660706	2262	tags=27%, list=12%, signal=23%	JP354779.1/XM_067134220.1/XM_067110187.1/XM_067110184.1
GO:0051898	GO:0051898	20	0.393641202701211	1.10948703083002	0.335384615384615	0.885638206296556	0.820109543660706	4896	tags=40%, list=27%, signal=29%	XM_067129350.1/XM_067099352.1/XM_067094072.1/XM_067134673.1/XM_067113794.1/XM_067112170.1/XM_067108877.1/JP354937.1
GO:0006370	GO:0006370	12	-0.389693110760945	-1.09133983283152	0.335858585858586	0.885638206296556	0.820109543660706	6124	tags=58%, list=34%, signal=39%	XM_067089737.1/XM_067105097.1/XM_067118460.1/XM_067118461.1/XM_067118466.1/XM_067129891.1/XM_067118464.1
GO:0006935	GO:0006935	21	-0.331041813833394	-1.08451322873059	0.336283185840708	0.885638206296556	0.820109543660706	4268	tags=48%, list=23%, signal=36%	XM_067095122.1/XM_067095123.1/XM_067134595.1/XM_067095100.1/XM_067095120.1/XM_067095390.1/XM_067134615.1/XM_067103878.1/XM_067095121.1/XM_067120393.1
GO:0006376	GO:0006376	14	0.434012946256088	1.1155473788155	0.336617405582923	0.885638206296556	0.820109543660706	6577	tags=50%, list=36%, signal=32%	XM_067098310.1/XM_067133002.1/XM_067129558.1/XM_067104359.1/XM_067129564.1/XM_067129557.1/XM_067132994.1
GO:0018216	GO:0018216	14	0.433638220978403	1.11458421906438	0.336617405582923	0.885638206296556	0.820109543660706	2172	tags=29%, list=12%, signal=25%	XM_067081580.1/XM_067106694.1/XM_067081582.1/XM_067081585.1
GO:1903358	GO:1903358	12	0.45777675093104	1.13165472436152	0.336633663366337	0.885638206296556	0.820109543660706	1532	tags=17%, list=8%, signal=15%	XM_067126876.1/XM_067083294.1
GO:0019221	GO:0019221	16	-0.354078901794603	-1.08775910875905	0.336842105263158	0.885638206296556	0.820109543660706	730	tags=19%, list=4%, signal=18%	XM_067121084.1/XM_067121085.1/XM_067125889.1
GO:0046627	GO:0046627	18	-0.340582035692638	-1.06156626971559	0.337047353760446	0.885638206296556	0.820109543660706	183	tags=39%, list=1%, signal=39%	XM_067082046.1/XM_067107642.1/XM_067122690.1/XM_067129396.1/XM_067112734.1/XM_067099926.1/XM_067091682.1
GO:0034332	GO:0034332	13	0.446088741429965	1.12962428700479	0.337171052631579	0.885638206296556	0.820109543660706	4190	tags=23%, list=23%, signal=18%	XM_067101382.1/XM_067092619.1/XM_067084275.1
GO:0051693	GO:0051693	23	-0.320839919704745	-1.06724808600718	0.337349397590361	0.885638206296556	0.820109543660706	2490	tags=22%, list=14%, signal=19%	XM_067099424.1/XM_067094598.1/XM_067105466.1/XM_067099407.1/XM_067099408.1
GO:0042573	GO:0042573	11	0.467337050762713	1.13450079314032	0.337748344370861	0.885638206296556	0.820109543660706	1461	tags=27%, list=8%, signal=25%	XM_067111849.1/XM_067103457.1/XM_067122547.1
GO:0061462	GO:0061462	17	0.413508966913301	1.12160533829804	0.34012539184953	0.89026502292895	0.824394020606277	5331	tags=41%, list=29%, signal=29%	XM_067112878.1/XM_067116482.1/XM_067096856.1/XM_067129678.1/XM_067122702.1/XM_067127770.1/XM_067129680.1
GO:0006413	GO:0006413	45	0.320859542985878	1.08352592960371	0.340689655172414	0.89026502292895	0.824394020606277	4153	tags=29%, list=23%, signal=22%	XM_067116869.1/XM_067093244.1/XM_067134196.1/XM_067117493.1/XM_067112379.1/XM_067088250.1/XM_067124817.1/XM_067107805.1/XM_067117491.1/XM_067088252.1/XM_067120060.1/GH624836.1/XM_067120181.1
GO:0019388	GO:0019388	13	-0.374075626051282	-1.07741729350744	0.342639593908629	0.893816733765097	0.827682939187633	1565	tags=31%, list=9%, signal=28%	XM_067101127.1/XM_067111568.1/XM_067111566.1/XM_067089529.1
GO:0030514	GO:0030514	27	0.357177738026346	1.09024225351741	0.344428364688857	0.89483537818965	0.828626213775645	6253	tags=41%, list=34%, signal=27%	XM_067114901.1/XM_067118333.1/XM_067115420.1/XM_067118436.1/XM_067115421.1/XM_067123440.1/JP355316.1/XM_067093356.1/XM_067091891.1/XM_067121615.1/XM_067101482.1
GO:0071816	GO:0071816	20	0.391129947398613	1.10240899842331	0.344615384615385	0.89483537818965	0.828626213775645	5803	tags=55%, list=32%, signal=38%	XM_067113391.1/XM_067123862.1/XM_067103861.1/XM_067129484.1/XM_067091876.1/XM_067104942.1/XM_067091210.1/XM_067095605.1/XM_067092879.1/EL696040.1/XM_067095648.1
GO:0007264	GO:0007264	49	-0.258305266737339	-1.04758588755439	0.344961240310078	0.89483537818965	0.828626213775645	3703	tags=35%, list=20%, signal=28%	XM_067112540.1/XM_067111539.1/XM_067100418.1/XM_067120006.1/XM_067103180.1/XM_067087231.1/XM_067134691.1/XM_067110839.1/XM_067127885.1/XM_067088354.1/XM_067134692.1/XM_067134689.1/XM_067134688.1/XM_067134681.1/XM_067081221.1/XM_067134690.1/XM_067101450.1
GO:0006749	GO:0006749	53	0.30805496755307	1.07326497042855	0.345479082321188	0.89483537818965	0.828626213775645	3211	tags=26%, list=18%, signal=22%	XM_067097550.1/XM_067130887.1/XM_067090129.1/XM_067084412.1/XM_067082661.1/XM_067115374.1/XM_067130888.1/XM_067112079.1/XM_067128830.1/XM_067082666.1/XM_067084332.1/XM_067082285.1/XM_067123459.1/XM_067128565.1
GO:0009612	GO:0009612	22	-0.324271048039371	-1.07440805027422	0.346041055718475	0.89483537818965	0.828626213775645	3816	tags=32%, list=21%, signal=25%	XM_067111453.1/XM_067092569.1/XM_067111452.1/XM_067120607.1/XM_067131636.1/XM_067116179.1/XM_067082529.1
GO:0007298	GO:0007298	78	-0.239527363157438	-1.05797712105474	0.346846846846847	0.89483537818965	0.828626213775645	1867	tags=22%, list=10%, signal=20%	XM_067133257.1/XM_067106355.1/XM_067134692.1/XM_067110070.1/GH624156.1/XM_067127590.1/XM_067134689.1/GH625197.1/XM_067086029.1/XM_067134688.1/XM_067134681.1/XM_067107205.1/XM_067129028.1/XM_067125824.1/XM_067086030.1/XM_067134690.1/XM_067129033.1
GO:0051014	GO:0051014	18	-0.335771800489314	-1.04657316113644	0.348189415041783	0.89483537818965	0.828626213775645	5109	tags=39%, list=28%, signal=28%	XM_067085592.1/XM_067093562.1/XM_067085589.1/GH624151.1/XM_067093563.1/GH625197.1/XM_067084306.1
GO:0007218	GO:0007218	11	0.461938417108516	1.12139514668544	0.349337748344371	0.89483537818965	0.828626213775645	6055	tags=45%, list=33%, signal=30%	XM_067113813.1/XM_067114210.1/XM_067124590.1/XM_067094238.1/XM_067131126.1
GO:0031623	GO:0031623	15	0.428998439916849	1.11438488160712	0.350162866449511	0.89483537818965	0.828626213775645	3465	tags=33%, list=19%, signal=27%	XM_067114185.1/XM_067112878.1/XM_067118395.1/XM_067085710.1/XM_067122678.1
GO:0007626	GO:0007626	24	0.364630503692239	1.07788427829964	0.351190476190476	0.89483537818965	0.828626213775645	2199	tags=21%, list=12%, signal=18%	XM_067082661.1/XM_067098927.1/XM_067107663.1/XM_067082666.1/XM_067100534.1
GO:0006911	GO:0006911	13	0.439948331500717	1.11407501273706	0.351973684210526	0.89483537818965	0.828626213775645	3410	tags=38%, list=19%, signal=31%	XM_067089210.1/XM_067104208.1/XM_067093686.1/XM_067089191.1/XM_067089184.1
GO:0045088	GO:0045088	20	-0.330826219131198	-1.07123752283058	0.352272727272727	0.89483537818965	0.828626213775645	1673	tags=20%, list=9%, signal=18%	XM_067122232.1/XM_067119057.1/XM_067119059.1/XM_067099242.1
GO:0090026	GO:0090026	15	0.426770916557319	1.1085985706924	0.355048859934853	0.89483537818965	0.828626213775645	4550	tags=40%, list=25%, signal=30%	XM_067113660.1/XM_067085741.1/XM_067106819.1/XM_067103874.1/KJ631065.1/XM_067106816.1
GO:0006954	GO:0006954	63	-0.249358371786569	-1.04743341090663	0.355263157894737	0.89483537818965	0.828626213775645	1536	tags=14%, list=8%, signal=13%	XM_067110549.1/XM_067134615.1/XM_067110596.1/XM_067095258.1/XM_067103859.1/XM_067125380.1/XM_067132601.1/XM_067110600.1/XM_067099242.1
GO:0046329	GO:0046329	21	0.376978546602366	1.0812964451506	0.355957767722474	0.89483537818965	0.828626213775645	5249	tags=48%, list=29%, signal=34%	XM_067081580.1/XM_067081582.1/XM_067126315.1/XM_067081585.1/XM_067092887.1/XM_067081503.1/XM_067099936.1/XM_067081583.1/XM_067081581.1/XM_067123410.1
GO:0006644	GO:0006644	23	0.370067651892707	1.08308140321037	0.356716417910448	0.89483537818965	0.828626213775645	3236	tags=26%, list=18%, signal=21%	XM_067086720.1/XM_067117989.1/XM_067086716.1/XM_067127773.1/JP351928.1/XM_067081091.1
GO:0008090	GO:0008090	11	-0.397884203372886	-1.07868584911304	0.35678391959799	0.89483537818965	0.828626213775645	4137	tags=36%, list=23%, signal=28%	XM_067112637.1/XM_067108535.1/XM_067108533.1/XM_067095299.1
GO:0031122	GO:0031122	21	-0.327104273092328	-1.07161360444173	0.35693215339233	0.89483537818965	0.828626213775645	2163	tags=43%, list=12%, signal=38%	XM_067118322.1/XM_067110807.1/XM_067117311.1/XM_067088815.1/XM_067118737.1/XM_067126478.1/XM_067125259.1/XM_067132377.1/XM_067117314.1
GO:0035070	GO:0035070	17	-0.343383394597266	-1.05675070804057	0.357142857142857	0.89483537818965	0.828626213775645	5583	tags=53%, list=31%, signal=37%	XM_067094831.1/XM_067098803.1/XM_067098817.1/XM_067094826.1/XM_067112421.1/XM_067112420.1/XM_067108441.1/XM_067129983.1/XM_067130934.1
GO:0048808	GO:0048808	17	-0.343383394597266	-1.05675070804057	0.357142857142857	0.89483537818965	0.828626213775645	5583	tags=53%, list=31%, signal=37%	XM_067094831.1/XM_067098803.1/XM_067098817.1/XM_067094826.1/XM_067112421.1/XM_067112420.1/XM_067108441.1/XM_067129983.1/XM_067130934.1
GO:0071390	GO:0071390	17	-0.343383394597266	-1.05675070804057	0.357142857142857	0.89483537818965	0.828626213775645	5583	tags=53%, list=31%, signal=37%	XM_067094831.1/XM_067098803.1/XM_067098817.1/XM_067094826.1/XM_067112421.1/XM_067112420.1/XM_067108441.1/XM_067129983.1/XM_067130934.1
GO:0070373	GO:0070373	17	0.40826798879552	1.10738966341513	0.357366771159875	0.89483537818965	0.828626213775645	6492	tags=41%, list=36%, signal=27%	XM_067109287.1/XM_067113477.1/XM_067099352.1/XM_067081503.1/XM_067113482.1/XM_067113478.1/XM_067082047.1
GO:2000134	GO:2000134	15	0.426197020926802	1.10710779460848	0.358306188925081	0.89483537818965	0.828626213775645	5812	tags=53%, list=32%, signal=36%	XM_067133211.1/XM_067133269.1/XM_067129350.1/XM_067133208.1/XM_067082988.1/XM_067089712.1/XM_067118744.1/XM_067082987.1
GO:0006107	GO:0006107	15	0.426110465752552	1.10688295514839	0.358306188925081	0.89483537818965	0.828626213775645	4631	tags=47%, list=25%, signal=35%	XM_067093687.1/XM_067081379.1/XM_067089421.1/XM_067093675.1/XM_067093698.1/XM_067089427.1/GH624839.1
GO:0006282	GO:0006282	28	0.350893095459505	1.07759743318871	0.358490566037736	0.89483537818965	0.828626213775645	6235	tags=50%, list=34%, signal=33%	XM_067116855.1/XM_067111875.1/XM_067129840.1/XM_067092311.1/XM_067104047.1/XM_067104882.1/XM_067126362.1/XM_067103608.1/XM_067134264.1/XM_067108308.1/XM_067134263.1/XM_067130335.1/XM_067111874.1/XM_067092317.1
GO:0051216	GO:0051216	13	0.434987960357582	1.10151393419945	0.360197368421053	0.89483537818965	0.828626213775645	4948	tags=38%, list=27%, signal=28%	XM_067119708.1/XM_067108849.1/XM_067115308.1/XM_067091162.1/XM_067111463.1
GO:0007565	GO:0007565	17	0.405988906356764	1.10120786027599	0.360501567398119	0.89483537818965	0.828626213775645	2581	tags=35%, list=14%, signal=30%	XM_067111779.1/XM_067120288.1/XM_067111780.1/XM_067120287.1/XM_067104207.1/XM_067081379.1
GO:0006930	GO:0006930	11	0.45569035746863	1.10622744576066	0.360927152317881	0.89483537818965	0.828626213775645	5680	tags=64%, list=31%, signal=44%	XM_067091665.1/XM_067091125.1/XM_067091666.1/XM_067115985.1/XM_067131460.1/XM_067131193.1/XM_067131196.1
GO:0006098	GO:0006098	10	-0.408856238905412	-1.0680341316652	0.362068965517241	0.89483537818965	0.828626213775645	5103	tags=50%, list=28%, signal=36%	XM_067114129.1/XM_067123764.1/XM_067131414.1/XM_067114130.1/XM_067122156.1
GO:0045861	GO:0045861	11	0.453861695741269	1.10178821249916	0.362582781456954	0.89483537818965	0.828626213775645	1037	tags=18%, list=6%, signal=17%	XM_067088818.1/EL696179.1
GO:0045087	GO:0045087	158	0.259239845566717	1.05313745186035	0.362676056338028	0.89483537818965	0.828626213775645	5296	tags=37%, list=29%, signal=27%	XM_067128434.1/XM_067105873.1/XM_067123123.1/XM_067097761.1/XM_067127055.1/XM_067111604.1/XM_067081933.1/XM_067098165.1/XM_067133613.1/XM_067108002.1/XM_067127046.1/XM_067087818.1/XM_067112556.1/XM_067120547.1/XM_067128451.1/XM_067091644.1/XM_067133163.1/XM_067091235.1/XM_067108026.1/XM_067133032.1/XM_067124071.1/XM_067108022.1/XM_067093312.1/XM_067088035.1/XM_067120568.1/XM_067095257.1/XM_067129887.1/XM_067113296.1/XM_067087062.1/XM_067123348.1/XM_067128143.1/XM_067090096.1/XM_067106260.1/JP354258.1/XM_067081284.1/XM_067115414.1/XM_067119132.1/XM_067112866.1/XM_067105629.1/XM_067107938.1/XM_067116043.1/XM_067105865.1/XM_067101500.1/XM_067098166.1/XM_067119704.1/MF678810.1/XM_067124309.1/XM_067105853.1/LT574896.1/XM_067114451.1/XM_067097909.1/XM_067131759.1/XM_067128286.1/XM_067109117.1/XM_067080977.1/XM_067107937.1/XM_067123090.1/XM_067123410.1/XM_067103633.1
GO:0000212	GO:0000212	13	-0.367107759714015	-1.05734835779551	0.362944162436548	0.89483537818965	0.828626213775645	3340	tags=38%, list=18%, signal=31%	XM_067102175.1/XM_067128130.1/XM_067083887.1/XM_067126478.1/XM_067101112.1
GO:0051965	GO:0051965	20	-0.327797574419416	-1.06143056778602	0.363636363636364	0.89483537818965	0.828626213775645	4183	tags=65%, list=23%, signal=50%	XM_067130824.1/XM_067100133.1/XM_067130830.1/XM_067130822.1/XM_067085661.1/XM_067085625.1/XM_067133283.1/XM_067082741.1/XM_067083378.1/XM_067082742.1/XM_067083382.1/XM_067083380.1/XM_067123908.1
GO:0045663	GO:0045663	10	0.468335113205556	1.10065929265475	0.364093959731544	0.89483537818965	0.828626213775645	2619	tags=20%, list=14%, signal=17%	XM_067128387.1/XM_067099183.1
GO:0036099	GO:0036099	10	0.467807275839534	1.09941879394872	0.364093959731544	0.89483537818965	0.828626213775645	2629	tags=30%, list=14%, signal=26%	XM_067127487.1/XM_067127489.1/XM_067086646.1
GO:0015827	GO:0015827	11	-0.396462248793062	-1.07483085243226	0.364321608040201	0.89483537818965	0.828626213775645	3927	tags=64%, list=22%, signal=50%	XM_067123692.1/XM_067116479.1/XM_067123722.1/XM_067084067.1/XM_067113858.1/XM_067084068.1/XM_067116476.1
GO:0006366	GO:0006366	52	0.307071537343111	1.06625161999298	0.364993215739484	0.895031986084019	0.828808274587143	6071	tags=42%, list=33%, signal=28%	XM_067129083.1/XM_067125407.1/XM_067126812.1/XM_067113343.1/XM_067090307.1/XM_067095239.1/XM_067120371.1/XM_067095238.1/XM_067110528.1/XM_067116358.1/XM_067115415.1/XM_067124988.1/XM_067124610.1/XM_067134264.1/XM_067120629.1/XM_067124663.1/XM_067085344.1/XM_067086069.1/XM_067134263.1/XM_067130335.1/XM_067121677.1/XM_067092438.1
GO:0010842	GO:0010842	13	0.434157225400256	1.09941027567435	0.366776315789474	0.897949135581673	0.831509583232481	4128	tags=38%, list=23%, signal=30%	XM_067082661.1/XM_067127908.1/XM_067082666.1/XM_067109725.1/XM_067085913.1
GO:0048678	GO:0048678	14	0.420989615569837	1.08207339483456	0.369458128078818	0.901597012553631	0.83488755258558	6285	tags=50%, list=35%, signal=33%	XM_067082661.1/XM_067096838.1/XM_067082666.1/XM_067085047.1/XM_067085048.1/XM_067131742.1/JP354088.1
GO:0002063	GO:0002063	10	-0.406431383901514	-1.06169980761175	0.369458128078818	0.901597012553631	0.83488755258558	1195	tags=20%, list=7%, signal=19%	XM_067124006.1/XM_067132853.1
GO:0043542	GO:0043542	11	0.4512493437223	1.09544650380595	0.370860927152318	0.903562935235841	0.836708016000907	2996	tags=36%, list=16%, signal=30%	XM_067095236.1/XM_067106313.1/JP352604.1/XM_067106316.1
GO:0061431	GO:0061431	13	0.432202583966364	1.09446056448229	0.371710526315789	0.903988183161004	0.837101799692	4658	tags=46%, list=26%, signal=34%	XM_067081580.1/XM_067081582.1/XM_067081585.1/XM_067134072.1/XM_067081583.1/XM_067081581.1
GO:0042273	GO:0042273	30	0.349825231775925	1.08070209772931	0.372230428360414	0.903988183161004	0.837101799692	8126	tags=67%, list=45%, signal=37%	XM_067104821.1/XM_067101291.1/XM_067093448.1/XM_067106885.1/XM_067134078.1/XM_067090515.1/XM_067114667.1/XM_067106886.1/XM_067104350.1/XM_067094358.1/XM_067112363.1/XM_067133004.1/XM_067115963.1/XM_067107806.1/XM_067112364.1/XM_067133337.1/XM_067100521.1/XM_067095561.1/XM_067114961.1/XM_067132757.1
GO:0015074	GO:0015074	16	-0.34615760128952	-1.06342423104126	0.373684210526316	0.906064439946019	0.839024433553519	3021	tags=100%, list=17%, signal=83%	XM_067084984.1/XM_067096167.1/XM_067126713.1/XM_067097296.1/XM_067102145.1/XM_067109297.1/XM_067090001.1/XM_067108133.1/XM_067101857.1/XM_067101850.1/XM_067091050.1/XM_067122998.1/XM_067090047.1/XM_067102999.1/XM_067103042.1
GO:0061564	GO:0061564	14	-0.355381551340768	-1.05318509379237	0.376590330788804	0.911649872773537	0.844196598366144	4786	tags=50%, list=26%, signal=37%	XM_067121082.1/XM_067133414.1/XM_067128716.1/XM_067133412.1/XM_067109308.1/XM_067082971.1/XM_067093049.1
GO:0006605	GO:0006605	15	-0.355104335680041	-1.06950362856565	0.378865979381443	0.914292127168703	0.846643351488186	3712	tags=40%, list=20%, signal=32%	XM_067121429.1/XM_067082741.1/XM_067084222.1/XM_067082742.1/XM_067122653.1/JZ905044.1
GO:0034599	GO:0034599	55	0.300527371557121	1.05710638322375	0.378890392422192	0.914292127168703	0.846643351488186	6578	tags=40%, list=36%, signal=26%	XM_067082661.1/XM_067103239.1/EL609346.1/XM_067095983.1/XM_067082666.1/JP355566.1/XM_067127500.1/XM_067087858.1/XM_067123325.1/XM_067123326.1/XM_067102687.1/XM_067083343.1/XM_067127130.1/XM_067112731.1/XM_067119489.1/XM_067088757.1/XM_067095982.1/XM_067094488.1/XM_067093914.1/EL609711.1/XM_067125883.1/XM_067088758.1
GO:0031507	GO:0031507	129	0.261870425015572	1.04339160223908	0.380368098159509	0.916152729911119	0.84836628762076	6325	tags=37%, list=35%, signal=24%	XM_067104190.1/XM_067126392.1/XM_067094808.1/XM_067112426.1/XM_067108554.1/XM_067105951.1/XM_067111880.1/XM_067126403.1/XM_067126397.1/XM_067106560.1/XM_067114508.1/XM_067101808.1/XM_067124641.1/XM_067114526.1/XM_067109283.1/XM_067101809.1/XM_067081400.1/XM_067108611.1/XM_067130554.1/XM_067112204.1/XM_067125309.1/XM_067091790.1/XM_067105379.1/XM_067115513.1/XM_067094809.1/XM_067108701.1/XM_067091793.1/XM_067125310.1/XM_067114540.1/XM_067112577.1/XM_067113687.1/XM_067099354.1/XM_067110415.1/XM_067125308.1/XM_067126391.1/XM_067120628.1/XM_067114529.1/XM_067115443.1/XM_067096988.1/XM_067111441.1/XM_067110890.1/XM_067129171.1/XM_067111443.1/XM_067134075.1/XM_067109940.1/XM_067126394.1/XM_067108569.1/XM_067105381.1
GO:0015813	GO:0015813	10	0.46390874083645	1.09025663920547	0.380872483221476	0.916152729911119	0.84836628762076	1990	tags=30%, list=11%, signal=27%	XM_067082661.1/XM_067105476.1/XM_067082666.1
GO:0001764	GO:0001764	28	0.343874245682059	1.05604245076818	0.384615384615385	0.921884520453161	0.853673981092397	3345	tags=29%, list=18%, signal=23%	XM_067100419.1/XM_067127827.1/XM_067099712.1/XM_067092558.1/XM_067093451.1/XM_067124116.1/XM_067090660.1/XM_067099160.1
GO:0016239	GO:0016239	25	-0.300335488879809	-1.02719780298829	0.386503067484663	0.921884520453161	0.853673981092397	4367	tags=32%, list=24%, signal=24%	XM_067105854.1/XM_067089205.1/XM_067094096.1/XM_067114340.1/XM_067082885.1/JP353707.1/XM_067114384.1/XM_067085623.1
GO:0045945	GO:0045945	15	-0.353494526535085	-1.06465520361322	0.38659793814433	0.921884520453161	0.853673981092397	2032	tags=27%, list=11%, signal=24%	XM_067097513.1/JP355629.1/XM_067084311.1/XM_067118448.1
GO:0007455	GO:0007455	30	0.344398779807487	1.06393836117507	0.387001477104874	0.921884520453161	0.853673981092397	3880	tags=30%, list=21%, signal=24%	XM_067082911.1/XM_067114655.1/XM_067103643.1/XM_067116338.1/XM_067121038.1/XM_067082912.1/XM_067131841.1/XM_067114457.1/XM_067116340.1
GO:0034374	GO:0034374	11	0.445898247233064	1.0824562578982	0.387417218543046	0.921884520453161	0.853673981092397	7034	tags=55%, list=39%, signal=33%	XM_067085741.1/XM_067106819.1/XM_067106816.1/XM_067130440.1/XM_067106820.1/XM_067106817.1
GO:0043171	GO:0043171	14	0.416481847518813	1.07048703807491	0.38752052545156	0.921884520453161	0.853673981092397	5872	tags=50%, list=32%, signal=34%	XM_067097325.1/XM_067111498.1/XM_067134076.1/XM_067133463.1/XM_067107289.1/XM_067111231.1/XM_067103689.1
GO:0019674	GO:0019674	14	0.416112128269982	1.06953674536478	0.38752052545156	0.921884520453161	0.853673981092397	6351	tags=50%, list=35%, signal=33%	XM_067116603.1/GH624065.1/XM_067116605.1/GH624839.1/EL695802.1/XM_067107709.1/XM_067116607.1
GO:0019433	GO:0019433	14	0.41524015077732	1.06729549377375	0.390804597701149	0.92705513234457	0.858462017706628	3236	tags=36%, list=18%, signal=29%	XM_067101485.1/XM_067129341.1/XM_067127773.1/XM_067081096.1/XM_067081091.1
GO:0007338	GO:0007338	10	0.458329596391306	1.07714479470468	0.390939597315436	0.92705513234457	0.858462017706628	4864	tags=40%, list=27%, signal=29%	XM_067100534.1/XM_067104226.1/XM_067104225.1/XM_067123503.1
GO:0008104	GO:0008104	115	-0.221378418493052	-1.0213962639454	0.392670157068063	0.92705513234457	0.858462017706628	1837	tags=18%, list=10%, signal=17%	XM_067121011.1/XM_067117391.1/XM_067084264.1/XM_067106355.1/XM_067132377.1/JP354785.1/XM_067111191.1/GH624156.1/XM_067105143.1/XM_067095794.1/XM_067131558.1/XM_067081155.1/XM_067129279.1/XM_067105146.1/XM_067125380.1/XM_067116179.1/XM_067107205.1/XM_067129028.1/XM_067105149.1/XM_067084262.1/XM_067129033.1
GO:0000290	GO:0000290	12	0.435161654447234	1.07574869434637	0.392739273927393	0.92705513234457	0.858462017706628	3934	tags=33%, list=22%, signal=26%	XM_067133491.1/XM_067087852.1/XM_067108459.1/XM_067101125.1
GO:0006625	GO:0006625	18	-0.32637890718095	-1.01729628312695	0.392757660167131	0.92705513234457	0.858462017706628	4539	tags=50%, list=25%, signal=38%	XM_067091529.1/XM_067091985.1/XM_067083401.1/XM_067091538.1/XM_067091521.1/XM_067090230.1/XM_067109785.1/XM_067091522.1/XM_067091984.1
GO:0045887	GO:0045887	21	0.368029049974797	1.05562639316357	0.395173453996983	0.930278279615601	0.861446683249288	3719	tags=38%, list=20%, signal=30%	XM_067133211.1/XM_067106014.1/XM_067105787.1/XM_067106009.1/XM_067083967.1/XM_067123141.1/XM_067093279.1/XM_067133208.1
GO:0045653	GO:0045653	12	0.433100656875285	1.07065377059926	0.396039603960396	0.930278279615601	0.861446683249288	4658	tags=50%, list=26%, signal=37%	XM_067081580.1/XM_067081582.1/XM_067081585.1/XM_067134673.1/XM_067081583.1/XM_067081581.1
GO:0055001	GO:0055001	38	-0.269772586407078	-1.03928079099924	0.397350993377483	0.930278279615601	0.861446683249288	5748	tags=42%, list=32%, signal=29%	XM_067103852.1/XM_067098817.1/XM_067094826.1/XM_067130038.1/XM_067130079.1/XM_067112421.1/XM_067112420.1/XM_067108441.1/XM_067091191.1/XM_067129983.1/XM_067091698.1/XM_067110534.1/XM_067091203.1/XM_067093254.1/XM_067104245.1/XM_067130934.1
GO:0030510	GO:0030510	15	0.415483052693131	1.07927672784764	0.399022801302932	0.930278279615601	0.861446683249288	2335	tags=27%, list=13%, signal=23%	XM_067081580.1/XM_067081582.1/XM_067081585.1/XM_067118436.1
GO:0050679	GO:0050679	15	-0.349674741890616	-1.05315077202194	0.399484536082474	0.930278279615601	0.861446683249288	4078	tags=47%, list=22%, signal=36%	XM_067100817.1/EL696441.1/XM_067132386.1/XM_067132385.1/XM_067100816.1/XM_067083434.1/XM_067083423.1
GO:0019752	GO:0019752	11	-0.385576916012273	-1.04532011957584	0.399497487437186	0.930278279615601	0.861446683249288	1869	tags=36%, list=10%, signal=33%	XM_067129035.1/XM_067118710.1/XM_067084605.1/XM_067083256.1
GO:0055089	GO:0055089	11	-0.384971897520587	-1.04367988133592	0.399497487437186	0.930278279615601	0.861446683249288	1081	tags=27%, list=6%, signal=26%	GH625301.1/JP354683.1/XM_067117016.1
GO:0007608	GO:0007608	30	0.34138223013161	1.05461944628127	0.400295420974889	0.930278279615601	0.861446683249288	5187	tags=47%, list=29%, signal=33%	XM_067101841.1/XM_067115374.1/XM_067112518.1/XM_067091665.1/XM_067120071.1/XM_067091125.1/XM_067091666.1/XM_067090709.1/XM_067118551.1/XM_067131205.1/XM_067118543.1/XM_067096130.1/XM_067115985.1/JP352337.1
GO:0060173	GO:0060173	11	0.440695830542735	1.06982694496059	0.400662251655629	0.930278279615601	0.861446683249288	317	tags=18%, list=2%, signal=18%	XM_067094945.1/XM_067124903.1
GO:0007596	GO:0007596	10	-0.400958582123767	-1.04740348891029	0.401477832512315	0.930278279615601	0.861446683249288	3614	tags=50%, list=20%, signal=40%	GH624830.1/XM_067116515.1/XM_067101180.1/GH624882.1/XM_067111308.1
GO:0015914	GO:0015914	14	-0.34751991096043	-1.02988686002056	0.402035623409669	0.930278279615601	0.861446683249288	1042	tags=43%, list=6%, signal=40%	XM_067112961.1/XM_067111143.1/XM_067112962.1/XM_067098139.1/XM_067112960.1/XM_067098146.1
GO:0042417	GO:0042417	11	0.439700923293884	1.06741172224054	0.402317880794702	0.930278279615601	0.861446683249288	2313	tags=27%, list=13%, signal=24%	XM_067082661.1/XM_067082666.1/XM_067132443.1
GO:0007157	GO:0007157	16	0.404100814524537	1.06887485879422	0.403536977491961	0.930278279615601	0.861446683249288	5583	tags=56%, list=31%, signal=39%	XM_067101841.1/XM_067112518.1/XM_067091665.1/XM_067120811.1/XM_067091125.1/XM_067091666.1/XM_067096324.1/XM_067115985.1/XM_067122663.1
GO:0001678	GO:0001678	11	-0.384212160307654	-1.04162019217589	0.404522613065327	0.930278279615601	0.861446683249288	45	tags=18%, list=0%, signal=18%	XM_067114340.1/XM_067081489.1
GO:0071222	GO:0071222	35	0.330267768234866	1.05429391430288	0.404899135446686	0.930278279615601	0.861446683249288	4264	tags=37%, list=23%, signal=28%	XM_067120537.1/XM_067111748.1/XM_067116482.1/XM_067126978.1/XM_067124071.1/XM_067093312.1/XM_067099183.1/XM_067107765.1/XM_067114789.1/XM_067114790.1/XM_067116043.1/XM_067102687.1/XM_067107766.1
GO:0009313	GO:0009313	13	-0.35599753699521	-1.02534855546058	0.406091370558376	0.930278279615601	0.861446683249288	1593	tags=38%, list=9%, signal=35%	XM_067123879.1/XM_067104221.1/XM_067121060.1/XM_067123878.1/XM_067126831.1
GO:0007310	GO:0007310	13	-0.355961018729858	-1.02524337509629	0.406091370558376	0.930278279615601	0.861446683249288	2294	tags=31%, list=13%, signal=27%	XM_067111961.1/XM_067093558.1/XM_067121352.1/XM_067103250.1
GO:0008407	GO:0008407	20	0.371387346067513	1.04676401009029	0.406153846153846	0.930278279615601	0.861446683249288	4147	tags=35%, list=23%, signal=27%	XM_067131149.1/XM_067094808.1/XM_067093451.1/XM_067125299.1/XM_067103402.1/XM_067123403.1/XM_067094809.1
GO:0006338	GO:0006338	175	0.253670595303098	1.03843464027111	0.406542056074766	0.930278279615601	0.861446683249288	3550	tags=21%, list=20%, signal=17%	XM_067113619.1/XM_067081580.1/XM_067104066.1/XM_067104190.1/XM_067103767.1/XM_067087114.1/XM_067111779.1/XM_067129903.1/XM_067117466.1/XM_067113367.1/XM_067082608.1/XM_067106694.1/XM_067133785.1/XM_067084318.1/XM_067111780.1/XM_067122627.1/XM_067111875.1/XM_067081582.1/XM_067092311.1/XM_067081585.1/XM_067128387.1/XM_067105027.1/XM_067106384.1/XM_067104882.1/XM_067087596.1/XM_067107647.1/JP355075.1/XM_067090367.1/XM_067081400.1/XM_067115177.1/XM_067088091.1/XM_067124622.1/XM_067104156.1/XM_067134187.1/XM_067099531.1/XM_067087597.1/XM_067084302.1
GO:0046785	GO:0046785	12	-0.371758053560754	-1.04111250833903	0.406565656565657	0.930278279615601	0.861446683249288	1350	tags=17%, list=7%, signal=15%	XM_067125606.1/XM_067110765.1
GO:0006646	GO:0006646	11	-0.381536092049218	-1.03436522468242	0.407035175879397	0.930278279615601	0.861446683249288	5816	tags=73%, list=32%, signal=50%	XM_067103881.1/XM_067097745.1/XM_067103880.1/XM_067097746.1/XM_067125610.1/XM_067121305.1/XM_067093655.1/XM_067101023.1
GO:0007031	GO:0007031	13	-0.353716882168032	-1.01877978492276	0.408629441624365	0.930864760168623	0.86198976991299	2455	tags=38%, list=13%, signal=33%	XM_067091985.1/XM_067091984.1/XM_067096168.1/XM_067098983.1/XM_067098981.1
GO:2000036	GO:2000036	12	0.428793991495223	1.06000740593858	0.409240924092409	0.930864760168623	0.86198976991299	5393	tags=42%, list=30%, signal=29%	XM_067116379.1/XM_067114904.1/XM_067099497.1/XM_067091259.1/XM_067114903.1
GO:0007009	GO:0007009	18	-0.322326469114555	-1.00466516606686	0.409470752089136	0.930864760168623	0.86198976991299	3735	tags=28%, list=21%, signal=22%	XM_067132691.1/XM_067128035.1/XM_067131225.1/XM_067094598.1/XM_067125824.1
GO:0006641	GO:0006641	19	-0.320503259814038	-1.01686182596839	0.410404624277457	0.930864760168623	0.86198976991299	1767	tags=26%, list=10%, signal=24%	XM_067130843.1/XM_067130845.1/JP354683.1/XM_067117016.1/XM_067095934.1
GO:0010458	GO:0010458	11	0.436702754686955	1.06013341067295	0.410596026490066	0.930864760168623	0.86198976991299	4134	tags=36%, list=23%, signal=28%	XM_067093808.1/XM_067124181.1/XM_067119020.1/XM_067093813.1
GO:0000460	GO:0000460	10	0.451897696695302	1.06202884467186	0.411073825503356	0.930864760168623	0.86198976991299	6796	tags=70%, list=37%, signal=44%	JP354051.1/XM_067116560.1/XM_067105960.1/XM_067091127.1/XM_067108913.1/XM_067132630.1/XM_067106656.1
GO:0042127	GO:0042127	36	-0.272534549093501	-1.02121402855406	0.411960132890365	0.930864760168623	0.86198976991299	1262	tags=17%, list=7%, signal=16%	XM_067114038.1/XM_067124006.1/XM_067121084.1/XM_067121085.1/XM_067114033.1/XM_067132853.1
GO:0009968	GO:0009968	14	-0.344185322085296	-1.02000469454526	0.412213740458015	0.930864760168623	0.86198976991299	4078	tags=43%, list=22%, signal=33%	XM_067100817.1/EL696441.1/XM_067129612.1/XM_067104537.1/XM_067129610.1/XM_067100816.1
GO:0090263	GO:0090263	56	0.291475037801176	1.02807968122667	0.413189771197847	0.931678276933445	0.862743094304391	1444	tags=14%, list=8%, signal=13%	XM_067096105.1/XM_067093530.1/XM_067113367.1/XM_067096102.1/XM_067130634.1/XM_067115698.1/XM_067130768.1/XM_067112165.1
GO:0032012	GO:0032012	16	-0.331468990441393	-1.01829962699373	0.415789473684211	0.934295503036271	0.865166670985687	3603	tags=50%, list=20%, signal=40%	XM_067092841.1/XM_067125440.1/JP351916.1/XM_067098741.1/XM_067103418.1/XM_067132793.1/XM_067125439.1/XM_067092822.1
GO:0044314	GO:0044314	17	-0.327489564263919	-1.00783798621854	0.417582417582418	0.934295503036271	0.865166670985687	1537	tags=29%, list=8%, signal=27%	XM_067091638.1/XM_067090755.1/XM_067090613.1/XM_067092027.1/XM_067092032.1
GO:0009410	GO:0009410	53	-0.247956233172444	-1.02286804894254	0.417624521072797	0.934295503036271	0.865166670985687	1823	tags=26%, list=10%, signal=24%	XM_067092519.1/XM_067082535.1/XM_067094793.1/EU077526.1/XM_067121578.1/XM_067082526.1/XM_067098983.1/XM_067115599.1/XM_067109332.1/XM_067092518.1/XM_067098981.1/XM_067098984.1/XM_067095934.1/XM_067085484.1
GO:0045892	GO:0045892	237	0.241743376333967	1.02443600988977	0.417792792792793	0.934295503036271	0.865166670985687	6161	tags=36%, list=34%, signal=24%	XM_067104190.1/XM_067126392.1/XM_067131149.1/XM_067113367.1/XM_067133033.1/XM_067118968.1/XM_067092947.1/XM_067116996.1/XM_067112426.1/XM_067095236.1/XM_067093546.1/XM_067108554.1/XM_067133269.1/XM_067105951.1/XM_067111880.1/XM_067130209.1/XM_067092535.1/XM_067082251.1/XM_067101280.1/XM_067126403.1/XM_067126397.1/XM_067131391.1/XM_067118320.1/XM_067124071.1/XM_067106560.1/XM_067114508.1/XM_067128387.1/XM_067106384.1/XM_067124641.1/XM_067114526.1/XM_067109283.1/XM_067087596.1/XM_067087133.1/XM_067131210.1/XM_067081400.1/XM_067108611.1/XM_067092850.1/XM_067118192.1/XM_067127208.1/XM_067112204.1/XM_067134675.1/XM_067093565.1/XM_067087597.1/XM_067089378.1/XM_067083472.1/XM_067129331.1/XM_067106590.1/XM_067115513.1/XM_067129858.1/XM_067108701.1/XM_067112400.1/XM_067128561.1/XM_067114540.1/XM_067123279.1/XM_067084167.1/XM_067112577.1/XM_067127171.1/XM_067093566.1/XM_067087132.1/XM_067113687.1/XM_067099354.1/XM_067110415.1/XM_067126391.1/XM_067092517.1/XM_067089712.1/XM_067084518.1/XM_067106555.1/XM_067097813.1/XM_067107893.1/XM_067114529.1/XM_067115443.1/XM_067112566.1/XM_067097916.1/XM_067084516.1/XM_067122098.1/XM_067096988.1/XM_067109669.1/XM_067111441.1/XM_067110890.1/XM_067097834.1/XM_067087131.1/XM_067093547.1/XM_067111443.1/XM_067109940.1/XM_067095139.1
GO:0050804	GO:0050804	27	-0.295314569941231	-1.0191046406515	0.418006430868167	0.934295503036271	0.865166670985687	3712	tags=30%, list=20%, signal=24%	XM_067082741.1/XM_067128035.1/XM_067082742.1/XM_067104995.1/JP353912.1/XM_067096269.1/XM_067099926.1/XM_067096270.1
GO:0000423	GO:0000423	43	0.306713463751599	1.03195446633653	0.418055555555556	0.934295503036271	0.865166670985687	4168	tags=26%, list=23%, signal=20%	XM_067081844.1/XM_067081839.1/XM_067116482.1/XM_067085935.1/XM_067126315.1/XM_067085934.1/XM_067090660.1/XM_067087770.1/XM_067103297.1/XM_067099254.1/XM_067125242.1
GO:0035493	GO:0035493	10	0.448147004100663	1.05321414224666	0.421140939597315	0.939802716240027	0.870266403670279	4017	tags=40%, list=22%, signal=31%	XM_067089210.1/XM_067089191.1/XM_067089184.1/XM_067115287.1
GO:0009653	GO:0009653	22	-0.306282935008874	-1.01480799172424	0.422287390029326	0.939821882951654	0.870284152230599	3090	tags=36%, list=17%, signal=30%	XM_067116005.1/XM_067104258.1/XM_067103180.1/XM_067104261.1/XM_067132007.1/XM_067104257.1/XM_067119504.1/XM_067104259.1
GO:0006896	GO:0006896	14	-0.341815946135861	-1.01298296980428	0.422391857506361	0.939821882951654	0.870284152230599	1685	tags=36%, list=9%, signal=32%	XM_067125810.1/XM_067098870.1/XM_067130011.1/XM_067120524.1/JZ905044.1
GO:0010506	GO:0010506	33	-0.277038854728164	-1.01015995790073	0.423076923076923	0.939932860009261	0.870386918059155	3042	tags=27%, list=17%, signal=23%	XM_067081458.1/XM_067132597.1/XM_067125818.1/XM_067114407.1/XM_067087740.1/JP355486.1/XM_067103889.1/GH625301.1/XM_067088263.1
GO:0016556	GO:0016556	16	-0.329874420130012	-1.01340097764758	0.423684210526316	0.939932860009261	0.870386918059155	2744	tags=25%, list=15%, signal=21%	XM_067131758.1/XM_067096487.1/XM_067082222.1/XM_067132517.1
GO:0060326	GO:0060326	10	0.446127719399527	1.04846851372522	0.424496644295302	0.94035640237012	0.870779122381208	595	tags=20%, list=3%, signal=19%	XM_067100419.1/XM_067127827.1
GO:0030431	GO:0030431	25	0.346189152113338	1.03129298637636	0.42603550295858	0.942385549672999	0.872658132406694	4313	tags=44%, list=24%, signal=34%	XM_067115166.1/JZ905129.1/OQ411018.1/XM_067081437.1/XM_067115161.1/XM_067086646.1/JP355589.1/XM_067084090.1/XM_067098370.1/XM_067119601.1/XM_067103718.1
GO:0042574	GO:0042574	26	0.340845913253313	1.02892507564077	0.430656934306569	0.950509563032249	0.880181047341234	7096	tags=46%, list=39%, signal=28%	XM_067121380.1/XM_067111849.1/XM_067087972.1/XM_067087971.1/XM_067109725.1/JP354014.1/XM_067111847.1/XM_067114921.1/XM_067110561.1/XM_067109724.1/XM_067087970.1/XM_067083907.1
GO:0032801	GO:0032801	11	0.432472496788146	1.04986409662316	0.432119205298013	0.950509563032249	0.880181047341234	4017	tags=45%, list=22%, signal=35%	XM_067113660.1/XM_067105678.1/XM_067099679.1/KJ631065.1/XM_067115287.1
GO:0048286	GO:0048286	15	-0.337301616542368	-1.01588537949636	0.43298969072165	0.950509563032249	0.880181047341234	454	tags=27%, list=2%, signal=26%	XM_067103678.1/XM_067109881.1/XM_067100522.1/XM_067132853.1
GO:0032691	GO:0032691	10	-0.39083716057492	-1.02096381978825	0.433497536945813	0.950509563032249	0.880181047341234	53	tags=100%, list=0%, signal=100%	XM_067116043.1/XM_067089166.1/XM_067102687.1/XM_067089167.1/XM_067127297.1/XM_067099234.1/XM_067102691.1/XM_067127298.1/XM_067099242.1
GO:0050714	GO:0050714	27	-0.289512782878406	-0.999083183122416	0.434083601286174	0.950509563032249	0.880181047341234	4534	tags=33%, list=25%, signal=25%	XM_067093562.1/XM_067105264.1/XM_067134045.1/XM_067084434.1/XM_067093563.1/XM_067103962.1/XM_067109730.1/GH625197.1/XM_067113269.1
GO:0006801	GO:0006801	10	0.441460296948604	1.03749935564055	0.434563758389262	0.950509563032249	0.880181047341234	1990	tags=20%, list=11%, signal=18%	XM_067082661.1/XM_067082666.1
GO:0036098	GO:0036098	10	0.441394818738406	1.03734547181145	0.434563758389262	0.950509563032249	0.880181047341234	3611	tags=50%, list=20%, signal=40%	XM_067116816.1/JP353561.1/XM_067123371.1/XM_067107965.1/XM_067134731.1
GO:0006412	GO:0006412	176	0.249810330046237	1.02344008030764	0.436406067677946	0.950509563032249	0.880181047341234	4086	tags=21%, list=22%, signal=16%	XM_067126429.1/XM_067096931.1/GH624871.1/XM_067129066.1/XM_067129067.1/GH625981.1/XM_067129069.1/XM_067125529.1/XM_067117385.1/XM_067110201.1/XM_067110006.1/XM_067086649.1/XM_067106544.1/XM_067097853.1/XM_067109841.1/XM_067111472.1/XM_067116521.1/XM_067123943.1/XM_067119047.1/GH625833.1/XM_067120826.1/XM_067129708.1/XM_067131248.1/XM_067083966.1/XM_067133713.1/XM_067129703.1/GH625560.1/XM_067094305.1/XM_067107760.1/XM_067109259.1/XM_067120060.1/XM_067114369.1/XM_067091198.1/XM_067103950.1/XM_067130190.1/GH626153.1/EL609714.1
GO:0007601	GO:0007601	78	-0.228862843683267	-1.01087261716013	0.436936936936937	0.950509563032249	0.880181047341234	816	tags=12%, list=4%, signal=11%	XM_067134688.1/XM_067088263.1/XM_067126925.1/XM_067134681.1/XM_067134690.1/XM_067090454.1/XM_067116796.1/JP354306.1/XM_067085373.1
GO:0045332	GO:0045332	14	-0.335391656961528	-0.993944374325446	0.43765903307888	0.950509563032249	0.880181047341234	2978	tags=36%, list=16%, signal=30%	XM_067083280.1/XM_067110104.1/XM_067109332.1/XM_067087325.1/XM_067110109.1
GO:0060236	GO:0060236	14	-0.335177048583181	-0.993308375230319	0.43765903307888	0.950509563032249	0.880181047341234	5794	tags=57%, list=32%, signal=39%	XM_067112428.1/XM_067123191.1/XM_067116296.1/XM_067127775.1/XM_067100504.1/XM_067131520.1/XM_067090471.1/XM_067094164.1
GO:0042059	GO:0042059	20	0.363475793124069	1.02446511118377	0.438461538461538	0.950509563032249	0.880181047341234	6648	tags=40%, list=37%, signal=25%	XM_067109287.1/XM_067128237.1/XM_067084275.1/XM_067117465.1/XM_067100502.1/JP355162.1/XM_067082047.1/XM_067117459.1
GO:0048589	GO:0048589	12	-0.363423270761299	-1.01777085765066	0.439393939393939	0.950509563032249	0.880181047341234	2537	tags=42%, list=14%, signal=36%	XM_067089425.1/XM_067134477.1/XM_067097313.1/XM_067124006.1/XM_067125750.1
GO:0010467	GO:0010467	42	0.303675570488379	1.02042722419857	0.44	0.950509563032249	0.880181047341234	2872	tags=21%, list=16%, signal=18%	XM_067126524.1/XM_067082661.1/XM_067082099.1/XM_067095983.1/XM_067113518.1/XM_067082666.1/XM_067090135.1/XM_067127937.1/XM_067132094.1
GO:0007094	GO:0007094	20	-0.310828584675589	-1.00648383899937	0.440340909090909	0.950509563032249	0.880181047341234	3539	tags=55%, list=19%, signal=44%	XM_067132607.1/XM_067125601.1/XM_067125599.1/XM_067092873.1/XM_067095235.1/XM_067116598.1/XM_067119463.1/XM_067084559.1/XM_067125538.1/XM_067125606.1/XM_067098604.1
GO:0042542	GO:0042542	15	0.39997455822064	1.03899119259026	0.441368078175896	0.950509563032249	0.880181047341234	1747	tags=20%, list=10%, signal=18%	XM_067115026.1/XM_067092947.1/JP355186.1
GO:0001843	GO:0001843	13	-0.346329927395063	-0.997503785460381	0.441624365482233	0.950509563032249	0.880181047341234	4362	tags=46%, list=24%, signal=35%	XM_067124898.1/XM_067097012.1/XM_067089029.1/XM_067095263.1/XM_067097513.1/XM_067133962.1
GO:1900182	GO:1900182	12	-0.362330535132374	-1.01471063953115	0.441919191919192	0.950509563032249	0.880181047341234	2030	tags=25%, list=11%, signal=22%	XM_067089630.1/XM_067082583.1/XM_067082701.1
GO:0141198	GO:0141198	16	0.39209639696808	1.0371223365043	0.442122186495177	0.950509563032249	0.880181047341234	5341	tags=50%, list=29%, signal=35%	XM_067117784.1/XM_067124071.1/XM_067130815.1/XM_067128510.1/XM_067083643.1/XM_067093210.1/XM_067133161.1/XM_067093132.1
GO:1902358	GO:1902358	15	0.399158878848858	1.03687234861421	0.44299674267101	0.950509563032249	0.880181047341234	2306	tags=27%, list=13%, signal=23%	XM_067093615.1/XM_067093618.1/XM_067081634.1/XM_067093616.1
GO:0006396	GO:0006396	50	0.291526217264943	1.00724969564933	0.444444444444444	0.950509563032249	0.880181047341234	4768	tags=34%, list=26%, signal=25%	XM_067081496.1/XM_067085050.1/XM_067124229.1/XM_067119178.1/XM_067129937.1/XM_067085151.1/JP355387.1/XM_067104491.1/XM_067081494.1/XM_067117337.1/XM_067084717.1/XM_067125800.1/XM_067090547.1/XM_067101013.1/XM_067124230.1/XM_067131721.1/XM_067131759.1
GO:0007431	GO:0007431	19	0.364125296465347	1.02258954892262	0.445121951219512	0.950509563032249	0.880181047341234	3983	tags=32%, list=22%, signal=25%	XM_067107645.1/XM_067101841.1/XM_067112518.1/XM_067091665.1/XM_067091125.1/XM_067091666.1
GO:0061484	GO:0061484	10	0.43892665170962	1.03154490102473	0.446308724832215	0.950509563032249	0.880181047341234	1829	tags=30%, list=10%, signal=27%	XM_067113619.1/XM_067117847.1/XM_067099462.1
GO:0042176	GO:0042176	24	-0.296974565212762	-1.00036199133296	0.448484848484848	0.950509563032249	0.880181047341234	810	tags=12%, list=4%, signal=12%	XM_067093527.1/XM_067105473.1/XM_067099242.1
GO:0070555	GO:0070555	11	0.42545830878319	1.03283655335033	0.448675496688742	0.950509563032249	0.880181047341234	2674	tags=36%, list=15%, signal=31%	XM_067087686.1/XM_067108544.1/XM_067124071.1/XM_067082582.1
GO:0160175	GO:0160175	11	0.423043917279075	1.02697541079401	0.448675496688742	0.950509563032249	0.880181047341234	5142	tags=55%, list=28%, signal=39%	XM_067101841.1/XM_067112518.1/XM_067091665.1/XM_067091125.1/XM_067091666.1/XM_067115985.1
GO:0034244	GO:0034244	20	-0.308864513890873	-1.00012404584994	0.448863636363636	0.950509563032249	0.880181047341234	5413	tags=45%, list=30%, signal=32%	XM_067093553.1/XM_067101743.1/XM_067083174.1/XM_067093551.1/XM_067100817.1/EL696441.1/XM_067125261.1/XM_067100816.1/XM_067101742.1
GO:0043410	GO:0043410	27	0.333925141035235	1.01926648698783	0.450072358900145	0.950509563032249	0.880181047341234	5229	tags=41%, list=29%, signal=29%	XM_067104127.1/XM_067112878.1/XM_067121778.1/XM_067098636.1/XM_067131210.1/XM_067117493.1/XM_067095542.1/XM_067104128.1/XM_067092052.1/XM_067115240.1/XM_067121967.1
GO:0051607	GO:0051607	94	0.262188696280327	1.00935720151249	0.451450189155107	0.950509563032249	0.880181047341234	4854	tags=32%, list=27%, signal=24%	XM_067105873.1/XM_067120537.1/XM_067117008.1/XM_067084447.1/XM_067095152.1/XM_067117015.1/XM_067133613.1/XM_067095264.1/XM_067091644.1/XM_067113518.1/XM_067108026.1/XM_067108459.1/XM_067108022.1/XM_067129887.1/XM_067090762.1/XM_067123348.1/XM_067128143.1/JP354258.1/XM_067095250.1/XM_067131841.1/XM_067112866.1/XM_067107938.1/XM_067103297.1/XM_067116043.1/XM_067119704.1/XM_067131721.1/XM_067090771.1/XM_067131759.1/XM_067085047.1/XM_067128286.1
GO:0042953	GO:0042953	11	-0.365205274926386	-0.990091485776671	0.452261306532663	0.950509563032249	0.880181047341234	2919	tags=55%, list=16%, signal=46%	XM_067103732.1/XM_067113227.1/XM_067134047.1/XM_067134048.1/XM_067134046.1/XM_067113213.1
GO:0000425	GO:0000425	18	0.371676729996923	1.02530482295032	0.452566096423017	0.950509563032249	0.880181047341234	3330	tags=28%, list=18%, signal=23%	XM_067122022.1/XM_067083403.1/XM_067119193.1/XM_067118592.1/XM_067129274.1
GO:0010867	GO:0010867	11	0.418823689159982	1.01673044489514	0.45364238410596	0.950509563032249	0.880181047341234	1098	tags=27%, list=6%, signal=26%	XM_067083388.1/XM_067117008.1/XM_067117015.1
GO:0044829	GO:0044829	12	0.414169889169893	1.02385564757089	0.453795379537954	0.950509563032249	0.880181047341234	4720	tags=42%, list=26%, signal=31%	XM_067086608.1/XM_067086609.1/JP355294.1/XM_067086625.1/XM_067119170.1
GO:0055059	GO:0055059	12	-0.357250113050792	-1.00048286174365	0.454545454545455	0.950509563032249	0.880181047341234	1103	tags=17%, list=6%, signal=16%	XM_067131558.1/XM_067103250.1
GO:0035099	GO:0035099	24	-0.294369388877008	-0.991586427051415	0.454545454545455	0.950509563032249	0.880181047341234	4698	tags=58%, list=26%, signal=43%	XM_067103814.1/XM_067091124.1/XM_067134686.1/XM_067131840.1/XM_067091126.1/XM_067103394.1/XM_067086856.1/XM_067103180.1/XM_067134691.1/XM_067134692.1/XM_067134689.1/XM_067134688.1/XM_067134681.1/XM_067134690.1
GO:0061343	GO:0061343	10	0.436961203367271	1.02692579619735	0.454697986577181	0.950509563032249	0.880181047341234	5976	tags=50%, list=33%, signal=34%	XM_067104878.1/XM_067104869.1/XM_067101753.1/XM_067108466.1/XM_067093293.1
GO:0140627	GO:0140627	12	-0.357076074528185	-0.99999546495134	0.457070707070707	0.950509563032249	0.880181047341234	4666	tags=50%, list=26%, signal=37%	XM_067126828.1/XM_067131820.1/XM_067081089.1/XM_067126824.1/XM_067126827.1/XM_067126825.1
GO:0097049	GO:0097049	10	0.436175442112646	1.02507913682391	0.458053691275168	0.950509563032249	0.880181047341234	1990	tags=30%, list=11%, signal=27%	XM_067082661.1/XM_067095983.1/XM_067082666.1
GO:0035264	GO:0035264	39	-0.261409217423818	-1.00445010486716	0.458333333333333	0.950509563032249	0.880181047341234	3470	tags=26%, list=19%, signal=21%	XM_067097012.1/XM_067091447.1/XM_067083962.1/XM_067095118.1/XM_067132597.1/JP355486.1/XM_067104111.1/XM_067100522.1/XM_067132517.1/XM_067107617.1
GO:0002040	GO:0002040	13	0.408617673078182	1.03473682417732	0.458881578947368	0.950509563032249	0.880181047341234	3012	tags=31%, list=17%, signal=26%	XM_067101530.1/XM_067095236.1/XM_067096323.1/XM_067122161.1
GO:0007112	GO:0007112	11	-0.363005778620035	-0.984128530925173	0.459798994974874	0.950509563032249	0.880181047341234	4341	tags=55%, list=24%, signal=42%	XM_067095821.1/XM_067099469.1/XM_067128130.1/XM_067091789.1/JP354879.1/XM_067108673.1
GO:0043009	GO:0043009	12	0.411989039301771	1.01846444093717	0.46039603960396	0.950509563032249	0.880181047341234	6982	tags=50%, list=38%, signal=31%	XM_067132856.1/XM_067112773.1/XM_067122422.1/XM_067112770.1/XM_067116646.1/XM_067119031.1
GO:0046660	GO:0046660	13	0.406982775777074	1.03059679658512	0.460526315789474	0.950509563032249	0.880181047341234	5800	tags=54%, list=32%, signal=37%	XM_067103643.1/XM_067116338.1/XM_067121038.1/XM_067116340.1/XM_067115140.1/XM_067113878.1/XM_067116342.1
GO:0048071	GO:0048071	13	0.406982775777074	1.03059679658512	0.460526315789474	0.950509563032249	0.880181047341234	5800	tags=54%, list=32%, signal=37%	XM_067103643.1/XM_067116338.1/XM_067121038.1/XM_067116340.1/XM_067115140.1/XM_067113878.1/XM_067116342.1
GO:0048086	GO:0048086	13	0.406982775777074	1.03059679658512	0.460526315789474	0.950509563032249	0.880181047341234	5800	tags=54%, list=32%, signal=37%	XM_067103643.1/XM_067116338.1/XM_067121038.1/XM_067116340.1/XM_067115140.1/XM_067113878.1/XM_067116342.1
GO:0048092	GO:0048092	13	0.406982775777074	1.03059679658512	0.460526315789474	0.950509563032249	0.880181047341234	5800	tags=54%, list=32%, signal=37%	XM_067103643.1/XM_067116338.1/XM_067121038.1/XM_067116340.1/XM_067115140.1/XM_067113878.1/XM_067116342.1
GO:0010586	GO:0010586	10	-0.382286290218985	-0.998626820798014	0.460591133004926	0.950509563032249	0.880181047341234	1182	tags=50%, list=6%, signal=47%	XM_067094991.1/XM_067094978.1/XM_067084510.1/XM_067083844.1/XM_067094990.1
GO:0045722	GO:0045722	10	-0.381876481825075	-0.997556299400784	0.460591133004926	0.950509563032249	0.880181047341234	6193	tags=60%, list=34%, signal=40%	XM_067083364.1/XM_067134150.1/XM_067089425.1/XM_067082046.1/XM_067114340.1/XM_067085532.1
GO:0031115	GO:0031115	10	0.434467039720427	1.02106412937397	0.461409395973154	0.950509563032249	0.880181047341234	4270	tags=30%, list=23%, signal=23%	XM_067100419.1/XM_067099194.1/XM_067114493.1
GO:0060765	GO:0060765	11	-0.361123383195333	-0.979025253916815	0.462311557788945	0.950509563032249	0.880181047341234	2771	tags=36%, list=15%, signal=31%	XM_067091698.1/XM_067104152.1/JP355486.1/XM_067101200.1
GO:0045652	GO:0045652	14	0.394446891362307	1.01385039210675	0.463054187192118	0.950509563032249	0.880181047341234	4658	tags=43%, list=26%, signal=32%	XM_067081580.1/XM_067081582.1/XM_067081585.1/XM_067101226.1/XM_067081583.1/XM_067081581.1
GO:0051453	GO:0051453	13	0.403865993449377	1.02270421224554	0.463815789473684	0.950509563032249	0.880181047341234	5357	tags=38%, list=29%, signal=27%	XM_067109742.1/XM_067104087.1/XM_067107847.1/XM_067089478.1/XM_067104086.1
GO:0140896	GO:0140896	10	0.433181470692614	1.01804284513344	0.464765100671141	0.950509563032249	0.880181047341234	3147	tags=30%, list=17%, signal=25%	XM_067095152.1/XM_067108920.1/XM_067095250.1
GO:0070536	GO:0070536	18	0.36581803383298	1.00914306476561	0.465007776049767	0.950509563032249	0.880181047341234	4009	tags=33%, list=22%, signal=26%	XM_067116948.1/XM_067094941.1/XM_067130634.1/XM_067083645.1/XM_067113715.1/XM_067099351.1
GO:0048489	GO:0048489	36	-0.266492775283862	-0.998574901910204	0.465116279069767	0.950509563032249	0.880181047341234	3712	tags=36%, list=20%, signal=29%	XM_067082741.1/XM_067114181.1/XM_067116210.1/XM_067082742.1/XM_067123884.1/XM_067110080.1/XM_067121011.1/XM_067108348.1/XM_067095124.1/XM_067110070.1/XM_067128146.1/XM_067095299.1/XM_067091807.1
GO:0007084	GO:0007084	11	0.414649352928223	1.00659688549077	0.46523178807947	0.950509563032249	0.880181047341234	4415	tags=36%, list=24%, signal=28%	XM_067123905.1/XM_067123903.1/XM_067091790.1/XM_067091793.1
GO:0048148	GO:0048148	10	-0.380001311989111	-0.992657889649622	0.46551724137931	0.950509563032249	0.880181047341234	687	tags=40%, list=4%, signal=39%	XM_067118088.1/XM_067090122.1/XM_067082583.1/XM_067082701.1
GO:0008298	GO:0008298	17	-0.317603669517651	-0.977414481654537	0.467032967032967	0.950841060846697	0.880488017523187	6265	tags=47%, list=34%, signal=31%	GH625899.1/XM_067128531.1/XM_067088169.1/XM_067094978.1/XM_067110367.1/XM_067088168.1/XM_067110365.1/XM_067094990.1
GO:0050728	GO:0050728	25	0.336583017899821	1.00267643735941	0.467455621301775	0.950841060846697	0.880488017523187	6494	tags=52%, list=36%, signal=33%	XM_067085935.1/XM_067085934.1/XM_067129449.1/XM_067111620.1/XM_067107765.1/XM_067105629.1/XM_067083690.1/XM_067116043.1/XM_067107766.1/XM_067116312.1/XM_067112229.1/XM_067082047.1/XM_067105628.1
GO:0048675	GO:0048675	33	0.317714380501813	0.999779114000701	0.468115942028985	0.950841060846697	0.880488017523187	2078	tags=18%, list=11%, signal=16%	XM_067100673.1/XM_067109210.1/XM_067092558.1/XM_067109742.1/XM_067100667.1/XM_067106832.1
GO:0006177	GO:0006177	14	-0.32667720487592	-0.968118804589189	0.468193384223919	0.950841060846697	0.880488017523187	5509	tags=50%, list=30%, signal=35%	XM_067116156.1/XM_067098250.1/XM_067132560.1/XM_067116153.1/XM_067098247.1/XM_067116149.1/XM_067116146.1
GO:0043519	GO:0043519	11	-0.3586898292691	-0.972427756049276	0.472361809045226	0.956164189953158	0.885417286553486	52	tags=18%, list=0%, signal=18%	XM_067104870.1/XM_067123908.1
GO:0051642	GO:0051642	25	-0.286690887107877	-0.980530973786536	0.47239263803681	0.956164189953158	0.885417286553486	2496	tags=32%, list=14%, signal=28%	XM_067120907.1/XM_067112637.1/XM_067093015.1/XM_067120929.1/XM_067120904.1/XM_067120915.1/XM_067095299.1/XM_067131558.1
GO:0090110	GO:0090110	20	-0.303833517383605	-0.983833341171302	0.474431818181818	0.956164189953158	0.885417286553486	1346	tags=30%, list=7%, signal=28%	XM_067130941.1/XM_067134048.1/XM_067130867.1/XM_067134046.1/XM_067130868.1/XM_067130942.1
GO:0045597	GO:0045597	12	0.407722059164083	1.00791618084805	0.475247524752475	0.956164189953158	0.885417286553486	2208	tags=17%, list=12%, signal=15%	XM_067082608.1/XM_067128387.1
GO:0018107	GO:0018107	12	0.407130653222211	1.00645418583241	0.475247524752475	0.956164189953158	0.885417286553486	4295	tags=33%, list=24%, signal=25%	XM_067098636.1/XM_067134072.1/XM_067105865.1/XM_067105853.1
GO:0061744	GO:0061744	15	0.385305173475415	1.0008853650126	0.47557003257329	0.956164189953158	0.885417286553486	2273	tags=27%, list=12%, signal=23%	XM_067082661.1/XM_067085935.1/XM_067082666.1/XM_067085934.1
GO:0006513	GO:0006513	27	-0.281654166660034	-0.971963788847912	0.47588424437299	0.956164189953158	0.885417286553486	4103	tags=37%, list=23%, signal=29%	XM_067117782.1/XM_067100267.1/XM_067085336.1/XM_067082212.1/XM_067085337.1/XM_067082216.1/XM_067128079.1/XM_067121278.1/XM_067102269.1/XM_067096166.1
GO:0042149	GO:0042149	27	-0.281635007207095	-0.971897671258771	0.47588424437299	0.956164189953158	0.885417286553486	1081	tags=41%, list=6%, signal=38%	XM_067131144.1/XM_067083364.1/XM_067082967.1/XM_067128814.1/XM_067130571.1/XM_067089425.1/XM_067082969.1/XM_067094096.1/XM_067114340.1/GH625301.1/XM_067088594.1
GO:0048704	GO:0048704	13	0.400133407384652	1.01325223670692	0.476973684210526	0.956164189953158	0.885417286553486	1179	tags=23%, list=6%, signal=22%	XM_067129897.1/XM_067098462.1/XM_067098464.1
GO:0030509	GO:0030509	19	0.356829218211072	1.00209964216973	0.477134146341463	0.956164189953158	0.885417286553486	5201	tags=42%, list=29%, signal=30%	XM_067133211.1/XM_067095983.1/XM_067103796.1/XM_067133208.1/XM_067133328.1/XM_067132855.1/XM_067112234.1/XM_067095982.1
GO:0032570	GO:0032570	14	-0.323144259486471	-0.957648802960483	0.478371501272265	0.956321572607102	0.885563024413019	4351	tags=43%, list=24%, signal=33%	EL695535.1/XM_067116567.1/XM_067082535.1/XM_067116564.1/XM_067116565.1/XM_067082526.1
GO:0008535	GO:0008535	11	0.40654226254962	0.986916227923445	0.478476821192053	0.956321572607102	0.885563024413019	4701	tags=55%, list=26%, signal=40%	XM_067134220.1/JP353673.1/XM_067134138.1/KU745282.1/EL609406.1/XM_067109307.1
GO:0009267	GO:0009267	73	0.267630617154041	0.988734930426153	0.481912144702842	0.956415648049889	0.885650139182803	6215	tags=41%, list=34%, signal=27%	XM_067086608.1/XM_067086609.1/XM_067117388.1/XM_067088761.1/XM_067085935.1/XM_067109898.1/XM_067106014.1/XM_067085934.1/XM_067106009.1/XM_067134072.1/XM_067108735.1/XM_067123440.1/XM_067129274.1/XM_067131841.1/XM_067099352.1/XM_067120667.1/XM_067086625.1/XM_067103297.1/XM_067088959.1/XM_067087978.1/XM_067132855.1/XM_067091891.1/XM_067108538.1/XM_067111532.1/XM_067134062.1/XM_067108736.1/XM_067130908.1/XM_067128466.1/XM_067119584.1/XM_067134079.1
GO:0032435	GO:0032435	23	-0.289319781554785	-0.962398891610848	0.481927710843373	0.956415648049889	0.885650139182803	1333	tags=30%, list=7%, signal=28%	XM_067116481.1/XM_067102568.1/XM_067112550.1/XM_067102565.1/JP354577.1/XM_067122653.1/XM_067102566.1
GO:0034728	GO:0034728	15	-0.32478638778858	-0.978191999777774	0.481958762886598	0.956415648049889	0.885650139182803	3871	tags=40%, list=21%, signal=32%	XM_067105644.1/XM_067110113.1/XM_067095263.1/XM_067117379.1/XM_067134206.1/XM_067134275.1
GO:1902017	GO:1902017	18	0.3624218855801	0.999774473992763	0.482115085536547	0.956415648049889	0.885650139182803	424	tags=17%, list=2%, signal=16%	XM_067122654.1/XM_067124903.1/XM_067083813.1
GO:0040015	GO:0040015	12	0.403509186278416	0.997501677502251	0.483498349834984	0.956415648049889	0.885650139182803	4627	tags=33%, list=25%, signal=25%	XM_067113660.1/XM_067115414.1/KJ631065.1/XM_067112731.1
GO:0060271	GO:0060271	98	0.25845259567659	0.999771253144868	0.483709273182957	0.956415648049889	0.885650139182803	5193	tags=33%, list=29%, signal=23%	XM_067090459.1/XM_067126876.1/XM_067124903.1/XM_067083813.1/XM_067118371.1/XM_067082648.1/XM_067101272.1/XM_067096114.1/XM_067090458.1/XM_067125408.1/XM_067124099.1/XM_067088869.1/XM_067120071.1/XM_067117231.1/XM_067096238.1/XM_067120281.1/XM_067129197.1/JP353917.1/XM_067127452.1/XM_067096608.1/XM_067097781.1/XM_067090709.1/XM_067129453.1/XM_067086688.1/XM_067121574.1/XM_067083741.1/XM_067090751.1/XM_067121357.1/XM_067118531.1/XM_067126875.1/XM_067116470.1/XM_067107390.1
GO:0002119	GO:0002119	15	0.384188542782311	0.997984756882241	0.48371335504886	0.956415648049889	0.885650139182803	812	tags=20%, list=4%, signal=19%	XM_067100419.1/XM_067130334.1/XM_067116996.1
GO:0110052	GO:0110052	12	-0.351774194566245	-0.985147491939813	0.484848484848485	0.956415648049889	0.885650139182803	3895	tags=50%, list=21%, signal=39%	XM_067128248.1/XM_067131020.1/XM_067130870.1/XM_067130871.1/XM_067092927.1/EL609221.1
GO:1902527	GO:1902527	10	0.428073441991823	1.00603819483466	0.48489932885906	0.956415648049889	0.885650139182803	5240	tags=50%, list=29%, signal=36%	XM_067105809.1/XM_067113306.1/XM_067113794.1/XM_067105812.1/XM_067129574.1
GO:0042632	GO:0042632	39	-0.25761958763749	-0.989888667157358	0.486111111111111	0.956415648049889	0.885650139182803	1624	tags=21%, list=9%, signal=19%	XM_067131796.1/XM_067104111.1/XM_067085695.1/XM_067125628.1/GH625301.1/XM_067098984.1/XM_067088851.1/XM_067131819.1
GO:0045476	GO:0045476	41	0.29828298729859	0.993411610610136	0.486676016830295	0.956415648049889	0.885650139182803	7203	tags=49%, list=40%, signal=30%	XM_067114872.1/XM_067109002.1/XM_067109898.1/XM_067114878.1/XM_067114874.1/XM_067123440.1/XM_067092770.1/XM_067090682.1/KF878972.1/XM_067090679.1/XM_067133307.1/XM_067091891.1/XM_067113037.1/XM_067133299.1/XM_067114884.1/XM_067114844.1/XM_067133296.1/XM_067087344.1/XM_067114868.1/XM_067114827.1
GO:0008543	GO:0008543	21	-0.296403702061809	-0.971036656090011	0.486725663716814	0.956415648049889	0.885650139182803	4506	tags=38%, list=25%, signal=29%	XM_067131840.1/XM_067083308.1/XM_067082077.1/XM_067129190.1/XM_067133962.1/XM_067110534.1/XM_067104418.1/XM_067109855.1
GO:0048070	GO:0048070	15	0.381532603681238	0.991085574728388	0.486970684039088	0.956415648049889	0.885650139182803	5800	tags=47%, list=32%, signal=32%	XM_067103643.1/XM_067116338.1/XM_067121038.1/XM_067116340.1/XM_067115140.1/XM_067113878.1/XM_067116342.1
GO:0071466	GO:0071466	12	-0.351044424312532	-0.983103762336442	0.487373737373737	0.956415648049889	0.885650139182803	4476	tags=58%, list=25%, signal=44%	XM_067104804.1/XM_067105133.1/XM_067104805.1/XM_067082714.1/XM_067125818.1/XM_067105114.1/XM_067105136.1
GO:0007163	GO:0007163	30	-0.274229526759508	-0.974429843149252	0.489230769230769	0.957971832914079	0.887091181416244	223	tags=10%, list=1%, signal=10%	XM_067101450.1/XM_067095351.1/XM_067123908.1
GO:0008088	GO:0008088	11	-0.355173518209719	-0.962894844341094	0.489949748743719	0.957971832914079	0.887091181416244	2496	tags=45%, list=14%, signal=39%	XM_067120894.1/XM_067120907.1/XM_067120929.1/XM_067120904.1/XM_067120915.1
GO:0035011	GO:0035011	11	0.40241420639521	0.976895017378159	0.490066225165563	0.957971832914079	0.887091181416244	2347	tags=18%, list=13%, signal=16%	XM_067087673.1/XM_067085691.1
GO:0036503	GO:0036503	89	-0.220515298961209	-0.97918450002271	0.492537313432836	0.959039565928424	0.888079912513119	2945	tags=24%, list=16%, signal=20%	XM_067127544.1/JP353707.1/XM_067112439.1/XM_067114384.1/XM_067112435.1/XM_067104530.1/XM_067101292.1/XM_067095124.1/XM_067092062.1/XM_067085558.1/XM_067091638.1/XM_067104394.1/XM_067092063.1/XM_067123938.1/XM_067090755.1/XM_067112434.1/XM_067103298.1/XM_067123476.1/XM_067085284.1/XM_067105473.1/XM_067085623.1
GO:0006963	GO:0006963	10	0.424117321227174	0.996740704726198	0.493288590604027	0.959039565928424	0.888079912513119	3147	tags=20%, list=17%, signal=17%	XM_067095152.1/XM_067095250.1
GO:0001736	GO:0001736	12	0.399199758864318	0.986848484908836	0.493399339933993	0.959039565928424	0.888079912513119	3714	tags=33%, list=20%, signal=27%	XM_067124903.1/XM_067120071.1/XM_067111262.1/XM_067083339.1
GO:0015937	GO:0015937	14	0.386332988752976	0.99299515526213	0.494252873563218	0.959039565928424	0.888079912513119	6321	tags=64%, list=35%, signal=42%	XM_067098021.1/XM_067118660.1/XM_067118470.1/XM_067118472.1/XM_067089492.1/XM_067106479.1/XM_067107775.1/JP353572.1/XM_067118474.1
GO:0045862	GO:0045862	12	0.398701951245388	0.98561787120327	0.495049504950495	0.959039565928424	0.888079912513119	7718	tags=75%, list=42%, signal=43%	XM_067116482.1/XM_067129953.1/XM_067126191.1/XM_067090932.1/XM_067109802.1/JP355213.1/XM_067109798.1/XM_067116704.1/XM_067126197.1
GO:0048102	GO:0048102	12	0.39842131595006	0.984924121996621	0.495049504950495	0.959039565928424	0.888079912513119	6852	tags=58%, list=38%, signal=36%	XM_067106014.1/XM_067106009.1/XM_067099142.1/XM_067124272.1/XM_067130961.1/XM_067119584.1/XM_067089009.1
GO:0019882	GO:0019882	12	0.398247149110556	0.984493569928715	0.495049504950495	0.959039565928424	0.888079912513119	2589	tags=33%, list=14%, signal=29%	XM_067128451.1/XM_067085935.1/XM_067085934.1/XM_067081004.1
GO:0001934	GO:0001934	39	0.298326021621708	0.981201390643942	0.495798319327731	0.959162732257082	0.888193965724546	4556	tags=28%, list=25%, signal=21%	XM_067127827.1/XM_067133610.1/XM_067116482.1/XM_067095983.1/XM_067134072.1/XM_067112379.1/XM_067109009.1/XM_067134673.1/XM_067089286.1/XM_067129872.1/JP354889.1
GO:0007017	GO:0007017	19	0.353480162568583	0.992694337644023	0.496951219512195	0.959162732257082	0.888193965724546	3609	tags=37%, list=20%, signal=30%	XM_067090279.1/EL609417.1/XM_067094798.1/XM_067116910.1/XM_067099396.1/XM_067133707.1/XM_067099395.1
GO:0051262	GO:0051262	23	0.332843927951268	0.974138287126026	0.497014925373134	0.959162732257082	0.888193965724546	4009	tags=30%, list=22%, signal=24%	XM_067087824.1/XM_067107912.1/XM_067083403.1/XM_067112773.1/XM_067107910.1/XM_067083472.1/XM_067099351.1
GO:0019082	GO:0019082	13	0.392039699286665	0.992756652778695	0.5	0.962455824712459	0.89124340118432	4658	tags=38%, list=26%, signal=29%	XM_067081580.1/XM_067081582.1/XM_067081585.1/XM_067081583.1/XM_067081581.1
GO:0007480	GO:0007480	24	-0.286762349196919	-0.96596203272973	0.5	0.962455824712459	0.89124340118432	2938	tags=29%, list=16%, signal=24%	XM_067134691.1/XM_067123843.1/XM_067134692.1/XM_067134689.1/XM_067134688.1/XM_067134681.1/XM_067134690.1
GO:0046664	GO:0046664	10	0.419431089990903	0.985727343113343	0.501677852348993	0.962455824712459	0.89124340118432	57	tags=10%, list=0%, signal=10%	XM_067101382.1
GO:0032958	GO:0032958	10	0.418860453996201	0.984386261070628	0.501677852348993	0.962455824712459	0.89124340118432	3107	tags=30%, list=17%, signal=25%	XM_067134176.1/XM_067124574.1/XM_067124570.1
GO:0000301	GO:0000301	10	-0.367428086199913	-0.959813498369332	0.502463054187192	0.962455824712459	0.89124340118432	5298	tags=60%, list=29%, signal=43%	XM_067121263.1/XM_067121265.1/XM_067095821.1/XM_067124835.1/XM_067108952.1/XM_067102263.1
GO:0071028	GO:0071028	13	-0.335047911128737	-0.965009181202723	0.50253807106599	0.962455824712459	0.89124340118432	3191	tags=38%, list=18%, signal=32%	XM_067108911.1/XM_067119034.1/XM_067119035.1/XM_067100102.1/XM_067092252.1
GO:0045451	GO:0045451	21	-0.289924502829005	-0.949810403133662	0.504424778761062	0.963789375465418	0.892478282077762	1296	tags=43%, list=7%, signal=40%	XM_067110367.1/XM_067125343.1/JP354730.1/XM_067101614.1/XM_067088168.1/XM_067089608.1/XM_067110365.1/XM_067125349.1/XM_067098798.1
GO:0050772	GO:0050772	10	-0.365849767988261	-0.955690538853817	0.504926108374384	0.963789375465418	0.892478282077762	4084	tags=40%, list=22%, signal=31%	XM_067100093.1/XM_067095100.1/XM_067095390.1/XM_067095299.1
GO:0008333	GO:0008333	46	0.284299414957498	0.969106169158313	0.505464480874317	0.963789375465418	0.892478282077762	4497	tags=28%, list=25%, signal=21%	XM_067127868.1/XM_067089210.1/XM_067112135.1/XM_067089191.1/XM_067118395.1/XM_067128237.1/XM_067082031.1/XM_067123440.1/XM_067089184.1/XM_067122678.1/XM_067088959.1/XM_067110806.1/XM_067112137.1
GO:0050650	GO:0050650	20	0.348081245622932	0.981075215307012	0.506153846153846	0.963789375465418	0.892478282077762	5545	tags=35%, list=30%, signal=24%	XM_067119708.1/XM_067091934.1/XM_067090249.1/XM_067086877.1/XM_067115308.1/XM_067091162.1/XM_067104003.1
GO:0043124	GO:0043124	36	0.303517776634446	0.980560048730632	0.50641940085592	0.963789375465418	0.892478282077762	2521	tags=19%, list=14%, signal=17%	XM_067093530.1/XM_067117784.1/XM_067129373.1/XM_067088698.1/XM_067088693.1/XM_067091235.1/XM_067093312.1
GO:0090158	GO:0090158	11	-0.352216721164782	-0.95487880574485	0.507537688442211	0.963900479511346	0.892581165498731	3337	tags=45%, list=18%, signal=37%	XM_067109782.1/XM_067128280.1/XM_067121827.1/JP354449.1/XM_067130163.1
GO:0045727	GO:0045727	73	0.263571883371303	0.973740338600423	0.507751937984496	0.963900479511346	0.892581165498731	3665	tags=26%, list=20%, signal=21%	XM_067081580.1/XM_067110256.1/XM_067089048.1/XM_067110254.1/XM_067108002.1/XM_067129582.1/XM_067081582.1/XM_067116482.1/XM_067096309.1/XM_067081585.1/XM_067084782.1/XM_067129708.1/XM_067134072.1/XM_067112379.1/XM_067095247.1/XM_067129703.1/XM_067111620.1/XM_067125612.1/XM_067084783.1
GO:0045926	GO:0045926	15	0.373681744366748	0.970691843391305	0.511400651465798	0.967649866361207	0.896053133980427	4251	tags=40%, list=23%, signal=31%	XM_067086720.1/XM_067132885.1/XM_067086716.1/JP351928.1/XM_067129558.1/XM_067086719.1
GO:0007472	GO:0007472	19	-0.303492703667587	-0.962892374319588	0.511560693641618	0.967649866361207	0.896053133980427	3066	tags=26%, list=17%, signal=22%	XM_067129190.1/XM_067118513.1/XM_067133046.1/XM_067091621.1/XM_067091622.1
GO:0090129	GO:0090129	10	0.416351685660672	0.978490270990538	0.511744966442953	0.967649866361207	0.896053133980427	5142	tags=50%, list=28%, signal=36%	XM_067091665.1/XM_067091125.1/XM_067091666.1/XM_067128510.1/XM_067115985.1
GO:0006689	GO:0006689	11	0.397019034537399	0.963797774731068	0.513245033112583	0.967649866361207	0.896053133980427	4331	tags=45%, list=24%, signal=35%	XM_067093790.1/XM_067129304.1/XM_067100534.1/XM_067121675.1/XM_067133270.1
GO:0006207	GO:0006207	11	0.394824992135222	0.958471548527966	0.513245033112583	0.967649866361207	0.896053133980427	5270	tags=36%, list=29%, signal=26%	XM_067104207.1/XM_067134072.1/XM_067112683.1/XM_067131714.1
GO:0046839	GO:0046839	10	0.414189525217713	0.973408862578804	0.51510067114094	0.967649866361207	0.896053133980427	1267	tags=20%, list=7%, signal=19%	XM_067127055.1/XM_067127046.1
GO:0007286	GO:0007286	19	0.349492430350686	0.981495408787643	0.515243902439024	0.967649866361207	0.896053133980427	5840	tags=47%, list=32%, signal=32%	XM_067112379.1/XM_067111620.1/XM_067134673.1/XM_067108871.1/XM_067128561.1/XM_067095703.1/XM_067107390.1/XM_067101463.1/XM_067130908.1
GO:0000209	GO:0000209	106	-0.213808011393084	-0.973984395825386	0.515463917525773	0.967649866361207	0.896053133980427	1829	tags=17%, list=10%, signal=15%	XM_067133985.1/XM_067116805.1/XM_067133146.1/XM_067133962.1/XM_067085558.1/XM_067101362.1/XM_067090755.1/XM_067124226.1/XM_067092845.1/XM_067083136.1/XM_067092027.1/XM_067092032.1/XM_067100522.1/XM_067103657.1/XM_067088533.1/XM_067099337.1/XM_067104147.1/XM_067100128.1
GO:0042594	GO:0042594	49	0.279694513574815	0.968144624071666	0.516129032258065	0.967649866361207	0.896053133980427	4859	tags=37%, list=27%, signal=27%	XM_067118680.1/XM_067093687.1/XM_067128790.1/XM_067133708.1/XM_067104207.1/XM_067121419.1/XM_067089421.1/XM_067118679.1/XM_067109009.1/XM_067087770.1/XM_067093565.1/XM_067093675.1/XM_067093698.1/XM_067089427.1/XM_067087978.1/JP354889.1/XM_067112731.1/XM_067093566.1
GO:0110095	GO:0110095	13	0.38336409430675	0.970787539506845	0.516447368421053	0.967649866361207	0.896053133980427	3604	tags=31%, list=20%, signal=25%	XM_067121380.1/XM_067087972.1/XM_067087971.1/XM_067127015.1
GO:0006520	GO:0006520	18	0.355397230382809	0.980396309388794	0.517884914463453	0.967649866361207	0.896053133980427	4284	tags=39%, list=24%, signal=30%	XM_067109863.1/XM_067096006.1/XM_067107858.1/XM_067081379.1/XM_067096003.1/XM_067101255.1/XM_067083343.1
GO:0009744	GO:0009744	15	-0.313614795660525	-0.944545386325621	0.518041237113402	0.967649866361207	0.896053133980427	589	tags=27%, list=3%, signal=26%	JZ905123.1/XM_067104019.1/XM_067123446.1/XM_067098864.1
GO:0030317	GO:0030317	15	-0.312825493881708	-0.942168166360504	0.518041237113402	0.967649866361207	0.896053133980427	1732	tags=40%, list=10%, signal=36%	XM_067114277.1/XM_067113899.1/XM_067093015.1/XM_067081637.1/XM_067129028.1/XM_067129033.1
GO:0034375	GO:0034375	12	0.386277037782266	0.954902654688388	0.51980198019802	0.969741548754136	0.897990052104049	3236	tags=33%, list=18%, signal=27%	XM_067101485.1/XM_067129341.1/XM_067081096.1/XM_067081091.1
GO:0000244	GO:0000244	15	-0.312726115718523	-0.941868859099377	0.520618556701031	0.970068813163374	0.898293102111839	2432	tags=27%, list=13%, signal=23%	XM_067082709.1/XM_067090927.1/XM_067104939.1/XM_067089710.1
GO:0001558	GO:0001558	30	0.315169994457238	0.973642960006508	0.521418020679468	0.970362407862408	0.898564973642373	3872	tags=27%, list=21%, signal=21%	XM_067132885.1/XM_067103232.1/XM_067096309.1/XM_067134072.1/XM_067106260.1/XM_067125449.1/XM_067129558.1/XM_067120060.1
GO:0046513	GO:0046513	34	0.308727036319367	0.972854869768994	0.522058823529412	0.970362407862408	0.898564973642373	3892	tags=26%, list=21%, signal=21%	XM_067086231.1/XM_067087686.1/XM_067085935.1/XM_067091513.1/XM_067108544.1/XM_067085934.1/XM_067129449.1/XM_067114789.1/XM_067114790.1
GO:0032507	GO:0032507	10	-0.363614520423121	-0.949851516564019	0.524630541871921	0.971208335926456	0.899348311210292	317	tags=20%, list=2%, signal=20%	XM_067093225.1/XM_067098798.1
GO:0014003	GO:0014003	11	-0.346338606488226	-0.938942915183439	0.525125628140704	0.971208335926456	0.899348311210292	2823	tags=45%, list=16%, signal=38%	XM_067098764.1/XM_067125781.1/XM_067084337.1/XM_067098761.1/XM_067125778.1
GO:0045471	GO:0045471	33	-0.262407509960989	-0.956810045562472	0.525641025641026	0.971208335926456	0.899348311210292	4351	tags=39%, list=24%, signal=30%	EL695535.1/XM_067100817.1/XM_067082535.1/XM_067114340.1/XM_067087209.1/EL696441.1/XM_067082526.1/XM_067094391.1/XM_067099874.1/XM_067100816.1/XM_067087371.1/XM_067113717.1/XM_067095934.1
GO:0045116	GO:0045116	15	0.368969418952757	0.958450903308673	0.526058631921824	0.971208335926456	0.899348311210292	5404	tags=60%, list=30%, signal=42%	XM_067125226.1/XM_067091235.1/XM_067133722.1/XM_067086646.1/XM_067092887.1/XM_067119497.1/XM_067085520.1/XM_067108052.1/XM_067118744.1
GO:0009608	GO:0009608	18	-0.301688575985919	-0.940338545965484	0.526462395543176	0.971208335926456	0.899348311210292	12715	tags=50%, list=70%, signal=15%	XM_067094831.1/XM_067098803.1/XM_067098817.1/XM_067094826.1/XM_067112421.1/XM_067112420.1/XM_067108441.1/XM_067129983.1/XM_067130934.1
GO:0006402	GO:0006402	31	-0.262858109327803	-0.944699663356031	0.526645768025078	0.971208335926456	0.899348311210292	3949	tags=32%, list=22%, signal=25%	XM_067119877.1/XM_067100338.1/XM_067127198.1/XM_067089585.1/XM_067114805.1/XM_067091295.1/XM_067103218.1/XM_067084535.1/XM_067100102.1/XM_067092252.1
GO:0120162	GO:0120162	26	0.319076646073673	0.963209325477708	0.527007299270073	0.971208335926456	0.899348311210292	5979	tags=38%, list=33%, signal=26%	XM_067105243.1/XM_067097582.1/XM_067116482.1/XM_067117408.1/XM_067090080.1/XM_067105250.1/XM_067095875.1/XM_067099512.1/XM_067105245.1/XM_067099511.1
GO:0051603	GO:0051603	36	0.295810696287657	0.955661160882229	0.527817403708987	0.971219133393688	0.899358309769366	6099	tags=39%, list=34%, signal=26%	XM_067116229.1/XM_067113660.1/XM_067093171.1/XM_067099679.1/XM_067129907.1/KJ631065.1/XM_067124850.1/XM_067094737.1/XM_067129906.1/XM_067088757.1/XM_067098727.1/XM_067101739.1/XM_067120086.1/XM_067119584.1
GO:0007528	GO:0007528	33	-0.261646572513925	-0.954035458076373	0.528846153846154	0.971219133393688	0.899358309769366	2655	tags=18%, list=15%, signal=16%	XM_067104966.1/XM_067100860.1/XM_067100878.1/XM_067102269.1/XM_067104245.1/XM_067123859.1
GO:0050905	GO:0050905	16	0.367177474404303	0.971210047097017	0.528938906752412	0.971219133393688	0.899358309769366	7409	tags=50%, list=41%, signal=30%	XM_067085935.1/XM_067100534.1/XM_067085934.1/XM_067132205.1/XM_067092193.1/XM_067112237.1/XM_067092181.1/XM_067134439.1
GO:1902600	GO:1902600	38	0.293211071569986	0.955314753370285	0.53	0.971987878787879	0.900070175438596	6271	tags=42%, list=34%, signal=28%	XM_067127464.1/XM_067086768.1/XM_067109742.1/XM_067096720.1/XM_067133028.1/XM_067111262.1/EU826058.1/XM_067129104.1/XM_067118058.1/XM_067086769.1/XM_067118063.1/XM_067120115.1/XM_067091964.1/XM_067118059.1/XM_067092193.1/XM_067090276.1
GO:0060348	GO:0060348	17	0.353687111116483	0.959344013448286	0.531347962382445	0.972934523668194	0.900946777752368	5075	tags=29%, list=28%, signal=21%	XM_067082099.1/XM_067099183.1/XM_067127937.1/XM_067111463.1/XM_067126927.1
GO:0050729	GO:0050729	20	-0.290202231834904	-0.939694322799255	0.534090909090909	0.972934523668194	0.900946777752368	1536	tags=20%, list=8%, signal=18%	XM_067110549.1/XM_067109332.1/XM_067121084.1/XM_067121085.1
GO:0009791	GO:0009791	26	0.317189738182059	0.957513241794103	0.534306569343066	0.972934523668194	0.900946777752368	1328	tags=19%, list=7%, signal=18%	XM_067118348.1/XM_067101485.1/XM_067091386.1/XM_067129341.1/JP354905.1
GO:0048499	GO:0048499	10	-0.360641254195151	-0.942084606066332	0.53448275862069	0.972934523668194	0.900946777752368	2635	tags=30%, list=14%, signal=26%	XM_067110080.1/XM_067095124.1/XM_067110070.1
GO:0008340	GO:0008340	83	0.257070560425316	0.963929791211045	0.535392535392535	0.972934523668194	0.900946777752368	4627	tags=30%, list=25%, signal=23%	EL695680.1/XM_067108947.1/EL696419.1/XM_067109366.1/XM_067109210.1/XM_067103239.1/XM_067128790.1/XM_067096720.1/XM_067085935.1/GH624214.1/EL695736.1/XM_067091665.1/XM_067085934.1/XM_067121419.1/XM_067094352.1/XM_067087770.1/EL695978.1/XM_067131841.1/XM_067089378.1/XM_067091125.1/XM_067091666.1/XM_067132205.1/XM_067119872.1/XM_067087978.1/XM_067112731.1
GO:0007613	GO:0007613	26	0.316734866247966	0.956140101847297	0.535766423357664	0.972934523668194	0.900946777752368	3941	tags=31%, list=22%, signal=24%	XM_067082661.1/XM_067111585.1/XM_067113660.1/XM_067101280.1/XM_067082666.1/KJ631065.1/XM_067110075.1/XM_067103950.1
GO:0048167	GO:0048167	26	0.316566654242743	0.955632313596162	0.535766423357664	0.972934523668194	0.900946777752368	5837	tags=42%, list=32%, signal=29%	XM_067102050.1/XM_067122746.1/XM_067094072.1/GH625904.1/XM_067103950.1/XM_067084275.1/XM_067120815.1/XM_067112609.1/JP354937.1/XM_067091344.1/XM_067104422.1
GO:0048846	GO:0048846	15	0.365841484452861	0.950325645515157	0.535830618892508	0.972934523668194	0.900946777752368	4167	tags=27%, list=23%, signal=21%	XM_067100419.1/XM_067124862.1/XM_067121012.1/XM_067120452.1
GO:2000060	GO:2000060	12	0.37966781882404	0.938564223688553	0.536303630363036	0.972934523668194	0.900946777752368	3920	tags=33%, list=22%, signal=26%	XM_067123862.1/XM_067134072.1/XM_067129350.1/XM_067107105.1
GO:0030521	GO:0030521	16	0.362388655562884	0.958543287023951	0.536977491961415	0.972990353697749	0.900998476899645	3685	tags=25%, list=20%, signal=20%	XM_067113518.1/XM_067116230.1/XM_067115016.1/XM_067113468.1
GO:0030324	GO:0030324	11	-0.34257147743972	-0.928730022181005	0.537688442211055	0.973113173523118	0.901112209245674	4151	tags=36%, list=23%, signal=28%	XM_067094762.1/XM_067082535.1/XM_067082526.1/XM_067132377.1
GO:0007173	GO:0007173	26	-0.271301057990385	-0.93329911089513	0.539432176656151	0.975102608459686	0.902954445235915	3880	tags=35%, list=21%, signal=27%	XM_067131840.1/XM_067082077.1/XM_067120006.1/XM_067116297.1/XM_067129190.1/XM_067116106.1/XM_067133257.1/XM_067110534.1/XM_067133372.1
GO:0048568	GO:0048568	18	-0.297760941366338	-0.928096431012369	0.540389972144847	0.975668290996603	0.903478272735575	3470	tags=39%, list=19%, signal=32%	XM_067097012.1/XM_067083962.1/XM_067120607.1/XM_067093779.1/XM_067122489.1/XM_067095263.1/XM_067122486.1
GO:0048800	GO:0048800	10	0.405306359916793	0.952532062695651	0.543624161073825	0.978980689355899	0.906545585649077	6148	tags=50%, list=34%, signal=33%	XM_067086940.1/XM_067092887.1/XM_067103402.1/XM_067090798.1/XM_067086947.1
GO:0010043	GO:0010043	17	-0.302609461955356	-0.931270318287098	0.543956043956044	0.978980689355899	0.906545585649077	3831	tags=29%, list=21%, signal=23%	XM_067107288.1/EU077526.1/XM_067094391.1/XM_067130487.1/XM_067123446.1
GO:0006979	GO:0006979	104	-0.209535492808827	-0.952191734760125	0.545454545454545	0.978980689355899	0.906545585649077	3025	tags=24%, list=17%, signal=20%	XM_067095118.1/XM_067087893.1/XM_067121578.1/XM_067112570.1/XM_067097991.1/XM_067095460.1/XM_067121011.1/XM_067100209.1/XM_067127539.1/XM_067104537.1/XM_067095124.1/GH625791.1/XM_067129610.1/GH624791.1/XM_067121352.1/XM_067104111.1/XM_067130295.1/EL695757.1/XM_067104801.1/EL609946.1/XM_067090613.1/XM_067107108.1/XM_067118448.1/XM_067113717.1/XM_067103250.1
GO:0034587	GO:0034587	18	0.345908643178842	0.954221159216513	0.545878693623639	0.978980689355899	0.906545585649077	2671	tags=28%, list=15%, signal=24%	XM_067119509.1/XM_067134654.1/XM_067087308.1/XM_067134640.1/XM_067134649.1
GO:0016525	GO:0016525	16	0.359454501127743	0.95078224375253	0.546623794212219	0.978980689355899	0.906545585649077	5355	tags=44%, list=29%, signal=31%	XM_067095983.1/XM_067131210.1/XM_067122678.1/XM_067111463.1/XM_067095982.1/XM_067121967.1/XM_067091344.1
GO:0007369	GO:0007369	18	0.344952888406067	0.951584620797516	0.547433903576983	0.978980689355899	0.906545585649077	2819	tags=17%, list=15%, signal=14%	XM_067100419.1/XM_067128790.1/XM_067108364.1
GO:0016579	GO:0016579	53	-0.232642173341973	-0.959694551346734	0.547892720306513	0.978980689355899	0.906545585649077	1735	tags=13%, list=10%, signal=12%	XM_067105397.1/JP354577.1/XM_067102689.1/XM_067113717.1/XM_067123046.1/XM_067102566.1/XM_067087105.1
GO:0008089	GO:0008089	18	0.344004177154017	0.948967512585435	0.548989113530327	0.978980689355899	0.906545585649077	3136	tags=22%, list=17%, signal=18%	XM_067105696.1/XM_067096114.1/XM_067133877.1/JP353917.1
GO:0009117	GO:0009117	20	0.337189413924762	0.950376330311795	0.549230769230769	0.978980689355899	0.906545585649077	3984	tags=40%, list=22%, signal=31%	XM_067086447.1/XM_067100747.1/XM_067118344.1/XM_067106979.1/XM_067086444.1/XM_067124622.1/XM_067095243.1/XM_067109100.1
GO:0006491	GO:0006491	13	0.37342625518375	0.945622088350868	0.549342105263158	0.978980689355899	0.906545585649077	2199	tags=23%, list=12%, signal=20%	XM_067093790.1/XM_067129304.1/XM_067100534.1
GO:0033574	GO:0033574	13	0.373398565837225	0.945551971005546	0.549342105263158	0.978980689355899	0.906545585649077	3052	tags=31%, list=17%, signal=26%	XM_067085935.1/XM_067104207.1/XM_067085934.1/XM_067115016.1
GO:0050966	GO:0050966	10	-0.352385569582872	-0.920518705617355	0.551724137931034	0.979288025889968	0.906830182251746	1703	tags=30%, list=9%, signal=27%	XM_067092569.1/XM_067115599.1/XM_067082529.1
GO:0001700	GO:0001700	81	0.255850300701439	0.957322987999354	0.552564102564103	0.979288025889968	0.906830182251746	2882	tags=17%, list=16%, signal=15%	XM_067126392.1/XM_067112426.1/XM_067108554.1/XM_067094951.1/XM_067111880.1/XM_067126403.1/XM_067126397.1/XM_067106560.1/XM_067114508.1/XM_067123786.1/XM_067124641.1/XM_067114526.1/XM_067109283.1/XM_067108611.1
GO:0016192	GO:0016192	136	-0.203410557274207	-0.978632236817095	0.553571428571429	0.979288025889968	0.906830182251746	3662	tags=38%, list=20%, signal=30%	XM_067092841.1/KP216765.1/XM_067126530.1/XM_067083286.1/XM_067125440.1/XM_067096644.1/XM_067120533.1/XM_067107370.1/XM_067104429.1/XM_067103295.1/XM_067125810.1/XM_067105264.1/XM_067094346.1/XM_067087584.1/XM_067110322.1/XM_067099469.1/JP354801.1/XM_067104323.1/JP351916.1/XM_067111450.1/XM_067114181.1/XM_067121827.1/XM_067104324.1/JP354449.1/XM_067120534.1/XM_067123901.1/XM_067113953.1/XM_067120536.1/XM_067123832.1/XM_067126528.1/XM_067111449.1/XM_067108407.1/XM_067108409.1/XM_067125439.1/XM_067115107.1/JP354879.1/XM_067092822.1/XM_067127051.1/XM_067091807.1/XM_067120524.1/XM_067089608.1/XM_067082955.1/XM_067111308.1/XM_067104997.1/XM_067098118.1/XM_067081221.1/XM_067120089.1/XM_067098114.1/GH625542.1/XM_067125824.1/XM_067104326.1
GO:0008202	GO:0008202	33	0.30018859379672	0.944629216547184	0.553623188405797	0.979288025889968	0.906830182251746	3839	tags=36%, list=21%, signal=29%	XM_067095835.1/XM_067095819.1/XM_067094951.1/XM_067122547.1/XM_067133708.1/XM_067120776.1/XM_067115236.1/XM_067095805.1/XM_067123095.1/XM_067127258.1/XM_067127023.1/XM_067120782.1
GO:0060612	GO:0060612	21	-0.281553913894098	-0.922387841835283	0.554572271386431	0.979288025889968	0.906830182251746	3441	tags=24%, list=19%, signal=19%	XM_067091447.1/XM_067106478.1/XM_067133130.1/GH625301.1/XM_067107617.1
GO:0038203	GO:0038203	17	0.345208479629297	0.936346499250525	0.554858934169279	0.979288025889968	0.906830182251746	2700	tags=29%, list=15%, signal=25%	XM_067132771.1/XM_067117715.1/XM_067117716.1/XM_067117730.1/XM_067134072.1
GO:0007026	GO:0007026	23	0.322412448984598	0.943608353426076	0.556716417910448	0.979288025889968	0.906830182251746	6952	tags=48%, list=38%, signal=30%	XM_067105461.1/XM_067083967.1/XM_067105453.1/XM_067134673.1/XM_067094593.1/XM_067111084.1/XM_067133769.1/XM_067094564.1/XM_067083968.1/XM_067105463.1/XM_067105469.1
GO:0007040	GO:0007040	49	0.271972460454532	0.941415232351946	0.557795698924731	0.979288025889968	0.906830182251746	5837	tags=45%, list=32%, signal=31%	XM_067082099.1/XM_067085935.1/XM_067100534.1/XM_067085934.1/XM_067122308.1/XM_067115236.1/XM_067127937.1/XM_067129449.1/XM_067097169.1/XM_067123440.1/JP355682.1/XM_067107689.1/XM_067132205.1/XM_067110806.1/XM_067101251.1/XM_067115234.1/XM_067092941.1/XM_067091891.1/XM_067109802.1/XM_067103567.1/XM_067097350.1/XM_067104422.1
GO:0006308	GO:0006308	11	0.38232850641485	0.928135257112401	0.55794701986755	0.979288025889968	0.906830182251746	4726	tags=45%, list=26%, signal=34%	XM_067112041.1/XM_067101272.1/XM_067097758.1/XM_067090547.1/GH624843.1
GO:0035729	GO:0035729	12	-0.331374307013225	-0.928017382997365	0.558080808080808	0.979288025889968	0.906830182251746	1673	tags=25%, list=9%, signal=23%	XM_067122232.1/XM_067082583.1/XM_067082701.1
GO:0030177	GO:0030177	14	0.359608365775932	0.924304616491238	0.558292282430213	0.979288025889968	0.906830182251746	6135	tags=43%, list=34%, signal=28%	XM_067111262.1/XM_067112606.1/XM_067117121.1/XM_067111463.1/XM_067133947.1/XM_067118400.1
GO:0009966	GO:0009966	35	-0.252635588080955	-0.944959712512737	0.558441558441558	0.979288025889968	0.906830182251746	3241	tags=29%, list=18%, signal=24%	XM_067129198.1/XM_067081796.1/XM_067111912.1/XM_067101995.1/JP353943.1/XM_067114476.1/XM_067123219.1/XM_067124223.1/XM_067111920.1/XM_067111914.1
GO:0010038	GO:0010038	10	0.40112160336663	0.942697243450713	0.558724832214765	0.979288025889968	0.906830182251746	3179	tags=30%, list=17%, signal=25%	XM_067115374.1/XM_067095264.1/XM_067116539.1
GO:0009792	GO:0009792	23	0.321589190530373	0.941198913105512	0.559701492537313	0.979288025889968	0.906830182251746	4934	tags=43%, list=27%, signal=32%	XM_067130334.1/XM_067116996.1/XM_067120568.1/XM_067115415.1/XM_067087770.1/XM_067090693.1/XM_067130333.1/XM_067132857.1/XM_067132858.1/XM_067130332.1
GO:0009953	GO:0009953	95	0.249593112996225	0.961820859112882	0.559899117276166	0.979288025889968	0.906830182251746	3360	tags=19%, list=18%, signal=16%	XM_067107645.1/XM_067126392.1/XM_067129373.1/XM_067112426.1/XM_067108554.1/XM_067111880.1/XM_067103796.1/XM_067126403.1/XM_067126397.1/XM_067106560.1/XM_067114508.1/XM_067124641.1/XM_067114526.1/XM_067109283.1/XM_067108611.1/XM_067090096.1/XM_067085072.1/XM_067112204.1
GO:0060213	GO:0060213	17	0.343522220003124	0.931772673892904	0.561128526645768	0.979288025889968	0.906830182251746	2666	tags=29%, list=15%, signal=25%	XM_067115420.1/XM_067120371.1/XM_067108459.1/XM_067115421.1/XM_067114904.1
GO:1990166	GO:1990166	10	-0.349105580488219	-0.911950558745101	0.561576354679803	0.979288025889968	0.906830182251746	2405	tags=60%, list=13%, signal=52%	XM_067085202.1/XM_067097663.1/XM_067116296.1/XM_067098243.1/XM_067108820.1/XM_067094164.1
GO:0120168	GO:0120168	10	-0.348683536518664	-0.910848074982705	0.564039408866995	0.979288025889968	0.906830182251746	100	tags=20%, list=1%, signal=20%	XM_067092569.1/XM_067082529.1
GO:0048870	GO:0048870	12	0.371742652870414	0.918972683763187	0.564356435643564	0.979288025889968	0.906830182251746	7491	tags=58%, list=41%, signal=34%	XM_067127827.1/XM_067129350.1/XM_067131193.1/XM_067131196.1/XM_067119415.1/XM_067131194.1/XM_067119434.1
GO:0032479	GO:0032479	10	0.398097388098668	0.935589874082468	0.565436241610738	0.979288025889968	0.906830182251746	4295	tags=30%, list=24%, signal=23%	XM_067133531.1/XM_067105865.1/XM_067105853.1
GO:0090141	GO:0090141	13	0.367488020881677	0.930584780598952	0.565789473684211	0.979288025889968	0.906830182251746	4221	tags=38%, list=23%, signal=30%	XM_067113066.1/XM_067124019.1/XM_067126315.1/JP354806.1/XM_067129872.1
GO:0009062	GO:0009062	13	-0.320514465716229	-0.923149770080503	0.565989847715736	0.979288025889968	0.906830182251746	3917	tags=31%, list=22%, signal=24%	JP353021.1/XM_067119756.1/XM_067117872.1/XM_067119754.1
GO:0009101	GO:0009101	37	-0.247907573725458	-0.943877251666849	0.567213114754098	0.979288025889968	0.906830182251746	3663	tags=46%, list=20%, signal=37%	XM_067125440.1/XM_067100291.1/XM_067090175.1/XM_067106646.1/XM_067124835.1/XM_067119533.1/JP351916.1/XM_067123497.1/XM_067110312.1/XM_067111987.1/XM_067100072.1/XM_067125439.1/XM_067131796.1/XM_067104315.1/XM_067093254.1/XM_067098984.1/XM_067097027.1
GO:0071711	GO:0071711	20	0.332493275397562	0.937140152911777	0.567692307692308	0.979288025889968	0.906830182251746	4219	tags=45%, list=23%, signal=35%	XM_067087673.1/XM_067129481.1/XM_067093026.1/XM_067119136.1/XM_067120811.1/XM_067125558.1/XM_067094072.1/GH625672.1/XM_067096324.1
GO:1900153	GO:1900153	17	0.34116269282273	0.925372671732989	0.568965517241379	0.979288025889968	0.906830182251746	2666	tags=29%, list=15%, signal=25%	XM_067133613.1/XM_067115420.1/XM_067108459.1/XM_067115421.1/XM_067114904.1
GO:0045582	GO:0045582	10	-0.345133173455257	-0.901573644093075	0.568965517241379	0.979288025889968	0.906830182251746	1674	tags=20%, list=9%, signal=18%	XM_067113458.1/GH625301.1
GO:0007042	GO:0007042	10	-0.344651709958565	-0.900315941754974	0.568965517241379	0.979288025889968	0.906830182251746	2866	tags=30%, list=16%, signal=25%	XM_067114798.1/XM_067083434.1/XM_067083423.1
GO:0006006	GO:0006006	32	0.295315985958866	0.931130209709902	0.569583931133429	0.979288025889968	0.906830182251746	4357	tags=31%, list=24%, signal=24%	XM_067126079.1/XM_067123655.1/XM_067092529.1/XM_067122308.1/MH219928.1/JP355682.1/XM_067126278.1/XM_067126198.1/XM_067122557.1/XM_067110474.1
GO:0030182	GO:0030182	49	-0.234449131090369	-0.95083466234317	0.569767441860465	0.979288025889968	0.906830182251746	1964	tags=33%, list=11%, signal=29%	EL696441.1/XM_067132526.1/XM_067133187.1/XM_067128035.1/XM_067098575.1/XM_067112148.1/XM_067104644.1/XM_067104445.1/XM_067125300.1/XM_067100816.1/XM_067114608.1/JP354448.1/JP354575.1/XM_067118448.1/XM_067108016.1/XM_067097334.1
GO:0097009	GO:0097009	22	0.325616365929311	0.940165091929796	0.57034795763994	0.979288025889968	0.906830182251746	4263	tags=27%, list=23%, signal=21%	XM_067082099.1/XM_067101406.1/XM_067127937.1/XM_067134675.1/XM_067099352.1/XM_067122557.1
GO:0099536	GO:0099536	10	0.396305865314962	0.931379520973575	0.570469798657718	0.979288025889968	0.906830182251746	6241	tags=60%, list=34%, signal=39%	XM_067104799.1/XM_067086208.1/XM_067086209.1/XM_067086203.1/XM_067121191.1/XM_067086212.1
GO:0042744	GO:0042744	16	0.347403013204694	0.91890521705768	0.572347266881029	0.979288025889968	0.906830182251746	2957	tags=38%, list=16%, signal=31%	EL609346.1/JP355186.1/XM_067089755.1/XM_067119136.1/XM_067081665.1/XM_067087858.1
GO:1900029	GO:1900029	12	0.367386101694779	0.908202998081675	0.572607260726073	0.979288025889968	0.906830182251746	5130	tags=33%, list=28%, signal=24%	XM_067093808.1/XM_067134072.1/XM_067093813.1/XM_067112636.1
GO:0007004	GO:0007004	11	0.379583635651321	0.921471847795272	0.572847682119205	0.979288025889968	0.906830182251746	490	tags=9%, list=3%, signal=9%	XM_067098946.1
GO:0045943	GO:0045943	18	-0.293677154455862	-0.915367602176607	0.573816155988858	0.979288025889968	0.906830182251746	2662	tags=28%, list=15%, signal=24%	XM_067113447.1/XM_067097513.1/JP355629.1/XM_067084311.1/XM_067118448.1
GO:0051604	GO:0051604	45	-0.23209776878388	-0.929371150252766	0.574007220216607	0.979288025889968	0.906830182251746	3731	tags=31%, list=21%, signal=25%	XM_067129956.1/XM_067132526.1/XM_067100889.1/XM_067100101.1/XM_067088623.1/XM_067130263.1/XM_067089670.1/XM_067100819.1/JP354039.1/XM_067089964.1/XM_067104445.1/XM_067114608.1/XM_067108662.1/XM_067130266.1
GO:0007018	GO:0007018	46	-0.234744330607148	-0.938023079523645	0.574074074074074	0.979288025889968	0.906830182251746	2859	tags=24%, list=16%, signal=20%	XM_067104306.1/XM_067091651.1/XM_067120929.1/XM_067120904.1/XM_067120915.1/XM_067091161.1/XM_067134436.1/XM_067082971.1/XM_067095299.1/XM_067082030.1/XM_067109716.1
GO:0051260	GO:0051260	46	0.272100237591819	0.92752220020958	0.575136612021858	0.979288025889968	0.906830182251746	5161	tags=35%, list=28%, signal=25%	XM_067126876.1/XM_067094945.1/XM_067081580.1/XM_067081582.1/XM_067123862.1/XM_067119136.1/XM_067081585.1/XM_067122161.1/XM_067103874.1/XM_067116043.1/XM_067116788.1/XM_067081583.1/XM_067084838.1/XM_067081581.1/XM_067126875.1/XM_067125292.1
GO:0070935	GO:0070935	14	0.354313253922695	0.910694542876224	0.576354679802956	0.979288025889968	0.906830182251746	3665	tags=29%, list=20%, signal=23%	XM_067085151.1/XM_067084782.1/XM_067099183.1/XM_067084783.1
GO:0071897	GO:0071897	15	-0.302554859833203	-0.911235059442758	0.577319587628866	0.979288025889968	0.906830182251746	3639	tags=33%, list=20%, signal=27%	XM_067102128.1/XM_067093779.1/XM_067102999.1/XM_067085704.1/XM_067111269.1
GO:0099149	GO:0099149	13	-0.319490561546015	-0.920200708492269	0.578680203045685	0.979288025889968	0.906830182251746	1870	tags=46%, list=10%, signal=41%	XM_067096645.1/XM_067092841.1/XM_067096644.1/XM_067082853.1/XM_067092822.1/XM_067090228.1
GO:1990116	GO:1990116	18	-0.292405096437608	-0.911402701671643	0.579387186629526	0.979288025889968	0.906830182251746	3154	tags=56%, list=17%, signal=46%	XM_067134234.1/XM_067108671.1/XM_067126941.1/JP355426.1/XM_067126942.1/XM_067085336.1/XM_067124480.1/XM_067085337.1/XM_067096594.1/XM_067104398.1
GO:0006357	GO:0006357	350	0.219975431722282	0.961677876344572	0.579957356076759	0.979288025889968	0.906830182251746	4225	tags=23%, list=23%, signal=18%	XM_067132983.1/XM_067104379.1/XM_067082911.1/XM_067104889.1/XM_067107645.1/XM_067092055.1/XM_067104066.1/XM_067124693.1/XM_067114655.1/XM_067134282.1/XM_067087114.1/XM_067094342.1/XM_067113367.1/XM_067082608.1/XM_067133211.1/XM_067119013.1/XM_067104370.1/XM_067093546.1/XM_067129666.1/XM_067133785.1/XM_067104795.1/XM_067103643.1/XM_067107519.1/XM_067088761.1/XM_067116338.1/XM_067117476.1/XM_067101875.1/XM_067133269.1/XM_067098905.1/XM_067116482.1/XM_067121038.1/XM_067093281.1/XM_067095983.1/XM_067095872.1/XM_067113518.1/XM_067132504.1/XM_067098837.1/XM_067082251.1/XM_067130593.1/XM_067101280.1/XM_067083749.1/XM_067111367.1/XM_067121851.1/XM_067104047.1/XM_067082912.1/XM_067128387.1/XM_067088677.1/XM_067098539.1/XM_067104882.1/XM_067131710.1/XM_067126420.1/XM_067126362.1/XM_067099183.1/JP355075.1/XM_067086987.1/XM_067132477.1/XM_067090367.1/XM_067124689.1/XM_067127208.1/XM_067115016.1/XM_067088091.1/XM_067106523.1/XM_067107618.1/XM_067098538.1/XM_067093565.1/XM_067089378.1/XM_067085547.1/XM_067100271.1/XM_067113468.1/XM_067133208.1/XM_067106687.1/XM_067114457.1/XM_067130594.1/XM_067116340.1/XM_067118198.1/XM_067134264.1/XM_067112606.1/XM_067106104.1/XM_067095223.1/XM_067095198.1/XM_067096834.1
GO:0010804	GO:0010804	11	0.376078460238359	0.912962733699543	0.58112582781457	0.979288025889968	0.906830182251746	979	tags=18%, list=5%, signal=17%	XM_067088698.1/XM_067088693.1
GO:0046985	GO:0046985	13	0.362372530627123	0.917630896102883	0.582236842105263	0.979288025889968	0.906830182251746	5427	tags=46%, list=30%, signal=32%	XM_067081580.1/XM_067081582.1/XM_067081585.1/XM_067081583.1/XM_067081581.1/XM_067130152.1
GO:0034497	GO:0034497	15	-0.301137676218512	-0.906966784274128	0.582474226804124	0.979288025889968	0.906830182251746	4975	tags=47%, list=27%, signal=34%	XM_067126484.1/XM_067127276.1/XM_067127875.1/XM_067127881.1/JP354710.1/XM_067115425.1/XM_067127885.1
GO:0018105	GO:0018105	30	0.298615096950904	0.922500529908015	0.583456425406204	0.979288025889968	0.906830182251746	5434	tags=40%, list=30%, signal=28%	XM_067082661.1/XM_067082666.1/XM_067134072.1/XM_067086940.1/XM_067109009.1/XM_067111372.1/XM_067105865.1/XM_067105853.1/JP354889.1/XM_067092052.1/XM_067121967.1/XM_067116347.1
GO:0007605	GO:0007605	39	0.277633786310346	0.913144135857144	0.584033613445378	0.979288025889968	0.906830182251746	6388	tags=44%, list=35%, signal=28%	XM_067105013.1/XM_067108461.1/XM_067098927.1/XM_067100534.1/XM_067125001.1/XM_067093194.1/XM_067134476.1/XM_067100443.1/XM_067097106.1/XM_067093356.1/XM_067096130.1/JP352337.1/XM_067114959.1/XM_067134480.1/XM_067092193.1/JP353096.1/XM_067106839.1
GO:0007638	GO:0007638	10	-0.339689415385937	-0.887353194777864	0.586206896551724	0.979288025889968	0.906830182251746	1485	tags=30%, list=8%, signal=28%	XM_067092569.1/XM_067131636.1/XM_067082529.1
GO:0045669	GO:0045669	14	-0.303958662341196	-0.900791645202356	0.587786259541985	0.979288025889968	0.906830182251746	2279	tags=29%, list=13%, signal=25%	XM_067107393.1/XM_067104952.1/XM_067083465.1/XM_067132853.1
GO:0051016	GO:0051016	25	-0.268156531131109	-0.917140364138143	0.588957055214724	0.979288025889968	0.906830182251746	219	tags=24%, list=1%, signal=24%	XM_067085589.1/GH624151.1/XM_067101104.1/XM_067134436.1/XM_067090376.1/XM_067084306.1
GO:0051923	GO:0051923	12	0.361981982374735	0.89484365393171	0.589108910891089	0.979288025889968	0.906830182251746	4367	tags=42%, list=24%, signal=32%	XM_067123267.1/XM_067133010.1/XM_067123179.1/XM_067123095.1/XM_067110140.1
GO:0046889	GO:0046889	12	0.361860168619762	0.894542522187848	0.589108910891089	0.979288025889968	0.906830182251746	37	tags=8%, list=0%, signal=8%	XM_067132983.1
GO:0051881	GO:0051881	12	0.360313240568745	0.890718412654937	0.589108910891089	0.979288025889968	0.906830182251746	6353	tags=50%, list=35%, signal=33%	JP355186.1/XM_067097976.1/XM_067123325.1/XM_067123326.1/XM_067114921.1/XM_067134071.1
GO:0050775	GO:0050775	19	0.327105831473768	0.918626110033396	0.589939024390244	0.979288025889968	0.906830182251746	3989	tags=32%, list=22%, signal=25%	XM_067089210.1/XM_067089191.1/XM_067083967.1/XM_067115016.1/XM_067089184.1/XM_067128510.1
GO:0007476	GO:0007476	73	0.252610634347846	0.933245084709669	0.590439276485788	0.979288025889968	0.906830182251746	5383	tags=40%, list=30%, signal=28%	XM_067131149.1/XM_067094808.1/XM_067101841.1/XM_067133211.1/XM_067112518.1/XM_067128790.1/XM_067093026.1/XM_067099462.1/XM_067091665.1/XM_067125299.1/JP355075.1/XM_067090367.1/XM_067086940.1/XM_067124177.1/XM_067104002.1/XM_067091125.1/XM_067133208.1/XM_067093194.1/XM_067091666.1/XM_067094809.1/XM_067084275.1/XM_067096670.1/XM_067089823.1/XM_067096672.1/XM_067132636.1/XM_067115985.1/XM_067107226.1/XM_067093123.1/XM_067120193.1
GO:0032480	GO:0032480	10	0.389606021591846	0.915633861412179	0.590604026845638	0.979288025889968	0.906830182251746	3581	tags=30%, list=20%, signal=24%	XM_067085796.1/XM_067118320.1/XM_067119132.1
GO:0051496	GO:0051496	12	-0.326763590197203	-0.915105019960192	0.590909090909091	0.979288025889968	0.906830182251746	4245	tags=42%, list=23%, signal=32%	XM_067083451.1/XM_067083453.1/XM_067082714.1/JP354004.1/XM_067119806.1
GO:0006623	GO:0006623	12	-0.326698974798234	-0.914924063826347	0.590909090909091	0.979288025889968	0.906830182251746	63	tags=42%, list=0%, signal=42%	XM_067082772.1/XM_067099021.1/XM_067132588.1/XM_067107020.1/XM_067132693.1
GO:0021591	GO:0021591	12	-0.326611202430023	-0.914678256346035	0.590909090909091	0.979288025889968	0.906830182251746	893	tags=42%, list=5%, signal=40%	XM_067095235.1/XM_067109062.1/XM_067084434.1/JP355071.1/XM_067132549.1
GO:0006637	GO:0006637	17	0.332621672812454	0.902205934359565	0.590909090909091	0.979288025889968	0.906830182251746	1098	tags=18%, list=6%, signal=17%	XM_067117008.1/XM_067114604.1/XM_067117015.1
GO:0006654	GO:0006654	16	0.341266159416682	0.90267281046424	0.591639871382637	0.979288025889968	0.906830182251746	1393	tags=19%, list=8%, signal=17%	XM_067117008.1/XM_067117015.1/XM_067110305.1
GO:0051726	GO:0051726	100	0.242959766181684	0.94267824637243	0.591760299625468	0.979288025889968	0.906830182251746	6586	tags=42%, list=36%, signal=27%	XM_067096105.1/XM_067085292.1/XM_067096102.1/XM_067132885.1/XM_067087824.1/XM_067084481.1/XM_067093546.1/XM_067111875.1/XM_067132504.1/XM_067092311.1/XM_067086345.1/XM_067131248.1/XM_067084468.1/XM_067118592.1/XM_067092887.1/XM_067113306.1/XM_067096108.1/XM_067107765.1/XM_067104156.1/JP353423.1/XM_067107766.1/XM_067108877.1/XM_067128561.1/XM_067131759.1/XM_067105756.1/XM_067131843.1/XM_067120513.1/XM_067133346.1/XM_067106569.1/XM_067109802.1/XM_067108538.1/XM_067085210.1/XM_067124427.1/XM_067093547.1/XM_067129229.1/XM_067111874.1/XM_067092317.1/XM_067114720.1/XM_067122422.1/XM_067109221.1/XM_067132512.1/XM_067112662.1
GO:0007033	GO:0007033	13	0.360456586305235	0.912779177066856	0.59375	0.979288025889968	0.906830182251746	2005	tags=23%, list=11%, signal=21%	XM_067123905.1/XM_067095983.1/XM_067123903.1
GO:0016973	GO:0016973	15	0.349839211980328	0.908757451192108	0.594462540716612	0.979288025889968	0.906830182251746	2256	tags=20%, list=12%, signal=18%	XM_067110256.1/XM_067110254.1/EL609801.1
GO:0055088	GO:0055088	25	-0.2662525644533	-0.910628478394295	0.595092024539877	0.979288025889968	0.906830182251746	1560	tags=16%, list=9%, signal=15%	XM_067104111.1/XM_067134046.1/XM_067128093.1/XM_067108353.1
GO:0000463	GO:0000463	18	0.330550565465419	0.911854473653634	0.597200622083981	0.979288025889968	0.906830182251746	5735	tags=44%, list=32%, signal=30%	XM_067101291.1/XM_067086125.1/XM_067093448.1/XM_067086345.1/XM_067132194.1/XM_067132928.1/XM_067125623.1/JP355301.1
GO:0000722	GO:0000722	10	0.387793579247673	0.911374344130076	0.597315436241611	0.979288025889968	0.906830182251746	4374	tags=30%, list=24%, signal=23%	XM_067093638.1/XM_067091990.1/XM_067114096.1
GO:0032006	GO:0032006	19	0.324345971559399	0.910875470535617	0.597560975609756	0.979288025889968	0.906830182251746	3483	tags=37%, list=19%, signal=30%	XM_067096259.1/XM_067085935.1/XM_067085934.1/XM_067115236.1/XM_067129449.1/XM_067096258.1/XM_067099352.1
GO:0015711	GO:0015711	15	-0.296455730586902	-0.892865695274005	0.597938144329897	0.979288025889968	0.906830182251746	3201	tags=27%, list=18%, signal=22%	XM_067118638.1/XM_067096631.1/XM_067105037.1/XM_067118157.1
GO:0071425	GO:0071425	15	-0.296120115898203	-0.891854890585642	0.597938144329897	0.979288025889968	0.906830182251746	379	tags=13%, list=2%, signal=13%	XM_067102441.1/XM_067134348.1
GO:0048009	GO:0048009	16	0.338149471471444	0.894428953318612	0.598070739549839	0.979288025889968	0.906830182251746	4493	tags=31%, list=25%, signal=24%	XM_067104127.1/XM_067131210.1/XM_067104128.1/XM_067119872.1/XM_067087978.1
GO:0007320	GO:0007320	10	-0.338399573770324	-0.88398380784224	0.598522167487685	0.979288025889968	0.906830182251746	2975	tags=40%, list=16%, signal=33%	XM_067121469.1/XM_067121461.1/XM_067111587.1/XM_067121468.1
GO:0006567	GO:0006567	10	0.387160566623192	0.909886667447595	0.598993288590604	0.979288025889968	0.906830182251746	3268	tags=30%, list=18%, signal=25%	XM_067096006.1/XM_067105070.1/XM_067096003.1
GO:0030308	GO:0030308	27	0.299914789398761	0.915453963239963	0.599131693198263	0.979288025889968	0.906830182251746	5404	tags=44%, list=30%, signal=31%	XM_067086447.1/XM_067120438.1/XM_067092947.1/XM_067105009.1/XM_067082285.1/XM_067086444.1/XM_067115414.1/XM_067132855.1/XM_067112731.1/XM_067126927.1/XM_067082287.1/XM_067118744.1
GO:0001525	GO:0001525	72	0.249091862891704	0.917068019902382	0.599483204134367	0.979288025889968	0.906830182251746	3013	tags=21%, list=17%, signal=17%	XM_067097325.1/XM_067092786.1/XM_067129897.1/XM_067098462.1/XM_067111498.1/XM_067098464.1/XM_067125512.1/XM_067107757.1/XM_067109841.1/XM_067121778.1/XM_067134076.1/XM_067119136.1/XM_067131210.1/XM_067120174.1/XM_067111372.1
GO:0007611	GO:0007611	16	0.337538240217113	0.89281220398978	0.59967845659164	0.979288025889968	0.906830182251746	3025	tags=31%, list=17%, signal=26%	XM_067082661.1/XM_067082666.1/XM_067099374.1/XM_067124116.1/XM_067090660.1
GO:0006506	GO:0006506	26	0.300967397700752	0.9085422192359	0.6	0.979288025889968	0.906830182251746	5027	tags=38%, list=28%, signal=28%	XM_067129273.1/XM_067122458.1/XM_067084727.1/XM_067091224.1/XM_067096651.1/XM_067115337.1/XM_067125872.1/XM_067117562.1/XM_067118730.1/XM_067104744.1
GO:0006388	GO:0006388	12	0.35869316608057	0.886713480240539	0.600660066006601	0.979308922271538	0.90684953250316	2951	tags=25%, list=16%, signal=21%	XM_067098918.1/XM_067096309.1/XM_067102968.1
GO:1990573	GO:1990573	25	-0.264396006788491	-0.904278739435619	0.604294478527607	0.983695923980995	0.910911938510943	2202	tags=16%, list=12%, signal=14%	XM_067098646.1/XM_067123335.1/XM_067104230.1/XM_067123330.1
GO:0007623	GO:0007623	36	-0.24787139444125	-0.928798738077856	0.604651162790698	0.983695923980995	0.910911938510943	2981	tags=33%, list=16%, signal=28%	XM_067090122.1/XM_067082535.1/XM_067114340.1/XM_067092115.1/XM_067082526.1/XM_067085532.1/XM_067124206.1/JP355486.1/XM_067104111.1/XM_067132960.1/XM_067132601.1/XM_067105663.1
GO:0007160	GO:0007160	42	0.269595975387141	0.905911108940959	0.60551724137931	0.984046816548761	0.911236868422028	5566	tags=38%, list=31%, signal=27%	XM_067084533.1/XM_067125926.1/XM_067119932.1/XM_067091665.1/XM_067131391.1/GH625622.1/XM_067125001.1/XM_067091125.1/GH625904.1/XM_067091666.1/XM_067132857.1/XM_067125927.1/XM_067132858.1/XM_067115985.1/XM_067108538.1/JP355162.1
GO:0033363	GO:0033363	12	0.355579315159635	0.879015832646015	0.608910891089109	0.984432805643982	0.911594298056938	1105	tags=17%, list=6%, signal=16%	XM_067111779.1/XM_067111780.1
GO:0006144	GO:0006144	10	0.381317798442004	0.896155266764363	0.609060402684564	0.984432805643982	0.911594298056938	3044	tags=50%, list=17%, signal=42%	XM_067088374.1/EL696261.1/XM_067100898.1/GH625377.1/XM_067130872.1
GO:0008203	GO:0008203	38	0.27666075554941	0.90139195644881	0.61	0.984432805643982	0.911594298056938	4339	tags=34%, list=24%, signal=26%	XM_067095835.1/XM_067095819.1/XM_067081044.1/XM_067087041.1/XM_067085935.1/XM_067087085.1/XM_067085934.1/XM_067129449.1/XM_067095805.1/XM_067123095.1/XM_067083223.1/XM_067089921.1/XM_067096586.1
GO:0030216	GO:0030216	13	0.354059671148564	0.896580358195702	0.610197368421053	0.984432805643982	0.911594298056938	4264	tags=38%, list=23%, signal=29%	XM_067124903.1/EL696179.1/XM_067091513.1/XM_067107765.1/XM_067107766.1
GO:0032486	GO:0032486	11	-0.326577188344718	-0.885368629174826	0.610552763819096	0.984432805643982	0.911594298056938	533	tags=45%, list=3%, signal=44%	XM_067112474.1/XM_067112475.1/XM_067112473.1/XM_067100634.1/XM_067110521.1
GO:0035646	GO:0035646	11	-0.325373017788607	-0.88210405690032	0.610552763819096	0.984432805643982	0.911594298056938	3865	tags=45%, list=21%, signal=36%	KP216765.1/XM_067095341.1/XM_067086088.1/XM_067130011.1/XM_067120524.1
GO:0006362	GO:0006362	13	0.353586144521307	0.89538125333379	0.611842105263158	0.984432805643982	0.911594298056938	5922	tags=54%, list=33%, signal=36%	XM_067088336.1/XM_067111335.1/EL695564.1/XM_067120629.1/XM_067087811.1/XM_067083406.1/XM_067121677.1
GO:0160020	GO:0160020	15	-0.292502723609833	-0.880960024514946	0.61340206185567	0.984432805643982	0.911594298056938	678	tags=20%, list=4%, signal=19%	XM_067111600.1/JP354575.1/XM_067097334.1
GO:0032496	GO:0032496	27	0.297445143097476	0.907915663782159	0.613603473227207	0.984432805643982	0.911594298056938	4348	tags=26%, list=24%, signal=20%	XM_067094941.1/XM_067120288.1/XM_067120287.1/XM_067107765.1/XM_067107766.1/XM_067083343.1/XM_067083297.1
GO:0000278	GO:0000278	87	0.243510735125259	0.920895647541178	0.613607188703466	0.984432805643982	0.911594298056938	2713	tags=13%, list=15%, signal=11%	XM_067105738.1/XM_067106522.1/XM_067087930.1/XM_067094797.1/XM_067130768.1/XM_067126812.1/XM_067083198.1/XM_067125619.1/XM_067083062.1/XM_067104007.1/XM_067090762.1
GO:0006298	GO:0006298	21	0.315598588422269	0.905238865264926	0.613876319758673	0.984432805643982	0.911594298056938	1437	tags=14%, list=8%, signal=13%	XM_067115026.1/XM_067087824.1/XM_067095264.1
GO:2000045	GO:2000045	21	0.314674722126926	0.90258891780783	0.613876319758673	0.984432805643982	0.911594298056938	2208	tags=19%, list=12%, signal=17%	XM_067087114.1/XM_067082608.1/XM_067098837.1/XM_067128387.1
GO:0042552	GO:0042552	13	-0.30885720815621	-0.889574391158827	0.614213197969543	0.984432805643982	0.911594298056938	1592	tags=38%, list=9%, signal=35%	XM_067125781.1/XM_067125778.1/XM_067132510.1/XM_067127591.1/XM_067101023.1
GO:0006457	GO:0006457	148	0.231497511648388	0.93755961332864	0.615476190476191	0.984656795368404	0.911801714707862	2718	tags=18%, list=15%, signal=15%	XM_067102196.1/XM_067105873.1/XM_067122529.1/XM_067128491.1/GH625973.1/XM_067108947.1/XM_067092947.1/XM_067114952.1/XM_067091277.1/XM_067090279.1/XM_067109366.1/XM_067131901.1/OQ411018.1/XM_067132606.1/XM_067090264.1/XM_067123862.1/XM_067109611.1/XM_067130014.1/XM_067085526.1/XM_067126366.1/XM_067110325.1/XM_067105184.1/XM_067117231.1/EL696583.1/XM_067110174.1/XM_067120174.1
GO:0040008	GO:0040008	16	-0.287190001815727	-0.882270982078459	0.615789473684211	0.984656795368404	0.911801714707862	2635	tags=25%, list=14%, signal=21%	XM_067110080.1/XM_067117391.1/XM_067110070.1/XM_067128693.1
GO:0007562	GO:0007562	21	-0.271520546661345	-0.889517917137163	0.616519174041298	0.984656795368404	0.911801714707862	5583	tags=52%, list=31%, signal=36%	XM_067094831.1/XM_067090690.1/XM_067098803.1/XM_067098817.1/XM_067094826.1/XM_067090694.1/XM_067112421.1/XM_067112420.1/XM_067108441.1/XM_067129983.1/XM_067130934.1
GO:0045842	GO:0045842	11	0.36106569526773	0.876517958480863	0.617549668874172	0.984656795368404	0.911801714707862	6147	tags=36%, list=34%, signal=24%	XM_067114096.1/XM_067083643.1/XM_067093132.1/XM_067091181.1
GO:0045665	GO:0045665	13	0.349771186760136	0.885720689099189	0.618421052631579	0.984656795368404	0.911801714707862	5307	tags=46%, list=29%, signal=33%	XM_067091133.1/XM_067133491.1/XM_067084782.1/XM_067084783.1/XM_067131671.1/XM_067084781.1
GO:0019216	GO:0019216	11	0.36024294381625	0.874520658731704	0.619205298013245	0.984656795368404	0.911801714707862	2019	tags=27%, list=11%, signal=24%	XM_067107663.1/XM_067094226.1/XM_067132856.1
GO:0019896	GO:0019896	11	0.359681262733629	0.873157129705522	0.619205298013245	0.984656795368404	0.911801714707862	5629	tags=45%, list=31%, signal=31%	XM_067121437.1/XM_067121440.1/XM_067106234.1/XM_067110878.1/XM_067133769.1
GO:0071577	GO:0071577	21	0.312855083615161	0.897369605801979	0.619909502262443	0.984656795368404	0.911801714707862	3277	tags=29%, list=18%, signal=23%	XM_067094481.1/XM_067082661.1/XM_067082666.1/XM_067130482.1/XM_067094480.1/XM_067092596.1
GO:0010719	GO:0010719	11	0.358843905926078	0.871124374201207	0.620860927152318	0.984656795368404	0.911801714707862	6286	tags=55%, list=35%, signal=36%	XM_067118320.1/XM_067113477.1/XM_067129350.1/XM_067097106.1/XM_067113482.1/XM_067113478.1
GO:0008361	GO:0008361	11	0.35812909326612	0.869389105130744	0.620860927152318	0.984656795368404	0.911801714707862	3580	tags=27%, list=20%, signal=22%	XM_067134072.1/XM_067087770.1/XM_067122702.1
GO:0042761	GO:0042761	11	-0.32232765232769	-0.873847904481545	0.623115577889447	0.986165135299931	0.913198452070969	4488	tags=36%, list=25%, signal=27%	XM_067106281.1/XM_067087631.1/XM_067102653.1/XM_067102652.1
GO:0035050	GO:0035050	11	-0.322326705577031	-0.873845337788699	0.623115577889447	0.986165135299931	0.913198452070969	2584	tags=27%, list=14%, signal=23%	XM_067112148.1/XM_067131558.1/XM_067134275.1
GO:0045454	GO:0045454	25	0.297093993891375	0.88503914788875	0.624260355029586	0.98694453203737	0.913920180987052	2957	tags=28%, list=16%, signal=23%	XM_067127464.1/XM_067129692.1/JP355186.1/GH624214.1/XM_067090188.1/XM_067104380.1/XM_067087858.1
GO:0006047	GO:0006047	12	0.349799005233357	0.864726520174287	0.625412541254125	0.98704418861775	0.91401246394422	4014	tags=42%, list=22%, signal=32%	XM_067092992.1/XM_067092993.1/XM_067111406.1/XM_067111410.1/XM_067111417.1
GO:0009312	GO:0009312	11	-0.319831238144338	-0.867079989016998	0.625628140703518	0.98704418861775	0.91401246394422	4472	tags=45%, list=25%, signal=34%	XM_067106646.1/XM_067119533.1/XM_067110312.1/XM_067100072.1/XM_067109288.1
GO:0007367	GO:0007367	16	-0.28400415677114	-0.872483807669647	0.626315789473684	0.987099780701754	0.914063942751616	1840	tags=31%, list=10%, signal=28%	XM_067083308.1/XM_067104001.1/XM_067133046.1/XM_067104418.1/XM_067130876.1
GO:0036335	GO:0036335	28	0.291226834491128	0.894361540264417	0.62844702467344	0.988328822145704	0.91520204701425	4445	tags=36%, list=24%, signal=27%	XM_067113619.1/JZ905129.1/XM_067105013.1/XM_067133211.1/XM_067131841.1/XM_067133208.1/XM_067084260.1/XM_067084275.1/XM_067103718.1/XM_067113808.1
GO:0030154	GO:0030154	209	-0.190697844204766	-0.970256149069298	0.629032258064516	0.988328822145704	0.91520204701425	2994	tags=21%, list=16%, signal=17%	XM_067096318.1/XM_067105046.1/JP354740.1/XM_067098617.1/XM_067087091.1/XM_067119164.1/XM_067127111.1/XM_067096487.1/XM_067104261.1/XM_067097313.1/XM_067129228.1/XM_067095120.1/JP353236.1/XM_067089784.1/XM_067116157.1/XM_067105694.1/XM_067095184.1/XM_067132007.1/XM_067110534.1/XM_067130102.1/XM_067127105.1/JP354995.1/XM_067101362.1/XM_067095187.1/XM_067104257.1/XM_067132960.1/XM_067096513.1/XM_067131649.1/XM_067119131.1/GH625301.1/XM_067132497.1/XM_067134657.1/XM_067095121.1/XM_067087618.1/XM_067124690.1/XM_067132853.1/XM_067088851.1/XM_067104147.1/JP353283.1/XM_067081783.1/XM_067127330.1/XM_067129972.1/XM_067104259.1
GO:0002931	GO:0002931	13	-0.306017023390265	-0.88139405549813	0.629441624365482	0.988328822145704	0.91520204701425	687	tags=38%, list=4%, signal=37%	EL695535.1/XM_067083378.1/XM_067083382.1/XM_067082583.1/XM_067083380.1
GO:0032527	GO:0032527	12	-0.315634961580151	-0.883939173402467	0.631313131313131	0.988328822145704	0.91520204701425	5156	tags=50%, list=28%, signal=36%	XM_067087588.1/XM_067109782.1/XM_067094762.1/XM_067101696.1/JP355090.1/XM_067081975.1
GO:0019369	GO:0019369	23	0.305696481292111	0.894685531742523	0.63134328358209	0.988328822145704	0.91520204701425	5796	tags=35%, list=32%, signal=24%	XM_067086720.1/XM_067086716.1/JP351928.1/XM_067127500.1/XM_067086719.1/XM_067127507.1/XM_067130855.1/XM_067097665.1
GO:0006703	GO:0006703	15	0.337324392693785	0.876248415933909	0.631921824104234	0.988328822145704	0.91520204701425	4553	tags=40%, list=25%, signal=30%	XM_067126664.1/XM_067133793.1/XM_067133794.1/XM_067133791.1/XM_067092586.1/XM_067082351.1
GO:0045947	GO:0045947	18	-0.28423097151671	-0.885924624758923	0.632311977715877	0.988328822145704	0.91520204701425	4870	tags=39%, list=27%, signal=29%	XM_067116481.1/XM_067086671.1/XM_067112367.1/XM_067112368.1/XM_067131720.1/XM_067112994.1/XM_067134657.1
GO:0032206	GO:0032206	14	-0.296884693367164	-0.879827701943929	0.636132315521629	0.988328822145704	0.91520204701425	3177	tags=50%, list=17%, signal=41%	XM_067083981.1/XM_067114938.1/XM_067101743.1/XM_067089853.1/XM_067083982.1/XM_067112570.1/XM_067101742.1
GO:0045648	GO:0045648	20	0.31179316545829	0.878796403942466	0.636923076923077	0.988328822145704	0.91520204701425	4658	tags=40%, list=26%, signal=30%	XM_067081580.1/XM_067081582.1/XM_067081585.1/XM_067106457.1/XM_067099183.1/XM_067099939.1/XM_067081583.1/XM_067081581.1
GO:0016360	GO:0016360	11	0.351892274733423	0.854248692958268	0.637417218543046	0.988328822145704	0.91520204701425	4911	tags=45%, list=27%, signal=33%	XM_067113367.1/XM_067131551.1/XM_067084260.1/XM_067096670.1/XM_067096672.1
GO:0061158	GO:0061158	17	-0.281248921139118	-0.865533981041776	0.64010989010989	0.988328822145704	0.91520204701425	2735	tags=29%, list=15%, signal=25%	XM_067114805.1/XM_067084479.1/XM_067133962.1/XM_067103218.1/XM_067094990.1
GO:0008363	GO:0008363	11	0.350791117554552	0.85157553941574	0.640728476821192	0.988328822145704	0.91520204701425	1363	tags=27%, list=7%, signal=25%	XM_067107645.1/XM_067107900.1/XM_067092138.1
GO:0007416	GO:0007416	25	-0.257448161277097	-0.880515941134877	0.641104294478528	0.988328822145704	0.91520204701425	539	tags=16%, list=3%, signal=16%	XM_067120168.1/XM_067133637.1/XM_067099658.1/XM_067120058.1
GO:0045467	GO:0045467	51	0.255758150016335	0.885684529193558	0.641509433962264	0.988328822145704	0.91520204701425	7203	tags=47%, list=40%, signal=29%	XM_067089607.1/XM_067114872.1/XM_067124862.1/XM_067130209.1/XM_067114878.1/XM_067114874.1/XM_067092770.1/XM_067090682.1/XM_067106590.1/XM_067090679.1/XM_067120452.1/XM_067133307.1/XM_067127171.1/XM_067098249.1/XM_067113037.1/XM_067133299.1/XM_067114884.1/XM_067107728.1/XM_067114844.1/XM_067133296.1/XM_067087344.1/XM_067112419.1/XM_067114868.1/XM_067114827.1
GO:0050680	GO:0050680	15	-0.283471004664515	-0.853758283466913	0.641752577319588	0.988328822145704	0.91520204701425	3045	tags=33%, list=17%, signal=28%	XM_067083541.1/XM_067131225.1/XM_067127113.1/XM_067132377.1/XM_067084535.1
GO:0008406	GO:0008406	42	0.261207742636926	0.877724511489383	0.642758620689655	0.988328822145704	0.91520204701425	4370	tags=26%, list=24%, signal=20%	XM_067114872.1/XM_067093026.1/XM_067114878.1/XM_067130482.1/XM_067114874.1/XM_067096238.1/XM_067092770.1/XM_067090682.1/XM_067089378.1/XM_067090679.1/XM_067133307.1
GO:0035418	GO:0035418	16	0.326705158166586	0.864157945866873	0.643086816720257	0.988328822145704	0.91520204701425	1179	tags=19%, list=6%, signal=18%	XM_067129897.1/XM_067098462.1/XM_067098464.1
GO:0030865	GO:0030865	15	0.334296512100785	0.868383062491587	0.643322475570033	0.988328822145704	0.91520204701425	4456	tags=40%, list=24%, signal=30%	XM_067100419.1/XM_067127827.1/XM_067101443.1/XM_067101447.1/XM_067115027.1/XM_067133410.1
GO:0000956	GO:0000956	26	-0.256142039896027	-0.881150777179423	0.643533123028391	0.988328822145704	0.91520204701425	4024	tags=31%, list=22%, signal=24%	XM_067101618.1/XM_067119877.1/XM_067084784.1/XM_067107278.1/XM_067082928.1/XM_067082453.1/XM_067100102.1/XM_067092252.1
GO:0098696	GO:0098696	14	0.335048768541264	0.861178862855924	0.64367816091954	0.988328822145704	0.91520204701425	4896	tags=50%, list=27%, signal=37%	XM_067116482.1/XM_067106014.1/XM_067124071.1/XM_067106009.1/XM_067094072.1/XM_067133410.1/JP354937.1
GO:0007131	GO:0007131	11	0.349959002055673	0.849555507637985	0.644039735099338	0.988328822145704	0.91520204701425	6747	tags=55%, list=37%, signal=34%	XM_067093638.1/XM_067118592.1/XM_067101463.1/XM_067103817.1/XM_067097638.1/XM_067099277.1
GO:0000398	GO:0000398	199	0.22365132493018	0.930672683660427	0.645161290322581	0.988328822145704	0.91520204701425	5775	tags=29%, list=32%, signal=20%	XM_067081496.1/XM_067099633.1/XM_067130248.1/JP354212.1/XM_067104504.1/XM_067126344.1/XM_067134533.1/XM_067121237.1/XM_067132567.1/EL696522.1/XM_067108002.1/XM_067111967.1/XM_067086639.1/XM_067103287.1/XM_067096570.1/XM_067133032.1/XM_067126954.1/XM_067103171.1/JP355387.1/XM_067098459.1/XM_067081494.1/XM_067117337.1/XM_067093312.1/XM_067110174.1/XM_067090762.1/XM_067110457.1/XM_067124114.1/XM_067113321.1/XM_067127774.1/XM_067109914.1/XM_067103380.1/XM_067119133.1/XM_067129558.1/XM_067128355.1/XM_067090693.1/XM_067116411.1/XM_067112205.1/XM_067101125.1/XM_067114721.1/XM_067104901.1/XM_067134042.1/XM_067083297.1/XM_067098896.1/XM_067090771.1/XM_067120328.1/JP354993.1/XM_067094157.1/XM_067116487.1/XM_067110801.1/XM_067098780.1/JP355281.1/XM_067104589.1/XM_067084259.1/XM_067098998.1/XM_067110364.1/XM_067104540.1/XM_067129564.1/XM_067118303.1
GO:0043652	GO:0043652	11	0.348896640831665	0.846976534604986	0.645695364238411	0.988328822145704	0.91520204701425	256	tags=9%, list=1%, signal=9%	XM_067100419.1
GO:0055002	GO:0055002	10	0.371903241192923	0.874029614362378	0.645973154362416	0.988328822145704	0.91520204701425	5566	tags=40%, list=31%, signal=28%	XM_067126307.1/XM_067132857.1/XM_067132858.1/JP355162.1
GO:0033147	GO:0033147	17	0.319242322449122	0.865915667421727	0.647335423197492	0.988328822145704	0.91520204701425	7304	tags=47%, list=40%, signal=28%	XM_067116379.1/XM_067114904.1/XM_067083472.1/XM_067114903.1/XM_067084241.1/JP353036.1/XM_067134581.1/JP354480.1
GO:0031175	GO:0031175	65	0.244651280153176	0.888642105596958	0.647979139504563	0.988328822145704	0.91520204701425	2850	tags=18%, list=16%, signal=16%	XM_067081580.1/XM_067098927.1/XM_067100613.1/XM_067090794.1/XM_067105696.1/XM_067081582.1/XM_067124862.1/XM_067081585.1/XM_067105027.1/XM_067132443.1/XM_067107469.1/XM_067123348.1
GO:0007265	GO:0007265	32	0.281290986415148	0.886909438105137	0.648493543758967	0.988328822145704	0.91520204701425	6055	tags=41%, list=33%, signal=27%	XM_067095835.1/XM_067095819.1/XM_067130634.1/XM_067097921.1/XM_067095805.1/XM_067095542.1/XM_067131841.1/XM_067093194.1/XM_067130155.1/XM_067123410.1/XM_067091344.1/XM_067102642.1/XM_067131126.1
GO:0030166	GO:0030166	21	0.305357750158762	0.875864827645295	0.648567119155354	0.988328822145704	0.91520204701425	5322	tags=48%, list=29%, signal=34%	XM_067119708.1/XM_067090249.1/XM_067086872.1/XM_067107947.1/XM_067086877.1/XM_067115308.1/XM_067107944.1/XM_067132855.1/XM_067091162.1/XM_067086879.1
GO:0090160	GO:0090160	11	0.347814886523867	0.844350483196956	0.649006622516556	0.988328822145704	0.91520204701425	87	tags=9%, list=0%, signal=9%	XM_067126876.1
GO:0006552	GO:0006552	10	0.370997926191014	0.871901985360121	0.649328859060403	0.988328822145704	0.91520204701425	5772	tags=50%, list=32%, signal=34%	XM_067098630.1/XM_067131022.1/XM_067086964.1/XM_067088563.1/XM_067084664.1
GO:0070507	GO:0070507	10	-0.327433442854092	-0.855337547870272	0.650246305418719	0.988328822145704	0.91520204701425	587	tags=50%, list=3%, signal=48%	XM_067093931.1/XM_067128531.1/XM_067114157.1/JP352541.1/XM_067121692.1
GO:1901987	GO:1901987	11	-0.313757816496151	-0.850614610567539	0.650753768844221	0.988328822145704	0.91520204701425	1444	tags=18%, list=8%, signal=17%	XM_067101362.1/XM_067105575.1
GO:0034644	GO:0034644	26	0.288429890023307	0.870694747596201	0.651094890510949	0.988328822145704	0.91520204701425	2674	tags=23%, list=15%, signal=20%	XM_067097439.1/XM_067133613.1/XM_067108002.1/XM_067087686.1/XM_067108544.1/XM_067082582.1
GO:0072657	GO:0072657	16	0.325231033754823	0.860258783910661	0.65112540192926	0.988328822145704	0.91520204701425	4122	tags=31%, list=23%, signal=24%	XM_067117388.1/XM_067081420.1/XM_067114210.1/XM_067122678.1/XM_067088672.1
GO:0007249	GO:0007249	13	0.340265618994801	0.861649872662371	0.651315789473684	0.988328822145704	0.91520204701425	3117	tags=38%, list=17%, signal=32%	XM_067117784.1/XM_067124071.1/XM_067082582.1/XM_067090096.1/XM_067113306.1
GO:0090630	GO:0090630	14	0.331888079182358	0.85305491457283	0.651888341543514	0.988328822145704	0.91520204701425	5417	tags=57%, list=30%, signal=40%	XM_067102050.1/XM_067107765.1/XM_067120667.1/XM_067107766.1/XM_067084838.1/XM_067109897.1/XM_067112636.1/XM_067108538.1
GO:0098974	GO:0098974	11	-0.312819161135166	-0.848069864517042	0.653266331658292	0.988328822145704	0.91520204701425	52	tags=36%, list=0%, signal=36%	XM_067123140.1/XM_067123144.1/XM_067111539.1/XM_067123908.1
GO:0009698	GO:0009698	12	-0.304554176060811	-0.852907311964874	0.654040404040404	0.988328822145704	0.91520204701425	385	tags=25%, list=2%, signal=24%	XM_067083389.1/XM_067105068.1/XM_067089721.1
GO:0007411	GO:0007411	154	0.225600058669345	0.916211801055072	0.654929577464789	0.988328822145704	0.91520204701425	4392	tags=24%, list=24%, signal=18%	XM_067089607.1/XM_067087673.1/XM_067111154.1/XM_067105461.1/XM_067114872.1/XM_067101841.1/XM_067111156.1/XM_067112518.1/XM_067093026.1/XM_067122667.1/XM_067106014.1/XM_067091665.1/XM_067096278.1/XM_067114878.1/XM_067120071.1/XM_067106009.1/XM_067123786.1/XM_067114874.1/XM_067090121.1/XM_067125558.1/XM_067085710.1/XM_067103769.1/XM_067087770.1/XM_067092770.1/XM_067105453.1/XM_067093279.1/XM_067090682.1/XM_067094072.1/XM_067091125.1/XM_067104433.1/XM_067123403.1/XM_067091666.1/XM_067090679.1/XM_067120452.1/XM_067084275.1/XM_067133307.1/XM_067112803.1
GO:0008045	GO:0008045	39	-0.235597829499626	-0.905271309403386	0.65625	0.988328822145704	0.91520204701425	3485	tags=31%, list=19%, signal=25%	XM_067120114.1/XM_067129396.1/XM_067100418.1/XM_067129693.1/MN508362.1/XM_067134691.1/XM_067134692.1/XM_067134689.1/XM_067134688.1/XM_067134681.1/XM_067134690.1/XM_067098864.1
GO:1905515	GO:1905515	23	0.298131906707353	0.872546201233503	0.656716417910448	0.988328822145704	0.91520204701425	4812	tags=35%, list=26%, signal=26%	XM_067124903.1/XM_067083813.1/XM_067101117.1/XM_067120071.1/XM_067090709.1/XM_067086688.1/XM_067084026.1/XM_067121357.1
GO:0040003	GO:0040003	14	0.32978569640607	0.84765114121633	0.658456486042693	0.988328822145704	0.91520204701425	4848	tags=43%, list=27%, signal=31%	XM_067107900.1/XM_067130209.1/XM_067091790.1/XM_067106590.1/XM_067091793.1/XM_067127171.1
GO:0045815	GO:0045815	30	-0.24714808109456	-0.878200348231685	0.658461538461538	0.988328822145704	0.91520204701425	2247	tags=27%, list=12%, signal=23%	XM_067114226.1/XM_067118766.1/XM_067118649.1/JP355486.1/XM_067113807.1/XM_067098411.1/XM_067119631.1/XM_067107617.1
GO:0010592	GO:0010592	13	-0.300617066709974	-0.865841032776625	0.65989847715736	0.988328822145704	0.91520204701425	52	tags=23%, list=0%, signal=23%	XM_067116297.1/XM_067127246.1/XM_067123908.1
GO:0006811	GO:0006811	38	0.266866230895168	0.869480290036127	0.66	0.988328822145704	0.91520204701425	2593	tags=16%, list=14%, signal=14%	XM_067090676.1/XM_067104944.1/XM_067086500.1/XM_067105035.1/XM_067091070.1/XM_067127858.1
GO:0019233	GO:0019233	10	-0.324022499952992	-0.84642731710239	0.660098522167488	0.988328822145704	0.91520204701425	1703	tags=30%, list=9%, signal=27%	XM_067092569.1/XM_067115599.1/XM_067082529.1
GO:1904646	GO:1904646	14	0.328344365120411	0.843946474450992	0.660098522167488	0.988328822145704	0.91520204701425	4308	tags=29%, list=24%, signal=22%	XM_067113660.1/KJ631065.1/XM_067115102.1/XM_067127130.1
GO:0022008	GO:0022008	40	0.262363326171301	0.869193911226525	0.66013986013986	0.988328822145704	0.91520204701425	4004	tags=25%, list=22%, signal=20%	XM_067082661.1/XM_067124222.1/XM_067091133.1/XM_067082666.1/XM_067118320.1/XM_067128387.1/XM_067084782.1/XM_067117131.1/XM_067084783.1/XM_067121685.1
GO:0000723	GO:0000723	34	-0.237424637716041	-0.880388253651632	0.661490683229814	0.988328822145704	0.91520204701425	2280	tags=21%, list=13%, signal=18%	XM_067108820.1/XM_067094880.1/XM_067127235.1/XM_067129211.1/JP354577.1/XM_067094164.1/XM_067092252.1
GO:0000086	GO:0000086	21	0.300858130578355	0.862958462811869	0.663650075414781	0.988328822145704	0.91520204701425	4556	tags=29%, list=25%, signal=21%	XM_067088619.1/XM_067098636.1/XM_067108364.1/XM_067109009.1/XM_067112653.1/JP354889.1
GO:0045948	GO:0045948	16	0.322298331409048	0.852501581516961	0.663987138263666	0.988328822145704	0.91520204701425	2700	tags=25%, list=15%, signal=21%	XM_067116869.1/XM_067116482.1/XM_067120371.1/XM_067134072.1
GO:0032728	GO:0032728	19	0.303655100033442	0.852768359642932	0.664634146341463	0.988328822145704	0.91520204701425	5752	tags=58%, list=32%, signal=40%	HG001457.1/XM_067129887.1/JP354258.1/XM_067107938.1/XM_067105865.1/JP354473.1/XM_067119704.1/XM_067105853.1/XM_067128286.1/XM_067107937.1/XM_067112868.1
GO:0006651	GO:0006651	12	0.339758342227186	0.839905330143238	0.665016501650165	0.988328822145704	0.91520204701425	1997	tags=25%, list=11%, signal=22%	XM_067117008.1/XM_067117015.1/XM_067108401.1
GO:0046470	GO:0046470	12	0.33943918450052	0.839116350911628	0.665016501650165	0.988328822145704	0.91520204701425	5541	tags=42%, list=30%, signal=29%	XM_067082586.1/XM_067134082.1/XM_067134084.1/XM_067130515.1/XM_067119026.1
GO:0032355	GO:0032355	14	0.3267463078353	0.839838973439832	0.665024630541872	0.988328822145704	0.91520204701425	1814	tags=29%, list=10%, signal=26%	XM_067092947.1/XM_067120288.1/XM_067120287.1/XM_067133708.1
GO:0048661	GO:0048661	16	0.321752219568156	0.851057077581709	0.665594855305466	0.988328822145704	0.91520204701425	3814	tags=38%, list=21%, signal=30%	XM_067098837.1/XM_067124071.1/XM_067134072.1/XM_067120281.1/XM_067101043.1/XM_067115102.1
GO:0007584	GO:0007584	29	0.280170488152524	0.866808048200475	0.665697674418605	0.988328822145704	0.91520204701425	6839	tags=55%, list=38%, signal=34%	XM_067095959.1/XM_067108463.1/XM_067133708.1/XM_067081096.1/XM_067092094.1/XM_067098591.1/XM_067119926.1/XM_067119940.1/XM_067083274.1/XM_067134194.1/XM_067134278.1/XM_067112566.1/XM_067122149.1/XM_067134277.1/XM_067095680.1/XM_067100047.1
GO:0043524	GO:0043524	66	0.242072475536644	0.879689516718552	0.665792922673657	0.988328822145704	0.91520204701425	5941	tags=38%, list=33%, signal=26%	XM_067131681.1/XM_067082661.1/XM_067129897.1/XM_067098462.1/XM_067120438.1/XM_067098464.1/XM_067113660.1/XM_067085935.1/XM_067082666.1/XM_067085934.1/XM_067119677.1/KJ631065.1/XM_067131687.1/XM_067120060.1/XM_067119676.1/XM_067132205.1/XM_067120815.1/XM_067121967.1/XM_067103633.1/XM_067091912.1/XM_067111310.1/XM_067091908.1/XM_067112566.1/XM_067113607.1/XM_067109669.1
GO:0051592	GO:0051592	16	0.321317264970496	0.849906592313068	0.667202572347267	0.988328822145704	0.91520204701425	4001	tags=31%, list=22%, signal=24%	XM_067126307.1/XM_067098837.1/JP353910.1/XM_067113794.1/XM_067122223.1
GO:0051480	GO:0051480	13	0.331735416417939	0.840048959864155	0.667763157894737	0.988328822145704	0.91520204701425	1309	tags=15%, list=7%, signal=14%	XM_067098927.1/XM_067103239.1
GO:0007188	GO:0007188	12	0.338242000262966	0.836156831461146	0.668316831683168	0.988328822145704	0.91520204701425	6055	tags=50%, list=33%, signal=33%	XM_067108849.1/XM_067088232.1/XM_067097567.1/XM_067132987.1/XM_067082543.1/XM_067131126.1
GO:0061060	GO:0061060	11	-0.307375467103805	-0.833311712097937	0.668341708542714	0.988328822145704	0.91520204701425	181	tags=55%, list=1%, signal=54%	XM_067090216.1/XM_067128293.1/XM_067130555.1/XM_067095956.1/JP351550.1/XM_067095351.1
GO:0046718	GO:0046718	25	0.286920918324923	0.854733687947234	0.671597633136095	0.988328822145704	0.91520204701425	2030	tags=20%, list=11%, signal=18%	XM_067126736.1/XM_067116229.1/XM_067128451.1/XM_067087686.1/XM_067108544.1
GO:0034504	GO:0034504	12	0.337349065173797	0.833949436240329	0.671617161716172	0.988328822145704	0.91520204701425	2747	tags=17%, list=15%, signal=14%	XM_067082099.1/XM_067127937.1
GO:0032008	GO:0032008	25	0.286657251995752	0.853948229378247	0.673076923076923	0.988328822145704	0.91520204701425	6661	tags=40%, list=37%, signal=25%	XM_067087587.1/XM_067101217.1/XM_067099352.1/XM_067122702.1/XM_067105865.1/XM_067105853.1/XM_067087586.1/XM_067104170.1/XM_067094786.1/XM_067118758.1
GO:0009411	GO:0009411	22	0.29950728711496	0.8647793096039	0.6732223903177	0.988328822145704	0.91520204701425	4280	tags=27%, list=24%, signal=21%	XM_067113711.1/XM_067097439.1/XM_067100597.1/XM_067120568.1/XM_067123759.1/XM_067102063.1
GO:0140374	GO:0140374	34	0.273931907007698	0.863209108261792	0.673529411764706	0.988328822145704	0.91520204701425	4014	tags=29%, list=22%, signal=23%	XM_067095152.1/XM_067133531.1/XM_067111406.1/XM_067124071.1/XM_067111410.1/XM_067112797.1/XM_067095250.1/XM_067081365.1/XM_067082630.1/XM_067111417.1
GO:0006068	GO:0006068	16	-0.273782367634035	-0.841081642261469	0.673684210526316	0.988328822145704	0.91520204701425	2804	tags=62%, list=15%, signal=53%	JP355616.1/XM_067125826.1/XM_067097765.1/XM_067125825.1/XM_067097764.1/EL695535.1/XM_067132639.1/XM_067123169.1/XM_067092713.1/XM_067123181.1
GO:0006694	GO:0006694	13	0.329552977634177	0.834522400625885	0.674342105263158	0.988328822145704	0.91520204701425	5154	tags=54%, list=28%, signal=39%	XM_067090494.1/XM_067087085.1/XM_067125463.1/XM_067118872.1/XM_067088628.1/XM_067119201.1/XM_067090553.1
GO:0042254	GO:0042254	27	0.282861695841452	0.863401438208315	0.67438494934877	0.988328822145704	0.91520204701425	2757	tags=22%, list=15%, signal=19%	XM_067099910.1/XM_067130539.1/XM_067125619.1/XM_067105506.1/XM_067116560.1/XM_067086345.1
GO:0008283	GO:0008283	49	0.248781460127135	0.86114107177994	0.674731182795699	0.988328822145704	0.91520204701425	3143	tags=18%, list=17%, signal=15%	XM_067082099.1/XM_067125226.1/XM_067134076.1/XM_067086646.1/XM_067127937.1/XM_067086345.1/XM_067122746.1/XM_067125449.1/XM_067095247.1
GO:0006612	GO:0006612	33	-0.240425064945445	-0.876655997303624	0.676282051282051	0.988328822145704	0.91520204701425	2458	tags=24%, list=14%, signal=21%	XM_067131700.1/XM_067103507.1/XM_067105273.1/XM_067120168.1/XM_067112613.1/XM_067081221.1/XM_067085544.1/XM_067120058.1
GO:0048666	GO:0048666	33	-0.240404898914399	-0.876582466400918	0.676282051282051	0.988328822145704	0.91520204701425	3241	tags=33%, list=18%, signal=27%	XM_067129198.1/XM_067132597.1/XM_067114798.1/XM_067082697.1/XM_067082695.1/XM_067105466.1/XM_067082698.1/XM_067093254.1/XM_067125380.1/XM_067121692.1/XM_067099669.1
GO:0042742	GO:0042742	44	-0.223051418615819	-0.881383037455361	0.67741935483871	0.988328822145704	0.91520204701425	1167	tags=14%, list=6%, signal=13%	XM_067097978.1/JP353339.1/XM_067101489.1/XM_067083776.1/XM_067112122.1/XM_067112114.1
GO:0032438	GO:0032438	13	-0.295669246294058	-0.851590258574764	0.677664974619289	0.988328822145704	0.91520204701425	2816	tags=31%, list=15%, signal=26%	XM_067110020.1/XM_067130011.1/XM_067120524.1/XM_067082030.1
GO:1900181	GO:1900181	18	0.307947778690895	0.849502584440045	0.678071539657854	0.988328822145704	0.91520204701425	4344	tags=39%, list=24%, signal=30%	XM_067091235.1/XM_067134072.1/XM_067092950.1/XM_067099168.1/XM_067099160.1/XM_067119132.1/XM_067108701.1
GO:0009268	GO:0009268	12	0.334359685761449	0.826559490534234	0.678217821782178	0.988328822145704	0.91520204701425	3191	tags=33%, list=18%, signal=28%	XM_067108463.1/XM_067085935.1/XM_067085934.1/XM_067092094.1
GO:0007266	GO:0007266	19	0.300029472603332	0.842586346049512	0.678353658536585	0.988328822145704	0.91520204701425	5881	tags=47%, list=32%, signal=32%	XM_067093808.1/XM_067088937.1/XM_067088352.1/XM_067088349.1/XM_067093813.1/XM_067088350.1/XM_067121967.1/XM_067082543.1/XM_067103660.1
GO:0048488	GO:0048488	45	-0.219546142635862	-0.879111644132357	0.67870036101083	0.988328822145704	0.91520204701425	3409	tags=33%, list=19%, signal=27%	XM_067114181.1/XM_067121827.1/XM_067113314.1/JP354449.1/XM_067112439.1/XM_067101207.1/XM_067111525.1/XM_067110080.1/XM_067122428.1/XM_067112435.1/JP354879.1/XM_067110070.1/XM_067112434.1/XM_067127866.1/XM_067122425.1
GO:0008582	GO:0008582	21	-0.260098609809979	-0.852098953443152	0.68141592920354	0.99070390396349	0.917401395745925	6240	tags=52%, list=34%, signal=34%	XM_067100884.1/XM_067104074.1/XM_067101370.1/XM_067117450.1/XM_067083286.1/XM_067081601.1/XM_067108728.1/XM_067101207.1/XM_067100860.1/XM_067100878.1/XM_067110765.1
GO:0043488	GO:0043488	20	0.298495351709853	0.841316201689647	0.683076923076923	0.99070390396349	0.917401395745925	3276	tags=25%, list=18%, signal=21%	XM_067084481.1/XM_067133613.1/XM_067132330.1/XM_067084468.1/XM_067111620.1
GO:0030723	GO:0030723	21	0.293651884094699	0.842288616275815	0.683257918552036	0.99070390396349	0.917401395745925	5716	tags=29%, list=31%, signal=20%	XM_067123572.1/XM_067123571.1/XM_067094352.1/JN627517.1/XM_067094593.1/XM_067094564.1
GO:0006261	GO:0006261	25	-0.251306983822273	-0.859512083039768	0.684049079754601	0.99070390396349	0.917401395745925	5145	tags=32%, list=28%, signal=23%	XM_067107860.1/XM_067134414.1/XM_067109295.1/XM_067109119.1/XM_067093779.1/XM_067112570.1/JP354187.1/XM_067108820.1
GO:0030718	GO:0030718	25	0.282734086070345	0.842261169057134	0.686390532544379	0.99070390396349	0.917401395745925	5142	tags=52%, list=28%, signal=37%	XM_067133211.1/XM_067091665.1/XM_067082582.1/XM_067097083.1/XM_067130554.1/XM_067134731.1/XM_067091125.1/XM_067133208.1/XM_067091666.1/XM_067096670.1/XM_067083842.1/XM_067096672.1/XM_067115985.1
GO:0043153	GO:0043153	11	0.335972322925007	0.815601643844727	0.687086092715232	0.99070390396349	0.917401395745925	1105	tags=18%, list=6%, signal=17%	XM_067111779.1/XM_067111780.1
GO:0006488	GO:0006488	19	-0.267646008049018	-0.849161436347909	0.687861271676301	0.99070390396349	0.917401395745925	1645	tags=16%, list=9%, signal=14%	XM_067089665.1/XM_067089128.1/JP354468.1
GO:0032922	GO:0032922	34	0.270081437305806	0.851075580064707	0.688235294117647	0.99070390396349	0.917401395745925	1694	tags=15%, list=9%, signal=13%	XM_067103767.1/XM_067111779.1/XM_067117784.1/XM_067111780.1/XM_067116482.1
GO:0000387	GO:0000387	38	-0.226432342381666	-0.872315408442311	0.688741721854305	0.99070390396349	0.917401395745925	2684	tags=16%, list=15%, signal=13%	XM_067127111.1/XM_067082709.1/JP354995.1/XM_067090927.1/XM_067121090.1/XM_067089710.1
GO:0045089	GO:0045089	28	0.278628874555045	0.855673035229118	0.689404934687954	0.99070390396349	0.917401395745925	4018	tags=29%, list=22%, signal=22%	XM_067120537.1/XM_067095152.1/XM_067093026.1/XM_067129887.1/JP354258.1/XM_067095250.1/XM_067121685.1/XM_067119704.1
GO:0000132	GO:0000132	34	-0.232353438275914	-0.861583868133933	0.68944099378882	0.99070390396349	0.917401395745925	3570	tags=32%, list=20%, signal=26%	JP351550.1/XM_067094810.1/XM_067100418.1/XM_067108535.1/XM_067102175.1/XM_067116210.1/JP353081.1/XM_067082971.1/XM_067108533.1/XM_067095299.1/XM_067095351.1
GO:0050821	GO:0050821	130	0.225686027384083	0.900067345887964	0.68978102189781	0.99070390396349	0.917401395745925	1596	tags=10%, list=9%, signal=9%	XM_067107548.1/XM_067132983.1/JP355357.1/XM_067099903.1/XM_067107547.1/XM_067099902.1/XM_067099904.1/XM_067092947.1/XM_067114177.1/XM_067106405.1/XM_067124019.1/XM_067099895.1/XM_067095136.1
GO:0012501	GO:0012501	18	0.303334246654599	0.836775727292736	0.690513219284603	0.99070390396349	0.917401395745925	3320	tags=28%, list=18%, signal=23%	XM_067103767.1/XM_067087366.1/XM_067109898.1/XM_067087770.1/XM_067123440.1
GO:1904801	GO:1904801	13	0.325053221759082	0.82312773169565	0.690789473684211	0.99070390396349	0.917401395745925	1829	tags=23%, list=10%, signal=21%	XM_067094808.1/XM_067125226.1/XM_067099462.1
GO:0006515	GO:0006515	20	0.29541232354191	0.832626613952021	0.692307692307692	0.99070390396349	0.917401395745925	7272	tags=50%, list=40%, signal=30%	XM_067105633.1/XM_067117964.1/XM_067088950.1/XM_067122557.1/XM_067088757.1/XM_067133769.1/JP355213.1/XM_067088758.1/XM_067111570.1/XM_067116704.1
GO:0008544	GO:0008544	20	0.295105259048051	0.831761145420711	0.692307692307692	0.99070390396349	0.917401395745925	476	tags=10%, list=3%, signal=10%	XM_067112470.1/XM_067126524.1
GO:0043434	GO:0043434	23	-0.253975346944161	-0.844828483838937	0.692771084337349	0.99070390396349	0.917401395745925	3831	tags=35%, list=21%, signal=27%	XM_067107288.1/XM_067082535.1/XM_067125781.1/XM_067082526.1/XM_067088789.1/XM_067125778.1/XM_067121084.1/XM_067121085.1
GO:0045039	GO:0045039	10	0.352446030676614	0.828302187654323	0.692953020134228	0.99070390396349	0.917401395745925	4478	tags=40%, list=25%, signal=30%	XM_067121911.1/XM_067088531.1/XM_067110660.1/XM_067085755.1
GO:0006650	GO:0006650	12	-0.297208516694694	-0.832335712305333	0.694444444444444	0.99070390396349	0.917401395745925	1018	tags=33%, list=6%, signal=31%	XM_067119017.1/JP354683.1/XM_067092927.1/XM_067117016.1
GO:0032481	GO:0032481	27	0.278339347692481	0.849597512285137	0.694645441389291	0.99070390396349	0.917401395745925	4295	tags=37%, list=24%, signal=28%	XM_067133531.1/XM_067111406.1/XM_067118320.1/XM_067124071.1/XM_067117493.1/XM_067111410.1/XM_067123348.1/XM_067105865.1/XM_067111417.1/XM_067105853.1
GO:0006906	GO:0006906	36	0.263239306837975	0.850434364678887	0.69472182596291	0.99070390396349	0.917401395745925	3804	tags=25%, list=21%, signal=20%	XM_067089210.1/XM_067111167.1/XM_067089191.1/XM_067121684.1/XM_067086208.1/JP355117.1/XM_067089184.1/XM_067130357.1/XM_067086209.1
GO:0048060	GO:0048060	16	-0.269125563800884	-0.826775563131814	0.694736842105263	0.99070390396349	0.917401395745925	581	tags=12%, list=3%, signal=12%	XM_067114389.1/XM_067082529.1
GO:0006729	GO:0006729	15	0.316370437526872	0.821817516715703	0.695439739413681	0.990749451238633	0.917443572963175	4080	tags=33%, list=22%, signal=26%	XM_067125365.1/XM_067125364.1/XM_067086431.1/XM_067112289.1/XM_067086430.1
GO:0010212	GO:0010212	39	0.25957674763533	0.853754105572413	0.696078431372549	0.990749451238633	0.917443572963175	2871	tags=18%, list=16%, signal=15%	XM_067111779.1/XM_067116948.1/XM_067111780.1/XM_067087686.1/XM_067108544.1/XM_067111873.1/XM_067118592.1
GO:1904263	GO:1904263	58	-0.217321940301034	-0.898013732312944	0.698347107438017	0.992845710627401	0.919384729429207	1668	tags=16%, list=9%, signal=14%	XM_067119649.1/XM_067114407.1/JP355486.1/XM_067104111.1/XM_067099053.1/XM_067081591.1/XM_067099926.1/XM_067087105.1/XM_067114957.1
GO:0030838	GO:0030838	20	-0.26268568997673	-0.850593911669735	0.698863636363636	0.992845710627401	0.919384729429207	640	tags=30%, list=4%, signal=29%	XM_067105264.1/XM_067083451.1/XM_067083453.1/XM_067128035.1/XM_067127866.1/XM_067123908.1
GO:0048008	GO:0048008	15	0.314584680881138	0.817178758102454	0.700325732899023	0.993560685755089	0.920046803311667	6047	tags=60%, list=33%, signal=40%	XM_067092174.1/XM_067121778.1/XM_067107765.1/XM_067107618.1/XM_067092175.1/XM_067107766.1/XM_067126771.1/XM_067092177.1/XM_067126769.1
GO:0030336	GO:0030336	54	0.245211698837832	0.857143045122822	0.700680272108844	0.993560685755089	0.920046803311667	5142	tags=39%, list=28%, signal=28%	XM_067099987.1/XM_067098905.1/XM_067116482.1/XM_067091665.1/XM_067087596.1/XM_067107765.1/XM_067129350.1/XM_067087597.1/XM_067094072.1/XM_067091125.1/XM_067106687.1/XM_067089166.1/XM_067091666.1/XM_067100141.1/XM_067107766.1/XM_067108701.1/XM_067131759.1/XM_067098036.1/JP354937.1/XM_067111463.1/XM_067115985.1
GO:0042675	GO:0042675	11	0.331281741886882	0.804214855873697	0.701986754966887	0.994481236203091	0.920899241928767	1735	tags=27%, list=10%, signal=25%	XM_067131149.1/XM_067130209.1/XM_067099560.1
GO:0061136	GO:0061136	24	-0.248575861931193	-0.83733044296451	0.703030303030303	0.994787019208191	0.921182399948587	1333	tags=12%, list=7%, signal=12%	JP354577.1/XM_067100318.1/XM_067113717.1
GO:0019941	GO:0019941	11	-0.299803275449537	-0.812783086143476	0.703517587939699	0.994787019208191	0.921182399948587	734	tags=18%, list=4%, signal=17%	GH624948.1/XM_067122063.1
GO:0016485	GO:0016485	53	0.246510804371192	0.858844813525649	0.704453441295547	0.995077592229377	0.921451473376214	3181	tags=21%, list=17%, signal=17%	XM_067097325.1/XM_067129481.1/XM_067111498.1/XM_067118685.1/XM_067116482.1/XM_067128305.1/XM_067099374.1/XM_067122095.1/XM_067096305.1/XM_067114210.1/XM_067134109.1
GO:0031647	GO:0031647	63	0.235879690367437	0.852239559357739	0.705426356589147	0.995077592229377	0.921451473376214	2629	tags=17%, list=14%, signal=15%	XM_067098946.1/XM_067094941.1/XM_067116996.1/XM_067130634.1/XM_067093431.1/XM_067112165.1/XM_067093432.1/XM_067112878.1/XM_067120838.1/XM_067093579.1/XM_067086646.1
GO:0030299	GO:0030299	10	0.348472037954022	0.818962695705652	0.706375838926175	0.995077592229377	0.921451473376214	1058	tags=20%, list=6%, signal=19%	XM_067101485.1/XM_067129341.1
GO:0061512	GO:0061512	16	0.309523474175754	0.818711192508665	0.707395498392283	0.995077592229377	0.921451473376214	5193	tags=44%, list=29%, signal=31%	XM_067083813.1/XM_067096238.1/JP355583.1/XM_067090709.1/XM_067129453.1/XM_067124428.1/XM_067107390.1
GO:0043627	GO:0043627	18	0.298980401520673	0.824765240614622	0.707620528771384	0.995077592229377	0.921451473376214	5962	tags=44%, list=33%, signal=30%	XM_067108463.1/XM_067085935.1/XM_067085934.1/XM_067092094.1/XM_067105804.1/XM_067083274.1/XM_067105805.1/XM_067122149.1
GO:0006887	GO:0006887	63	0.234640217450114	0.847761310928424	0.708010335917313	0.995077592229377	0.921451473376214	3999	tags=25%, list=22%, signal=20%	XM_067089607.1/XM_067089210.1/XM_067105013.1/XM_067100613.1/XM_067129044.1/XM_067111167.1/XM_067098606.1/XM_067098605.1/XM_067089191.1/XM_067119677.1/XM_067101373.1/XM_067107837.1/XM_067089184.1/XM_067097781.1/XM_067093951.1/XM_067119676.1
GO:0007616	GO:0007616	33	-0.237712560833733	-0.866765460317462	0.708333333333333	0.995077592229377	0.921451473376214	687	tags=39%, list=4%, signal=38%	XM_067094260.1/XM_067097960.1/XM_067095621.1/XM_067095622.1/XM_067096669.1/XM_067081601.1/XM_067126481.1/XM_067108728.1/XM_067132639.1/XM_067097959.1/XM_067082583.1/XM_067082701.1/XM_067098864.1
GO:0046843	GO:0046843	29	-0.246635291060761	-0.862350752272076	0.710191082802548	0.995077592229377	0.921451473376214	3066	tags=28%, list=17%, signal=23%	XM_067129190.1/XM_067103962.1/XM_067110080.1/XM_067111961.1/XM_067104644.1/XM_067110070.1/XM_067128095.1/XM_067091408.1
GO:0048015	GO:0048015	15	-0.269232436057126	-0.810874546882788	0.711340206185567	0.995077592229377	0.921451473376214	3592	tags=40%, list=20%, signal=32%	XM_067119762.1/XM_067116297.1/XM_067126192.1/XM_067124206.1/XM_067130940.1/XM_067099926.1
GO:0050427	GO:0050427	10	0.345450875522191	0.811862500970189	0.711409395973154	0.995077592229377	0.921451473376214	3270	tags=30%, list=18%, signal=25%	XM_067123267.1/XM_067133010.1/XM_067123095.1
GO:0046469	GO:0046469	10	-0.313916665367381	-0.820028365003013	0.711822660098522	0.995077592229377	0.921451473376214	216	tags=20%, list=1%, signal=20%	XM_067106815.1/XM_067120393.1
GO:0031124	GO:0031124	22	-0.249540403150115	-0.826802823237569	0.712609970674487	0.995077592229377	0.921451473376214	3948	tags=32%, list=22%, signal=25%	XM_067111747.1/XM_067130281.1/XM_067092813.1/XM_067099349.1/XM_067103292.1/XM_067093911.1/XM_067092512.1
GO:0016197	GO:0016197	55	0.241580355579625	0.849759988987045	0.713125845737483	0.995077592229377	0.921451473376214	5145	tags=33%, list=28%, signal=24%	XM_067123905.1/XM_067100673.1/XM_067100613.1/XM_067100667.1/XM_067123903.1/XM_067119677.1/XM_067104053.1/XM_067111262.1/XM_067088352.1/XM_067133605.1/XM_067088349.1/XM_067119676.1/XM_067121290.1/XM_067104048.1/XM_067088350.1/XM_067131843.1/XM_067093356.1/XM_067096031.1
GO:0009880	GO:0009880	13	0.319113401289547	0.808086407314033	0.713815789473684	0.995077592229377	0.921451473376214	4774	tags=46%, list=26%, signal=34%	XM_067092850.1/XM_067086431.1/XM_067104002.1/XM_067112606.1/XM_067086430.1/XM_067125323.1
GO:0034976	GO:0034976	51	-0.210706501783096	-0.860989460553915	0.715384615384615	0.995077592229377	0.921451473376214	2618	tags=22%, list=14%, signal=19%	XM_067081005.1/XM_067121011.1/JP355090.1/XM_067089964.1/XM_067089630.1/XM_067121352.1/XM_067106238.1/XM_067104394.1/XM_067123938.1/XM_067103298.1/XM_067131981.1
GO:0030010	GO:0030010	13	-0.287443150362316	-0.82789735425895	0.715736040609137	0.995077592229377	0.921451473376214	4301	tags=46%, list=24%, signal=35%	XM_067130038.1/XM_067122600.1/XM_067081040.1/XM_067131927.1/XM_067131700.1/XM_067099728.1
GO:0000289	GO:0000289	24	0.280365282696867	0.828787847807311	0.71577380952381	0.995077592229377	0.921451473376214	5393	tags=38%, list=30%, signal=26%	XM_067100482.1/XM_067116379.1/XM_067108459.1/XM_067114904.1/XM_067121145.1/XM_067101226.1/XM_067126376.1/XM_067121149.1/XM_067114903.1
GO:0006813	GO:0006813	15	-0.268818326105311	-0.809627330074684	0.716494845360825	0.995077592229377	0.921451473376214	1224	tags=20%, list=7%, signal=19%	XM_067123335.1/XM_067130604.1/XM_067123330.1
GO:0045747	GO:0045747	34	-0.229610079662626	-0.851411289913211	0.717391304347826	0.995077592229377	0.921451473376214	2638	tags=32%, list=14%, signal=28%	XM_067086028.1/XM_067095100.1/XM_067086021.1/XM_067122489.1/XM_067127479.1/XM_067090796.1/XM_067083465.1/XM_067113458.1/XM_067116642.1/XM_067127148.1/XM_067122486.1
GO:0016486	GO:0016486	12	0.320623264956416	0.792602140213981	0.717821782178218	0.995077592229377	0.921451473376214	7034	tags=50%, list=39%, signal=31%	XM_067106819.1/XM_067106816.1/XM_067116246.1/XM_067123071.1/XM_067106820.1/XM_067106817.1
GO:0045739	GO:0045739	33	-0.236124494387546	-0.860974932718012	0.717948717948718	0.995077592229377	0.921451473376214	2265	tags=33%, list=12%, signal=29%	XM_067102444.1/XM_067124195.1/XM_067083174.1/XM_067093551.1/XM_067123536.1/XM_067114340.1/XM_067094880.1/XM_067095447.1/JP354577.1/XM_067118448.1/XM_067102441.1
GO:0046686	GO:0046686	16	-0.263977200891353	-0.810959374644853	0.718421052631579	0.995077592229377	0.921451473376214	1624	tags=19%, list=9%, signal=17%	EU077526.1/XM_067131796.1/XM_067098984.1
GO:0030100	GO:0030100	28	-0.242592335666733	-0.845749624122838	0.718849840255591	0.995077592229377	0.921451473376214	1169	tags=21%, list=6%, signal=20%	XM_067104049.1/XM_067122489.1/XM_067131584.1/XM_067131605.1/XM_067131606.1/XM_067122486.1
GO:0007179	GO:0007179	26	0.272745519908411	0.82334771751797	0.721167883211679	0.997084158872863	0.923309573492734	3685	tags=27%, list=20%, signal=22%	XM_067120288.1/XM_067106313.1/XM_067120287.1/XM_067103796.1/JP352604.1/XM_067106316.1/XM_067113468.1
GO:2001234	GO:2001234	18	0.294155527347706	0.811455376530012	0.721617418351477	0.997084158872863	0.923309573492734	5141	tags=39%, list=28%, signal=28%	XM_067132606.1/XM_067111116.1/XM_067082285.1/XM_067113602.1/XM_067131841.1/XM_067132605.1/XM_067082287.1
GO:0060857	GO:0060857	11	-0.295421442931762	-0.800903698396894	0.723618090452261	0.998016675032315	0.924173092474353	140	tags=36%, list=1%, signal=36%	XM_067100561.1/XM_067118088.1/XM_067087644.1/XM_067103250.1
GO:0098700	GO:0098700	10	-0.311431033460865	-0.813535276571679	0.724137931034483	0.998016675032315	0.924173092474353	5012	tags=60%, list=28%, signal=43%	XM_067115742.1/XM_067097193.1/XM_067118158.1/XM_067115743.1/XM_067118638.1/XM_067118157.1
GO:0007143	GO:0007143	12	-0.292053717280978	-0.81789963998304	0.724747474747475	0.998016675032315	0.924173092474353	2135	tags=33%, list=12%, signal=29%	XM_067115162.1/XM_067115157.1/LT574897.1/XM_067115156.1
GO:0140694	GO:0140694	12	0.316300029954916	0.781914814341658	0.726072607260726	0.998016675032315	0.924173092474353	3276	tags=25%, list=18%, signal=21%	XM_067116482.1/XM_067118320.1/XM_067111620.1
GO:0007274	GO:0007274	29	-0.242898228460496	-0.84928425748633	0.726114649681529	0.998016675032315	0.924173092474353	3078	tags=24%, list=17%, signal=20%	XM_067107468.1/XM_067131927.1/XM_067094598.1/XM_067109236.1/XM_067105466.1/XM_067087371.1/XM_067132517.1
GO:0007509	GO:0007509	12	-0.291462528197	-0.816244008466175	0.727272727272727	0.998016675032315	0.924173092474353	4175	tags=33%, list=23%, signal=26%	XM_067083308.1/XM_067132691.1/XM_067112148.1/XM_067104418.1
GO:0002250	GO:0002250	22	0.287250067265995	0.829388550932367	0.72768532526475	0.998016675032315	0.924173092474353	5232	tags=45%, list=29%, signal=32%	XM_067128434.1/XM_067123123.1/XM_067128451.1/XM_067116807.1/XM_067125188.1/XM_067124309.1/XM_067116806.1/XM_067124323.1/XM_067131671.1/XM_067123090.1
GO:1902692	GO:1902692	11	-0.294999318684332	-0.799759296461832	0.728643216080402	0.998016675032315	0.924173092474353	1769	tags=45%, list=10%, signal=41%	XM_067104074.1/XM_067103416.1/XM_067125902.1/XM_067110534.1/XM_067131558.1
GO:0009615	GO:0009615	23	-0.249090615350889	-0.828579818621791	0.728915662650602	0.998016675032315	0.924173092474353	2538	tags=22%, list=14%, signal=19%	XM_067108334.1/XM_067120232.1/XM_067082934.1/XM_067118693.1/XM_067087236.1
GO:0006821	GO:0006821	18	0.291922737959212	0.805296019368549	0.729393468118196	0.998016675032315	0.924173092474353	4122	tags=39%, list=23%, signal=30%	XM_067114391.1/XM_067117936.1/XM_067095248.1/XM_067112497.1/XM_067104839.1/XM_067117988.1/XM_067088672.1
GO:0045910	GO:0045910	10	0.339944687243258	0.798922114641193	0.729865771812081	0.998016675032315	0.924173092474353	7839	tags=60%, list=43%, signal=34%	XM_067112929.1/XM_067104931.1/XM_067103902.1/XM_067116268.1/XM_067122441.1/XM_067122440.1
GO:0034475	GO:0034475	13	0.315100422466004	0.797924397110012	0.730263157894737	0.998016675032315	0.924173092474353	5007	tags=46%, list=28%, signal=33%	XM_067119033.1/XM_067086576.1/XM_067125800.1/XM_067129255.1/XM_067131721.1/XM_067108913.1
GO:0030200	GO:0030200	16	0.303872127220385	0.803762985373708	0.731511254019293	0.998016675032315	0.924173092474353	2747	tags=19%, list=15%, signal=16%	XM_067082099.1/XM_067096363.1/XM_067127937.1
GO:0048266	GO:0048266	10	-0.308251212143346	-0.805228792833536	0.731527093596059	0.998016675032315	0.924173092474353	100	tags=20%, list=1%, signal=20%	XM_067092569.1/XM_067082529.1
GO:0061351	GO:0061351	20	-0.255126699677962	-0.82611739326071	0.732954545454545	0.999063267813268	0.925142247510669	3269	tags=25%, list=18%, signal=21%	XM_067117986.1/XM_067117985.1/XM_067133985.1/XM_067132377.1/XM_067083136.1
GO:0006355	GO:0006355	266	0.210604200112601	0.903276596288671	0.736203090507726	1	0.926009670574321	4209	tags=23%, list=23%, signal=18%	XM_067104379.1/XM_067082911.1/XM_067101345.1/XM_067081580.1/XM_067104066.1/XM_067114655.1/XM_067087114.1/XM_067129903.1/XM_067117466.1/XM_067114872.1/XM_067132885.1/XM_067082608.1/XM_067106694.1/XM_067104370.1/XM_067093546.1/XM_067103643.1/XM_067116338.1/XM_067117476.1/XM_067081582.1/XM_067127908.1/XM_067095264.1/XM_067095136.1/XM_067129840.1/XM_067121038.1/XM_067101406.1/XM_067095983.1/XM_067087245.1/XM_067132504.1/XM_067098837.1/XM_067108063.1/XM_067132856.1/XM_067114878.1/XM_067085968.1/XM_067081585.1/XM_067082912.1/XM_067114874.1/XM_067107647.1/JP355075.1/XM_067082582.1/XM_067081400.1/XM_067108958.1/XM_067109009.1/XM_067127208.1/XM_067115016.1/XM_067107643.1/XM_067092770.1/XM_067093565.1/XM_067099531.1/XM_067090682.1/JP351715.1/XM_067093621.1/XM_067106687.1/XM_067114457.1/XM_067116340.1/XM_067093887.1/XM_067134264.1/XM_067090679.1/XM_067081583.1/XM_067108871.1/XM_067085786.1
GO:0007413	GO:0007413	11	0.320701569576478	0.778530579700592	0.736754966887417	1	0.926009670574321	8197	tags=64%, list=45%, signal=35%	XM_067120452.1/XM_067095251.1/XM_067107728.1/XM_067112419.1/XM_067133289.1/XM_067120450.1/XM_067107733.1
GO:0055074	GO:0055074	14	0.313756185652718	0.80645034557452	0.738916256157635	1	0.926009670574321	558	tags=14%, list=3%, signal=14%	XM_067113619.1/XM_067116320.1
GO:0030334	GO:0030334	43	0.243283920700592	0.818542249446753	0.741666666666667	1	0.926009670574321	595	tags=9%, list=3%, signal=9%	XM_067084533.1/XM_067100419.1/XM_067087673.1/XM_067127827.1
GO:0032482	GO:0032482	13	0.311472764983108	0.788738130753057	0.741776315789474	1	0.926009670574321	172	tags=8%, list=1%, signal=8%	XM_067089607.1
GO:0060291	GO:0060291	12	0.311529067216283	0.770120675578722	0.742574257425743	1	0.926009670574321	6089	tags=50%, list=33%, signal=33%	XM_067082661.1/XM_067082666.1/XM_067132987.1/XM_067087978.1/XM_067091344.1/XM_067133661.1
GO:0008217	GO:0008217	11	0.319216149137842	0.774924594121171	0.743377483443709	1	0.926009670574321	5070	tags=27%, list=28%, signal=20%	XM_067122746.1/XM_067110140.1/XM_067111263.1
GO:0099072	GO:0099072	14	0.310004571600972	0.796807538239269	0.74384236453202	1	0.926009670574321	4134	tags=29%, list=23%, signal=22%	XM_067093808.1/XM_067109742.1/XM_067110359.1/XM_067093813.1
GO:0002218	GO:0002218	19	0.283664777296213	0.796628631617675	0.74390243902439	1	0.926009670574321	4344	tags=42%, list=24%, signal=32%	XM_067129481.1/HG001457.1/XM_067123348.1/XM_067105865.1/JP354473.1/XM_067124309.1/XM_067105853.1/XM_067108701.1
GO:0006783	GO:0006783	26	-0.239173060023805	-0.822776018360372	0.744479495268139	1	0.926009670574321	2337	tags=23%, list=13%, signal=20%	XM_067094900.1/XM_067093575.1/XM_067098889.1/XM_067093576.1/XM_067094154.1/XM_067127752.1
GO:0051384	GO:0051384	20	0.279112635521125	0.78668555813383	0.744615384615385	1	0.926009670574321	3019	tags=20%, list=17%, signal=17%	XM_067118680.1/XM_067085785.1/XM_067118679.1/XM_067123179.1
GO:0007294	GO:0007294	22	-0.243520000839302	-0.806855409653355	0.744868035190616	1	0.926009670574321	2324	tags=41%, list=13%, signal=36%	XM_067094603.1/XM_067128531.1/XM_067083878.1/XM_067117394.1/JP354730.1/XM_067117391.1/XM_067083887.1/XM_067094598.1/XM_067134436.1
GO:0007283	GO:0007283	155	0.216124759735933	0.877249041578608	0.747356051703878	1	0.926009670574321	6100	tags=36%, list=34%, signal=24%	XM_067116816.1/XM_067134654.1/XM_067094808.1/XM_067084481.1/XM_067105048.1/XM_067096478.1/XM_067081129.1/XM_067133613.1/XM_067108002.1/XM_067121241.1/XM_067132330.1/XM_067134640.1/XM_067126315.1/XM_067133192.1/JP353561.1/XM_067123371.1/XM_067107965.1/XM_067134649.1/XM_067112379.1/XM_067084468.1/XM_067127500.1/XM_067105301.1/XM_067092887.1/XM_067115016.1/XM_067103380.1/XM_067091790.1/XM_067083472.1/XM_067115146.1/EL609714.1/XM_067099936.1/XM_067094809.1/XM_067096593.1/XM_067083343.1/XM_067119872.1/XM_067091793.1/XM_067105044.1/XM_067127507.1/XM_067100502.1/XM_067100443.1/XM_067095605.1/XM_067114145.1/XM_067119477.1/XM_067095703.1/XM_067123347.1/XM_067093324.1/XM_067092471.1/XM_067133612.1/XM_067101463.1/XM_067130167.1/XM_067095648.1/XM_067123373.1/XM_067103660.1/XM_067111326.1/XM_067096227.1/XM_067119584.1/XM_067115963.1
GO:0008586	GO:0008586	26	0.265220085344678	0.800630389755956	0.75036496350365	1	0.926009670574321	5661	tags=38%, list=31%, signal=27%	XM_067131149.1/XM_067133211.1/JP355075.1/XM_067085710.1/XM_067131841.1/XM_067133208.1/XM_067084260.1/XM_067112234.1/XM_067120193.1/XM_067133255.1
GO:0010824	GO:0010824	11	-0.289531559269848	-0.784935901472132	0.751256281407035	1	0.926009670574321	12934	tags=64%, list=71%, signal=18%	XM_067102058.1/XM_067101584.1/XM_067120821.1/XM_067123913.1/XM_067096901.1/XM_067113899.1/XM_067114340.1
GO:0030948	GO:0030948	10	-0.303157660235243	-0.791923169067523	0.753694581280788	1	0.926009670574321	96	tags=20%, list=1%, signal=20%	XM_067122489.1/XM_067122486.1
GO:0042246	GO:0042246	10	-0.302390278999244	-0.78991857851941	0.753694581280788	1	0.926009670574321	4547	tags=40%, list=25%, signal=30%	XM_067092246.1/XM_067123017.1/XM_067090314.1/XM_067091408.1
GO:0007619	GO:0007619	13	-0.278886904378535	-0.803253547636905	0.753807106598985	1	0.926009670574321	3768	tags=38%, list=21%, signal=31%	XM_067094349.1/XM_067108728.1/XM_067101207.1/XM_067131636.1/XM_067105663.1
GO:0043066	GO:0043066	170	0.211373081736843	0.863842687620669	0.754385964912281	1	0.926009670574321	1848	tags=12%, list=10%, signal=11%	XM_067132983.1/JP355357.1/XM_067094945.1/XM_067081580.1/XM_067098542.1/XM_067131681.1/XM_067085292.1/XM_067124222.1/XM_067133462.1/XM_067104127.1/XM_067122164.1/XM_067088698.1/XM_067120438.1/XM_067092947.1/XM_067127464.1/XM_067088693.1/XM_067132606.1/XM_067081582.1/XM_067133459.1/JP355186.1/XM_067098837.1
GO:0097193	GO:0097193	22	0.277791964828937	0.802079795360944	0.754916792738275	1	0.926009670574321	2424	tags=23%, list=13%, signal=20%	XM_067120537.1/XM_067127553.1/XM_067108026.1/XM_067096278.1/XM_067108022.1
GO:0030163	GO:0030163	54	0.237395710532605	0.829822081040201	0.755102040816326	1	0.926009670574321	3733	tags=20%, list=21%, signal=16%	XM_067089011.1/XM_067123295.1/XM_067120438.1/XM_067082099.1/XM_067123300.1/XM_067123302.1/XM_067115236.1/XM_067127937.1/XM_067109009.1/XM_067089014.1/XM_067089286.1
GO:0160240	GO:0160240	20	0.276188644721247	0.778444220975856	0.755384615384615	1	0.926009670574321	6591	tags=45%, list=36%, signal=29%	XM_067111873.1/XM_067115237.1/XM_067114886.1/XM_067108337.1/XM_067088642.1/XM_067130883.1/XM_067129554.1/XM_067122580.1/XM_067117538.1
GO:0006352	GO:0006352	15	0.300106561930072	0.779569770814983	0.755700325732899	1	0.926009670574321	5504	tags=53%, list=30%, signal=37%	XM_067104047.1/XM_067098108.1/XM_067081400.1/XM_067115415.1/XM_067124988.1/XM_067134264.1/XM_067117357.1/XM_067134263.1
GO:0001654	GO:0001654	18	0.283968516995685	0.78335356115551	0.755832037325039	1	0.926009670574321	6259	tags=50%, list=34%, signal=33%	XM_067119013.1/XM_067084352.1/XM_067099531.1/XM_067118198.1/XM_067123867.1/XM_067091912.1/XM_067091908.1/XM_067104411.1/XM_067119011.1
GO:0006048	GO:0006048	16	0.296438919077163	0.784101631031172	0.757234726688103	1	0.926009670574321	2826	tags=25%, list=16%, signal=21%	XM_067092992.1/XM_067092993.1/XM_067111406.1/XM_067111410.1
GO:0006260	GO:0006260	68	-0.202465805026109	-0.87624482809698	0.757322175732218	1	0.926009670574321	4062	tags=28%, list=22%, signal=22%	XM_067118911.1/XM_067121204.1/XM_067088444.1/XM_067129265.1/XM_067083962.1/XM_067128716.1/XM_067091223.1/XM_067093779.1/XM_067091647.1/XM_067121681.1/XM_067099375.1/XM_067133982.1/XM_067108820.1/XM_067098543.1/XM_067093662.1/XM_067127235.1/XM_067128557.1/XM_067134206.1/XM_067104398.1
GO:0071044	GO:0071044	10	-0.301802679737776	-0.788383623179927	0.758620689655172	1	0.926009670574321	3191	tags=40%, list=18%, signal=33%	XM_067108910.1/XM_067108911.1/XM_067099349.1/XM_067092252.1
GO:0035019	GO:0035019	13	-0.274776723232097	-0.791415352528161	0.758883248730964	1	0.926009670574321	4020	tags=46%, list=22%, signal=36%	XM_067095270.1/XM_067095271.1/XM_067118590.1/XM_067114226.1/XM_067114805.1/XM_067098798.1
GO:0008033	GO:0008033	32	0.255298986162576	0.804956757597931	0.75896700143472	1	0.926009670574321	5312	tags=38%, list=29%, signal=27%	XM_067089048.1/XM_067098918.1/XM_067114417.1/XM_067088819.1/XM_067088827.1/XM_067094289.1/XM_067111448.1/XM_067121825.1/XM_067114413.1/XM_067129247.1/XM_067117292.1/XM_067128687.1
GO:0051124	GO:0051124	26	-0.238175338079317	-0.819343768554166	0.760252365930599	1	0.926009670574321	3570	tags=23%, list=20%, signal=19%	JP351550.1/XM_067129396.1/XM_067101207.1/XM_067100860.1/XM_067100878.1/XM_067095351.1
GO:0035556	GO:0035556	160	-0.186876596292626	-0.91694910973861	0.76158940397351	1	0.926009670574321	2247	tags=14%, list=12%, signal=12%	XM_067118766.1/XM_067105498.1/XM_067116106.1/XM_067088789.1/XM_067099728.1/XM_067104111.1/XM_067099166.1/XM_067099996.1/XM_067091621.1/XM_067101781.1/XM_067096474.1/XM_067127148.1/XM_067098604.1/XM_067095038.1/XM_067119824.1/XM_067092027.1/XM_067092032.1/XM_067130565.1/XM_067091622.1/XM_067125889.1/XM_067113778.1/XM_067114957.1
GO:0007229	GO:0007229	32	0.254457741174949	0.802304315268393	0.761836441893831	1	0.926009670574321	6106	tags=41%, list=34%, signal=27%	XM_067101841.1/XM_067112518.1/XM_067119932.1/XM_067091665.1/XM_067091125.1/XM_067091666.1/XM_067132857.1/XM_067126771.1/XM_067132858.1/XM_067115985.1/JP355162.1/XM_067126769.1/XM_067099208.1
GO:0050766	GO:0050766	14	0.304405304416626	0.782415691441455	0.763546798029557	1	0.926009670574321	4264	tags=29%, list=23%, signal=22%	XM_067095152.1/XM_067095250.1/XM_067107765.1/XM_067107766.1
GO:0060216	GO:0060216	13	0.30523728402569	0.772948109449053	0.764802631578947	1	0.926009670574321	167	tags=8%, list=1%, signal=8%	GH625000.1
GO:0006417	GO:0006417	74	0.223050818836619	0.827493817189868	0.765685019206146	1	0.926009670574321	3872	tags=20%, list=21%, signal=16%	XM_067130248.1/XM_067084481.1/XM_067116379.1/XM_067111472.1/XM_067129694.1/XM_067129937.1/XM_067125619.1/XM_067108459.1/XM_067103800.1/XM_067120826.1/XM_067084468.1/XM_067117655.1/XM_067129726.1/XM_067134731.1/XM_067120060.1
GO:0071357	GO:0071357	10	-0.299020414210434	-0.781115653992244	0.766009852216749	1	0.926009670574321	2080	tags=20%, list=11%, signal=18%	XM_067133389.1/XM_067113717.1
GO:0045478	GO:0045478	11	-0.285292600499296	-0.773443852272876	0.766331658291457	1	0.926009670574321	2264	tags=36%, list=12%, signal=32%	XM_067094603.1/XM_067083878.1/XM_067083887.1/XM_067094598.1
GO:0007052	GO:0007052	33	0.251814608719253	0.792406645239437	0.766666666666667	1	0.926009670574321	147	tags=6%, list=1%, signal=6%	XM_067091471.1/XM_067102196.1
GO:0003015	GO:0003015	16	0.29364400772251	0.776708895426167	0.766881028938907	1	0.926009670574321	4445	tags=38%, list=24%, signal=28%	XM_067113619.1/XM_067112335.1/XM_067104878.1/XM_067104869.1/XM_067101753.1/XM_067113808.1
GO:0030335	GO:0030335	56	0.232932222338535	0.821589686361313	0.767160161507402	1	0.926009670574321	3602	tags=20%, list=20%, signal=16%	XM_067101345.1/XM_067111154.1/XM_067081438.1/XM_067111156.1/XM_067115698.1/XM_067127553.1/XM_067129151.1/XM_067123786.1/XM_067118592.1/XM_067107798.1/XM_067134673.1
GO:0007156	GO:0007156	49	0.233343189392845	0.807702487571291	0.768817204301075	1	0.926009670574321	4874	tags=31%, list=27%, signal=22%	XM_067103791.1/XM_067098927.1/XM_067124862.1/XM_067099560.1/XM_067122667.1/XM_067134022.1/XM_067120811.1/XM_067126691.1/XM_067088325.1/XM_067103790.1/XM_067104264.1/XM_067120452.1/XM_067096324.1/XM_067104635.1/XM_067127563.1
GO:0072583	GO:0072583	26	0.259541212220052	0.7834873502413	0.770802919708029	1	0.926009670574321	4194	tags=31%, list=23%, signal=24%	XM_067114185.1/XM_067127052.1/XM_067123899.1/XM_067118395.1/XM_067086130.1/XM_067110075.1/XM_067116813.1/JP354182.1
GO:0045600	GO:0045600	15	0.294942113033377	0.766154375240526	0.771986970684039	1	0.926009670574321	37	tags=7%, list=0%, signal=7%	XM_067132983.1
GO:0007399	GO:0007399	132	0.214575552572459	0.855938536539928	0.772506082725061	1	0.926009670574321	1992	tags=14%, list=11%, signal=12%	XM_067099987.1/XM_067109287.1/XM_067124903.1/XM_067112041.1/XM_067083155.1/XM_067100673.1/XM_067105461.1/XM_067120438.1/XM_067119140.1/XM_067082608.1/XM_067096654.1/XM_067096363.1/XM_067112335.1/XM_067100667.1/XM_067087686.1/XM_067121778.1/XM_067119147.1/XM_067105787.1
GO:0043010	GO:0043010	14	0.299287282424758	0.769260793489678	0.773399014778325	1	0.926009670574321	6257	tags=50%, list=34%, signal=33%	XM_067101117.1/JP354050.1/XM_067090660.1/XM_067109100.1/XM_067092052.1/XM_067097674.1/XM_067112641.1
GO:0043001	GO:0043001	32	-0.23315246920448	-0.839143929461027	0.773770491803279	1	0.926009670574321	2505	tags=19%, list=14%, signal=16%	XM_067103687.1/XM_067109236.1/JP354879.1/XM_067082030.1/XM_067125824.1/XM_067127326.1
GO:0046339	GO:0046339	12	-0.276956067520757	-0.775618506161362	0.775252525252525	1	0.926009670574321	13163	tags=25%, list=72%, signal=7%	XM_067130846.1/XM_067130843.1/XM_067130845.1
GO:0014029	GO:0014029	12	0.299239443439961	0.73973990421186	0.777227722772277	1	0.926009670574321	4759	tags=33%, list=26%, signal=25%	XM_067105809.1/XM_067125619.1/XM_067113794.1/XM_067105812.1
GO:0071277	GO:0071277	36	-0.219768118742237	-0.823492972303886	0.777408637873754	1	0.926009670574321	3882	tags=31%, list=21%, signal=24%	XM_067086262.1/XM_067082077.1/XM_067082741.1/XM_067083378.1/XM_067082742.1/XM_067126192.1/XM_067083382.1/XM_067133094.1/XM_067094891.1/XM_067094892.1/XM_067083380.1
GO:0008654	GO:0008654	11	0.309420790256971	0.751145519893467	0.778145695364238	1	0.926009670574321	2628	tags=27%, list=14%, signal=23%	XM_067127332.1/XM_067100534.1/XM_067093392.1
GO:0009306	GO:0009306	34	-0.221283404271871	-0.820535356916073	0.779503105590062	1	0.926009670574321	3370	tags=38%, list=19%, signal=31%	XM_067120390.1/XM_067117446.1/XM_067100840.1/XM_067127475.1/XM_067111987.1/XM_067120385.1/XM_067091778.1/XM_067082945.1/XM_067108407.1/XM_067108409.1/XM_067120386.1/XM_067091777.1/XM_067111308.1
GO:0034243	GO:0034243	18	-0.25474636099734	-0.794023512184358	0.779944289693593	1	0.926009670574321	4119	tags=39%, list=23%, signal=30%	XM_067109005.1/XM_067100869.1/XM_067093015.1/XM_067099171.1/XM_067128655.1/XM_067107997.1/XM_067118448.1
GO:0034141	GO:0034141	10	0.322888815696207	0.758838202537964	0.780201342281879	1	0.926009670574321	381	tags=10%, list=2%, signal=10%	XM_067083155.1
GO:0046667	GO:0046667	12	-0.27558827886362	-0.771787999018155	0.78030303030303	1	0.926009670574321	2729	tags=33%, list=15%, signal=28%	XM_067095843.1/XM_067103962.1/XM_067110080.1/XM_067110070.1
GO:0031145	GO:0031145	20	0.270270026414496	0.761762455432229	0.781538461538462	1	0.926009670574321	5341	tags=35%, list=29%, signal=25%	XM_067130815.1/XM_067124181.1/XM_067104007.1/XM_067128510.1/XM_067083643.1/XM_067093210.1/XM_067093132.1
GO:0006744	GO:0006744	22	-0.235519233386618	-0.780346447439462	0.782991202346041	1	0.926009670574321	1003	tags=23%, list=6%, signal=22%	XM_067125462.1/XM_067092708.1/XM_067083534.1/XM_067105395.1/XM_067133292.1
GO:1905168	GO:1905168	39	-0.213362430700753	-0.819833049515708	0.784722222222222	1	0.926009670574321	4832	tags=38%, list=27%, signal=28%	XM_067096055.1/XM_067093551.1/XM_067081584.1/XM_067090890.1/XM_067081586.1/XM_067134044.1/XM_067081290.1/XM_067092115.1/XM_067088166.1/XM_067127246.1/XM_067104499.1/XM_067082583.1/XM_067082701.1/XM_067118448.1/XM_067081591.1
GO:0008154	GO:0008154	18	-0.251848988052372	-0.784992638365927	0.785515320334262	1	0.926009670574321	116	tags=28%, list=1%, signal=28%	XM_067133604.1/XM_067085592.1/XM_067085589.1/GH624151.1/XM_067084306.1
GO:0016051	GO:0016051	10	-0.291312523828621	-0.760980728246828	0.785714285714286	1	0.926009670574321	1195	tags=20%, list=7%, signal=19%	XM_067124006.1/XM_067095090.1
GO:0047496	GO:0047496	21	0.263722896050434	0.756442594875149	0.785822021116139	1	0.926009670574321	5130	tags=38%, list=28%, signal=27%	XM_067089210.1/XM_067121437.1/XM_067089191.1/XM_067121440.1/XM_067089184.1/XM_067099864.1/XM_067115027.1/XM_067112636.1
GO:0035196	GO:0035196	19	-0.249425139641991	-0.791352022709342	0.786127167630058	1	0.926009670574321	2820	tags=32%, list=15%, signal=27%	XM_067112368.1/XM_067084479.1/XM_067084465.1/XM_067133962.1/XM_067112994.1/XM_067132549.1
GO:0042593	GO:0042593	45	0.236236014205833	0.797756689784715	0.786206896551724	1	0.926009670574321	2243	tags=13%, list=12%, signal=12%	EL696537.1/XM_067128884.1/XM_067128859.1/JP354750.1/XM_067111644.1/XM_067103977.1
GO:0034315	GO:0034315	14	-0.26164881162289	-0.775404989848453	0.786259541984733	1	0.926009670574321	4823	tags=50%, list=27%, signal=37%	XM_067127875.1/XM_067127881.1/XM_067082969.1/XM_067083451.1/XM_067083453.1/XM_067127885.1/XM_067099922.1
GO:0016339	GO:0016339	28	0.252392070396354	0.775099455462732	0.786647314949202	1	0.926009670574321	4167	tags=29%, list=23%, signal=22%	XM_067098927.1/XM_067124862.1/XM_067091665.1/XM_067126691.1/XM_067088325.1/XM_067091125.1/XM_067091666.1/XM_067120452.1
GO:0014032	GO:0014032	12	0.29630048145177	0.732474593747992	0.787128712871287	1	0.926009670574321	7022	tags=58%, list=39%, signal=36%	XM_067105809.1/XM_067125619.1/XM_067113794.1/XM_067105812.1/XM_067134535.1/XM_067086590.1/XM_067113785.1
GO:0006000	GO:0006000	11	0.306561269905692	0.744203788863941	0.788079470198676	1	0.926009670574321	6923	tags=64%, list=38%, signal=39%	XM_067105009.1/XM_067114899.1/XM_067123444.1/XM_067114895.1/XM_067122153.1/XM_067122155.1/XM_067123453.1
GO:0060382	GO:0060382	11	0.306250963384662	0.743450493156592	0.788079470198676	1	0.926009670574321	3375	tags=27%, list=19%, signal=22%	XM_067111875.1/XM_067092311.1/XM_067104156.1
GO:0006337	GO:0006337	10	-0.289448170284319	-0.756110573338257	0.788177339901478	1	0.926009670574321	2212	tags=20%, list=12%, signal=18%	XM_067118649.1/XM_067134206.1
GO:0045766	GO:0045766	41	-0.210235025347119	-0.819749914248041	0.788927335640138	1	0.926009670574321	2820	tags=22%, list=15%, signal=19%	XM_067112368.1/XM_067121578.1/XM_067116106.1/XM_067095184.1/XM_067112994.1/GH624882.1/XM_067083434.1/XM_067095187.1/XM_067083423.1
GO:0050765	GO:0050765	10	0.316512536507636	0.74385296922196	0.790268456375839	1	0.926009670574321	322	tags=10%, list=2%, signal=10%	XM_067120537.1
GO:0010883	GO:0010883	10	0.314883231002867	0.740023851579846	0.790268456375839	1	0.926009670574321	1829	tags=20%, list=10%, signal=18%	XM_067101275.1/XM_067099462.1
GO:1990481	GO:1990481	12	0.293808508043505	0.726314268928719	0.79042904290429	1	0.926009670574321	659	tags=8%, list=4%, signal=8%	XM_067092932.1
GO:0002181	GO:0002181	79	0.219870051337297	0.81727218795196	0.791237113402062	1	0.926009670574321	4230	tags=24%, list=23%, signal=19%	XM_067134274.1/XM_067087937.1/XM_067106544.1/XM_067100583.1/XM_067118694.1/XM_067116482.1/XM_067133222.1/GH624947.1/XM_067116230.1/XM_067101882.1/XM_067133221.1/XM_067133223.1/GH625560.1/XM_067107760.1/XM_067100114.1/GH625776.1/EL609714.1/XM_067081507.1/XM_067091375.1
GO:0006367	GO:0006367	53	0.228941159122539	0.797632086011403	0.793522267206478	1	0.926009670574321	2210	tags=19%, list=12%, signal=17%	XM_067088336.1/XM_067126812.1/XM_067113343.1/XM_067090307.1/XM_067095239.1/XM_067098837.1/XM_067120371.1/XM_067104047.1/XM_067095238.1/XM_067110528.1
GO:0008630	GO:0008630	22	0.264754768895414	0.764436980699695	0.794251134644478	1	0.926009670574321	3117	tags=23%, list=17%, signal=19%	XM_067087824.1/XM_067131823.1/XM_067118592.1/XM_067109009.1/XM_067113306.1
GO:0019915	GO:0019915	23	0.26743065351257	0.782692477946815	0.795522388059702	1	0.926009670574321	2628	tags=22%, list=14%, signal=19%	XM_067105243.1/XM_067085935.1/XM_067100534.1/XM_067085934.1/XM_067093392.1
GO:0071356	GO:0071356	24	0.262527099086621	0.776056390970296	0.796130952380952	1	0.926009670574321	4258	tags=38%, list=23%, signal=29%	XM_067085935.1/XM_067091513.1/XM_067085934.1/XM_067093312.1/XM_067129449.1/XM_067134673.1/XM_067114789.1/XM_067114790.1/XM_067102687.1
GO:0007059	GO:0007059	46	0.232791542456624	0.793528611222503	0.796448087431694	1	0.926009670574321	4155	tags=20%, list=23%, signal=15%	GH625000.1/XM_067103767.1/XM_067115188.1/XM_067091133.1/XM_067127123.1/XM_067088770.1/XM_067121794.1/XM_067115287.1/XM_067107314.1
GO:0007458	GO:0007458	19	-0.245808153103956	-0.779876396727554	0.797687861271676	1	0.926009670574321	5583	tags=42%, list=31%, signal=29%	XM_067098817.1/XM_067094826.1/XM_067112421.1/XM_067112420.1/XM_067108441.1/XM_067129983.1/XM_067104644.1/XM_067130934.1
GO:2000773	GO:2000773	12	-0.272067456259034	-0.761927896679638	0.797979797979798	1	0.926009670574321	1880	tags=25%, list=10%, signal=22%	XM_067114340.1/XM_067083465.1/XM_067132601.1
GO:0042062	GO:0042062	11	0.300679905940626	0.729926273156114	0.798013245033113	1	0.926009670574321	6952	tags=55%, list=38%, signal=34%	XM_067105461.1/XM_067105453.1/XM_067094593.1/XM_067094564.1/XM_067105463.1/XM_067105469.1
GO:0050803	GO:0050803	12	0.292026759157913	0.721909666598206	0.798679867986799	1	0.926009670574321	2346	tags=25%, list=13%, signal=22%	XM_067120438.1/XM_067106014.1/XM_067106009.1
GO:0034498	GO:0034498	13	0.29456448997084	0.745921542188218	0.799342105263158	1	0.926009670574321	87	tags=8%, list=0%, signal=8%	XM_067126876.1
GO:0016126	GO:0016126	10	-0.285817118376463	-0.746625363128867	0.800492610837438	1	0.926009670574321	2206	tags=60%, list=12%, signal=53%	XM_067128411.1/XM_067095254.1/XM_067128410.1/XM_067128406.1/XM_067102161.1/XM_067095253.1
GO:0007419	GO:0007419	35	0.24219705239372	0.773151070010587	0.801152737752161	1	0.926009670574321	5851	tags=43%, list=32%, signal=29%	XM_067129481.1/XM_067101841.1/XM_067133211.1/XM_067096309.1/XM_067091665.1/XM_067088232.1/XM_067091125.1/XM_067133208.1/XM_067091666.1/XM_067096670.1/XM_067112234.1/XM_067096672.1/XM_067115985.1/XM_067085657.1/XM_067103242.1
GO:0042771	GO:0042771	23	0.264091269258292	0.772919062287587	0.801492537313433	1	0.926009670574321	5803	tags=39%, list=32%, signal=27%	XM_067118291.1/XM_067087824.1/XM_067109009.1/XM_067083472.1/JP354889.1/XM_067095605.1/XM_067091912.1/XM_067091908.1/XM_067095648.1
GO:0045793	GO:0045793	12	0.29180971468406	0.721373118152412	0.801980198019802	1	0.926009670574321	4493	tags=33%, list=25%, signal=25%	XM_067116482.1/XM_067131841.1/XM_067093194.1/XM_067087978.1
GO:0040029	GO:0040029	25	0.258279230244287	0.769410471274433	0.803254437869823	1	0.926009670574321	6181	tags=40%, list=34%, signal=26%	XM_067131713.1/XM_067101808.1/XM_067101809.1/XM_067090782.1/XM_067090788.1/XM_067090787.1/XM_067130908.1/XM_067090786.1/XM_067134075.1/XM_067124698.1
GO:1990542	GO:1990542	12	0.291092849620583	0.719600979802957	0.803630363036304	1	0.926009670574321	5463	tags=25%, list=30%, signal=18%	XM_067106674.1/XM_067104979.1/XM_067104982.1
GO:1902895	GO:1902895	10	0.312022484575015	0.733300659038947	0.803691275167785	1	0.926009670574321	1357	tags=10%, list=7%, signal=9%	XM_067105351.1
GO:0015693	GO:0015693	10	-0.283874525257898	-0.741550827003112	0.805418719211823	1	0.926009670574321	4605	tags=50%, list=25%, signal=37%	XM_067125361.1/XM_067107381.1/XM_067107549.1/XM_067104392.1/XM_067104385.1
GO:0043065	GO:0043065	111	0.210284824162387	0.827857836919751	0.80593325092707	1	0.926009670574321	4601	tags=27%, list=25%, signal=20%	XM_067101345.1/XM_067127868.1/XM_067120537.1/XM_067081496.1/XM_067132885.1/XM_067120288.1/XM_067117847.1/XM_067120287.1/XM_067120433.1/XM_067087686.1/XM_067095872.1/XM_067108544.1/XM_067124099.1/XM_067116521.1/XM_067093104.1/XM_067081494.1/XM_067092950.1/XM_067118592.1/XM_067099352.1/XM_067125188.1/XM_067089286.1/XM_067113794.1/XM_067103297.1/XM_067120358.1/XM_067085786.1/XM_067122557.1/XM_067089823.1/XM_067112400.1/XM_067084838.1/XM_067108866.1
GO:0009749	GO:0009749	24	0.258956774378194	0.765502153646019	0.806547619047619	1	0.926009670574321	2099	tags=17%, list=12%, signal=15%	XM_067117008.1/XM_067116869.1/XM_067117015.1/XM_067111644.1
GO:0015012	GO:0015012	16	0.281017754926561	0.743311575526554	0.807073954983923	1	0.926009670574321	2801	tags=19%, list=15%, signal=16%	XM_067119708.1/XM_067091219.1/XM_067081126.1
GO:0042590	GO:0042590	11	0.298707320545798	0.725137652841681	0.809602649006622	1	0.926009670574321	2292	tags=27%, list=13%, signal=24%	XM_067114177.1/XM_067132140.1/XM_067102436.1
GO:0051209	GO:0051209	11	0.298628310688244	0.724945849632597	0.809602649006622	1	0.926009670574321	2304	tags=27%, list=13%, signal=24%	XM_067085050.1/XM_067112773.1/JP354884.1
GO:0002244	GO:0002244	20	0.262350152762794	0.739440104412878	0.810769230769231	1	0.926009670574321	6031	tags=50%, list=33%, signal=33%	XM_067091471.1/XM_067095983.1/XM_067089472.1/XM_067121172.1/XM_067114667.1/XM_067108701.1/XM_067095982.1/XM_067115103.1/XM_067094251.1/XM_067121173.1
GO:0051560	GO:0051560	10	0.310071037458306	0.728714459237638	0.812080536912752	1	0.926009670574321	3530	tags=30%, list=19%, signal=24%	XM_067103239.1/XM_067104777.1/XM_067104778.1
GO:0110076	GO:0110076	11	0.298229783050094	0.723978389593141	0.812913907284768	1	0.926009670574321	4539	tags=27%, list=25%, signal=20%	XM_067127500.1/JP355248.1/XM_067127507.1
GO:0070588	GO:0070588	33	0.239461423552876	0.753533817068364	0.81304347826087	1	0.926009670574321	2398	tags=18%, list=13%, signal=16%	XM_067127401.1/XM_067092568.1/XM_067112773.1/JP354884.1/XM_067127419.1/XM_067127418.1
GO:0035023	GO:0035023	19	0.26071658169665	0.732182175371593	0.814024390243902	1	0.926009670574321	4264	tags=26%, list=23%, signal=20%	XM_067093808.1/XM_067132523.1/XM_067107765.1/XM_067093813.1/XM_067107766.1
GO:0007406	GO:0007406	13	0.288706538428171	0.731087533346201	0.814144736842105	1	0.926009670574321	5602	tags=38%, list=31%, signal=27%	JP355075.1/XM_067131551.1/XM_067091912.1/XM_067131896.1/XM_067091908.1
GO:0008286	GO:0008286	37	-0.209882491025277	-0.799101478929873	0.816393442622951	1	0.926009670574321	4454	tags=32%, list=24%, signal=25%	XM_067082046.1/XM_067112637.1/XM_067082535.1/XM_067120006.1/XM_067112734.1/XM_067116297.1/XM_067082526.1/XM_067116106.1/XM_067122232.1/XM_067104111.1/XM_067110139.1/XM_067096885.1
GO:0006606	GO:0006606	70	-0.193121189868584	-0.836276169797057	0.816593886462882	1	0.926009670574321	3822	tags=26%, list=21%, signal=20%	XM_067100504.1/XM_067129433.1/XM_067087753.1/XM_067117837.1/JP354503.1/XM_067102175.1/XM_067100740.1/XM_067088372.1/JP355704.1/XM_067096943.1/XM_067130350.1/XM_067122232.1/XM_067091507.1/XM_067101742.1/XM_067129436.1/XM_067093435.1/XM_067100576.1/XM_067089308.1
GO:0032509	GO:0032509	17	0.269177218492386	0.730118641593034	0.816614420062696	1	0.926009670574321	4234	tags=29%, list=23%, signal=23%	XM_067116983.1/XM_067122032.1/XM_067107408.1/XM_067119020.1/XM_067088949.1
GO:0055091	GO:0055091	15	0.282446576323122	0.733695429235562	0.819218241042345	1	0.926009670574321	3487	tags=33%, list=19%, signal=27%	XM_067117008.1/XM_067117015.1/XM_067081096.1/XM_067114487.1/JP353673.1
GO:0016081	GO:0016081	13	0.285393852721127	0.722698865616334	0.820723684210526	1	0.926009670574321	3837	tags=38%, list=21%, signal=30%	XM_067105696.1/XM_067086208.1/XM_067093951.1/XM_067086209.1/XM_067081602.1
GO:0033962	GO:0033962	15	-0.247800263968324	-0.746325107425449	0.822164948453608	1	0.926009670574321	13694	tags=93%, list=75%, signal=23%	KY369129.1/XM_067112357.1/XM_067108482.1/XM_067112370.1/XM_067125280.1/XM_067091228.1/XM_067089356.1/XM_067111204.1/XM_067129448.1/XM_067119468.1/XM_067112367.1/XM_067125279.1/XM_067112368.1/XM_067112994.1
GO:0007620	GO:0007620	13	-0.262467836323078	-0.755963142611156	0.822335025380711	1	0.926009670574321	100	tags=23%, list=1%, signal=23%	XM_067092569.1/XM_067095719.1/XM_067082529.1
GO:0007035	GO:0007035	13	0.285177778800625	0.722151704646512	0.822368421052632	1	0.926009670574321	1926	tags=15%, list=11%, signal=14%	XM_067116627.1/XM_067111291.1
GO:0060339	GO:0060339	14	0.284643599041592	0.731622002400126	0.822660098522167	1	0.926009670574321	2521	tags=21%, list=14%, signal=18%	XM_067108002.1/XM_067108459.1/XM_067093312.1
GO:0072375	GO:0072375	14	0.284539152584423	0.731353542731983	0.822660098522167	1	0.926009670574321	5692	tags=43%, list=31%, signal=29%	XM_067116060.1/XM_067116072.1/XM_067116074.1/XM_067081602.1/XM_067116053.1/XM_067116050.1
GO:0002052	GO:0002052	10	-0.278668704101696	-0.727951928052583	0.822660098522167	1	0.926009670574321	303	tags=20%, list=2%, signal=20%	XM_067091698.1/XM_067091408.1
GO:0045742	GO:0045742	11	0.293577625440834	0.712684877792814	0.822847682119205	1	0.926009670574321	5934	tags=36%, list=33%, signal=25%	XM_067089286.1/XM_067084275.1/XM_067123410.1/XM_067094293.1
GO:0006091	GO:0006091	16	-0.237479694801569	-0.729556886491858	0.823684210526316	1	0.926009670574321	1380	tags=31%, list=8%, signal=29%	XM_067106679.1/XM_067087086.1/XM_067092519.1/XM_067092674.1/XM_067092518.1
GO:0001947	GO:0001947	15	0.280931450598542	0.729759673195205	0.824104234527687	1	0.926009670574321	1387	tags=13%, list=8%, signal=12%	GH625000.1/XM_067127908.1
GO:0016925	GO:0016925	29	0.239818147148755	0.741963585900237	0.824127906976744	1	0.926009670574321	5236	tags=24%, list=29%, signal=17%	GH625000.1/XM_067116996.1/XM_067115016.1/XM_067113468.1/XM_067114096.1/XM_067123801.1/XM_067109791.1
GO:0030178	GO:0030178	11	0.293332512734545	0.712089845665059	0.824503311258278	1	0.926009670574321	6763	tags=45%, list=37%, signal=29%	XM_067092950.1/XM_067091655.1/XM_067131235.1/XM_067090968.1/XM_067091654.1
GO:0042572	GO:0042572	24	0.249679000387708	0.73807612477378	0.825892857142857	1	0.926009670574321	2250	tags=12%, list=12%, signal=11%	XM_067121380.1/XM_067087972.1/XM_067087971.1
GO:0070301	GO:0070301	15	0.280317824976702	0.72816569276936	0.827361563517915	1	0.926009670574321	2634	tags=20%, list=14%, signal=17%	XM_067117964.1/XM_067124071.1/XM_067113178.1
GO:0001570	GO:0001570	14	0.282209134057972	0.725364675159724	0.827586206896552	1	0.926009670574321	5610	tags=36%, list=31%, signal=25%	XM_067092174.1/XM_067091799.1/XM_067092175.1/XM_067133139.1/XM_067092177.1
GO:0070830	GO:0070830	11	0.291966862850999	0.708774613385688	0.827814569536424	1	0.926009670574321	7094	tags=55%, list=39%, signal=33%	XM_067100613.1/XM_067114493.1/XM_067084838.1/XM_067128466.1/XM_067106151.1/XM_067081039.1
GO:0055085	GO:0055085	73	0.21269359797502	0.785775529093811	0.829457364341085	1	0.926009670574321	5259	tags=30%, list=29%, signal=22%	XM_067129957.1/XM_067131655.1/XM_067116019.1/XM_067131656.1/XM_067105035.1/XM_067112773.1/XM_067100594.1/XM_067120281.1/XM_067104839.1/XM_067107847.1/XM_067092596.1/XM_067123440.1/XM_067131151.1/XM_067095527.1/XM_067129872.1/XM_067127130.1/XM_067119632.1/XM_067089478.1/XM_067134194.1/XM_067080977.1/XM_067092595.1/XM_067091891.1
GO:0007507	GO:0007507	77	0.213118612278718	0.792745468962972	0.830140485312899	1	0.926009670574321	5201	tags=35%, list=29%, signal=25%	XM_067087673.1/XM_067083813.1/XM_067133211.1/XM_067126307.1/XM_067095983.1/XM_067120567.1/XM_067103796.1/XM_067104207.1/XM_067124116.1/XM_067112773.1/XM_067098108.1/XM_067093408.1/XM_067115414.1/XM_067129350.1/XM_067099531.1/XM_067094072.1/XM_067133208.1/XM_067089286.1/XM_067123867.1/XM_067087078.1/XM_067134284.1/XM_067093410.1/XM_067110455.1/JP354937.1/XM_067093356.1/XM_067112249.1/XM_067095982.1
GO:0006487	GO:0006487	60	0.217355203142273	0.780186995191144	0.830729166666667	1	0.926009670574321	3151	tags=18%, list=17%, signal=15%	XM_067123808.1/XM_067092992.1/XM_067116484.1/XM_067111379.1/XM_067097992.1/XM_067092993.1/XM_067131464.1/XM_067081282.1/XM_067098899.1/XM_067100591.1/XM_067100593.1
GO:0009408	GO:0009408	61	0.217443925148852	0.781112505885884	0.831151832460733	1	0.926009670574321	5851	tags=38%, list=32%, signal=26%	XM_067128080.1/XM_067116869.1/XM_067108947.1/XM_067092947.1/XM_067109366.1/XM_067132606.1/HG001457.1/XM_067092568.1/HG001455.1/XM_067134072.1/XM_067111712.1/XM_067121903.1/XM_067082530.1/JP354473.1/XM_067132605.1/XM_067103364.1/XM_067121201.1/XM_067082432.1/XM_067113880.1/XM_067107893.1/XM_067130961.1/XM_067112566.1/XM_067103242.1
GO:0140861	GO:0140861	29	-0.226267533278373	-0.791135675264258	0.831210191082803	1	0.926009670574321	2771	tags=24%, list=15%, signal=20%	XM_067091698.1/XM_067114226.1/XM_067120818.1/XM_067107025.1/JP355486.1/XM_067122625.1/XM_067102441.1
GO:0008258	GO:0008258	15	0.278119494633243	0.722455214894421	0.832247557003257	1	0.926009670574321	737	tags=13%, list=4%, signal=13%	XM_067131149.1/XM_067107807.1
GO:0061436	GO:0061436	10	0.303805379982614	0.713989203900685	0.833892617449664	1	0.926009670574321	3623	tags=30%, list=20%, signal=24%	XM_067085935.1/XM_067085934.1/XM_067083472.1
GO:0050829	GO:0050829	41	-0.202750747638246	-0.790567165084682	0.833910034602076	1	0.926009670574321	2975	tags=24%, list=16%, signal=20%	XM_067121469.1/XM_067084546.1/XM_067091389.1/XM_067127479.1/XM_067119929.1/XM_067108501.1/XM_067121461.1/XM_067102038.1/XM_067123406.1/XM_067121468.1
GO:1903955	GO:1903955	10	-0.273616486019738	-0.71475427851544	0.834975369458128	1	0.926009670574321	4504	tags=30%, list=25%, signal=23%	XM_067082904.1/XM_067120985.1/XM_067107861.1
GO:0051591	GO:0051591	15	0.276778089237257	0.718970722284883	0.835504885993485	1	0.926009670574321	1027	tags=13%, list=6%, signal=13%	XM_067103767.1/XM_067086340.1
GO:0006275	GO:0006275	35	0.233863136678653	0.74654721257797	0.835734870317003	1	0.926009670574321	2163	tags=11%, list=12%, signal=10%	XM_067115026.1/XM_067132885.1/XM_067111875.1/XM_067092311.1
GO:0045444	GO:0045444	37	-0.204904179786626	-0.780147178102084	0.836065573770492	1	0.926009670574321	614	tags=27%, list=3%, signal=26%	XM_067129447.1/XM_067116005.1/XM_067082535.1/XM_067111143.1/XM_067115315.1/XM_067082526.1/JP355486.1/XM_067084544.1/XM_067108451.1/XM_067107617.1
GO:0043122	GO:0043122	22	0.252617890554301	0.729393688853024	0.83661119515885	1	0.926009670574321	2156	tags=14%, list=12%, signal=12%	XM_067093530.1/XM_067132606.1/XM_067124071.1
GO:1904294	GO:1904294	13	0.277158768189966	0.701845276121748	0.837171052631579	1	0.926009670574321	1791	tags=15%, list=10%, signal=14%	XM_067123862.1/XM_067091644.1
GO:0032436	GO:0032436	45	0.224860762033305	0.759343056922135	0.837241379310345	1	0.926009670574321	2273	tags=18%, list=12%, signal=16%	XM_067105633.1/XM_067132915.1/XM_067114469.1/XM_067125226.1/XM_067085935.1/XM_067132921.1/XM_067084854.1/XM_067085934.1
GO:0031573	GO:0031573	16	0.269831661772723	0.71372357839684	0.837620578778135	1	0.926009670574321	5201	tags=38%, list=29%, signal=27%	XM_067095983.1/XM_067109009.1/XM_067102063.1/XM_067084341.1/JP354889.1/XM_067095982.1
GO:0048190	GO:0048190	19	-0.238365559301386	-0.756263253047165	0.838150289017341	1	0.926009670574321	3492	tags=37%, list=19%, signal=30%	XM_067103416.1/XM_067117394.1/XM_067086028.1/XM_067086021.1/XM_067117391.1/XM_067110534.1/XM_067107580.1
GO:0042789	GO:0042789	12	0.281106238928936	0.694913410706064	0.838283828382838	1	0.926009670574321	5504	tags=50%, list=30%, signal=35%	XM_067095983.1/XM_067104047.1/XM_067134264.1/XM_067095982.1/XM_067085344.1/XM_067134263.1
GO:0045463	GO:0045463	11	0.287884200309962	0.698863599732113	0.839403973509934	1	0.926009670574321	8197	tags=73%, list=45%, signal=40%	XM_067124862.1/XM_067120452.1/XM_067085786.1/XM_067107728.1/XM_067112419.1/XM_067082755.1/XM_067120450.1/XM_067107733.1
GO:0030097	GO:0030097	26	0.242772094359344	0.732865749123746	0.839416058394161	1	0.926009670574321	5610	tags=35%, list=31%, signal=24%	XM_067092174.1/XM_067100482.1/XM_067116482.1/XM_067099352.1/XM_067081640.1/XM_067092175.1/XM_067115240.1/XM_067134062.1/XM_067092177.1
GO:0045886	GO:0045886	17	0.258267299309421	0.700526481385832	0.84012539184953	1	0.926009670574321	2465	tags=12%, list=14%, signal=10%	XM_067087673.1/XM_067083967.1
GO:0007379	GO:0007379	10	0.301985969781173	0.709713311086115	0.840604026845638	1	0.926009670574321	5661	tags=40%, list=31%, signal=28%	XM_067106384.1/JP355075.1/XM_067115443.1/XM_067133255.1
GO:0005978	GO:0005978	14	0.279503009450134	0.718409098744175	0.84072249589491	1	0.926009670574321	3115	tags=29%, list=17%, signal=24%	XM_067112269.1/XM_067085792.1/XM_067085794.1/XM_067108735.1
GO:0051056	GO:0051056	27	0.237298190995916	0.724324298419484	0.842257597684515	1	0.926009670574321	5881	tags=44%, list=32%, signal=30%	XM_067081844.1/XM_067128969.1/XM_067102050.1/XM_067088352.1/XM_067088349.1/XM_067129872.1/XM_067088350.1/XM_067112238.1/XM_067131671.1/XM_067109897.1/XM_067107505.1/XM_067103660.1
GO:0048268	GO:0048268	10	0.300981599875338	0.707352887878567	0.842281879194631	1	0.926009670574321	6628	tags=50%, list=36%, signal=32%	XM_067123899.1/XM_067110455.1/XM_067094293.1/XM_067121382.1/XM_067121385.1
GO:1904507	GO:1904507	10	0.300956883821785	0.707294801364755	0.842281879194631	1	0.926009670574321	2163	tags=20%, list=12%, signal=18%	XM_067111875.1/XM_067092311.1
GO:0033044	GO:0033044	13	-0.252026291772328	-0.725889275493271	0.842639593908629	1	0.926009670574321	2265	tags=23%, list=12%, signal=20%	XM_067094880.1/JP354577.1/XM_067107315.1
GO:0007474	GO:0007474	19	-0.236710627727839	-0.751012645790606	0.84393063583815	1	0.926009670574321	5414	tags=42%, list=30%, signal=30%	XM_067130038.1/XM_067116742.1/XM_067125902.1/XM_067131840.1/XM_067129190.1/XM_067103962.1/XM_067131927.1/XM_067104418.1
GO:0031589	GO:0031589	11	0.283702015164551	0.688710986416337	0.844370860927152	1	0.926009670574321	5142	tags=36%, list=28%, signal=26%	XM_067091665.1/XM_067091125.1/XM_067091666.1/XM_067115985.1
GO:0007186	GO:0007186	50	-0.193973461763445	-0.79249569590431	0.84469696969697	1	0.926009670574321	924	tags=8%, list=5%, signal=8%	XM_067100113.1/XM_067130940.1/XM_067099658.1/XM_067103250.1
GO:0071345	GO:0071345	11	0.283450266064692	0.68809984387372	0.846026490066225	1	0.926009670574321	2156	tags=18%, list=12%, signal=16%	XM_067120537.1/XM_067124071.1
GO:0045165	GO:0045165	11	0.283379813457779	0.687928814124866	0.846026490066225	1	0.926009670574321	3265	tags=27%, list=18%, signal=22%	XM_067128517.1/XM_067103769.1/XM_067107798.1
GO:0046330	GO:0046330	26	0.240047990224354	0.724642387938643	0.846715328467153	1	0.926009670574321	5196	tags=31%, list=29%, signal=22%	XM_067104208.1/XM_067124071.1/XM_067109290.1/XM_067113178.1/XM_067107938.1/XM_067092052.1/XM_067131460.1/XM_067107937.1
GO:0007100	GO:0007100	11	-0.259731691224984	-0.704146828437971	0.846733668341708	1	0.926009670574321	13476	tags=27%, list=74%, signal=7%	XM_067112637.1/XM_067100504.1/XM_067101112.1
GO:0032868	GO:0032868	36	0.230067640722136	0.743268283984382	0.847360912981455	1	0.926009670574321	2700	tags=19%, list=15%, signal=17%	XM_067110304.1/XM_067116482.1/XM_067133708.1/XM_067104207.1/XM_067081379.1/XM_067099183.1/XM_067134072.1
GO:0032007	GO:0032007	20	0.253368193974325	0.714124241340435	0.847692307692308	1	0.926009670574321	8814	tags=65%, list=48%, signal=34%	XM_067099352.1/XM_067120667.1/XM_067113794.1/XM_067108538.1/XM_067107292.1/XM_067113785.1/XM_067108539.1/EL609839.1/XM_067119656.1/XM_067113784.1/XM_067095929.1/XM_067132573.1/XM_067113791.1
GO:0008356	GO:0008356	15	-0.240410161413033	-0.724067588425519	0.847938144329897	1	0.926009670574321	52	tags=47%, list=0%, signal=47%	XM_067104074.1/XM_067132394.1/XM_067087644.1/XM_067096669.1/XM_067081040.1/XM_067114181.1/XM_067123908.1
GO:0008380	GO:0008380	163	0.200998899373337	0.818469843573086	0.849299065420561	1	0.926009670574321	5457	tags=28%, list=30%, signal=20%	XM_067114731.1/XM_067081580.1/XM_067089193.1/XM_067112938.1/XM_067132567.1/XM_067112943.1/XM_067115972.1/XM_067081582.1/XM_067112944.1/XM_067112335.1/XM_067133491.1/XM_067113383.1/XM_067081585.1/XM_067115434.1/JP355387.1/XM_067084782.1/XM_067112953.1/XM_067090762.1/XM_067123653.1/XM_067122161.1/XM_067111372.1/XM_067099991.1/XM_067115120.1/XM_067104493.1/XM_067125188.1/XM_067112954.1/XM_067084783.1/XM_067130297.1/XM_067122958.1/XM_067081583.1/XM_067093535.1/XM_067110739.1/XM_067112955.1/XM_067081581.1/XM_067090771.1/XM_067129591.1/XM_067120328.1/XM_067088280.1/XM_067119477.1/XM_067093534.1/XM_067116487.1/XM_067110801.1/XM_067084781.1/XM_067123650.1/XM_067089190.1/XM_067084259.1
GO:0006108	GO:0006108	12	0.279600184163634	0.691190342667255	0.84983498349835	1	0.926009670574321	4631	tags=25%, list=25%, signal=19%	XM_067124180.1/XM_067087171.1/GH624839.1
GO:0000184	GO:0000184	32	0.231784724393421	0.730816377349986	0.850789096126255	1	0.926009670574321	1784	tags=9%, list=10%, signal=8%	XM_067130248.1/XM_067129582.1/XM_067087852.1
GO:0043484	GO:0043484	47	0.216568780756146	0.745302616703044	0.85140562248996	1	0.926009670574321	6534	tags=43%, list=36%, signal=27%	XM_067099633.1/XM_067112335.1/XM_067130211.1/XM_067129840.1/XM_067104882.1/XM_067084782.1/XM_067126362.1/XM_067084783.1/XM_067118010.1/XM_067134264.1/XM_067084781.1/XM_067134263.1/XM_067097813.1/XM_067130335.1/XM_067104411.1/XM_067097834.1/XM_067129229.1/XM_067084249.1/XM_067109221.1/XM_067123423.1
GO:1903241	GO:1903241	16	0.264399456275219	0.699355015713001	0.852090032154341	1	0.926009670574321	6247	tags=38%, list=34%, signal=25%	XM_067086639.1/XM_067113321.1/XM_067098896.1/XM_067110801.1/XM_067131542.1/XM_067113320.1
GO:0051865	GO:0051865	46	0.2202925018722	0.750922482958974	0.852459016393443	1	0.926009670574321	3010	tags=20%, list=17%, signal=16%	XM_067091371.1/XM_067085292.1/XM_067113066.1/XM_067091644.1/XM_067126315.1/XM_067124071.1/XM_067109290.1/XM_067124191.1/XM_067092887.1
GO:2000059	GO:2000059	10	0.294127520194251	0.691244750177873	0.854026845637584	1	0.926009670574321	1705	tags=20%, list=9%, signal=18%	XM_067112165.1/XM_067123862.1
GO:0036297	GO:0036297	16	-0.231737161436367	-0.711915358166697	0.855263157894737	1	0.926009670574321	43	tags=31%, list=0%, signal=31%	XM_067121194.1/XM_067116563.1/XM_067125375.1/XM_067082975.1/XM_067093428.1
GO:0000380	GO:0000380	19	-0.233192229023786	-0.73984980977838	0.855491329479769	1	0.926009670574321	3091	tags=26%, list=17%, signal=22%	XM_067103821.1/XM_067127111.1/XM_067113973.1/JP354995.1/XM_067114716.1
GO:0016042	GO:0016042	40	0.223244137947301	0.739594394736846	0.858741258741259	1	0.926009670574321	3270	tags=20%, list=18%, signal=16%	XM_067105243.1/XM_067120438.1/XM_067112219.1/XM_067110305.1/XM_067093424.1/XM_067089326.1/XM_067112221.1/XM_067123095.1
GO:0061057	GO:0061057	10	-0.266344081659668	-0.695756950514236	0.859605911330049	1	0.926009670574321	256	tags=30%, list=1%, signal=30%	XM_067095306.1/XM_067095290.1/XM_067088533.1
GO:0060999	GO:0060999	13	0.26865557682664	0.68031276344216	0.860197368421053	1	0.926009670574321	4885	tags=46%, list=27%, signal=34%	XM_067119677.1/XM_067082582.1/XM_067134072.1/XM_067119676.1/XM_067100141.1/XM_067119987.1
GO:0043087	GO:0043087	13	0.2678345741878	0.67823374993118	0.860197368421053	1	0.926009670574321	5068	tags=38%, list=28%, signal=28%	XM_067095892.1/XM_067102050.1/JP354882.1/XM_067129872.1/XM_067131671.1
GO:0033499	GO:0033499	10	0.29040014068294	0.682484837071434	0.860738255033557	1	0.926009670574321	2194	tags=20%, list=12%, signal=18%	XM_067111567.1/XM_067106271.1
GO:0042177	GO:0042177	12	0.276000257409229	0.682291083124929	0.861386138613861	1	0.926009670574321	2440	tags=17%, list=13%, signal=14%	XM_067091235.1/XM_067090407.1
GO:0030968	GO:0030968	33	-0.210906427243824	-0.769022915123814	0.862179487179487	1	0.926009670574321	2543	tags=24%, list=14%, signal=21%	XM_067103172.1/XM_067089964.1/XM_067089630.1/XM_067092063.1/XM_067090755.1/GH625301.1/XM_067103298.1/XM_067112168.1
GO:0046856	GO:0046856	23	-0.225575054408805	-0.750357203961121	0.864457831325301	1	0.926009670574321	5805	tags=43%, list=32%, signal=30%	XM_067128814.1/XM_067084335.1/XM_067087102.1/XM_067131644.1/XM_067115372.1/XM_067090752.1/XM_067131638.1/XM_067119135.1/XM_067129196.1/XM_067099669.1
GO:0006826	GO:0006826	16	0.260534559683422	0.689132094475704	0.866559485530547	1	0.926009670574321	3006	tags=25%, list=17%, signal=21%	XM_067086115.1/XM_067086116.1/XM_067091625.1/JP355248.1
GO:0006368	GO:0006368	35	-0.205395093300766	-0.768261074345648	0.866883116883117	1	0.926009670574321	3467	tags=40%, list=19%, signal=32%	XM_067088335.1/XM_067128173.1/XM_067126828.1/XM_067100490.1/XM_067100869.1/XM_067099171.1/XM_067126824.1/XM_067130595.1/XM_067095263.1/XM_067132547.1/XM_067126827.1/XM_067132548.1/XM_067126825.1/XM_067134275.1
GO:0035331	GO:0035331	30	-0.218527613624378	-0.776502190643116	0.867692307692308	1	0.926009670574321	1986	tags=30%, list=11%, signal=27%	XM_067099161.1/XM_067099469.1/XM_067114340.1/XM_067116563.1/JP354879.1/XM_067104111.1/XM_067099166.1/XM_067107580.1/XM_067133637.1
GO:0030512	GO:0030512	37	0.222652451961347	0.721239964408842	0.868005738880918	1	0.926009670574321	6286	tags=41%, list=35%, signal=27%	XM_067098905.1/XM_067116482.1/XM_067105678.1/XM_067113477.1/XM_067087596.1/XM_067087597.1/XM_067115308.1/XM_067108701.1/XM_067091162.1/XM_067113482.1/XM_067097674.1/XM_067109669.1/JP355213.1/XM_067101482.1/XM_067113478.1
GO:0072344	GO:0072344	39	-0.199979474887049	-0.768409800163662	0.868055555555556	1	0.926009670574321	5235	tags=33%, list=29%, signal=24%	JP355426.1/GH625398.1/JP355140.1/GH625399.1/XM_067126942.1/XM_067101618.1/XM_067102283.1/XM_067124480.1/XM_067096594.1/XM_067104152.1/XM_067082453.1/XM_067112996.1/XM_067104398.1
GO:0009247	GO:0009247	17	-0.233829911398722	-0.719603592717326	0.868131868131868	1	0.926009670574321	854	tags=47%, list=5%, signal=45%	XM_067103854.1/XM_067103852.1/XM_067134438.1/XM_067105635.1/XM_067118808.1/XM_067105634.1/XM_067118809.1/XM_067104245.1
GO:0050852	GO:0050852	16	0.259916277270789	0.687496694341025	0.868167202572347	1	0.926009670574321	4258	tags=31%, list=23%, signal=24%	XM_067116869.1/XM_067124071.1/XM_067094076.1/XM_067117491.1/XM_067102687.1
GO:0007095	GO:0007095	29	-0.219383068970848	-0.76706441218974	0.869426751592357	1	0.926009670574321	5126	tags=41%, list=28%, signal=30%	XM_067133901.1/XM_067102444.1/XM_067115178.1/XM_067096055.1/XM_067132648.1/XM_067127098.1/XM_067100513.1/XM_067089964.1/XM_067089630.1/XM_067129211.1/XM_067133347.1/XM_067102441.1
GO:0009395	GO:0009395	10	0.286247572998194	0.672725666593462	0.870805369127517	1	0.926009670574321	3236	tags=30%, list=18%, signal=25%	XM_067082586.1/XM_067127773.1/XM_067081091.1
GO:0031929	GO:0031929	14	-0.23889298597528	-0.70796734071168	0.872773536895674	1	0.926009670574321	183	tags=21%, list=1%, signal=21%	XM_067109255.1/XM_067094793.1/XM_067099926.1
GO:0010821	GO:0010821	13	0.265107063225488	0.671326912031119	0.873355263157895	1	0.926009670574321	1842	tags=15%, list=10%, signal=14%	XM_067088761.1/XM_067126315.1
GO:0006953	GO:0006953	12	0.271478355983027	0.671112640572635	0.876237623762376	1	0.926009670574321	7405	tags=58%, list=41%, signal=35%	XM_067120537.1/XM_067083736.1/XM_067129478.1/EL695573.1/XM_067106484.1/XM_067120539.1/XM_067129473.1
GO:0045475	GO:0045475	24	0.23549029401226	0.696132888054306	0.876488095238095	1	0.926009670574321	4527	tags=25%, list=25%, signal=19%	XM_067111779.1/XM_067111780.1/XM_067090121.1/XM_067090693.1/XM_067091314.1/XM_067111787.1
GO:0065003	GO:0065003	44	0.215672331060446	0.728133634123968	0.878284923928077	1	0.926009670574321	5216	tags=27%, list=29%, signal=20%	XM_067114469.1/XM_067089754.1/XM_067097976.1/XM_067096238.1/XM_067089472.1/JP353673.1/XM_067106687.1/XM_067123532.1/XM_067119780.1/XM_067109307.1/XM_067130590.1/XM_067081360.1
GO:0006334	GO:0006334	44	0.215483503348569	0.727496130892117	0.878284923928077	1	0.926009670574321	5324	tags=32%, list=29%, signal=23%	JP354212.1/XM_067128973.1/XM_067122560.1/XM_067133192.1/XM_067133341.1/XM_067081400.1/XM_067112929.1/XM_067125309.1/XM_067122563.1/XM_067104931.1/XM_067125310.1/XM_067114145.1/XM_067125308.1/XM_067103902.1
GO:0035167	GO:0035167	38	0.221910503663658	0.723009458485344	0.878571428571429	1	0.926009670574321	7203	tags=42%, list=40%, signal=25%	XM_067114872.1/XM_067114878.1/XM_067114874.1/XM_067092770.1/XM_067090682.1/XM_067090679.1/XM_067133307.1/XM_067113037.1/XM_067133299.1/XM_067114884.1/XM_067114844.1/XM_067130820.1/XM_067133296.1/XM_067087344.1/XM_067114868.1/XM_067114827.1
GO:0010628	GO:0010628	123	0.197807370433418	0.785896078243981	0.879161528976572	1	0.926009670574321	5684	tags=36%, list=31%, signal=25%	XM_067123645.1/XM_067120537.1/XM_067095152.1/XM_067126307.1/XM_067133613.1/XM_067116482.1/XM_067095983.1/XM_067093104.1/XM_067098539.1/XM_067099183.1/XM_067082582.1/XM_067120174.1/XM_067090367.1/XM_067118592.1/XM_067082545.1/XM_067111372.1/XM_067095250.1/XM_067090782.1/XM_067098538.1/XM_067128154.1/XM_067128744.1/XM_067122678.1/XM_067090788.1/XM_067089378.1/XM_067106687.1/XM_067115102.1/XM_067114789.1/XM_067114790.1/XM_067102687.1/XM_067110739.1/XM_067132855.1/XM_067121357.1/XM_067128742.1/XM_067123630.1/XM_067094987.1/XM_067082548.1/XM_067133161.1/XM_067095982.1/XM_067121967.1/XM_067133612.1/XM_067084259.1/XM_067131896.1/XM_067130961.1/XM_067090787.1
GO:0033314	GO:0033314	13	-0.235858138204826	-0.679321557511768	0.880710659898477	1	0.926009670574321	3758	tags=31%, list=21%, signal=24%	JP354932.1/XM_067108946.1/XM_067098243.1/XM_067133347.1
GO:0045944	GO:0045944	471	-0.164008726102333	-0.900482295438856	0.880952380952381	1	0.926009670574321	2335	tags=15%, list=13%, signal=13%	XM_067087148.1/XM_067132385.1/XM_067133361.1/XM_067127246.1/XM_067094880.1/XM_067085337.1/XM_067128655.1/XM_067110500.1/XM_067133866.1/XM_067132547.1/XM_067082752.1/XM_067097513.1/JP355629.1/XM_067083465.1/XM_067102353.1/XM_067120232.1/XM_067133046.1/XM_067132007.1/XM_067110534.1/XM_067113458.1/JP355486.1/XM_067121352.1/XM_067126827.1/XM_067111881.1/XM_067112994.1/XM_067129169.1/XM_067128516.1/XM_067125575.1/XM_067105136.1/XM_067132548.1/XM_067088233.1/XM_067096885.1/XM_067132960.1/XM_067131649.1/XM_067081155.1/GH625301.1/XM_067102269.1/XM_067084311.1/XM_067127747.1/XM_067124645.1/XM_067126825.1/XM_067120410.1/XM_067093096.1/XM_067121084.1/XM_067126422.1/XM_067128095.1/XM_067082583.1/XM_067098460.1/XM_067082701.1/XM_067121085.1/XM_067114313.1/XM_067099460.1/XM_067130934.1/XM_067118448.1/XM_067108016.1/XM_067104939.1/XM_067132601.1/XM_067124690.1/XM_067129220.1/XM_067132853.1/XM_067088851.1/XM_067129218.1/XM_067104147.1/XM_067081783.1/XM_067107240.1/XM_067129972.1/XM_067107239.1/XM_067123908.1/XM_067104351.1
GO:0031648	GO:0031648	23	-0.221162529245417	-0.735679295303689	0.882530120481928	1	0.926009670574321	1668	tags=17%, list=9%, signal=16%	JP355486.1/GH625301.1/XM_067082583.1/XM_067082701.1
GO:0035176	GO:0035176	11	0.272872012329035	0.662420225205447	0.885761589403974	1	0.926009670574321	6089	tags=45%, list=33%, signal=30%	XM_067101280.1/XM_067134072.1/XM_067103950.1/XM_067119987.1/XM_067133661.1
GO:0019827	GO:0019827	16	0.254347118809854	0.672765881510224	0.885852090032154	1	0.926009670574321	3247	tags=19%, list=18%, signal=15%	XM_067108002.1/XM_067133491.1/XM_067102352.1
GO:0008049	GO:0008049	26	-0.215708310488683	-0.742055249924288	0.886435331230284	1	0.926009670574321	181	tags=27%, list=1%, signal=27%	XM_067123722.1/XM_067092569.1/XM_067108728.1/JP351550.1/XM_067131636.1/XM_067095351.1/XM_067082529.1
GO:0014823	GO:0014823	20	0.241488103894354	0.680639926745386	0.887692307692308	1	0.926009670574321	1098	tags=10%, list=6%, signal=9%	XM_067117008.1/XM_067117015.1
GO:0042307	GO:0042307	14	-0.23409403354413	-0.69374548494219	0.888040712468193	1	0.926009670574321	13943	tags=57%, list=77%, signal=13%	XM_067132607.1/XM_067130824.1/XM_067130830.1/XM_067130822.1/XM_067086312.1/XM_067128716.1/XM_067088372.1/JP355486.1
GO:0051764	GO:0051764	11	0.270218366232727	0.655978271596028	0.889072847682119	1	0.926009670574321	6576	tags=36%, list=36%, signal=23%	XM_067093808.1/XM_067093813.1/XM_067117617.1/XM_067088127.1
GO:0061909	GO:0061909	15	-0.232952045754509	-0.701605227486507	0.889175257731959	1	0.926009670574321	13964	tags=100%, list=77%, signal=23%	JP353036.1/XM_067134581.1/XM_067119916.1/XM_067126438.1/XM_067109758.1/XM_067120395.1/XM_067126028.1/XM_067127331.1/XM_067134578.1/XM_067134577.1/XM_067126029.1/XM_067120637.1/XM_067120396.1/XM_067090710.1
GO:0051645	GO:0051645	11	-0.246550964575789	-0.668413157191444	0.889447236180904	1	0.926009670574321	1525	tags=45%, list=8%, signal=42%	XM_067096470.1/XM_067110807.1/XM_067113641.1/XM_067113360.1/XM_067096474.1
GO:0048278	GO:0048278	15	0.260619518000457	0.676996519539177	0.890879478827362	1	0.926009670574321	3791	tags=27%, list=21%, signal=21%	XM_067111167.1/XM_067121684.1/XM_067130357.1/XM_067093951.1
GO:0001889	GO:0001889	29	-0.215121105414647	-0.752162621521264	0.89171974522293	1	0.926009670574321	4476	tags=38%, list=25%, signal=29%	XM_067104804.1/EL695535.1/XM_067081623.1/XM_067104805.1/XM_067103678.1/XM_067106478.1/XM_067089630.1/XM_067132377.1/GH625301.1/XM_067090128.1/XM_067098984.1
GO:0070936	GO:0070936	64	-0.187255652669922	-0.78928637742514	0.891774891774892	1	0.926009670574321	2724	tags=20%, list=15%, signal=17%	EL696239.1/XM_067088174.1/XM_067090268.1/XM_067095263.1/XM_067133146.1/XM_067095474.1/XM_067092062.1/XM_067085558.1/XM_067112270.1/XM_067090755.1/XM_067104801.1/XM_067090613.1/XM_067090228.1
GO:0021551	GO:0021551	17	0.238806627905269	0.647741186071214	0.891849529780564	1	0.926009670574321	5142	tags=35%, list=28%, signal=25%	XM_067101841.1/XM_067091665.1/XM_067091125.1/XM_067091666.1/XM_067103851.1/XM_067115985.1
GO:0036324	GO:0036324	10	0.274762124472313	0.645733102308044	0.89261744966443	1	0.926009670574321	8814	tags=60%, list=48%, signal=31%	XM_067113794.1/XM_067123766.1/XM_067113785.1/XM_067123768.1/XM_067113784.1/XM_067113791.1
GO:0043252	GO:0043252	10	0.274260811745878	0.64455494057018	0.89261744966443	1	0.926009670574321	6843	tags=50%, list=38%, signal=31%	XM_067105035.1/XM_067091070.1/XM_067083474.1/XM_067083475.1/XM_067116304.1
GO:0001732	GO:0001732	26	-0.21193709619807	-0.729081946500793	0.892744479495268	1	0.926009670574321	2238	tags=15%, list=12%, signal=14%	XM_067127479.1/XM_067096515.1/XM_067081259.1/EL696400.1
GO:0032526	GO:0032526	10	0.273440170225664	0.642626307226891	0.894295302013423	1	0.926009670574321	4924	tags=30%, list=27%, signal=22%	XM_067098708.1/XM_067086302.1/XM_067093356.1
GO:0006511	GO:0006511	169	-0.173458057822426	-0.858662890820873	0.895833333333333	1	0.926009670574321	4153	tags=27%, list=23%, signal=21%	XM_067104916.1/XM_067103904.1/XM_067117782.1/XM_067095256.1/XM_067134527.1/JP354234.1/XM_067122699.1/XM_067120347.1/XM_067118296.1/XM_067101709.1/XM_067081089.1/XM_067120985.1/XM_067083962.1/XM_067116563.1/XM_067083912.1/XM_067123751.1/XM_067110198.1/XM_067099007.1/JP354740.1/XM_067125818.1/XM_067087160.1/JP353081.1/XM_067133146.1/XM_067104152.1/XM_067129097.1/XM_067096160.1/XM_067085558.1/XM_067091638.1/XM_067104394.1/JP354577.1/XM_067128492.1/XM_067090755.1/XM_067087163.1/XM_067104801.1/GH625301.1/XM_067095258.1/XM_067107232.1/XM_067090613.1/XM_067122063.1/XM_067102616.1/XM_067085988.1/XM_067100522.1/XM_067113717.1/XM_067088533.1/XM_067104147.1
GO:0010508	GO:0010508	39	-0.193107443826627	-0.74200441022632	0.895833333333333	1	0.926009670574321	3691	tags=26%, list=20%, signal=20%	XM_067119385.1/XM_067118361.1/XM_067114181.1/XM_067110080.1/XM_067130964.1/XM_067095263.1/XM_067110070.1/XM_067101362.1/XM_067090613.1/XM_067130478.1
GO:0007548	GO:0007548	26	-0.208738239544823	-0.718077602866931	0.89589905362776	1	0.926009670574321	2852	tags=31%, list=16%, signal=26%	XM_067116339.1/XM_067113872.1/XM_067087091.1/XM_067096487.1/JP353236.1/XM_067121036.1/XM_067132497.1/XM_067134657.1
GO:0030174	GO:0030174	10	0.270737356757227	0.636274281345283	0.897651006711409	1	0.926009670574321	923	tags=10%, list=5%, signal=9%	XM_067125991.1
GO:0061723	GO:0061723	17	-0.224427402557626	-0.690667691821947	0.898351648351648	1	0.926009670574321	213	tags=18%, list=1%, signal=17%	JP354710.1/XM_067115425.1/XM_067124269.1
GO:0031047	GO:0031047	27	0.218731778847051	0.667652549690793	0.898697539797395	1	0.926009670574321	3845	tags=22%, list=21%, signal=18%	XM_067116379.1/XM_067113518.1/XM_067108459.1/XM_067129726.1/XM_067100337.1/XM_067105960.1
GO:0008299	GO:0008299	10	-0.254569025696604	-0.664997577233083	0.899014778325123	1	0.926009670574321	2206	tags=60%, list=12%, signal=53%	XM_067121369.1/XM_067133294.1/XM_067125561.1/XM_067126286.1/XM_067102161.1/XM_067133292.1
GO:0006816	GO:0006816	39	0.211558984607168	0.695822539285554	0.899159663865546	1	0.926009670574321	2304	tags=18%, list=13%, signal=16%	XM_067101656.1/XM_067098927.1/XM_067092568.1/XM_067123435.1/XM_067103825.1/XM_067112773.1/JP354884.1
GO:0046854	GO:0046854	24	-0.211401761471262	-0.712109088955739	0.9	1	0.926009670574321	5127	tags=58%, list=28%, signal=42%	XM_067130824.1/XM_067130830.1/XM_067130822.1/XM_067120637.1/XM_067131688.1/XM_067089799.1/XM_067101545.1/XM_067089800.1/XM_067116297.1/XM_067089802.1/XM_067132464.1/XM_067111961.1/XM_067126916.1/XM_067132470.1
GO:0048790	GO:0048790	16	0.252192530917895	0.667066846155675	0.90032154340836	1	0.926009670574321	6952	tags=50%, list=38%, signal=31%	XM_067105461.1/XM_067105453.1/XM_067098249.1/XM_067094593.1/XM_067094564.1/JP351826.1/XM_067105463.1/XM_067105469.1
GO:0043408	GO:0043408	12	0.261535975005941	0.646534410286281	0.900990099009901	1	0.926009670574321	6215	tags=50%, list=34%, signal=33%	XM_067106014.1/XM_067106009.1/XM_067091912.1/XM_067091908.1/XM_067128466.1/XM_067134079.1
GO:0070979	GO:0070979	28	0.221982982559666	0.681712736195675	0.901306240928882	1	0.926009670574321	5341	tags=36%, list=29%, signal=25%	XM_067127553.1/XM_067130815.1/XM_067124181.1/XM_067104007.1/XM_067133225.1/XM_067128510.1/XM_067083643.1/XM_067093210.1/XM_067133161.1/XM_067093132.1
GO:0031669	GO:0031669	32	0.216807186794493	0.683592256785886	0.902439024390244	1	0.926009670574321	2700	tags=16%, list=15%, signal=13%	XM_067087587.1/XM_067097582.1/XM_067116482.1/XM_067082582.1/XM_067134072.1
GO:0007029	GO:0007029	17	-0.223306306310283	-0.687217556283065	0.903846153846154	1	0.926009670574321	3783	tags=35%, list=21%, signal=28%	XM_067116523.1/XM_067132691.1/XM_067100860.1/JP355090.1/XM_067100878.1/XM_067085790.1
GO:0016052	GO:0016052	10	0.268559529932493	0.631156054535362	0.904362416107383	1	0.926009670574321	4124	tags=30%, list=23%, signal=23%	XM_067085977.1/XM_067118234.1/XM_067123444.1
GO:0001701	GO:0001701	61	0.200287789047784	0.7194834102372	0.904450261780105	1	0.926009670574321	4785	tags=26%, list=26%, signal=19%	XM_067092174.1/XM_067082099.1/XM_067122485.1/XM_067126307.1/XM_067095983.1/XM_067103796.1/XM_067124071.1/XM_067096238.1/XM_067127937.1/XM_067129197.1/XM_067092175.1/XM_067115308.1/XM_067108701.1/XM_067090751.1/XM_067091162.1/XM_067100443.1
GO:1902533	GO:1902533	12	0.25842290506415	0.638838693324398	0.905940594059406	1	0.926009670574321	425	tags=8%, list=2%, signal=8%	XM_067123123.1
GO:0032760	GO:0032760	12	0.258142140087688	0.638144623537319	0.905940594059406	1	0.926009670574321	6356	tags=33%, list=35%, signal=22%	XM_067132606.1/XM_067132605.1/XM_067097665.1/XM_067129958.1
GO:0045860	GO:0045860	17	0.237012766509233	0.642875500731959	0.907523510971787	1	0.926009670574321	4896	tags=29%, list=27%, signal=22%	XM_067134072.1/XM_067099829.1/XM_067094072.1/XM_067085897.1/JP354937.1
GO:0016075	GO:0016075	13	-0.224114531132297	-0.645497473644928	0.908629441624365	1	0.926009670574321	3191	tags=31%, list=18%, signal=25%	XM_067108911.1/XM_067119034.1/XM_067119035.1/XM_067092252.1
GO:0048208	GO:0048208	24	0.22252826065017	0.657815819585497	0.90922619047619	1	0.926009670574321	4759	tags=25%, list=26%, signal=18%	XM_067105809.1/XM_067084565.1/XM_067090013.1/XM_067113794.1/XM_067084566.1/XM_067105812.1
GO:0000288	GO:0000288	12	0.253298804807621	0.626171575014853	0.909240924092409	1	0.926009670574321	3709	tags=33%, list=20%, signal=27%	XM_067087852.1/XM_067108459.1/XM_067114904.1/XM_067082630.1
GO:0006812	GO:0006812	12	0.252411872645152	0.623979019430051	0.910891089108911	1	0.926009670574321	7191	tags=58%, list=40%, signal=35%	XM_067111712.1/XM_067103364.1/XM_067104231.1/XM_067104233.1/XM_067092193.1/XM_067111715.1/XM_067092181.1
GO:0031290	GO:0031290	14	-0.229089909265878	-0.67891559555301	0.910941475826972	1	0.926009670574321	14034	tags=100%, list=77%, signal=23%	XM_067107728.1/XM_067112419.1/XM_067095398.1/XM_067109816.1/XM_067120450.1/XM_067107733.1/XM_067103957.1/XM_067128834.1/XM_067105396.1/XM_067119508.1/XM_067112540.1/XM_067129396.1/XM_067095100.1
GO:0044819	GO:0044819	11	0.260501429513965	0.632389573896289	0.912251655629139	1	0.926009670574321	13461	tags=100%, list=74%, signal=26%	XM_067090762.1/XM_067090771.1/XM_067090769.1/XM_067082000.1/XM_067090759.1/XM_067082005.1/XM_067082004.1/XM_067090770.1/XM_067082002.1/XM_067090773.1/XM_067082003.1
GO:0006633	GO:0006633	63	-0.180692797892128	-0.759002684635779	0.912280701754386	1	0.926009670574321	2468	tags=27%, list=14%, signal=23%	XM_067134182.1/XM_067128357.1/XM_067092587.1/XM_067130245.1/XM_067088388.1/XM_067084573.1/XM_067130848.1/XM_067101995.1/XM_067096168.1/XM_067091759.1/XM_067098983.1/XM_067128337.1/XM_067125628.1/XM_067098981.1/JP354575.1/XM_067128366.1/XM_067097334.1
GO:0007200	GO:0007200	15	-0.22662780466344	-0.682557871216217	0.912371134020619	1	0.926009670574321	14079	tags=100%, list=77%, signal=23%	XM_067096130.1/JP352337.1/XM_067094488.1/JP353096.1/XM_067089009.1/XM_067081039.1/XM_067096233.1/XM_067089339.1/XM_067089006.1/XM_067105302.1/XM_067119869.1/XM_067081040.1/XM_067124206.1/XM_067119824.1
GO:1900087	GO:1900087	17	0.232972466506356	0.631916555668736	0.913793103448276	1	0.926009670574321	6376	tags=53%, list=35%, signal=34%	XM_067114731.1/XM_067113733.1/XM_067082582.1/XM_067086092.1/XM_067086093.1/XM_067103293.1/XM_067104589.1/XM_067130820.1/XM_067123190.1
GO:0008210	GO:0008210	12	-0.226719566542876	-0.634930633922141	0.914141414141414	1	0.926009670574321	4744	tags=50%, list=26%, signal=37%	XM_067123178.1/XM_067097764.1/XM_067105869.1/XM_067105871.1/XM_067088388.1/XM_067094391.1
GO:0051382	GO:0051382	12	-0.225807651452155	-0.632376805704032	0.914141414141414	1	0.926009670574321	441	tags=33%, list=2%, signal=33%	XM_067095235.1/JP354534.1/XM_067102567.1/XM_067107315.1
GO:0034638	GO:0034638	15	-0.225943628518375	-0.680497268750396	0.914948453608247	1	0.926009670574321	216	tags=20%, list=1%, signal=20%	XM_067134182.1/XM_067119017.1/XM_067120393.1
GO:0031146	GO:0031146	31	0.215412103472061	0.669957952251126	0.915080527086384	1	0.926009670574321	6205	tags=39%, list=34%, signal=26%	XM_067125226.1/XM_067101285.1/XM_067133827.1/XM_067127553.1/XM_067107105.1/XM_067089684.1/XM_067101812.1/XM_067109802.1/XM_067083920.1/XM_067134233.1/XM_067100814.1/XM_067107797.1
GO:0016567	GO:0016567	239	-0.170851785773525	-0.891145987957403	0.915966386554622	1	0.926009670574321	4746	tags=30%, list=26%, signal=23%	XM_067083174.1/XM_067085990.1/XM_067125976.1/XM_067102164.1/XM_067126828.1/XM_067128151.1/XM_067098576.1/XM_067124900.1/XM_067104006.1/EL695795.1/XM_067132850.1/XM_067102568.1/XM_067103903.1/XM_067131820.1/XM_067132851.1/XM_067107795.1/XM_067090847.1/XM_067104916.1/XM_067103904.1/XM_067134527.1/XM_067100817.1/XM_067085009.1/XM_067114340.1/XM_067101709.1/XM_067081089.1/EL696441.1/XM_067098397.1/XM_067083962.1/XM_067116563.1/XM_067083912.1/XM_067126824.1/XM_067121564.1/XM_067100513.1/XM_067084982.1/JP354740.1/XM_067102565.1/JP353707.1/XM_067114384.1/XM_067125818.1/XM_067082368.1/XM_067090268.1/XM_067087160.1/XM_067131187.1/XM_067104152.1/XM_067092062.1/XM_067084986.1/XM_067129097.1/XM_067096160.1/XM_067126827.1/XM_067100816.1/XM_067108662.1/XM_067087163.1/XM_067126994.1/XM_067094931.1/XM_067100414.1/XM_067107580.1/XM_067126825.1/XM_067107232.1/XM_067123476.1/GH624948.1/XM_067090542.1/XM_067122063.1/XM_067102616.1/XM_067099460.1/XM_067108869.1/XM_067085988.1/XM_067108983.1/XM_067121565.1/XM_067088533.1/XM_067124269.1/XM_067104147.1/XM_067102566.1
GO:0032465	GO:0032465	20	0.231386232096051	0.652167562393244	0.916923076923077	1	0.926009670574321	4017	tags=30%, list=22%, signal=23%	XM_067122022.1/XM_067095264.1/JP355583.1/XM_067082031.1/XM_067101539.1/XM_067115287.1
GO:0051549	GO:0051549	11	-0.236823297533542	-0.642040919504184	0.917085427135678	1	0.926009670574321	5160	tags=45%, list=28%, signal=33%	XM_067092841.1/XM_067121579.1/XM_067105264.1/XM_067121578.1/XM_067092822.1
GO:0060996	GO:0060996	11	0.255629260179094	0.620561964752729	0.91887417218543	1	0.926009670574321	5120	tags=36%, list=28%, signal=26%	XM_067109742.1/XM_067119926.1/XM_067119940.1/XM_067134278.1
GO:0045190	GO:0045190	12	-0.223401330620773	-0.625637877810922	0.919191919191919	1	0.926009670574321	14137	tags=50%, list=78%, signal=11%	XM_067125093.1/XM_067093553.1/XM_067083174.1/XM_067093551.1/XM_067119877.1/XM_067129998.1
GO:0044331	GO:0044331	19	0.218757312272082	0.614346060137356	0.919207317073171	1	0.926009670574321	4167	tags=26%, list=23%, signal=20%	XM_067124862.1/XM_067104192.1/XM_067126691.1/XM_067088325.1/XM_067120452.1
GO:0000076	GO:0000076	11	-0.235265009896635	-0.637816316444978	0.919597989949749	1	0.926009670574321	13921	tags=100%, list=76%, signal=24%	XM_067084341.1/XM_067133248.1/XM_067094905.1/XM_067102062.1/XM_067091844.1/XM_067091843.1/XM_067111629.1/XM_067118911.1/XM_067092115.1/XM_067098243.1
GO:0070374	GO:0070374	28	-0.199063870225548	-0.693996341463073	0.920127795527157	1	0.926009670574321	3066	tags=25%, list=17%, signal=21%	XM_067131840.1/XM_067086312.1/XM_067129190.1/XM_067104952.1/XM_067101180.1/XM_067133257.1/XM_067132601.1
GO:0003151	GO:0003151	12	0.250081803222681	0.618218932084709	0.920792079207921	1	0.926009670574321	5678	tags=50%, list=31%, signal=34%	XM_067095983.1/XM_067134476.1/XM_067132855.1/XM_067093356.1/XM_067095982.1/XM_067134480.1
GO:0045176	GO:0045176	16	-0.216423506239444	-0.664870567176831	0.921052631578947	1	0.926009670574321	3277	tags=25%, list=18%, signal=21%	XM_067098575.1/XM_067110020.1/XM_067108753.1/JP354448.1
GO:0019991	GO:0019991	30	0.213340989716862	0.659066397092652	0.921713441654357	1	0.926009670574321	6243	tags=47%, list=34%, signal=31%	XM_067106014.1/XM_067081437.1/XM_067106009.1/XM_067088232.1/XM_067098370.1/XM_067119601.1/XM_067101753.1/XM_067108466.1/XM_067128713.1/XM_067086465.1/XM_067085657.1/XM_067103242.1/XM_067093293.1/XM_067092193.1
GO:2000331	GO:2000331	11	0.254812567187956	0.618579372435929	0.922185430463576	1	0.926009670574321	5017	tags=36%, list=28%, signal=26%	XM_067083967.1/XM_067081602.1/XM_067120815.1/XM_067098249.1
GO:0030149	GO:0030149	11	0.254620004228236	0.61811190932729	0.922185430463576	1	0.926009670574321	798	tags=9%, list=4%, signal=9%	XM_067120438.1
GO:0150007	GO:0150007	10	0.26246882238366	0.616841958339197	0.922818791946309	1	0.926009670574321	3999	tags=40%, list=22%, signal=31%	XM_067123899.1/XM_067119677.1/XM_067110075.1/XM_067119676.1
GO:0006629	GO:0006629	128	0.189690600862487	0.754739049811565	0.923645320197044	1	0.926009670574321	5201	tags=31%, list=29%, signal=22%	XM_067101485.1/XM_067086720.1/XM_067086172.1/XM_067083388.1/OR804099.1/XM_067129341.1/XM_067112219.1/XM_067085139.1/XM_067101275.1/XM_067095983.1/XM_067127094.1/XM_067093424.1/XM_067094226.1/XM_067086716.1/XM_067127773.1/XM_067089326.1/XM_067082285.1/JP351928.1/XM_067117876.1/XM_067112221.1/XM_067084657.1/XM_067090232.1/XM_067127015.1/XM_067119532.1/XM_067134162.1/XM_067086185.1/XM_067124719.1/XM_067086719.1/XM_067122557.1/XM_067119926.1/XM_067107289.1/XM_067095307.1/XM_067086186.1/XM_067107494.1/XM_067101487.1/XM_067119940.1/XM_067097336.1/XM_067134278.1/XM_067082287.1/XM_067095982.1
GO:0019985	GO:0019985	10	0.260491467035987	0.61219487022445	0.924496644295302	1	0.926009670574321	5129	tags=40%, list=28%, signal=29%	XM_067115026.1/XM_067123759.1/XM_067110808.1/XM_067125964.1
GO:0046530	GO:0046530	10	-0.244716583790141	-0.639260549801332	0.926108374384236	1	0.926009670574321	3161	tags=30%, list=17%, signal=25%	XM_067113314.1/XM_067129190.1/XM_067133257.1
GO:0007526	GO:0007526	39	0.201804465064186	0.663739692175506	0.927170868347339	1	0.926009670574321	7203	tags=44%, list=40%, signal=26%	XM_067114872.1/XM_067114878.1/XM_067114874.1/XM_067115414.1/XM_067092770.1/XM_067090682.1/XM_067090679.1/XM_067133307.1/XM_067120193.1/XM_067113037.1/XM_067133299.1/XM_067114884.1/XM_067114844.1/XM_067133296.1/XM_067087344.1/XM_067114868.1/XM_067114827.1
GO:0006883	GO:0006883	18	-0.213519608382377	-0.665523105822791	0.927576601671309	1	0.926009670574321	14318	tags=100%, list=79%, signal=21%	XM_067104231.1/XM_067104233.1/XM_067112560.1/EL696418.1/XM_067092193.1/XM_067112375.1/XM_067092181.1/XM_067097790.1/XM_067092195.1/GH625436.1/XM_067092197.1/XM_067092196.1/XM_067095700.1/XM_067104936.1/XM_067098649.1/XM_067098646.1/XM_067104230.1
GO:0045924	GO:0045924	17	-0.214777549440804	-0.660970597337663	0.928571428571429	1	0.926009670574321	100	tags=24%, list=1%, signal=23%	XM_067104417.1/XM_067092569.1/XM_067101207.1/XM_067082529.1
GO:0000375	GO:0000375	19	-0.211987689428867	-0.672574092009335	0.930635838150289	1	0.926009670574321	1416	tags=37%, list=8%, signal=34%	XM_067115538.1/XM_067091745.1/XM_067094991.1/XM_067132437.1/XM_067111338.1/XM_067090927.1/XM_067121090.1
GO:0030007	GO:0030007	16	-0.213496122752021	-0.655877407637712	0.931578947368421	1	0.926009670574321	14318	tags=100%, list=79%, signal=21%	XM_067104231.1/XM_067104233.1/XM_067112560.1/EL696418.1/XM_067092193.1/XM_067112375.1/XM_067092181.1/XM_067092195.1/GH625436.1/XM_067092197.1/XM_067092196.1/XM_067104936.1/XM_067098649.1/XM_067098646.1/XM_067104230.1
GO:0036376	GO:0036376	16	-0.213496122752021	-0.655877407637712	0.931578947368421	1	0.926009670574321	14318	tags=100%, list=79%, signal=21%	XM_067104231.1/XM_067104233.1/XM_067112560.1/EL696418.1/XM_067092193.1/XM_067112375.1/XM_067092181.1/XM_067092195.1/GH625436.1/XM_067092197.1/XM_067092196.1/XM_067104936.1/XM_067098649.1/XM_067098646.1/XM_067104230.1
GO:0002092	GO:0002092	16	-0.213377803380801	-0.655513920931402	0.931578947368421	1	0.926009670574321	5121	tags=44%, list=28%, signal=31%	XM_067082967.1/XM_067085661.1/XM_067085625.1/XM_067082969.1/XM_067095341.1/XM_067101180.1/XM_067095548.1
GO:0032968	GO:0032968	25	-0.194658473583281	-0.66576466585279	0.932515337423313	1	0.926009670574321	2154	tags=16%, list=12%, signal=14%	XM_067128655.1/XM_067134206.1/XM_067088233.1/XM_067101742.1
GO:0045746	GO:0045746	26	0.210780301569894	0.636290855496357	0.934306569343066	1	0.926009670574321	4095	tags=23%, list=23%, signal=18%	XM_067108002.1/XM_067112165.1/XM_067085710.1/XM_067131551.1/XM_067084260.1/XM_067082988.1
GO:0005977	GO:0005977	28	0.208114465667095	0.63912233359457	0.934687953555878	1	0.926009670574321	1015	tags=7%, list=6%, signal=7%	XM_067091948.1/XM_067112269.1
GO:0038202	GO:0038202	27	0.205683525186622	0.627824318643079	0.934876989869754	1	0.926009670574321	2747	tags=15%, list=15%, signal=13%	XM_067082099.1/XM_067116482.1/XM_067134072.1/XM_067127937.1
GO:0006909	GO:0006909	16	0.235030988286004	0.62167336809764	0.935691318327974	1	0.926009670574321	6420	tags=50%, list=35%, signal=32%	XM_067133236.1/JP353998.1/XM_067122161.1/XM_067107765.1/XM_067107766.1/XM_067096031.1/XM_067096227.1/XM_067128998.1
GO:0006284	GO:0006284	32	0.205794349584988	0.648868821862131	0.93687230989957	1	0.926009670574321	5873	tags=34%, list=32%, signal=23%	XM_067116855.1/XM_067117784.1/XM_067115808.1/XM_067107658.1/XM_067132074.1/XM_067118193.1/XM_067123783.1/XM_067096106.1/EL609673.1/XM_067098608.1/XM_067124188.1
GO:0043547	GO:0043547	21	0.221074342075574	0.634112742899588	0.93815987933635	1	0.926009670574321	5130	tags=38%, list=28%, signal=27%	XM_067127868.1/XM_067132523.1/XM_067129872.1/XM_067084838.1/XM_067131618.1/XM_067131843.1/XM_067131671.1/XM_067112636.1
GO:1903076	GO:1903076	14	-0.206763816332142	-0.612751473662822	0.938931297709924	1	0.926009670574321	14440	tags=57%, list=79%, signal=12%	XM_067117468.1/XM_067094937.1/XM_067130824.1/XM_067130830.1/XM_067130822.1/XM_067130351.1/XM_067108728.1/XM_067122232.1
GO:1902176	GO:1902176	11	-0.226138962450038	-0.613075102404488	0.939698492462312	1	0.926009670574321	3782	tags=27%, list=21%, signal=22%	XM_067114340.1/EU077526.1/XM_067088596.1
GO:0051897	GO:0051897	47	0.191881363327015	0.660343017515527	0.939759036144578	1	0.926009670574321	4493	tags=26%, list=25%, signal=19%	XM_067104127.1/XM_067087936.1/XM_067087932.1/XM_067087935.1/XM_067119677.1/XM_067134072.1/XM_067105483.1/XM_067094072.1/XM_067104128.1/XM_067119676.1/XM_067082988.1/XM_067087978.1
GO:0045893	GO:0045893	327	0.180529273518128	0.787043911411535	0.940425531914894	1	0.926009670574321	6371	tags=33%, list=35%, signal=22%	XM_067132983.1/XM_067104379.1/XM_067107645.1/XM_067104066.1/XM_067126392.1/XM_067114872.1/XM_067112426.1/XM_067128517.1/XM_067104370.1/XM_067087824.1/XM_067108554.1/XM_067122627.1/XM_067130768.1/XM_067111875.1/XM_067091133.1/XM_067127908.1/XM_067111880.1/XM_067116482.1/XM_067129840.1/XM_067082251.1/XM_067126403.1/XM_067126397.1/XM_067114878.1/XM_067118320.1/XM_067092311.1/XM_067104047.1/XM_067106560.1/XM_067114508.1/XM_067104882.1/XM_067098108.1/XM_067114874.1/XM_067124641.1/XM_067114526.1/XM_067126362.1/XM_067109283.1/JP355075.1/XM_067131210.1/XM_067082582.1/XM_067081400.1/XM_067108611.1/XM_067092850.1/XM_067089472.1/XM_067109009.1/XM_067115177.1/XM_067115016.1/XM_067125449.1/XM_067132651.1/XM_067090782.1/XM_067092770.1/XM_067112204.1/XM_067104156.1/XM_067093565.1/XM_067090682.1/XM_067090788.1/JP351715.1/XM_067083472.1/XM_067106687.1/XM_067130594.1/XM_067134264.1/XM_067133328.1/XM_067090679.1/JP353423.1/XM_067112606.1/XM_067105804.1/XM_067115513.1/XM_067133307.1/XM_067120815.1/JP354889.1/XM_067126191.1/XM_067128561.1/XM_067114540.1/XM_067100502.1/XM_067092052.1/XM_067112577.1/XM_067093566.1/XM_067113687.1/XM_067130100.1/XM_067126391.1/XM_067109802.1/JP353553.1/XM_067131896.1/XM_067134263.1/XM_067113037.1/XM_067107893.1/XM_067114529.1/XM_067130961.1/XM_067115443.1/XM_067090787.1/XM_067133299.1/XM_067103636.1/XM_067130335.1/XM_067100818.1/XM_067095947.1/JP354674.1/XM_067105805.1/XM_067096988.1/XM_067111441.1/XM_067114884.1/XM_067110890.1/XM_067090786.1/XM_067111443.1/XM_067109940.1/XM_067114844.1/XM_067111874.1/XM_067092317.1/XM_067126394.1/XM_067108569.1/XM_067130820.1/XM_067133296.1
GO:2001237	GO:2001237	10	-0.23716031916463	-0.619521708223309	0.940886699507389	1	0.926009670574321	517	tags=30%, list=3%, signal=29%	XM_067128151.1/XM_067116210.1/XM_067114787.1
GO:0048490	GO:0048490	10	0.248047154573484	0.582948828733341	0.941275167785235	1	0.926009670574321	5406	tags=30%, list=30%, signal=21%	XM_067105696.1/XM_067092941.1/XM_067086087.1
GO:0060027	GO:0060027	10	0.247959155294345	0.582742016940672	0.941275167785235	1	0.926009670574321	3101	tags=20%, list=17%, signal=17%	XM_067104878.1/XM_067104869.1
GO:0007281	GO:0007281	28	0.204759208394956	0.62881829321609	0.941944847605225	1	0.926009670574321	5985	tags=36%, list=33%, signal=24%	XM_067092055.1/XM_067103796.1/XM_067134072.1/XM_067103769.1/XM_067119872.1/XM_067121840.1/XM_067103768.1/XM_067130908.1/XM_067085773.1/XM_067091972.1
GO:0007464	GO:0007464	39	0.194433011656561	0.639494806344527	0.942577030812325	1	0.926009670574321	7203	tags=44%, list=40%, signal=26%	XM_067114872.1/XM_067114878.1/XM_067114874.1/XM_067092770.1/XM_067090682.1/XM_067089378.1/XM_067090679.1/XM_067133307.1/XM_067123410.1/XM_067113037.1/XM_067133299.1/XM_067114884.1/XM_067114844.1/XM_067133296.1/XM_067087344.1/XM_067114868.1/XM_067114827.1
GO:0007435	GO:0007435	100	0.185077646345217	0.718096966593961	0.943820224719101	1	0.926009670574321	3360	tags=17%, list=18%, signal=14%	XM_067126392.1/XM_067112426.1/XM_067101841.1/XM_067108554.1/XM_067112518.1/XM_067111880.1/XM_067126403.1/XM_067126397.1/XM_067106560.1/XM_067114508.1/XM_067124641.1/XM_067114526.1/XM_067109283.1/XM_067125558.1/XM_067108611.1/XM_067094352.1/XM_067112204.1
GO:0042908	GO:0042908	14	0.236685461705471	0.608354770720321	0.944170771756979	1	0.926009670574321	4308	tags=21%, list=24%, signal=16%	XM_067126986.1/XM_067120281.1/XM_067127130.1
GO:0031116	GO:0031116	15	0.234272410622919	0.608556135137551	0.944625407166124	1	0.926009670574321	3689	tags=20%, list=20%, signal=16%	XM_067091133.1/XM_067093411.1/XM_067093393.1
GO:0006915	GO:0006915	260	0.182399399937884	0.780879676562945	0.944629014396456	1	0.926009670574321	3990	tags=21%, list=22%, signal=17%	XM_067094945.1/XM_067101345.1/XM_067090676.1/XM_067107896.1/XM_067100419.1/XM_067120537.1/JP352999.1/XM_067107897.1/XM_067107903.1/XM_067081496.1/XM_067087114.1/XM_067085292.1/XM_067104944.1/XM_067086500.1/XM_067088698.1/XM_067082608.1/XM_067107901.1/XM_067133531.1/XM_067088693.1/XM_067117388.1/XM_067116482.1/XM_067107899.1/XM_067088937.1/XM_067095983.1/XM_067095872.1/XM_067109898.1/XM_067093686.1/XM_067124099.1/XM_067093104.1/LT574899.1/XM_067081494.1/XM_067097673.1/XM_067087596.1/XM_067099183.1/XM_067105506.1/XM_067120826.1/XM_067120174.1/XM_067104839.1/XM_067109009.1/XM_067092887.1/XM_067113602.1/XM_067129350.1/XM_067087597.1/XM_067134673.1/XM_067083472.1/XM_067107902.1/XM_067113794.1/XM_067088298.1/XM_067114789.1/XM_067130297.1/XM_067096129.1/XM_067114790.1/XM_067120358.1/XM_067088628.1/XM_067088528.1
GO:0010468	GO:0010468	90	0.18320126314612	0.699708501736954	0.945	1	0.926009670574321	2748	tags=16%, list=15%, signal=13%	XM_067116996.1/XM_067112938.1/XM_067087824.1/XM_067112943.1/XM_067095264.1/XM_067122547.1/XM_067112944.1/XM_067087245.1/XM_067115420.1/XM_067090407.1/XM_067115421.1/XM_067112953.1/XM_067090762.1/XM_067131823.1
GO:0006661	GO:0006661	17	-0.204291077753756	-0.628698837682155	0.945054945054945	1	0.926009670574321	5089	tags=41%, list=28%, signal=30%	XM_067091679.1/XM_067089799.1/XM_067101545.1/XM_067117549.1/XM_067089800.1/XM_067089802.1/XM_067109038.1
GO:0097352	GO:0097352	26	0.206176563346361	0.622393368345444	0.945985401459854	1	0.926009670574321	5492	tags=35%, list=30%, signal=24%	XM_067128237.1/XM_067124177.1/XM_067107689.1/XM_067097781.1/XM_067115287.1/XM_067132205.1/XM_067124176.1/XM_067094358.1/XM_067134062.1
GO:0045814	GO:0045814	32	0.19840109526035	0.625557918365365	0.946915351506456	1	0.926009670574321	1588	tags=9%, list=9%, signal=9%	XM_067111779.1/XM_067111780.1/XM_067130211.1
GO:0071230	GO:0071230	23	0.202870703370314	0.593744103146578	0.947761194029851	1	0.926009670574321	4615	tags=22%, list=25%, signal=16%	XM_067117388.1/XM_067134072.1/XM_067101217.1/XM_067122702.1/XM_067134320.1
GO:0042178	GO:0042178	16	0.227504370946496	0.601764939911396	0.948553054662379	1	0.926009670574321	1461	tags=12%, list=8%, signal=12%	XM_067115374.1/XM_067122547.1
GO:0002183	GO:0002183	11	0.243630649063306	0.591434306662647	0.948675496688742	1	0.926009670574321	703	tags=9%, list=4%, signal=9%	XM_067116869.1
GO:0000165	GO:0000165	28	0.202311153221849	0.621300282730902	0.949201741654572	1	0.926009670574321	6490	tags=36%, list=36%, signal=23%	XM_067111748.1/XM_067095983.1/XM_067099183.1/XM_067131841.1/XM_067096129.1/XM_067092052.1/XM_067095982.1/JP355213.1/XM_067106959.1/XM_067133453.1
GO:0001561	GO:0001561	12	-0.212501079540825	-0.595111605051868	0.94949494949495	1	0.926009670574321	3408	tags=42%, list=19%, signal=34%	XM_067095922.1/XM_067089678.1/XM_067095923.1/XM_067090230.1/XM_067087893.1
GO:0016180	GO:0016180	15	0.231747131324853	0.601996360532902	0.95114006514658	1	0.926009670574321	6591	tags=47%, list=36%, signal=30%	XM_067115237.1/XM_067114886.1/XM_067108337.1/XM_067088642.1/XM_067129554.1/XM_067122580.1/XM_067117538.1
GO:0006882	GO:0006882	23	-0.198581327816199	-0.660564752115753	0.951807228915663	1	0.926009670574321	5917	tags=52%, list=33%, signal=35%	XM_067130484.1/XM_067092604.1/XM_067110526.1/XM_067104428.1/XM_067112117.1/XM_067110259.1/XM_067112111.1/XM_067108644.1/XM_067111323.1/XM_067130487.1/XM_067112122.1/XM_067112114.1
GO:0000422	GO:0000422	21	-0.193286039212799	-0.633216885890787	0.952802359882006	1	0.926009670574321	3707	tags=19%, list=20%, signal=15%	JP354710.1/XM_067115425.1/XM_067087740.1/XM_067124269.1
GO:0006941	GO:0006941	10	0.236351641101765	0.555462579630837	0.953020134228188	1	0.926009670574321	13900	tags=100%, list=76%, signal=24%	EL609714.1/XM_067101251.1/XM_067115963.1/XM_067120198.1/XM_067120196.1/XM_067101250.1/XM_067120197.1/XM_067096804.1/GH624138.1/XM_067122600.1
GO:0034058	GO:0034058	10	-0.232888009236352	-0.608361372657268	0.95320197044335	1	0.926009670574321	13964	tags=100%, list=77%, signal=23%	JP353036.1/XM_067134581.1/XM_067126438.1/XM_067134578.1/XM_067134577.1/XM_067104535.1/XM_067110236.1/XM_067107020.1/XM_067129178.1
GO:0051168	GO:0051168	12	0.234481992122603	0.579655156413171	0.953795379537954	1	0.926009670574321	4551	tags=25%, list=25%, signal=19%	XM_067092950.1/XM_067102174.1/XM_067123801.1
GO:0035220	GO:0035220	37	0.192792646195113	0.624514843897562	0.954088952654232	1	0.926009670574321	3067	tags=19%, list=17%, signal=16%	XM_067115166.1/XM_067113367.1/XM_067094808.1/XM_067115161.1/XM_067095097.1/XM_067092850.1/JP355589.1
GO:0016242	GO:0016242	15	0.229623159394829	0.596479039285219	0.954397394136808	1	0.926009670574321	3446	tags=27%, list=19%, signal=22%	XM_067134072.1/XM_067113856.1/XM_067130554.1/XM_067131841.1
GO:0000077	GO:0000077	22	0.209639581118472	0.605300705607533	0.954614220877458	1	0.926009670574321	6489	tags=50%, list=36%, signal=32%	XM_067118592.1/XM_067109009.1/XM_067114886.1/XM_067102063.1/XM_067084341.1/JP354889.1/XM_067133346.1/XM_067120628.1/XM_067099620.1/XM_067107681.1/XM_067108921.1
GO:0051276	GO:0051276	14	0.228268007416398	0.586719312263435	0.955665024630542	1	0.926009670574321	4342	tags=29%, list=24%, signal=22%	XM_067122560.1/XM_067096278.1/XM_067122563.1/XM_067119872.1
GO:0046426	GO:0046426	14	0.227771724147537	0.585443710914434	0.955665024630542	1	0.926009670574321	3465	tags=21%, list=19%, signal=17%	XM_067095152.1/XM_067095250.1/XM_067122678.1
GO:0045927	GO:0045927	10	0.228358115125377	0.536676568505664	0.958053691275168	1	0.926009670574321	5812	tags=40%, list=32%, signal=27%	XM_067082988.1/XM_067087978.1/XM_067121357.1/XM_067082987.1
GO:0008360	GO:0008360	68	0.183435945134696	0.669471537228372	0.958060288335518	1	0.926009670574321	5226	tags=29%, list=29%, signal=21%	XM_067100419.1/XM_067127827.1/XM_067093808.1/XM_067093451.1/XM_067130209.1/XM_067091665.1/XM_067100534.1/XM_067101443.1/XM_067091125.1/JP354882.1/XM_067091666.1/XM_067106590.1/XM_067093813.1/XM_067101447.1/XM_067115027.1/XM_067133410.1/XM_067127171.1/XM_067094593.1/XM_067115985.1/XM_067134191.1
GO:0090128	GO:0090128	11	0.234136994163377	0.568387644738044	0.958609271523179	1	0.926009670574321	2346	tags=18%, list=13%, signal=16%	XM_067106014.1/XM_067106009.1
GO:0048010	GO:0048010	22	0.20639446387992	0.595930949458455	0.959152798789713	1	0.926009670574321	6047	tags=41%, list=33%, signal=27%	XM_067104208.1/XM_067099183.1/XM_067131841.1/XM_067089378.1/XM_067093194.1/XM_067126771.1/XM_067111463.1/XM_067128466.1/XM_067126769.1
GO:0007423	GO:0007423	14	-0.194555952708276	-0.576573062185922	0.959287531806616	1	0.926009670574321	14662	tags=43%, list=81%, signal=8%	XM_067109093.1/XM_067096669.1/XM_067121082.1/XM_067109097.1/XM_067104001.1/XM_067118513.1
GO:0046034	GO:0046034	20	0.208564309049771	0.587843433047294	0.96	1	0.926009670574321	6373	tags=35%, list=35%, signal=23%	XM_067116320.1/XM_067083209.1/XM_067083690.1/XM_067120086.1/XM_067090276.1/XM_067083210.1/XM_067112229.1
GO:0000266	GO:0000266	13	0.219197761380072	0.555071428429862	0.960526315789474	1	0.926009670574321	4701	tags=31%, list=26%, signal=23%	XM_067126315.1/JP353673.1/XM_067117444.1/XM_067109307.1
GO:0007430	GO:0007430	18	-0.201712603088918	-0.628721638768313	0.96100278551532	1	0.926009670574321	4506	tags=44%, list=25%, signal=33%	XM_067124121.1/XM_067119468.1/XM_067123293.1/XM_067131840.1/XM_067098136.1/XM_067129190.1/XM_067091789.1/XM_067123304.1
GO:0006303	GO:0006303	35	0.195156126483661	0.622985154107831	0.961095100864553	1	0.926009670574321	5857	tags=31%, list=32%, signal=21%	XM_067116855.1/XM_067097439.1/XM_067103892.1/XM_067118592.1/XM_067113715.1/XM_067119872.1/XM_067103893.1/XM_067124323.1/XM_067101812.1/XM_067113716.1/XM_067122098.1
GO:0007269	GO:0007269	28	-0.180828721147343	-0.630423143916129	0.961661341853035	1	0.926009670574321	3302	tags=29%, list=18%, signal=23%	XM_067081601.1/XM_067099469.1/XM_067121827.1/JP354449.1/XM_067109236.1/JP354879.1/XM_067091807.1/XM_067125824.1
GO:2000779	GO:2000779	13	0.217988171787381	0.552008401605129	0.962171052631579	1	0.926009670574321	5676	tags=38%, list=31%, signal=26%	XM_067084318.1/XM_067084302.1/JP353423.1/XM_067128561.1/XM_067099620.1
GO:0019432	GO:0019432	34	0.190298321340615	0.599664515399193	0.963235294117647	1	0.926009670574321	2624	tags=15%, list=14%, signal=13%	XM_067117008.1/XM_067125921.1/XM_067117015.1/XM_067108401.1/XM_067117876.1
GO:0031297	GO:0031297	22	0.200937881730526	0.580175942662447	0.963691376701967	1	0.926009670574321	5676	tags=27%, list=31%, signal=19%	XM_067093638.1/XM_067127123.1/XM_067123759.1/XM_067102063.1/XM_067129574.1/XM_067099620.1
GO:0070534	GO:0070534	48	0.17847584403104	0.619796901090271	0.964143426294821	1	0.926009670574321	681	tags=6%, list=4%, signal=6%	XM_067083155.1/XM_067113066.1/XM_067104799.1
GO:0006325	GO:0006325	83	-0.162651982519596	-0.72307485764607	0.964444444444444	1	0.926009670574321	4040	tags=25%, list=22%, signal=20%	XM_067084561.1/XM_067087111.1/XM_067085482.1/XM_067114340.1/XM_067134044.1/XM_067091447.1/XM_067087147.1/XM_067082212.1/XM_067095140.1/XM_067114226.1/XM_067130595.1/XM_067095876.1/XM_067082216.1/XM_067132547.1/XM_067097513.1/GH625791.1/XM_067132548.1/XM_067085722.1/XM_067094692.1/XM_067090492.1/XM_067087249.1
GO:0048803	GO:0048803	16	0.218811204624706	0.578770908247267	0.964630225080386	1	0.926009670574321	7058	tags=44%, list=39%, signal=27%	XM_067091665.1/XM_067091125.1/XM_067091666.1/XM_067115985.1/XM_067130820.1/XM_067132739.1/XM_067108800.1
GO:0006110	GO:0006110	11	0.232393638802241	0.564155500000735	0.96523178807947	1	0.926009670574321	1694	tags=9%, list=9%, signal=8%	XM_067116482.1
GO:0016558	GO:0016558	13	0.215303900207078	0.545211058187971	0.965460526315789	1	0.926009670574321	2420	tags=15%, list=13%, signal=13%	XM_067083403.1/XM_067119193.1
GO:0032418	GO:0032418	25	-0.181137889292396	-0.619521997260689	0.966257668711656	1	0.926009670574321	14908	tags=100%, list=82%, signal=18%	XM_067099352.1/XM_067091395.1/XM_067092941.1/XM_067112636.1/XM_067116470.1/XM_067126963.1/XM_067133769.1/XM_067087571.1/XM_067087572.1/XM_067109758.1/XM_067120395.1/XM_067126028.1/XM_067096933.1/XM_067112639.1/XM_067126966.1/XM_067126029.1/XM_067091399.1/XM_067086042.1/XM_067120396.1/XM_067086671.1/XM_067112637.1/XM_067087584.1/XM_067090710.1/XM_067120089.1
GO:0016199	GO:0016199	62	0.178271787318842	0.644041094650352	0.966494845360825	1	0.926009670574321	7203	tags=37%, list=40%, signal=22%	XM_067105461.1/XM_067114872.1/XM_067122667.1/XM_067114878.1/XM_067114874.1/XM_067085710.1/XM_067092770.1/XM_067105453.1/XM_067090682.1/XM_067090679.1/XM_067133307.1/XM_067094593.1/XM_067113037.1/XM_067094564.1/XM_067133299.1/XM_067114884.1/XM_067114844.1/XM_067133296.1/XM_067105463.1/XM_067087344.1/XM_067105469.1/XM_067114868.1/XM_067114827.1
GO:0007064	GO:0007064	14	0.217211987902117	0.558301925879731	0.967159277504105	1	0.926009670574321	14249	tags=100%, list=78%, signal=22%	XM_067134476.1/XM_067134480.1/XM_067129940.1/XM_067096906.1/XM_067096905.1/XM_067083092.1/XM_067123316.1/XM_067081315.1/XM_067112917.1/XM_067096907.1/XM_067100202.1/XM_067129941.1/XM_067102609.1/XM_067134477.1
GO:0051259	GO:0051259	22	-0.185939398586538	-0.616073460496748	0.967741935483871	1	0.926009670574321	3791	tags=32%, list=21%, signal=25%	XM_067126123.1/XM_067091379.1/XM_067123769.1/XM_067081458.1/XM_067106611.1/XM_067083729.1/XM_067113269.1
GO:0035075	GO:0035075	22	-0.178961772047252	-0.592954473553745	0.967741935483871	1	0.926009670574321	5583	tags=41%, list=31%, signal=28%	XM_067098817.1/XM_067094826.1/XM_067112421.1/XM_067112420.1/XM_067108441.1/XM_067095130.1/JP353733.1/XM_067129983.1/XM_067130934.1
GO:0002011	GO:0002011	10	-0.22453236823249	-0.586534361265789	0.967980295566502	1	0.926009670574321	3974	tags=40%, list=22%, signal=31%	XM_067090749.1/XM_067090743.1/XM_067087231.1/XM_067090747.1
GO:0006270	GO:0006270	19	-0.191419141914191	-0.607316188562655	0.968208092485549	1	0.926009670574321	14720	tags=37%, list=81%, signal=7%	XM_067085687.1/XM_067129250.1/XM_067102233.1/XM_067088444.1/XM_067108054.1/XM_067126275.1/XM_067091552.1
GO:0071169	GO:0071169	11	0.226696767749063	0.550325856667941	0.968543046357616	1	0.926009670574321	6143	tags=55%, list=34%, signal=36%	XM_067134476.1/XM_067105804.1/XM_067134480.1/XM_067105805.1/XM_067095610.1/XM_067095619.1
GO:0050731	GO:0050731	11	0.225818548733382	0.548193904646986	0.968543046357616	1	0.926009670574321	2700	tags=18%, list=15%, signal=15%	XM_067121778.1/XM_067134072.1
GO:0070542	GO:0070542	11	0.218127012545863	0.529522040537418	0.971854304635762	1	0.926009670574321	6081	tags=36%, list=33%, signal=24%	XM_067090782.1/XM_067090788.1/XM_067090787.1/XM_067090786.1
GO:0008344	GO:0008344	34	0.185886261382297	0.585761314476672	0.972058823529412	1	0.926009670574321	7225	tags=38%, list=40%, signal=23%	XM_067084481.1/XM_067126315.1/XM_067083967.1/XM_067084468.1/XM_067081602.1/XM_067106234.1/XM_067108538.1/XM_067094238.1/XM_067092193.1/XM_067083968.1/XM_067122589.1/XM_067092181.1/XM_067108539.1
GO:0006468	GO:0006468	103	0.17195884707017	0.667163588818993	0.973848069738481	1	0.926009670574321	3013	tags=16%, list=17%, signal=13%	XM_067118291.1/XM_067100673.1/XM_067105568.1/XM_067130768.1/XM_067100667.1/XM_067101406.1/XM_067105027.1/XM_067090135.1/XM_067113178.1/XM_067134072.1/XM_067094289.1/XM_067086940.1/XM_067106499.1/XM_067099168.1/XM_067109009.1/XM_067111372.1
GO:0000381	GO:0000381	114	0.174720192114706	0.689334747133459	0.973913043478261	1	0.926009670574321	3992	tags=18%, list=22%, signal=14%	XM_067090306.1/XM_067131723.1/XM_067081496.1/XM_067099633.1/XM_067112938.1/XM_067112943.1/XM_067098310.1/XM_067112944.1/XM_067112335.1/XM_067113518.1/XM_067081494.1/XM_067084782.1/XM_067112953.1/XM_067090762.1/XM_067097083.1/XM_067115120.1/XM_067129558.1/XM_067112954.1/XM_067084783.1/XM_067090693.1/XM_067118010.1
GO:0042407	GO:0042407	15	0.206789426546989	0.537165148350742	0.973941368078176	1	0.926009670574321	6898	tags=47%, list=38%, signal=29%	XM_067111063.1/JP353673.1/XM_067109307.1/XM_067131264.1/JP353534.1/XM_067111067.1/XM_067104197.1
GO:0045022	GO:0045022	20	-0.184549892091953	-0.597584948866562	0.974431818181818	1	0.926009670574321	3121	tags=20%, list=17%, signal=17%	XM_067118950.1/XM_067118946.1/XM_067104637.1/XM_067128013.1
GO:0030183	GO:0030183	23	-0.188762890585957	-0.627904513479612	0.975903614457831	1	0.926009670574321	2265	tags=17%, list=12%, signal=15%	XM_067094880.1/XM_067123372.1/XM_067095447.1/XM_067123938.1
GO:0006509	GO:0006509	10	0.212144235378832	0.498571466176537	0.976510067114094	1	0.926009670574321	4896	tags=30%, list=27%, signal=22%	XM_067099374.1/XM_067094072.1/JP354937.1
GO:1901796	GO:1901796	18	0.192193193017416	0.530182795518593	0.976671850699845	1	0.926009670574321	4301	tags=28%, list=24%, signal=21%	XM_067093448.1/XM_067094289.1/XM_067118592.1/XM_067114667.1/XM_067108877.1
GO:0008587	GO:0008587	19	-0.186010163457334	-0.590155103482099	0.976878612716763	1	0.926009670574321	3492	tags=21%, list=19%, signal=17%	XM_067086028.1/XM_067086021.1/XM_067104418.1/XM_067107580.1
GO:1990253	GO:1990253	15	0.204438264186278	0.531057667424963	0.977198697068404	1	0.926009670574321	7845	tags=53%, list=43%, signal=30%	XM_067095983.1/XM_067134072.1/XM_067134320.1/XM_067095982.1/XM_067094786.1/JP352138.1/XM_067094095.1/XM_067108597.1
GO:0000467	GO:0000467	15	0.202228050483087	0.525316320821387	0.977198697068404	1	0.926009670574321	3845	tags=27%, list=21%, signal=21%	XM_067119033.1/XM_067086576.1/XM_067125800.1/XM_067105960.1
GO:0030833	GO:0030833	34	0.177581972313271	0.55959299388808	0.977941176470588	1	0.926009670574321	5680	tags=29%, list=31%, signal=20%	JP355654.1/XM_067115698.1/XM_067094352.1/XM_067123141.1/XM_067091790.1/XM_067083339.1/XM_067091793.1/XM_067131193.1/XM_067134191.1/XM_067131196.1
GO:0045773	GO:0045773	11	0.209203870683967	0.507860347968633	0.978476821192053	1	0.926009670574321	14394	tags=100%, list=79%, signal=21%	XM_067123141.1/XM_067128510.1/XM_067112636.1/XM_067123143.1/XM_067112639.1/XM_067121328.1/XM_067094414.1/XM_067123140.1/XM_067112637.1/XM_067123144.1/JP354801.1
GO:0072384	GO:0072384	12	0.217906907900839	0.538680440401271	0.978547854785479	1	0.926009670574321	5300	tags=33%, list=29%, signal=24%	XM_067132848.1/XM_067091395.1/XM_067092941.1/XM_067126963.1
GO:0034198	GO:0034198	43	-0.168941350932602	-0.662301844112651	0.978723404255319	1	0.926009670574321	1982	tags=33%, list=11%, signal=29%	XM_067095290.1/JP355140.1/XM_067097825.1/XM_067130939.1/XM_067089205.1/XM_067094096.1/XM_067097816.1/XM_067118361.1/XM_067128509.1/XM_067097821.1/XM_067097841.1/XM_067099053.1/XM_067112996.1/XM_067088594.1
GO:2001235	GO:2001235	14	0.202245380997983	0.519833121560198	0.981937602627258	1	0.926009670574321	2625	tags=14%, list=14%, signal=12%	XM_067132885.1/XM_067120826.1
GO:0034605	GO:0034605	22	-0.165751647664806	-0.549185336384583	0.982404692082111	1	0.926009670574321	1703	tags=9%, list=9%, signal=8%	XM_067115599.1/XM_067088373.1
GO:0019677	GO:0019677	10	-0.215509489769795	-0.562964359766425	0.982758620689655	1	0.926009670574321	4204	tags=40%, list=23%, signal=31%	XM_067100329.1/XM_067100366.1/XM_067100569.1/XM_067100574.1
GO:0035017	GO:0035017	10	-0.21381054483479	-0.558526293263483	0.982758620689655	1	0.926009670574321	14311	tags=40%, list=79%, signal=9%	XM_067085777.1/XM_067085778.1/XM_067103394.1/XM_067093225.1
GO:0019430	GO:0019430	11	0.200080843459317	0.485713416529503	0.983443708609272	1	0.926009670574321	1643	tags=9%, list=9%, signal=8%	XM_067127397.1
GO:0043491	GO:0043491	25	0.177547425749513	0.528911474570716	0.983727810650888	1	0.926009670574321	4924	tags=24%, list=27%, signal=18%	XM_067131955.1/XM_067134072.1/XM_067111372.1/XM_067129350.1/XM_067115027.1/XM_067093356.1
GO:0034727	GO:0034727	15	-0.179113506379234	-0.539454255411604	0.984536082474227	1	0.926009670574321	14943	tags=47%, list=82%, signal=8%	XM_067131816.1/XM_067086662.1/XM_067086661.1/XM_067126484.1/XM_067119909.1/XM_067086663.1/XM_067119910.1
GO:0045494	GO:0045494	22	0.179775665443733	0.519073433383076	0.984871406959153	1	0.926009670574321	6388	tags=45%, list=35%, signal=30%	XM_067098927.1/XM_067113391.1/XM_067090709.1/XM_067096130.1/JP352337.1/XM_067114959.1/XM_067083793.1/XM_067089016.1/JP353096.1/XM_067106839.1
GO:0000388	GO:0000388	12	0.212185166190021	0.524535912472637	0.985148514851485	1	0.926009670574321	5899	tags=33%, list=32%, signal=23%	JP355387.1/XM_067110801.1/XM_067104540.1/XM_067106512.1
GO:0048863	GO:0048863	17	0.187710317592944	0.509147107104957	0.9858934169279	1	0.926009670574321	2841	tags=18%, list=16%, signal=15%	XM_067084481.1/XM_067095264.1/XM_067084468.1
GO:0008354	GO:0008354	17	0.186006145689044	0.504524696328574	0.9858934169279	1	0.926009670574321	2275	tags=12%, list=13%, signal=10%	XM_067091219.1/XM_067130482.1
GO:0006310	GO:0006310	46	0.173690645255448	0.59206831595945	0.986338797814208	1	0.926009670574321	2402	tags=13%, list=13%, signal=11%	XM_067129903.1/XM_067093638.1/XM_067111875.1/XM_067082973.1/XM_067092311.1/XM_067103892.1
GO:0033120	GO:0033120	12	0.202795505327272	0.50132404325064	0.986798679867987	1	0.926009670574321	5855	tags=33%, list=32%, signal=23%	XM_067113178.1/XM_067098998.1/XM_067081064.1/XM_067103817.1
GO:0007629	GO:0007629	13	0.194046912492576	0.491382285209101	0.986842105263158	1	0.926009670574321	5844	tags=38%, list=32%, signal=26%	XM_067091665.1/XM_067091125.1/XM_067091666.1/XM_067115985.1/XM_067094238.1
GO:0006782	GO:0006782	14	-0.172663488186823	-0.511694012574638	0.987277353689567	1	0.926009670574321	4254	tags=36%, list=23%, signal=27%	XM_067134166.1/XM_067130337.1/XM_067130336.1/XM_067094900.1/XM_067127752.1
GO:0010389	GO:0010389	11	-0.187942018104697	-0.509521095999103	0.987437185929648	1	0.926009670574321	2541	tags=36%, list=14%, signal=31%	XM_067095235.1/XM_067099161.1/XM_067091651.1/XM_067099166.1
GO:0006893	GO:0006893	23	0.180821425312796	0.529212218513667	0.988059701492537	1	0.926009670574321	3337	tags=17%, list=18%, signal=14%	XM_067100613.1/XM_067098488.1/XM_067107837.1/XM_067098487.1
GO:0006302	GO:0006302	63	0.165068487597702	0.596396811081851	0.989664082687339	1	0.926009670574321	5859	tags=30%, list=32%, signal=21%	XM_067111779.1/XM_067116855.1/XM_067116948.1/XM_067111780.1/XM_067118592.1/XM_067109009.1/XM_067107658.1/XM_067106701.1/XM_067082988.1/XM_067119872.1/XM_067111787.1/JP354889.1/XM_067116281.1/XM_067108308.1/XM_067099620.1/XM_067101463.1/XM_067082987.1/XM_067122098.1/XM_067102443.1
GO:0030330	GO:0030330	12	0.196208642201694	0.485040877363288	0.99009900990099	1	0.926009670574321	7946	tags=58%, list=44%, signal=33%	XM_067118592.1/XM_067109009.1/JP354889.1/XM_067109221.1/XM_067131703.1/XM_067108597.1/XM_067115254.1
GO:0007409	GO:0007409	84	-0.151636672336835	-0.675050723605236	0.991111111111111	1	0.926009670574321	3900	tags=23%, list=21%, signal=18%	XM_067118637.1/XM_067081040.1/XM_067085552.1/XM_067113389.1/XM_067129693.1/XM_067093563.1/XM_067097959.1/XM_067130087.1/XM_067114851.1/XM_067105498.1/XM_067098450.1/XM_067114877.1/XM_067092752.1/XM_067105828.1/XM_067105466.1/XM_067103889.1/GH625197.1/XM_067122686.1/XM_067087618.1
GO:0000070	GO:0000070	16	0.187274035610328	0.495352895055002	0.991961414790997	1	0.926009670574321	5743	tags=38%, list=32%, signal=26%	XM_067131468.1/XM_067134476.1/XM_067125597.1/JP355361.1/XM_067134480.1/XM_067092881.1
GO:0043161	GO:0043161	204	0.162371373292003	0.67875934315036	0.992009132420091	1	0.926009670574321	5328	tags=26%, list=29%, signal=19%	XM_067125360.1/XM_067083155.1/XM_067091371.1/XM_067111779.1/XM_067117784.1/XM_067105633.1/XM_067104799.1/XM_067121661.1/XM_067094941.1/XM_067111780.1/XM_067083911.1/XM_067099895.1/XM_067118333.1/XM_067085935.1/XM_067127553.1/XM_067107767.1/XM_067116807.1/XM_067085934.1/XM_067093115.1/XM_067125359.1/XM_067092066.1/XM_067109815.1/XM_067133176.1/XM_067125409.1/XM_067113306.1/XM_067115368.1/XM_067098865.1/XM_067114931.1/XM_067083145.1/XM_067113715.1/XM_067107105.1/XM_067124272.1/XM_067087318.1/XM_067119707.1/XM_067117121.1/XM_067111787.1/XM_067081645.1/XM_067116806.1/XM_067110804.1/XM_067112609.1/XM_067097106.1/XM_067108011.1/XM_067131156.1/JP355361.1/XM_067099342.1/XM_067103921.1/XM_067094358.1/XM_067133161.1/JP353726.1/XM_067089684.1/XM_067127150.1/XM_067109802.1/XM_067120293.1
GO:0006139	GO:0006139	10	-0.192863818791577	-0.503808237790769	0.992610837438424	1	0.926009670574321	14692	tags=50%, list=81%, signal=10%	XM_067114925.1/XM_067102683.1/XM_067114926.1/XM_067097743.1/XM_067083753.1
GO:0051301	GO:0051301	225	0.163552442845764	0.690638989803284	0.993235625704622	1	0.926009670574321	5045	tags=23%, list=28%, signal=17%	XM_067102196.1/XM_067101074.1/GH625000.1/JP353538.1/XM_067118371.1/XM_067116948.1/XM_067129298.1/XM_067122022.1/XM_067095493.1/XM_067130768.1/XM_067095492.1/XM_067131468.1/XM_067130815.1/XM_067105027.1/XM_067128648.1/XM_067083967.1/XM_067124181.1/XM_067120826.1/XM_067104007.1/XM_067120811.1/XM_067124400.1/XM_067127123.1/XM_067128237.1/XM_067108364.1/JP355583.1/XM_067109009.1/XM_067082031.1/XM_067102174.1/XM_067112284.1/XM_067102352.1/XM_067112653.1/XM_067129953.1/XM_067134673.1/XM_067089189.1/GH625904.1/XM_067128510.1/XM_067121794.1/XM_067082988.1/XM_067095223.1/XM_067121290.1/XM_067096324.1/XM_067102063.1/XM_067114096.1/JP354889.1/XM_067083643.1/XM_067125597.1/XM_067133248.1/XM_067093210.1/XM_067114341.1/XM_067133716.1/XM_067124428.1
GO:0048024	GO:0048024	33	-0.149289882197512	-0.544352023342064	0.993589743589744	1	0.926009670574321	15488	tags=42%, list=85%, signal=6%	XM_067084850.1/XM_067082002.1/XM_067125348.1/XM_067130579.1/XM_067090773.1/XM_067132437.1/XM_067082003.1/XM_067125343.1/XM_067129924.1/XM_067107087.1/XM_067093953.1/XM_067118908.1/XM_067102222.1/XM_067125349.1
GO:0010507	GO:0010507	30	-0.162910198113723	-0.578874786647548	0.993846153846154	1	0.926009670574321	4078	tags=27%, list=22%, signal=21%	XM_067100817.1/XM_067107605.1/XM_067094793.1/EL696441.1/XM_067118040.1/JP355486.1/XM_067100816.1/XM_067132601.1
GO:0034472	GO:0034472	13	-0.164357197844496	-0.473383655437114	0.99492385786802	1	0.926009670574321	15211	tags=23%, list=84%, signal=4%	XM_067109005.1/XM_067099171.1/XM_067107997.1
GO:0048814	GO:0048814	20	0.169683357879103	0.478256553487495	0.995384615384615	1	0.926009670574321	4167	tags=20%, list=23%, signal=15%	XM_067102050.1/XM_067086940.1/XM_067085710.1/XM_067120452.1
GO:0030707	GO:0030707	62	-0.14888906073191	-0.622408677577828	0.995575221238938	1	0.926009670574321	5002	tags=32%, list=27%, signal=23%	XM_067095621.1/XM_067095622.1/XM_067096836.1/XM_067112421.1/XM_067112420.1/XM_067088122.1/XM_067108441.1/XM_067095215.1/XM_067125279.1/JP351550.1/XM_067114181.1/XM_067129983.1/XM_067110080.1/XM_067111961.1/XM_067110070.1/XM_067099874.1/XM_067128095.1/XM_067130934.1/XM_067125824.1/XM_067095351.1
GO:0045732	GO:0045732	36	0.149663207828378	0.483509611821274	0.995720399429387	1	0.926009670574321	6826	tags=36%, list=38%, signal=23%	XM_067127332.1/XM_067098539.1/XM_067085710.1/XM_067098538.1/XM_067103297.1/XM_067097106.1/XM_067131843.1/XM_067111856.1/XM_067091344.1/XM_067085773.1/JP353036.1/XM_067130915.1/XM_067134581.1
GO:0048477	GO:0048477	121	0.149579038239073	0.595733651556561	0.996332518337408	1	0.926009670574321	6550	tags=34%, list=36%, signal=22%	XM_067132511.1/XM_067129373.1/XM_067094808.1/XM_067108002.1/XM_067103239.1/XM_067094951.1/OP136990.1/OP136991.1/XM_067126315.1/XM_067109898.1/XM_067121851.1/XM_067118320.1/XM_067100534.1/XM_067106210.1/XM_067094352.1/XM_067123440.1/XM_067129558.1/XM_067099142.1/XM_067103402.1/OP136996.1/XM_067094809.1/XM_067119872.1/XM_067101613.1/XM_067106255.1/XM_067116487.1/XM_067091891.1/XM_067094832.1/XM_067110364.1/XM_067101463.1/XM_067129564.1/XM_067090798.1/OP136989.1/XM_067103817.1/XM_067114207.1/XM_067114704.1/XM_067134075.1/XM_067130820.1/XM_067129557.1/XM_067110363.1/XM_067123423.1/OP136994.1
GO:0048749	GO:0048749	34	-0.153868934338236	-0.570557477506998	0.996894409937888	1	0.926009670574321	2957	tags=29%, list=16%, signal=25%	XM_067096669.1/XM_067095843.1/XM_067093562.1/XM_067107642.1/XM_067093563.1/XM_067087091.1/JP353236.1/XM_067118513.1/XM_067125300.1/GH625197.1
GO:0048255	GO:0048255	22	0.140672974554166	0.406170677804528	0.996974281391831	1	0.926009670574321	6977	tags=36%, list=38%, signal=22%	XM_067132330.1/XM_067134072.1/XM_067113321.1/XM_067118303.1/XM_067091282.1/XM_067113320.1/XM_067089877.1/XM_067112357.1
GO:0045070	GO:0045070	18	-0.159480783431259	-0.497088520873212	0.997214484679666	1	0.926009670574321	428	tags=22%, list=2%, signal=22%	XM_067132516.1/XM_067134045.1/XM_067131758.1/XM_067132517.1
GO:0016318	GO:0016318	18	-0.147951819572176	-0.46115368616391	0.997214484679666	1	0.926009670574321	2729	tags=17%, list=15%, signal=14%	XM_067103962.1/XM_067133257.1/XM_067110534.1
GO:0045542	GO:0045542	11	-0.176380030789532	-0.478175915670832	0.99748743718593	1	0.926009670574321	14992	tags=64%, list=82%, signal=11%	XM_067097002.1/XM_067105376.1/XM_067082520.1/XM_067126833.1/XM_067082535.1/XM_067082526.1/JP355704.1
GO:0000122	GO:0000122	249	0.158771119970444	0.676705542367327	0.997757847533632	1	0.926009670574321	4692	tags=22%, list=26%, signal=17%	XM_067127868.1/XM_067104889.1/XM_067124693.1/XM_067111779.1/XM_067131149.1/XM_067113367.1/XM_067122164.1/XM_067116996.1/XM_067128517.1/XM_067133211.1/XM_067129083.1/XM_067095236.1/XM_067111780.1/XM_067116379.1/XM_067105951.1/XM_067098905.1/XM_067116482.1/XM_067095983.1/XM_067082251.1/XM_067109299.1/XM_067101280.1/XM_067124071.1/XM_067106384.1/XM_067096468.1/XM_067087596.1/XM_067130471.1/XM_067114904.1/XM_067082582.1/XM_067116850.1/XM_067108958.1/XM_067092850.1/XM_067124689.1/XM_067121262.1/XM_067088091.1/XM_067107618.1/XM_067099352.1/XM_067087597.1/XM_067089378.1/XM_067127217.1/XM_067134447.1/XM_067133208.1/XM_067106687.1/XM_067093092.1/XM_067134476.1/XM_067084260.1/XM_067105379.1/XM_067108871.1/XM_067102687.1/XM_067108877.1/XM_067108701.1/XM_067112400.1/XM_067111787.1/XM_067123801.1/XM_067108866.1/XM_067128561.1/JP354014.1
GO:0075522	GO:0075522	10	0.177802083553871	0.417862146140324	0.998322147651007	1	0.926009670574321	5307	tags=30%, list=29%, signal=21%	XM_067084782.1/XM_067084783.1/XM_067084781.1
GO:0030720	GO:0030720	12	0.180259559869192	0.445613679861232	0.998349834983498	1	0.926009670574321	6505	tags=50%, list=36%, signal=32%	XM_067103769.1/XM_067110364.1/XM_067103768.1/XM_067090798.1/XM_067130820.1/XM_067110363.1
GO:0015908	GO:0015908	14	0.162303121791936	0.417169173524456	0.998357963875205	1	0.926009670574321	6839	tags=43%, list=38%, signal=27%	XM_067081379.1/XM_067119926.1/XM_067119940.1/XM_067134278.1/XM_067134277.1/XM_067100047.1
GO:0006281	GO:0006281	186	-0.150868967307521	-0.755799973512007	1	1	0.926009670574321	3392	tags=19%, list=19%, signal=15%	XM_067116563.1/XM_067106553.1/XM_067129902.1/XM_067116868.1/XM_067096127.1/XM_067122998.1/XM_067092115.1/XM_067091223.1/XM_067108780.1/XM_067112570.1/XM_067090047.1/XM_067097313.1/XM_067102999.1/XM_067127456.1/XM_067098243.1/XM_067133982.1/XM_067121470.1/XM_067108820.1/XM_067115369.1/XM_067083276.1/XM_067097513.1/XM_067128079.1/JP353024.1/XM_067085704.1/XM_067128557.1/XM_067111269.1/XM_067134206.1/JP354577.1/XM_067108782.1/XM_067085722.1/XM_067092845.1/JP355071.1/XM_067098411.1/XM_067118448.1/XM_067087105.1
GO:0006397	GO:0006397	180	-0.144258015685454	-0.721937901546407	1	1	0.926009670574321	3946	tags=24%, list=22%, signal=19%	XM_067096435.1/XM_067123462.1/XM_067107087.1/XM_067084784.1/XM_067093842.1/XM_067123648.1/XM_067097816.1/XM_067098714.1/XM_067103034.1/XM_067093953.1/XM_067083962.1/XM_067129589.1/XM_067128716.1/XM_067103788.1/XM_067098715.1/XM_067096318.1/XM_067095807.1/XM_067102222.1/XM_067131758.1/XM_067096487.1/XM_067102967.1/XM_067133361.1/XM_067098914.1/XM_067128748.1/XM_067115122.1/XM_067124821.1/XM_067127486.1/XM_067082928.1/XM_067130360.1/XM_067097821.1/XM_067128557.1/XM_067115115.1/XM_067127485.1/XM_067082222.1/XM_067099251.1/XM_067090927.1/XM_067097841.1/XM_067097965.1/XM_067115112.1/XM_067121090.1/XM_067119328.1/XM_067132517.1/XM_067115119.1
GO:0006974	GO:0006974	176	0.137936828729081	0.565109053119394	1	1	0.926009670574321	4691	tags=20%, list=26%, signal=15%	XM_067104927.1/XM_067081580.1/XM_067104190.1/XM_067095152.1/XM_067087824.1/XM_067108002.1/XM_067130768.1/XM_067081582.1/XM_067098797.1/XM_067095983.1/XM_067124071.1/XM_067081585.1/XM_067105027.1/XM_067098108.1/XM_067111873.1/XM_067127123.1/XM_067118592.1/XM_067109009.1/XM_067104913.1/XM_067095250.1/XM_067134673.1/XM_067083472.1/XM_067107658.1/XM_067134476.1/XM_067107105.1/XM_067123867.1/XM_067081583.1/XM_067102687.1/XM_067108877.1/XM_067119872.1/XM_067084341.1/JP354889.1/XM_067134385.1/XM_067132074.1/XM_067081581.1/XM_067127457.1
GO:0017148	GO:0017148	60	0.137304559876567	0.49284871237254	1	1	0.926009670574321	6535	tags=33%, list=36%, signal=21%	XM_067133613.1/XM_067116482.1/XM_067115420.1/XM_067127588.1/XM_067115421.1/XM_067114904.1/XM_067095247.1/XM_067111620.1/XM_067100337.1/XM_067099936.1/EL696552.1/XM_067114903.1/XM_067111310.1/XM_067133612.1/XM_067084241.1/XM_067110364.1/XM_067103817.1/XM_067120063.1/XM_067110363.1/XM_067088640.1
GO:0007346	GO:0007346	50	0.131774696153356	0.455293605631782	1	1	0.926009670574321	6674	tags=32%, list=37%, signal=20%	XM_067087824.1/XM_067098636.1/XM_067104007.1/XM_067108364.1/XM_067102174.1/XM_067128510.1/XM_067088528.1/XM_067083643.1/XM_067131460.1/XM_067093132.1/XM_067115443.1/XM_067083983.1/XM_067091181.1/XM_067130820.1/XM_067119223.1/XM_067106149.1
GO:0007519	GO:0007519	12	-0.161881471797595	-0.453350838112415	1	1	0.926009670574321	1023	tags=25%, list=6%, signal=24%	XM_067130079.1/XM_067091191.1/XM_067093254.1
GO:0016325	GO:0016325	10	-0.17231746543363	-0.450136055298724	1	1	0.926009670574321	3015	tags=50%, list=17%, signal=42%	GH625899.1/XM_067088169.1/XM_067110367.1/XM_067088168.1/XM_067110365.1
GO:0046579	GO:0046579	10	-0.166749134092034	-0.435590189629248	1	1	0.926009670574321	15167	tags=20%, list=83%, signal=3%	XM_067117394.1/XM_067117391.1
GO:0033119	GO:0033119	15	-0.134458864936208	-0.404963357224861	1	1	0.926009670574321	15755	tags=33%, list=87%, signal=4%	XM_067088169.1/XM_067110367.1/XM_067084784.1/XM_067088168.1/XM_067110365.1
GO:0071233	GO:0071233	11	-0.14839454585441	-0.402305734537274	1	1	0.926009670574321	15501	tags=27%, list=85%, signal=4%	XM_067094096.1/XM_067094793.1/JP355486.1
GO:0006289	GO:0006289	36	0.123296127628384	0.398326774320032	1	1	0.926009670574321	6071	tags=22%, list=33%, signal=15%	XM_067097439.1/XM_067098837.1/XM_067087318.1/XM_067119872.1/XM_067132074.1/XM_067124663.1/XM_067119263.1/XM_067092438.1
GO:0030837	GO:0030837	14	0.138365055714021	0.355640947010738	1	1	0.926009670574321	1261	tags=7%, list=7%, signal=7%	XM_067132606.1
