taxon	method	fold_diff	fold_diff_is_nan	rank	pseudocount
Acinetobacter chinensis	current (zero→NaN)	0.0	True	27	NaN
Acinetobacter indicus	current (zero→NaN)	0.0	True	61	NaN
Aeromonas dhakensis	current (zero→NaN)	0.0	True	62	NaN
Aeromonas lusitana	current (zero→NaN)	0.0	True	63	NaN
Agarivorans gilvus	current (zero→NaN)	0.0	True	28	NaN
Alcanivorax jadensis	current (zero→NaN)	0.0	True	125	NaN
Anatilimnocola aggregata	current (zero→NaN)	0.0	True	126	NaN
Arcticibacterium luteifluviistationis	current (zero→NaN)	0.0	True	127	NaN
Azomonas agilis	current (zero→NaN)	0.0	True	26	NaN
Azotobacter nigricans	current (zero→NaN)	0.0	True	25	NaN
Brachybacterium aquaticum	current (zero→NaN)	0.0	True	58	NaN
Brenneria rubrifaciens	current (zero→NaN)	0.0	True	59	NaN
Brevundimonas aurantiaca	current (zero→NaN)	0.0	True	60	NaN
Brevundimonas kwangchunensis	current (zero→NaN)	0.0	True	22	NaN
Buchnera aphidicola	current (zero→NaN)	0.0	True	23	NaN
Citrobacter bitternis	current (zero→NaN)	0.0	True	24	NaN
Citrobacter freundii	current (zero→NaN)	0.0	True	31	NaN
Citrobacter koseri	current (zero→NaN)	2.1145699271428158	False	3	NaN
Cronobacter muytjensii	current (zero→NaN)	0.9359149308011697	False	9	NaN
Cupriavidus necator	current (zero→NaN)	0.0	True	55	NaN
Cupriavidus plantarum	current (zero→NaN)	0.0	True	21	NaN
Cupriavidus yeoncheonensis	current (zero→NaN)	0.0	True	29	NaN
Cutibacterium acnes	current (zero→NaN)	0.0	True	30	NaN
Cutibacterium namnetense	current (zero→NaN)	0.0	True	56	NaN
Cyclobacterium qasimii	current (zero→NaN)	0.0	True	57	NaN
Dyadobacter sediminis	current (zero→NaN)	0.0	True	36	NaN
Emticicia soli	current (zero→NaN)	0.0	True	37	NaN
Endothiovibrio diazotrophicus	current (zero→NaN)	0.0	True	35	NaN
Enterobacter asburiae	current (zero→NaN)	0.0	True	34	NaN
Enterobacter cloacae	current (zero→NaN)	0.0	True	33	NaN
Enterobacter mori	current (zero→NaN)	0.24276775024122443	False	19	NaN
Entomohabitans teleogrylli	current (zero→NaN)	0.0	True	32	NaN
Entomomonas moraniae	current (zero→NaN)	0.0	True	39	NaN
Erwinia piriflorinigrans	current (zero→NaN)	1.341380038909334	False	5	NaN
Exiguobacterium aestuarii	current (zero→NaN)	-2.7529645233127664	False	2	NaN
Exiguobacterium alkaliphilum	current (zero→NaN)	0.0	True	47	NaN
Exiguobacterium marinum	current (zero→NaN)	0.0	True	38	NaN
Exiguobacterium undae	current (zero→NaN)	0.0	True	45	NaN
Flavobacterium caeni	current (zero→NaN)	0.0	True	46	NaN
Flavobacterium dongtanense	current (zero→NaN)	0.0	True	40	NaN
Flavobacterium enshiense	current (zero→NaN)	0.0	True	41	NaN
Flavobacterium haoranii	current (zero→NaN)	-1.1435266108786661	False	8	NaN
Flavobacterium jumunjinense	current (zero→NaN)	0.0	True	42	NaN
Flavobacterium luticocti	current (zero→NaN)	0.0	True	43	NaN
Flavobacterium palustre	current (zero→NaN)	0.0	True	44	NaN
Flavobacterium phocarum	current (zero→NaN)	0.0	True	50	NaN
Flavobacterium silvisoli	current (zero→NaN)	0.0	True	49	NaN
Flavobacterium xanthum	current (zero→NaN)	0.0	True	48	NaN
Fluviimonas pallidilutea	current (zero→NaN)	0.0	True	51	NaN
Franconibacter helveticus	current (zero→NaN)	0.0	True	53	NaN
Gemmata massiliana	current (zero→NaN)	0.0	True	54	NaN
Haliea alexandrii	current (zero→NaN)	0.0	True	72	NaN
Haloferula luteola	current (zero→NaN)	0.0	True	52	NaN
Halopseudomonas pelagia	current (zero→NaN)	0.0	True	69	NaN
Hansschlegelia beijingensis	current (zero→NaN)	0.0	True	70	NaN
Insectihabitans xujianqingii	current (zero→NaN)	0.0	True	71	NaN
Janibacter endophyticus	current (zero→NaN)	0.0	True	68	NaN
Jiulongibacter sediminis	current (zero→NaN)	3.1066478926904124	False	1	NaN
Klebsiella quasipneumoniae	current (zero→NaN)	0.0	True	66	NaN
Klebsiella quasivariicola	current (zero→NaN)	0.0	True	67	NaN
Klebsiella variicola	current (zero→NaN)	1.5719036975211667	False	4	NaN
Kluyvera ascorbata	current (zero→NaN)	0.0	True	65	NaN
Kluyvera georgiana	current (zero→NaN)	0.24276775024122443	False	18	NaN
Kosakonia arachidis	current (zero→NaN)	0.0	True	64	NaN
Kytococcus sedentarius	current (zero→NaN)	0.0	True	79	NaN
Leclercia pneumoniae	current (zero→NaN)	0.5304498226930054	False	13	NaN
Lewinella cohaerens	current (zero→NaN)	0.0	True	94	NaN
Limnoglobus roseus	current (zero→NaN)	0.0	True	95	NaN
Luminiphilus syltensis	current (zero→NaN)	0.0	True	78	NaN
Luteimonas abyssi	current (zero→NaN)	0.0	True	77	NaN
Lysobacter brunescens	current (zero→NaN)	0.0	True	73	NaN
Mangrovibacter plantisponsor	current (zero→NaN)	0.0	True	76	NaN
Maribius pelagius	current (zero→NaN)	0.0	True	74	NaN
Mariniblastus fucicola	current (zero→NaN)	-1.1435266108786661	False	7	NaN
Marivita roseacus	current (zero→NaN)	0.9359149308011697	False	10	NaN
Massilia agri	current (zero→NaN)	0.0	True	75	NaN
Massilia alkalitolerans	current (zero→NaN)	0.0	True	92	NaN
Massilia arenae	current (zero→NaN)	0.0	True	93	NaN
Massilia arvi	current (zero→NaN)	0.0	True	81	NaN
Massilia haematophila	current (zero→NaN)	0.0	True	80	NaN
Massilia niastensis	current (zero→NaN)	0.0	True	82	NaN
Massilia norwichensis	current (zero→NaN)	0.0	True	83	NaN
Massilia pinisoli	current (zero→NaN)	0.0	True	86	NaN
Massilia rhizosphaerae	current (zero→NaN)	0.0	True	87	NaN
Massilia terrae	current (zero→NaN)	0.0	True	84	NaN
Massilia yuzhufengensis	current (zero→NaN)	0.0	True	85	NaN
Mesorhizobium septentrionale	current (zero→NaN)	0.0	True	89	NaN
Methylococcus capsulatus	current (zero→NaN)	0.0	True	88	NaN
Methylotenera mobilis	current (zero→NaN)	0.0	True	90	NaN
Methylovulum psychrotolerans	current (zero→NaN)	0.0	True	91	NaN
Moraxella atlantae	current (zero→NaN)	0.0	True	98	NaN
Moraxella lacunata	current (zero→NaN)	0.0	True	99	NaN
Moraxella osloensis	current (zero→NaN)	-3.312580311248189	False	0	NaN
Moritella profunda	current (zero→NaN)	0.0	True	97	NaN
Mucilaginibacter koreensis	current (zero→NaN)	0.24276775024122443	False	16	NaN
Novispirillum itersonii	current (zero→NaN)	0.0	True	96	NaN
Pantoea agglomerans	current (zero→NaN)	0.0	True	103	NaN
Pantoea alhagi	current (zero→NaN)	0.0	True	111	NaN
Pantoea dispersa	current (zero→NaN)	0.0	True	102	NaN
Paraburkholderia pallida	current (zero→NaN)	0.0	True	100	NaN
Paracoccus salipaludis	current (zero→NaN)	0.0	True	101	NaN
Pectobacterium cacticida	current (zero→NaN)	0.43692376468218197	False	15	NaN
Pectobacterium polaris	current (zero→NaN)	0.0	True	110	NaN
Pelagerythrobacter marensis	current (zero→NaN)	0.0	True	104	NaN
Peptoniphilus faecalis	current (zero→NaN)	0.0	True	105	NaN
Phaeocystidibacter luteus	current (zero→NaN)	0.0	True	107	NaN
Phaeodactylibacter luteus	current (zero→NaN)	0.0	True	106	NaN
Phycisphaera mikurensis	current (zero→NaN)	0.0	True	108	NaN
Phytobacter diazotrophicus	current (zero→NaN)	0.0	True	109	NaN
Pluralibacter pyrinus	current (zero→NaN)	0.24276775024122443	False	17	NaN
Pontibacter roseus	current (zero→NaN)	0.0	True	113	NaN
Proteus faecis	current (zero→NaN)	0.0	True	112	NaN
Providencia stuartii	current (zero→NaN)	-0.8558445384268851	False	11	NaN
Pseudoalteromonas arabiensis	current (zero→NaN)	0.0	True	115	NaN
Pseudoalteromonas fenneropenaei	current (zero→NaN)	0.0	True	114	NaN
Pseudoalteromonas luteoviolacea	current (zero→NaN)	0.0	True	119	NaN
Pseudoalteromonas peptidolytica	current (zero→NaN)	0.0	True	116	NaN
Pseudoalteromonas phenolica	current (zero→NaN)	0.0	True	117	NaN
Pseudoalteromonas telluritireducens	current (zero→NaN)	0.0	True	118	NaN
Pseudoalteromonas translucida	current (zero→NaN)	0.0	True	120	NaN
Pseudoalteromonas xiamenensis	current (zero→NaN)	0.0	True	121	NaN
Pseudomonas aeruginosa	current (zero→NaN)	0.0	True	122	NaN
Pseudomonas alcaligenes	current (zero→NaN)	-0.6735229816329305	False	12	NaN
Pseudomonas alkylphenolica	current (zero→NaN)	0.0	True	123	NaN
Pseudomonas alloputida	current (zero→NaN)	0.0	True	124	NaN
Pseudomonas arcuscaelestis	current (zero→NaN)	0.0	True	130	NaN
Pseudomonas azotoformans	current (zero→NaN)	0.0	True	129	NaN
Pseudomonas bijieensis	current (zero→NaN)	0.0	True	128	NaN
Pseudomonas carbonaria	current (zero→NaN)	0.0	True	131	NaN
Pseudomonas caricapapayae	current (zero→NaN)	0.0	True	135	NaN
Pseudomonas delhiensis	current (zero→NaN)	0.0	True	134	NaN
Pseudomonas duriflava	current (zero→NaN)	0.0	True	143	NaN
Pseudomonas extremorientalis	current (zero→NaN)	0.0	True	132	NaN
Pseudomonas fluvialis	current (zero→NaN)	0.0	True	133	NaN
Pseudomonas frederiksbergensis	current (zero→NaN)	0.0	True	142	NaN
Pseudomonas guangdongensis	current (zero→NaN)	0.0	True	159	NaN
Pseudomonas humi	current (zero→NaN)	0.0	True	136	NaN
Pseudomonas luteola	current (zero→NaN)	0.0	True	137	NaN
Pseudomonas marincola	current (zero→NaN)	0.0	True	138	NaN
Pseudomonas massiliensis	current (zero→NaN)	0.0	True	139	NaN
Pseudomonas mediterranea	current (zero→NaN)	0.0	True	140	NaN
Pseudomonas mendocina	current (zero→NaN)	0.0	True	141	NaN
Pseudomonas mucidolens	current (zero→NaN)	0.0	True	158	NaN
Pseudomonas oleovorans	current (zero→NaN)	0.0	True	144	NaN
Pseudomonas oryzae	current (zero→NaN)	0.0	True	145	NaN
Pseudomonas oryzihabitans	current (zero→NaN)	0.0	True	147	NaN
Pseudomonas pharmacofabricae	current (zero→NaN)	0.0	True	146	NaN
Pseudomonas phenolilytica	current (zero→NaN)	0.0	True	151	NaN
Pseudomonas psychrophila	current (zero→NaN)	0.0	True	148	NaN
Pseudomonas putida	current (zero→NaN)	0.0	True	149	NaN
Pseudomonas saponiphila	current (zero→NaN)	0.0	True	150	NaN
Pseudomonas savastanoi	current (zero→NaN)	0.0	True	152	NaN
Pseudomonas schmalbachii	current (zero→NaN)	0.0	True	153	NaN
Pseudomonas seleniipraecipitans	current (zero→NaN)	0.0	True	155	NaN
Pseudomonas syringae	current (zero→NaN)	0.0	True	154	NaN
Pseudomonas tarimensis	current (zero→NaN)	0.0	True	156	NaN
Pseudomonas tianjinensis	current (zero→NaN)	-0.45037943031872085	False	14	NaN
Pseudomonas tolaasii	current (zero→NaN)	0.0	True	157	NaN
Pseudomonas viridiflava	current (zero→NaN)	0.0	True	161	NaN
Pseudomonas zeshuii	current (zero→NaN)	0.0	True	160	NaN
Rahnella aceris	current (zero→NaN)	0.24276775024122443	False	20	NaN
Rahnella bonaserana	current (zero→NaN)	0.0	True	163	NaN
Rahnella inusitata	current (zero→NaN)	0.0	True	162	NaN
Ralstonia pickettii	current (zero→NaN)	0.0	True	167	NaN
Raoultella electrica	current (zero→NaN)	0.0	True	164	NaN
Rhizorhapis suberifaciens	current (zero→NaN)	0.0	True	165	NaN
Roseibium sediminis	current (zero→NaN)	0.0	True	166	NaN
Ruegeria pomeroyi	current (zero→NaN)	0.0	True	175	NaN
Runella soli	current (zero→NaN)	0.0	True	168	NaN
Salinirepens amamiensis	current (zero→NaN)	0.0	True	169	NaN
Salipiger aestuarii	current (zero→NaN)	0.0	True	170	NaN
Serratia ficaria	current (zero→NaN)	0.0	True	171	NaN
Serratia ureilytica	current (zero→NaN)	0.0	True	172	NaN
Shewanella litorisediminis	current (zero→NaN)	0.0	True	173	NaN
Shewanella maritima	current (zero→NaN)	0.0	True	174	NaN
Siccibacter turicensis	current (zero→NaN)	0.0	True	176	NaN
Sphingomonas koreensis	current (zero→NaN)	0.0	True	177	NaN
Stutzerimonas kunmingensis	current (zero→NaN)	0.0	True	179	NaN
Stutzerimonas stutzeri	current (zero→NaN)	0.0	True	178	NaN
Tatumella terrea	current (zero→NaN)	0.0	True	183	NaN
Thalassotalea marina	current (zero→NaN)	0.0	True	180	NaN
Thiohalospira halophila	current (zero→NaN)	0.0	True	181	NaN
Thiomicrorhabdus heinhorstiae	current (zero→NaN)	0.0	True	182	NaN
Trabulsiella guamensis	current (zero→NaN)	0.0	True	184	NaN
Unknown	current (zero→NaN)	1.1590584821153795	False	6	NaN
Vibrio cholerae	current (zero→NaN)	0.0	True	185	NaN
Vibrio litoralis	current (zero→NaN)	0.0	True	186	NaN
Vibrio pelagius	current (zero→NaN)	0.0	True	187	NaN
Vineibacter terrae	current (zero→NaN)	0.0	True	188	NaN
Yersinia rochesterensis	current (zero→NaN)	0.0	True	189	NaN
Yersinia ruckeri	current (zero→NaN)	0.0	True	190	NaN
Acinetobacter chinensis	mult_replacement	-5.783385	False	137	mult_replacement
Acinetobacter indicus	mult_replacement	-6.476532	False	107	mult_replacement
Aeromonas dhakensis	mult_replacement	-7.98061	False	77	mult_replacement
Aeromonas lusitana	mult_replacement	-7.575145	False	86	mult_replacement
Agarivorans gilvus	mult_replacement	8.121046	False	61	mult_replacement
Alcanivorax jadensis	mult_replacement	8.121046	False	62	mult_replacement
Anatilimnocola aggregata	mult_replacement	-5.783385	False	138	mult_replacement
Arcticibacterium luteifluviistationis	mult_replacement	10.318271	False	2	mult_replacement
Azomonas agilis	mult_replacement	-5.783385	False	134	mult_replacement
Azotobacter nigricans	mult_replacement	-5.783385	False	122	mult_replacement
Brachybacterium aquaticum	mult_replacement	-6.476532	False	108	mult_replacement
Brenneria rubrifaciens	mult_replacement	-5.783385	False	136	mult_replacement
Brevundimonas aurantiaca	mult_replacement	-7.392823	False	87	mult_replacement
Brevundimonas kwangchunensis	mult_replacement	-5.783385	False	135	mult_replacement
Buchnera aphidicola	mult_replacement	8.121046	False	63	mult_replacement
Citrobacter bitternis	mult_replacement	8.121046	False	60	mult_replacement
Citrobacter freundii	mult_replacement	-7.169679	False	94	mult_replacement
Citrobacter koseri	mult_replacement	3.067392	False	171	mult_replacement
Cronobacter muytjensii	mult_replacement	1.888737	False	177	mult_replacement
Cupriavidus necator	mult_replacement	-7.729295	False	82	mult_replacement
Cupriavidus plantarum	mult_replacement	-6.476532	False	103	mult_replacement
Cupriavidus yeoncheonensis	mult_replacement	-5.783385	False	123	mult_replacement
Cutibacterium acnes	mult_replacement	-10.294245	False	3	mult_replacement
Cutibacterium namnetense	mult_replacement	-7.98061	False	78	mult_replacement
Cyclobacterium qasimii	mult_replacement	8.121046	False	57	mult_replacement
Dyadobacter sediminis	mult_replacement	8.121046	False	28	mult_replacement
Emticicia soli	mult_replacement	9.219659	False	7	mult_replacement
Endothiovibrio diazotrophicus	mult_replacement	10.829097	False	0	mult_replacement
Enterobacter asburiae	mult_replacement	8.121046	False	58	mult_replacement
Enterobacter cloacae	mult_replacement	-5.783385	False	139	mult_replacement
Enterobacter mori	mult_replacement	1.19559	False	181	mult_replacement
Entomohabitans teleogrylli	mult_replacement	-6.476532	False	102	mult_replacement
Entomomonas moraniae	mult_replacement	-5.783385	False	132	mult_replacement
Erwinia piriflorinigrans	mult_replacement	2.294203	False	174	mult_replacement
Exiguobacterium aestuarii	mult_replacement	-1.800142	False	178	mult_replacement
Exiguobacterium alkaliphilum	mult_replacement	-6.881997	False	99	mult_replacement
Exiguobacterium marinum	mult_replacement	-6.881997	False	98	mult_replacement
Exiguobacterium undae	mult_replacement	-5.783385	False	121	mult_replacement
Flavobacterium caeni	mult_replacement	-5.783385	False	124	mult_replacement
Flavobacterium dongtanense	mult_replacement	-5.783385	False	126	mult_replacement
Flavobacterium enshiense	mult_replacement	-5.783385	False	127	mult_replacement
Flavobacterium haoranii	mult_replacement	-0.190704	False	188	mult_replacement
Flavobacterium jumunjinense	mult_replacement	10.200488	False	4	mult_replacement
Flavobacterium luticocti	mult_replacement	-5.783385	False	130	mult_replacement
Flavobacterium palustre	mult_replacement	-5.783385	False	150	mult_replacement
Flavobacterium phocarum	mult_replacement	8.121046	False	31	mult_replacement
Flavobacterium silvisoli	mult_replacement	8.814194	False	22	mult_replacement
Flavobacterium xanthum	mult_replacement	-5.783385	False	125	mult_replacement
Fluviimonas pallidilutea	mult_replacement	8.121046	False	59	mult_replacement
Franconibacter helveticus	mult_replacement	8.814194	False	13	mult_replacement
Gemmata massiliana	mult_replacement	-5.783385	False	131	mult_replacement
Haliea alexandrii	mult_replacement	8.121046	False	30	mult_replacement
Haloferula luteola	mult_replacement	8.121046	False	51	mult_replacement
Halopseudomonas pelagia	mult_replacement	-5.783385	False	129	mult_replacement
Hansschlegelia beijingensis	mult_replacement	-5.783385	False	133	mult_replacement
Insectihabitans xujianqingii	mult_replacement	8.121046	False	29	mult_replacement
Janibacter endophyticus	mult_replacement	-6.476532	False	106	mult_replacement
Jiulongibacter sediminis	mult_replacement	4.05947	False	170	mult_replacement
Klebsiella quasipneumoniae	mult_replacement	8.121046	False	52	mult_replacement
Klebsiella quasivariicola	mult_replacement	8.121046	False	48	mult_replacement
Klebsiella variicola	mult_replacement	2.524726	False	172	mult_replacement
Kluyvera ascorbata	mult_replacement	8.814194	False	23	mult_replacement
Kluyvera georgiana	mult_replacement	1.19559	False	182	mult_replacement
Kosakonia arachidis	mult_replacement	-5.783385	False	128	mult_replacement
Kytococcus sedentarius	mult_replacement	8.121046	False	32	mult_replacement
Leclercia pneumoniae	mult_replacement	1.483272	False	179	mult_replacement
Lewinella cohaerens	mult_replacement	-6.476532	False	104	mult_replacement
Limnoglobus roseus	mult_replacement	-5.783385	False	149	mult_replacement
Luminiphilus syltensis	mult_replacement	-5.783385	False	148	mult_replacement
Luteimonas abyssi	mult_replacement	-5.783385	False	152	mult_replacement
Lysobacter brunescens	mult_replacement	-7.392823	False	88	mult_replacement
Mangrovibacter plantisponsor	mult_replacement	8.121046	False	40	mult_replacement
Maribius pelagius	mult_replacement	8.121046	False	49	mult_replacement
Mariniblastus fucicola	mult_replacement	-0.190704	False	189	mult_replacement
Marivita roseacus	mult_replacement	1.888737	False	176	mult_replacement
Massilia agri	mult_replacement	-7.169679	False	92	mult_replacement
Massilia alkalitolerans	mult_replacement	-6.476532	False	111	mult_replacement
Massilia arenae	mult_replacement	-8.18128	False	27	mult_replacement
Massilia arvi	mult_replacement	-5.783385	False	159	mult_replacement
Massilia haematophila	mult_replacement	-6.881997	False	97	mult_replacement
Massilia niastensis	mult_replacement	-7.575145	False	83	mult_replacement
Massilia norwichensis	mult_replacement	-5.783385	False	151	mult_replacement
Massilia pinisoli	mult_replacement	-5.783385	False	146	mult_replacement
Massilia rhizosphaerae	mult_replacement	-5.783385	False	154	mult_replacement
Massilia terrae	mult_replacement	-7.862827	False	81	mult_replacement
Massilia yuzhufengensis	mult_replacement	-5.783385	False	147	mult_replacement
Mesorhizobium septentrionale	mult_replacement	8.121046	False	41	mult_replacement
Methylococcus capsulatus	mult_replacement	8.814194	False	14	mult_replacement
Methylotenera mobilis	mult_replacement	8.121046	False	50	mult_replacement
Methylovulum psychrotolerans	mult_replacement	-5.783385	False	153	mult_replacement
Moraxella atlantae	mult_replacement	-6.476532	False	110	mult_replacement
Moraxella lacunata	mult_replacement	-6.476532	False	105	mult_replacement
Moraxella osloensis	mult_replacement	-2.359758	False	173	mult_replacement
Moritella profunda	mult_replacement	-5.783385	False	155	mult_replacement
Mucilaginibacter koreensis	mult_replacement	1.19559	False	184	mult_replacement
Novispirillum itersonii	mult_replacement	8.121046	False	42	mult_replacement
Pantoea agglomerans	mult_replacement	8.814194	False	15	mult_replacement
Pantoea alhagi	mult_replacement	-5.783385	False	156	mult_replacement
Pantoea dispersa	mult_replacement	9.219659	False	11	mult_replacement
Paraburkholderia pallida	mult_replacement	-5.783385	False	157	mult_replacement
Paracoccus salipaludis	mult_replacement	8.121046	False	47	mult_replacement
Pectobacterium cacticida	mult_replacement	1.389746	False	180	mult_replacement
Pectobacterium polaris	mult_replacement	9.219659	False	10	mult_replacement
Pelagerythrobacter marensis	mult_replacement	8.121046	False	46	mult_replacement
Peptoniphilus faecalis	mult_replacement	8.121046	False	44	mult_replacement
Phaeocystidibacter luteus	mult_replacement	8.121046	False	36	mult_replacement
Phaeodactylibacter luteus	mult_replacement	9.219659	False	9	mult_replacement
Phycisphaera mikurensis	mult_replacement	8.814194	False	17	mult_replacement
Phytobacter diazotrophicus	mult_replacement	8.121046	False	45	mult_replacement
Pluralibacter pyrinus	mult_replacement	1.19559	False	183	mult_replacement
Pontibacter roseus	mult_replacement	8.121046	False	43	mult_replacement
Proteus faecis	mult_replacement	9.219659	False	8	mult_replacement
Providencia stuartii	mult_replacement	0.096978	False	190	mult_replacement
Pseudoalteromonas arabiensis	mult_replacement	8.121046	False	39	mult_replacement
Pseudoalteromonas fenneropenaei	mult_replacement	8.814194	False	12	mult_replacement
Pseudoalteromonas luteoviolacea	mult_replacement	8.121046	False	38	mult_replacement
Pseudoalteromonas peptidolytica	mult_replacement	8.121046	False	33	mult_replacement
Pseudoalteromonas phenolica	mult_replacement	10.423632	False	1	mult_replacement
Pseudoalteromonas telluritireducens	mult_replacement	8.121046	False	37	mult_replacement
Pseudoalteromonas translucida	mult_replacement	8.121046	False	35	mult_replacement
Pseudoalteromonas xiamenensis	mult_replacement	8.121046	False	34	mult_replacement
Pseudomonas aeruginosa	mult_replacement	-7.862827	False	80	mult_replacement
Pseudomonas alcaligenes	mult_replacement	0.2793	False	187	mult_replacement
Pseudomonas alkylphenolica	mult_replacement	-8.348334	False	26	mult_replacement
Pseudomonas alloputida	mult_replacement	-5.783385	False	158	mult_replacement
Pseudomonas arcuscaelestis	mult_replacement	8.814194	False	16	mult_replacement
Pseudomonas azotoformans	mult_replacement	-8.348334	False	25	mult_replacement
Pseudomonas bijieensis	mult_replacement	-6.881997	False	95	mult_replacement
Pseudomonas carbonaria	mult_replacement	-5.783385	False	142	mult_replacement
Pseudomonas caricapapayae	mult_replacement	-6.476532	False	113	mult_replacement
Pseudomonas delhiensis	mult_replacement	-6.476532	False	109	mult_replacement
Pseudomonas duriflava	mult_replacement	-5.783385	False	143	mult_replacement
Pseudomonas extremorientalis	mult_replacement	-5.783385	False	141	mult_replacement
Pseudomonas fluvialis	mult_replacement	-6.476532	False	120	mult_replacement
Pseudomonas frederiksbergensis	mult_replacement	-5.783385	False	144	mult_replacement
Pseudomonas guangdongensis	mult_replacement	-7.169679	False	89	mult_replacement
Pseudomonas humi	mult_replacement	-6.881997	False	96	mult_replacement
Pseudomonas luteola	mult_replacement	-6.476532	False	115	mult_replacement
Pseudomonas marincola	mult_replacement	-7.575145	False	85	mult_replacement
Pseudomonas massiliensis	mult_replacement	-6.476532	False	112	mult_replacement
Pseudomonas mediterranea	mult_replacement	-5.783385	False	140	mult_replacement
Pseudomonas mendocina	mult_replacement	-6.881997	False	100	mult_replacement
Pseudomonas mucidolens	mult_replacement	-6.476532	False	114	mult_replacement
Pseudomonas oleovorans	mult_replacement	-6.881997	False	101	mult_replacement
Pseudomonas oryzae	mult_replacement	-5.783385	False	163	mult_replacement
Pseudomonas oryzihabitans	mult_replacement	-8.727824	False	24	mult_replacement
Pseudomonas pharmacofabricae	mult_replacement	-5.783385	False	165	mult_replacement
Pseudomonas phenolilytica	mult_replacement	-5.783385	False	164	mult_replacement
Pseudomonas psychrophila	mult_replacement	-5.783385	False	167	mult_replacement
Pseudomonas putida	mult_replacement	-5.783385	False	166	mult_replacement
Pseudomonas saponiphila	mult_replacement	8.121046	False	56	mult_replacement
Pseudomonas savastanoi	mult_replacement	-7.169679	False	90	mult_replacement
Pseudomonas schmalbachii	mult_replacement	-6.476532	False	117	mult_replacement
Pseudomonas seleniipraecipitans	mult_replacement	-6.476532	False	116	mult_replacement
Pseudomonas syringae	mult_replacement	-6.476532	False	118	mult_replacement
Pseudomonas tarimensis	mult_replacement	-5.783385	False	162	mult_replacement
Pseudomonas tianjinensis	mult_replacement	0.502443	False	186	mult_replacement
Pseudomonas tolaasii	mult_replacement	-5.783385	False	145	mult_replacement
Pseudomonas viridiflava	mult_replacement	-7.169679	False	91	mult_replacement
Pseudomonas zeshuii	mult_replacement	-7.169679	False	93	mult_replacement
Rahnella aceris	mult_replacement	1.19559	False	185	mult_replacement
Rahnella bonaserana	mult_replacement	-5.783385	False	161	mult_replacement
Rahnella inusitata	mult_replacement	9.507341	False	6	mult_replacement
Ralstonia pickettii	mult_replacement	8.814194	False	21	mult_replacement
Raoultella electrica	mult_replacement	8.814194	False	19	mult_replacement
Rhizorhapis suberifaciens	mult_replacement	8.121046	False	55	mult_replacement
Roseibium sediminis	mult_replacement	-7.575145	False	84	mult_replacement
Ruegeria pomeroyi	mult_replacement	8.814194	False	20	mult_replacement
Runella soli	mult_replacement	8.121046	False	54	mult_replacement
Salinirepens amamiensis	mult_replacement	-6.476532	False	119	mult_replacement
Salipiger aestuarii	mult_replacement	8.814194	False	18	mult_replacement
Serratia ficaria	mult_replacement	8.121046	False	71	mult_replacement
Serratia ureilytica	mult_replacement	8.121046	False	67	mult_replacement
Shewanella litorisediminis	mult_replacement	8.121046	False	65	mult_replacement
Shewanella maritima	mult_replacement	8.121046	False	64	mult_replacement
Siccibacter turicensis	mult_replacement	8.121046	False	66	mult_replacement
Sphingomonas koreensis	mult_replacement	8.121046	False	70	mult_replacement
Stutzerimonas kunmingensis	mult_replacement	8.121046	False	68	mult_replacement
Stutzerimonas stutzeri	mult_replacement	-7.98061	False	79	mult_replacement
Tatumella terrea	mult_replacement	-5.783385	False	169	mult_replacement
Thalassotalea marina	mult_replacement	8.121046	False	53	mult_replacement
Thiohalospira halophila	mult_replacement	9.912806	False	5	mult_replacement
Thiomicrorhabdus heinhorstiae	mult_replacement	8.121046	False	76	mult_replacement
Trabulsiella guamensis	mult_replacement	8.121046	False	69	mult_replacement
Unknown	mult_replacement	2.111881	False	175	mult_replacement
Vibrio cholerae	mult_replacement	8.121046	False	75	mult_replacement
Vibrio litoralis	mult_replacement	8.121046	False	74	mult_replacement
Vibrio pelagius	mult_replacement	8.121046	False	72	mult_replacement
Vineibacter terrae	mult_replacement	-5.783385	False	160	mult_replacement
Yersinia rochesterensis	mult_replacement	8.121046	False	73	mult_replacement
Yersinia ruckeri	mult_replacement	-5.783385	False	168	mult_replacement
Acinetobacter chinensis	bayesian_mult	-0.146744	False	147	bayesian_mult
Acinetobacter indicus	bayesian_mult	-0.839892	False	65	bayesian_mult
Aeromonas dhakensis	bayesian_mult	-2.343969	False	14	bayesian_mult
Aeromonas lusitana	bayesian_mult	-1.938504	False	22	bayesian_mult
Agarivorans gilvus	bayesian_mult	0.714821	False	124	bayesian_mult
Alcanivorax jadensis	bayesian_mult	0.714821	False	125	bayesian_mult
Anatilimnocola aggregata	bayesian_mult	-0.146744	False	146	bayesian_mult
Arcticibacterium luteifluviistationis	bayesian_mult	2.912046	False	6	bayesian_mult
Azomonas agilis	bayesian_mult	-0.146744	False	174	bayesian_mult
Azotobacter nigricans	bayesian_mult	-0.146744	False	173	bayesian_mult
Brachybacterium aquaticum	bayesian_mult	-0.839892	False	64	bayesian_mult
Brenneria rubrifaciens	bayesian_mult	-0.146744	False	160	bayesian_mult
Brevundimonas aurantiaca	bayesian_mult	-1.756182	False	30	bayesian_mult
Brevundimonas kwangchunensis	bayesian_mult	-0.146744	False	143	bayesian_mult
Buchnera aphidicola	bayesian_mult	0.714821	False	119	bayesian_mult
Citrobacter bitternis	bayesian_mult	0.714821	False	118	bayesian_mult
Citrobacter freundii	bayesian_mult	-1.533039	False	36	bayesian_mult
Citrobacter koseri	bayesian_mult	2.155841	False	18	bayesian_mult
Cronobacter muytjensii	bayesian_mult	0.977186	False	62	bayesian_mult
Cupriavidus necator	bayesian_mult	-2.092655	False	20	bayesian_mult
Cupriavidus plantarum	bayesian_mult	-0.839892	False	66	bayesian_mult
Cupriavidus yeoncheonensis	bayesian_mult	-0.146744	False	145	bayesian_mult
Cutibacterium acnes	bayesian_mult	-4.657604	False	0	bayesian_mult
Cutibacterium namnetense	bayesian_mult	-2.343969	False	15	bayesian_mult
Cyclobacterium qasimii	bayesian_mult	0.714821	False	126	bayesian_mult
Dyadobacter sediminis	bayesian_mult	0.714821	False	127	bayesian_mult
Emticicia soli	bayesian_mult	1.813434	False	27	bayesian_mult
Endothiovibrio diazotrophicus	bayesian_mult	3.422872	False	1	bayesian_mult
Enterobacter asburiae	bayesian_mult	0.714821	False	123	bayesian_mult
Enterobacter cloacae	bayesian_mult	-0.146744	False	144	bayesian_mult
Enterobacter mori	bayesian_mult	0.284039	False	139	bayesian_mult
Entomohabitans teleogrylli	bayesian_mult	-0.839892	False	67	bayesian_mult
Entomomonas moraniae	bayesian_mult	-0.146744	False	148	bayesian_mult
Erwinia piriflorinigrans	bayesian_mult	1.382651	False	51	bayesian_mult
Exiguobacterium aestuarii	bayesian_mult	-2.711694	False	10	bayesian_mult
Exiguobacterium alkaliphilum	bayesian_mult	-1.245357	False	55	bayesian_mult
Exiguobacterium marinum	bayesian_mult	-1.245357	False	54	bayesian_mult
Exiguobacterium undae	bayesian_mult	-0.146744	False	149	bayesian_mult
Flavobacterium caeni	bayesian_mult	-0.146744	False	150	bayesian_mult
Flavobacterium dongtanense	bayesian_mult	-0.146744	False	151	bayesian_mult
Flavobacterium enshiense	bayesian_mult	-0.146744	False	154	bayesian_mult
Flavobacterium haoranii	bayesian_mult	-1.102256	False	61	bayesian_mult
Flavobacterium jumunjinense	bayesian_mult	2.794263	False	7	bayesian_mult
Flavobacterium luticocti	bayesian_mult	-0.146744	False	155	bayesian_mult
Flavobacterium palustre	bayesian_mult	-0.146744	False	153	bayesian_mult
Flavobacterium phocarum	bayesian_mult	0.714821	False	112	bayesian_mult
Flavobacterium silvisoli	bayesian_mult	1.407969	False	45	bayesian_mult
Flavobacterium xanthum	bayesian_mult	-0.146744	False	152	bayesian_mult
Fluviimonas pallidilutea	bayesian_mult	0.714821	False	113	bayesian_mult
Franconibacter helveticus	bayesian_mult	1.407969	False	46	bayesian_mult
Gemmata massiliana	bayesian_mult	-0.146744	False	158	bayesian_mult
Haliea alexandrii	bayesian_mult	0.714821	False	114	bayesian_mult
Haloferula luteola	bayesian_mult	0.714821	False	115	bayesian_mult
Halopseudomonas pelagia	bayesian_mult	-0.146744	False	157	bayesian_mult
Hansschlegelia beijingensis	bayesian_mult	-0.146744	False	156	bayesian_mult
Insectihabitans xujianqingii	bayesian_mult	0.714821	False	122	bayesian_mult
Janibacter endophyticus	bayesian_mult	-0.839892	False	82	bayesian_mult
Jiulongibacter sediminis	bayesian_mult	3.147919	False	3	bayesian_mult
Klebsiella quasipneumoniae	bayesian_mult	0.714821	False	121	bayesian_mult
Klebsiella quasivariicola	bayesian_mult	0.714821	False	120	bayesian_mult
Klebsiella variicola	bayesian_mult	1.613174	False	32	bayesian_mult
Kluyvera ascorbata	bayesian_mult	1.407969	False	47	bayesian_mult
Kluyvera georgiana	bayesian_mult	0.284039	False	138	bayesian_mult
Kosakonia arachidis	bayesian_mult	-0.146744	False	159	bayesian_mult
Kytococcus sedentarius	bayesian_mult	0.714821	False	110	bayesian_mult
Leclercia pneumoniae	bayesian_mult	0.571721	False	134	bayesian_mult
Lewinella cohaerens	bayesian_mult	-0.839892	False	80	bayesian_mult
Limnoglobus roseus	bayesian_mult	-0.146744	False	169	bayesian_mult
Luminiphilus syltensis	bayesian_mult	-0.146744	False	167	bayesian_mult
Luteimonas abyssi	bayesian_mult	-0.146744	False	166	bayesian_mult
Lysobacter brunescens	bayesian_mult	-1.756182	False	31	bayesian_mult
Mangrovibacter plantisponsor	bayesian_mult	0.714821	False	111	bayesian_mult
Maribius pelagius	bayesian_mult	0.714821	False	117	bayesian_mult
Mariniblastus fucicola	bayesian_mult	-1.102256	False	60	bayesian_mult
Marivita roseacus	bayesian_mult	0.977186	False	63	bayesian_mult
Massilia agri	bayesian_mult	-1.533039	False	35	bayesian_mult
Massilia alkalitolerans	bayesian_mult	-0.839892	False	79	bayesian_mult
Massilia arenae	bayesian_mult	-2.54464	False	11	bayesian_mult
Massilia arvi	bayesian_mult	-0.146744	False	168	bayesian_mult
Massilia haematophila	bayesian_mult	-1.245357	False	57	bayesian_mult
Massilia niastensis	bayesian_mult	-1.938504	False	21	bayesian_mult
Massilia norwichensis	bayesian_mult	-0.146744	False	165	bayesian_mult
Massilia pinisoli	bayesian_mult	-0.146744	False	170	bayesian_mult
Massilia rhizosphaerae	bayesian_mult	-0.146744	False	163	bayesian_mult
Massilia terrae	bayesian_mult	-2.226186	False	16	bayesian_mult
Massilia yuzhufengensis	bayesian_mult	-0.146744	False	164	bayesian_mult
Mesorhizobium septentrionale	bayesian_mult	0.714821	False	108	bayesian_mult
Methylococcus capsulatus	bayesian_mult	1.407969	False	41	bayesian_mult
Methylotenera mobilis	bayesian_mult	0.714821	False	109	bayesian_mult
Methylovulum psychrotolerans	bayesian_mult	-0.146744	False	172	bayesian_mult
Moraxella atlantae	bayesian_mult	-0.839892	False	78	bayesian_mult
Moraxella lacunata	bayesian_mult	-0.839892	False	81	bayesian_mult
Moraxella osloensis	bayesian_mult	-3.27131	False	2	bayesian_mult
Moritella profunda	bayesian_mult	-0.146744	False	171	bayesian_mult
Mucilaginibacter koreensis	bayesian_mult	0.284039	False	141	bayesian_mult
Novispirillum itersonii	bayesian_mult	0.714821	False	116	bayesian_mult
Pantoea agglomerans	bayesian_mult	1.407969	False	40	bayesian_mult
Pantoea alhagi	bayesian_mult	-0.146744	False	162	bayesian_mult
Pantoea dispersa	bayesian_mult	1.813434	False	26	bayesian_mult
Paraburkholderia pallida	bayesian_mult	-0.146744	False	161	bayesian_mult
Paracoccus salipaludis	bayesian_mult	0.714821	False	107	bayesian_mult
Pectobacterium cacticida	bayesian_mult	0.478195	False	135	bayesian_mult
Pectobacterium polaris	bayesian_mult	1.813434	False	25	bayesian_mult
Pelagerythrobacter marensis	bayesian_mult	0.714821	False	106	bayesian_mult
Peptoniphilus faecalis	bayesian_mult	0.714821	False	103	bayesian_mult
Phaeocystidibacter luteus	bayesian_mult	0.714821	False	100	bayesian_mult
Phaeodactylibacter luteus	bayesian_mult	1.813434	False	29	bayesian_mult
Phycisphaera mikurensis	bayesian_mult	1.407969	False	44	bayesian_mult
Phytobacter diazotrophicus	bayesian_mult	0.714821	False	102	bayesian_mult
Pluralibacter pyrinus	bayesian_mult	0.284039	False	137	bayesian_mult
Pontibacter roseus	bayesian_mult	0.714821	False	101	bayesian_mult
Proteus faecis	bayesian_mult	1.813434	False	28	bayesian_mult
Providencia stuartii	bayesian_mult	-0.814574	False	83	bayesian_mult
Pseudoalteromonas arabiensis	bayesian_mult	0.714821	False	104	bayesian_mult
Pseudoalteromonas fenneropenaei	bayesian_mult	1.407969	False	42	bayesian_mult
Pseudoalteromonas luteoviolacea	bayesian_mult	0.714821	False	87	bayesian_mult
Pseudoalteromonas peptidolytica	bayesian_mult	0.714821	False	86	bayesian_mult
Pseudoalteromonas phenolica	bayesian_mult	3.017407	False	5	bayesian_mult
Pseudoalteromonas telluritireducens	bayesian_mult	0.714821	False	85	bayesian_mult
Pseudoalteromonas translucida	bayesian_mult	0.714821	False	84	bayesian_mult
Pseudoalteromonas xiamenensis	bayesian_mult	0.714821	False	105	bayesian_mult
Pseudomonas aeruginosa	bayesian_mult	-2.226186	False	17	bayesian_mult
Pseudomonas alcaligenes	bayesian_mult	-0.632252	False	133	bayesian_mult
Pseudomonas alkylphenolica	bayesian_mult	-2.711694	False	9	bayesian_mult
Pseudomonas alloputida	bayesian_mult	-0.146744	False	142	bayesian_mult
Pseudomonas arcuscaelestis	bayesian_mult	1.407969	False	43	bayesian_mult
Pseudomonas azotoformans	bayesian_mult	-2.711694	False	8	bayesian_mult
Pseudomonas bijieensis	bayesian_mult	-1.245357	False	56	bayesian_mult
Pseudomonas carbonaria	bayesian_mult	-0.146744	False	186	bayesian_mult
Pseudomonas caricapapayae	bayesian_mult	-0.839892	False	74	bayesian_mult
Pseudomonas delhiensis	bayesian_mult	-0.839892	False	68	bayesian_mult
Pseudomonas duriflava	bayesian_mult	-0.146744	False	175	bayesian_mult
Pseudomonas extremorientalis	bayesian_mult	-0.146744	False	185	bayesian_mult
Pseudomonas fluvialis	bayesian_mult	-0.839892	False	69	bayesian_mult
Pseudomonas frederiksbergensis	bayesian_mult	-0.146744	False	184	bayesian_mult
Pseudomonas guangdongensis	bayesian_mult	-1.533039	False	34	bayesian_mult
Pseudomonas humi	bayesian_mult	-1.245357	False	53	bayesian_mult
Pseudomonas luteola	bayesian_mult	-0.839892	False	70	bayesian_mult
Pseudomonas marincola	bayesian_mult	-1.938504	False	24	bayesian_mult
Pseudomonas massiliensis	bayesian_mult	-0.839892	False	75	bayesian_mult
Pseudomonas mediterranea	bayesian_mult	-0.146744	False	183	bayesian_mult
Pseudomonas mendocina	bayesian_mult	-1.245357	False	58	bayesian_mult
Pseudomonas mucidolens	bayesian_mult	-0.839892	False	77	bayesian_mult
Pseudomonas oleovorans	bayesian_mult	-1.245357	False	52	bayesian_mult
Pseudomonas oryzae	bayesian_mult	-0.146744	False	179	bayesian_mult
Pseudomonas oryzihabitans	bayesian_mult	-3.091183	False	4	bayesian_mult
Pseudomonas pharmacofabricae	bayesian_mult	-0.146744	False	181	bayesian_mult
Pseudomonas phenolilytica	bayesian_mult	-0.146744	False	180	bayesian_mult
Pseudomonas psychrophila	bayesian_mult	-0.146744	False	182	bayesian_mult
Pseudomonas putida	bayesian_mult	-0.146744	False	178	bayesian_mult
Pseudomonas saponiphila	bayesian_mult	0.714821	False	97	bayesian_mult
Pseudomonas savastanoi	bayesian_mult	-1.533039	False	33	bayesian_mult
Pseudomonas schmalbachii	bayesian_mult	-0.839892	False	76	bayesian_mult
Pseudomonas seleniipraecipitans	bayesian_mult	-0.839892	False	72	bayesian_mult
Pseudomonas syringae	bayesian_mult	-0.839892	False	71	bayesian_mult
Pseudomonas tarimensis	bayesian_mult	-0.146744	False	177	bayesian_mult
Pseudomonas tianjinensis	bayesian_mult	-0.409109	False	136	bayesian_mult
Pseudomonas tolaasii	bayesian_mult	-0.146744	False	176	bayesian_mult
Pseudomonas viridiflava	bayesian_mult	-1.533039	False	37	bayesian_mult
Pseudomonas zeshuii	bayesian_mult	-1.533039	False	38	bayesian_mult
Rahnella aceris	bayesian_mult	0.284039	False	140	bayesian_mult
Rahnella bonaserana	bayesian_mult	-0.146744	False	187	bayesian_mult
Rahnella inusitata	bayesian_mult	2.101116	False	19	bayesian_mult
Ralstonia pickettii	bayesian_mult	1.407969	False	49	bayesian_mult
Raoultella electrica	bayesian_mult	1.407969	False	50	bayesian_mult
Rhizorhapis suberifaciens	bayesian_mult	0.714821	False	131	bayesian_mult
Roseibium sediminis	bayesian_mult	-1.938504	False	23	bayesian_mult
Ruegeria pomeroyi	bayesian_mult	1.407969	False	48	bayesian_mult
Runella soli	bayesian_mult	0.714821	False	130	bayesian_mult
Salinirepens amamiensis	bayesian_mult	-0.839892	False	73	bayesian_mult
Salipiger aestuarii	bayesian_mult	1.407969	False	39	bayesian_mult
Serratia ficaria	bayesian_mult	0.714821	False	99	bayesian_mult
Serratia ureilytica	bayesian_mult	0.714821	False	98	bayesian_mult
Shewanella litorisediminis	bayesian_mult	0.714821	False	132	bayesian_mult
Shewanella maritima	bayesian_mult	0.714821	False	96	bayesian_mult
Siccibacter turicensis	bayesian_mult	0.714821	False	93	bayesian_mult
Sphingomonas koreensis	bayesian_mult	0.714821	False	88	bayesian_mult
Stutzerimonas kunmingensis	bayesian_mult	0.714821	False	92	bayesian_mult
Stutzerimonas stutzeri	bayesian_mult	-2.343969	False	13	bayesian_mult
Tatumella terrea	bayesian_mult	-0.146744	False	188	bayesian_mult
Thalassotalea marina	bayesian_mult	0.714821	False	90	bayesian_mult
Thiohalospira halophila	bayesian_mult	2.506581	False	12	bayesian_mult
Thiomicrorhabdus heinhorstiae	bayesian_mult	0.714821	False	91	bayesian_mult
Trabulsiella guamensis	bayesian_mult	0.714821	False	89	bayesian_mult
Unknown	bayesian_mult	1.200329	False	59	bayesian_mult
Vibrio cholerae	bayesian_mult	0.714821	False	94	bayesian_mult
Vibrio litoralis	bayesian_mult	0.714821	False	128	bayesian_mult
Vibrio pelagius	bayesian_mult	0.714821	False	129	bayesian_mult
Vineibacter terrae	bayesian_mult	-0.146744	False	189	bayesian_mult
Yersinia rochesterensis	bayesian_mult	0.714821	False	95	bayesian_mult
Yersinia ruckeri	bayesian_mult	-0.146744	False	190	bayesian_mult
Acinetobacter chinensis	pseudocount=0.1	-1.763746	False	137	0.1
Acinetobacter indicus	pseudocount=0.1	-2.456893	False	123	0.1
Aeromonas dhakensis	pseudocount=0.1	-3.960971	False	13	0.1
Aeromonas lusitana	pseudocount=0.1	-3.555506	False	22	0.1
Agarivorans gilvus	pseudocount=0.1	2.841424	False	93	0.1
Alcanivorax jadensis	pseudocount=0.1	2.841424	False	92	0.1
Anatilimnocola aggregata	pseudocount=0.1	-1.763746	False	136	0.1
Arcticibacterium luteifluviistationis	pseudocount=0.1	5.038649	False	3	0.1
Azomonas agilis	pseudocount=0.1	-1.763746	False	134	0.1
Azotobacter nigricans	pseudocount=0.1	-1.763746	False	133	0.1
Brachybacterium aquaticum	pseudocount=0.1	-2.456893	False	108	0.1
Brenneria rubrifaciens	pseudocount=0.1	-1.763746	False	127	0.1
Brevundimonas aurantiaca	pseudocount=0.1	-3.373184	False	39	0.1
Brevundimonas kwangchunensis	pseudocount=0.1	-1.763746	False	126	0.1
Buchnera aphidicola	pseudocount=0.1	2.841424	False	102	0.1
Citrobacter bitternis	pseudocount=0.1	2.841424	False	89	0.1
Citrobacter freundii	pseudocount=0.1	-3.150041	False	45	0.1
Citrobacter koseri	pseudocount=0.1	2.410641	False	124	0.1
Cronobacter muytjensii	pseudocount=0.1	1.231986	False	178	0.1
Cupriavidus necator	pseudocount=0.1	-3.709656	False	21	0.1
Cupriavidus plantarum	pseudocount=0.1	-2.456893	False	122	0.1
Cupriavidus yeoncheonensis	pseudocount=0.1	-1.763746	False	138	0.1
Cutibacterium acnes	pseudocount=0.1	-6.274606	False	0	0.1
Cutibacterium namnetense	pseudocount=0.1	-3.960971	False	11	0.1
Cyclobacterium qasimii	pseudocount=0.1	2.841424	False	91	0.1
Dyadobacter sediminis	pseudocount=0.1	2.841424	False	90	0.1
Emticicia soli	pseudocount=0.1	3.940036	False	18	0.1
Endothiovibrio diazotrophicus	pseudocount=0.1	5.549474	False	1	0.1
Enterobacter asburiae	pseudocount=0.1	2.841424	False	81	0.1
Enterobacter cloacae	pseudocount=0.1	-1.763746	False	139	0.1
Enterobacter mori	pseudocount=0.1	0.538839	False	184	0.1
Entomohabitans teleogrylli	pseudocount=0.1	-2.456893	False	110	0.1
Entomomonas moraniae	pseudocount=0.1	-1.763746	False	130	0.1
Erwinia piriflorinigrans	pseudocount=0.1	1.637451	False	175	0.1
Exiguobacterium aestuarii	pseudocount=0.1	-2.456893	False	107	0.1
Exiguobacterium alkaliphilum	pseudocount=0.1	-2.862359	False	53	0.1
Exiguobacterium marinum	pseudocount=0.1	-2.862359	False	50	0.1
Exiguobacterium undae	pseudocount=0.1	-1.763746	False	149	0.1
Flavobacterium caeni	pseudocount=0.1	-1.763746	False	135	0.1
Flavobacterium dongtanense	pseudocount=0.1	-1.763746	False	150	0.1
Flavobacterium enshiense	pseudocount=0.1	-1.763746	False	132	0.1
Flavobacterium haoranii	pseudocount=0.1	-0.847456	False	179	0.1
Flavobacterium jumunjinense	pseudocount=0.1	4.920865	False	4	0.1
Flavobacterium luticocti	pseudocount=0.1	-1.763746	False	154	0.1
Flavobacterium palustre	pseudocount=0.1	-1.763746	False	151	0.1
Flavobacterium phocarum	pseudocount=0.1	2.841424	False	88	0.1
Flavobacterium silvisoli	pseudocount=0.1	3.534571	False	34	0.1
Flavobacterium xanthum	pseudocount=0.1	-1.763746	False	131	0.1
Fluviimonas pallidilutea	pseudocount=0.1	2.841424	False	83	0.1
Franconibacter helveticus	pseudocount=0.1	3.534571	False	27	0.1
Gemmata massiliana	pseudocount=0.1	-1.763746	False	153	0.1
Haliea alexandrii	pseudocount=0.1	2.841424	False	86	0.1
Haloferula luteola	pseudocount=0.1	2.841424	False	87	0.1
Halopseudomonas pelagia	pseudocount=0.1	-1.763746	False	129	0.1
Hansschlegelia beijingensis	pseudocount=0.1	-1.763746	False	128	0.1
Insectihabitans xujianqingii	pseudocount=0.1	2.841424	False	84	0.1
Janibacter endophyticus	pseudocount=0.1	-2.456893	False	109	0.1
Jiulongibacter sediminis	pseudocount=0.1	3.402719	False	38	0.1
Klebsiella quasipneumoniae	pseudocount=0.1	2.841424	False	82	0.1
Klebsiella quasivariicola	pseudocount=0.1	2.841424	False	85	0.1
Klebsiella variicola	pseudocount=0.1	1.867975	False	125	0.1
Kluyvera ascorbata	pseudocount=0.1	3.534571	False	35	0.1
Kluyvera georgiana	pseudocount=0.1	0.538839	False	187	0.1
Kosakonia arachidis	pseudocount=0.1	-1.763746	False	152	0.1
Kytococcus sedentarius	pseudocount=0.1	2.841424	False	55	0.1
Leclercia pneumoniae	pseudocount=0.1	0.826521	False	181	0.1
Lewinella cohaerens	pseudocount=0.1	-2.456893	False	104	0.1
Limnoglobus roseus	pseudocount=0.1	-1.763746	False	145	0.1
Luminiphilus syltensis	pseudocount=0.1	-1.763746	False	148	0.1
Luteimonas abyssi	pseudocount=0.1	-1.763746	False	144	0.1
Lysobacter brunescens	pseudocount=0.1	-3.373184	False	40	0.1
Mangrovibacter plantisponsor	pseudocount=0.1	2.841424	False	59	0.1
Maribius pelagius	pseudocount=0.1	2.841424	False	79	0.1
Mariniblastus fucicola	pseudocount=0.1	-0.847456	False	180	0.1
Marivita roseacus	pseudocount=0.1	1.231986	False	177	0.1
Massilia agri	pseudocount=0.1	-3.150041	False	42	0.1
Massilia alkalitolerans	pseudocount=0.1	-2.456893	False	111	0.1
Massilia arenae	pseudocount=0.1	-4.161642	False	10	0.1
Massilia arvi	pseudocount=0.1	-1.763746	False	159	0.1
Massilia haematophila	pseudocount=0.1	-2.862359	False	51	0.1
Massilia niastensis	pseudocount=0.1	-3.555506	False	23	0.1
Massilia norwichensis	pseudocount=0.1	-1.763746	False	147	0.1
Massilia pinisoli	pseudocount=0.1	-1.763746	False	146	0.1
Massilia rhizosphaerae	pseudocount=0.1	-1.763746	False	155	0.1
Massilia terrae	pseudocount=0.1	-3.843188	False	20	0.1
Massilia yuzhufengensis	pseudocount=0.1	-1.763746	False	141	0.1
Mesorhizobium septentrionale	pseudocount=0.1	2.841424	False	62	0.1
Methylococcus capsulatus	pseudocount=0.1	3.534571	False	28	0.1
Methylotenera mobilis	pseudocount=0.1	2.841424	False	60	0.1
Methylovulum psychrotolerans	pseudocount=0.1	-1.763746	False	143	0.1
Moraxella atlantae	pseudocount=0.1	-2.456893	False	106	0.1
Moraxella lacunata	pseudocount=0.1	-2.456893	False	105	0.1
Moraxella osloensis	pseudocount=0.1	-3.016509	False	47	0.1
Moritella profunda	pseudocount=0.1	-1.763746	False	142	0.1
Mucilaginibacter koreensis	pseudocount=0.1	0.538839	False	186	0.1
Novispirillum itersonii	pseudocount=0.1	2.841424	False	61	0.1
Pantoea agglomerans	pseudocount=0.1	3.534571	False	26	0.1
Pantoea alhagi	pseudocount=0.1	-1.763746	False	156	0.1
Pantoea dispersa	pseudocount=0.1	3.940036	False	15	0.1
Paraburkholderia pallida	pseudocount=0.1	-1.763746	False	157	0.1
Paracoccus salipaludis	pseudocount=0.1	2.841424	False	58	0.1
Pectobacterium cacticida	pseudocount=0.1	0.732995	False	182	0.1
Pectobacterium polaris	pseudocount=0.1	3.940036	False	17	0.1
Pelagerythrobacter marensis	pseudocount=0.1	2.841424	False	56	0.1
Peptoniphilus faecalis	pseudocount=0.1	2.841424	False	57	0.1
Phaeocystidibacter luteus	pseudocount=0.1	2.841424	False	64	0.1
Phaeodactylibacter luteus	pseudocount=0.1	3.940036	False	14	0.1
Phycisphaera mikurensis	pseudocount=0.1	3.534571	False	29	0.1
Phytobacter diazotrophicus	pseudocount=0.1	2.841424	False	68	0.1
Pluralibacter pyrinus	pseudocount=0.1	0.538839	False	185	0.1
Pontibacter roseus	pseudocount=0.1	2.841424	False	65	0.1
Proteus faecis	pseudocount=0.1	3.940036	False	16	0.1
Providencia stuartii	pseudocount=0.1	-0.559773	False	183	0.1
Pseudoalteromonas arabiensis	pseudocount=0.1	2.841424	False	80	0.1
Pseudoalteromonas fenneropenaei	pseudocount=0.1	3.534571	False	30	0.1
Pseudoalteromonas luteoviolacea	pseudocount=0.1	2.841424	False	69	0.1
Pseudoalteromonas peptidolytica	pseudocount=0.1	2.841424	False	66	0.1
Pseudoalteromonas phenolica	pseudocount=0.1	5.144009	False	2	0.1
Pseudoalteromonas telluritireducens	pseudocount=0.1	2.841424	False	67	0.1
Pseudoalteromonas translucida	pseudocount=0.1	2.841424	False	63	0.1
Pseudoalteromonas xiamenensis	pseudocount=0.1	2.841424	False	103	0.1
Pseudomonas aeruginosa	pseudocount=0.1	-3.843188	False	19	0.1
Pseudomonas alcaligenes	pseudocount=0.1	-0.377452	False	189	0.1
Pseudomonas alkylphenolica	pseudocount=0.1	-4.328696	False	7	0.1
Pseudomonas alloputida	pseudocount=0.1	-1.763746	False	158	0.1
Pseudomonas arcuscaelestis	pseudocount=0.1	3.534571	False	31	0.1
Pseudomonas azotoformans	pseudocount=0.1	-4.328696	False	8	0.1
Pseudomonas bijieensis	pseudocount=0.1	-2.862359	False	52	0.1
Pseudomonas carbonaria	pseudocount=0.1	-1.763746	False	172	0.1
Pseudomonas caricapapayae	pseudocount=0.1	-2.456893	False	113	0.1
Pseudomonas delhiensis	pseudocount=0.1	-2.456893	False	121	0.1
Pseudomonas duriflava	pseudocount=0.1	-1.763746	False	174	0.1
Pseudomonas extremorientalis	pseudocount=0.1	-1.763746	False	173	0.1
Pseudomonas fluvialis	pseudocount=0.1	-2.456893	False	120	0.1
Pseudomonas frederiksbergensis	pseudocount=0.1	-1.763746	False	160	0.1
Pseudomonas guangdongensis	pseudocount=0.1	-3.150041	False	44	0.1
Pseudomonas humi	pseudocount=0.1	-2.862359	False	49	0.1
Pseudomonas luteola	pseudocount=0.1	-2.456893	False	115	0.1
Pseudomonas marincola	pseudocount=0.1	-3.555506	False	24	0.1
Pseudomonas massiliensis	pseudocount=0.1	-2.456893	False	112	0.1
Pseudomonas mediterranea	pseudocount=0.1	-1.763746	False	140	0.1
Pseudomonas mendocina	pseudocount=0.1	-2.862359	False	54	0.1
Pseudomonas mucidolens	pseudocount=0.1	-2.456893	False	114	0.1
Pseudomonas oleovorans	pseudocount=0.1	-2.862359	False	48	0.1
Pseudomonas oryzae	pseudocount=0.1	-1.763746	False	163	0.1
Pseudomonas oryzihabitans	pseudocount=0.1	-4.708185	False	5	0.1
Pseudomonas pharmacofabricae	pseudocount=0.1	-1.763746	False	165	0.1
Pseudomonas phenolilytica	pseudocount=0.1	-1.763746	False	164	0.1
Pseudomonas psychrophila	pseudocount=0.1	-1.763746	False	167	0.1
Pseudomonas putida	pseudocount=0.1	-1.763746	False	166	0.1
Pseudomonas saponiphila	pseudocount=0.1	2.841424	False	70	0.1
Pseudomonas savastanoi	pseudocount=0.1	-3.150041	False	41	0.1
Pseudomonas schmalbachii	pseudocount=0.1	-2.456893	False	117	0.1
Pseudomonas seleniipraecipitans	pseudocount=0.1	-2.456893	False	116	0.1
Pseudomonas syringae	pseudocount=0.1	-2.456893	False	118	0.1
Pseudomonas tarimensis	pseudocount=0.1	-1.763746	False	162	0.1
Pseudomonas tianjinensis	pseudocount=0.1	-0.154308	False	190	0.1
Pseudomonas tolaasii	pseudocount=0.1	-1.763746	False	161	0.1
Pseudomonas viridiflava	pseudocount=0.1	-3.150041	False	43	0.1
Pseudomonas zeshuii	pseudocount=0.1	-3.150041	False	46	0.1
Rahnella aceris	pseudocount=0.1	0.538839	False	188	0.1
Rahnella bonaserana	pseudocount=0.1	-1.763746	False	169	0.1
Rahnella inusitata	pseudocount=0.1	4.227718	False	9	0.1
Ralstonia pickettii	pseudocount=0.1	3.534571	False	37	0.1
Raoultella electrica	pseudocount=0.1	3.534571	False	36	0.1
Rhizorhapis suberifaciens	pseudocount=0.1	2.841424	False	71	0.1
Roseibium sediminis	pseudocount=0.1	-3.555506	False	25	0.1
Ruegeria pomeroyi	pseudocount=0.1	3.534571	False	32	0.1
Runella soli	pseudocount=0.1	2.841424	False	78	0.1
Salinirepens amamiensis	pseudocount=0.1	-2.456893	False	119	0.1
Salipiger aestuarii	pseudocount=0.1	3.534571	False	33	0.1
Serratia ficaria	pseudocount=0.1	2.841424	False	74	0.1
Serratia ureilytica	pseudocount=0.1	2.841424	False	75	0.1
Shewanella litorisediminis	pseudocount=0.1	2.841424	False	73	0.1
Shewanella maritima	pseudocount=0.1	2.841424	False	72	0.1
Siccibacter turicensis	pseudocount=0.1	2.841424	False	76	0.1
Sphingomonas koreensis	pseudocount=0.1	2.841424	False	99	0.1
Stutzerimonas kunmingensis	pseudocount=0.1	2.841424	False	77	0.1
Stutzerimonas stutzeri	pseudocount=0.1	-3.960971	False	12	0.1
Tatumella terrea	pseudocount=0.1	-1.763746	False	171	0.1
Thalassotalea marina	pseudocount=0.1	2.841424	False	101	0.1
Thiohalospira halophila	pseudocount=0.1	4.633183	False	6	0.1
Thiomicrorhabdus heinhorstiae	pseudocount=0.1	2.841424	False	100	0.1
Trabulsiella guamensis	pseudocount=0.1	2.841424	False	95	0.1
Unknown	pseudocount=0.1	1.45513	False	176	0.1
Vibrio cholerae	pseudocount=0.1	2.841424	False	94	0.1
Vibrio litoralis	pseudocount=0.1	2.841424	False	97	0.1
Vibrio pelagius	pseudocount=0.1	2.841424	False	96	0.1
Vineibacter terrae	pseudocount=0.1	-1.763746	False	168	0.1
Yersinia rochesterensis	pseudocount=0.1	2.841424	False	98	0.1
Yersinia ruckeri	pseudocount=0.1	-1.763746	False	170	0.1
Acinetobacter chinensis	pseudocount=0.5	-0.373394	False	139	0.5
Acinetobacter indicus	pseudocount=0.5	-1.066541	False	65	0.5
Aeromonas dhakensis	pseudocount=0.5	-2.570619	False	14	0.5
Aeromonas lusitana	pseudocount=0.5	-2.165154	False	22	0.5
Agarivorans gilvus	pseudocount=0.5	1.0129	False	124	0.5
Alcanivorax jadensis	pseudocount=0.5	1.0129	False	127	0.5
Anatilimnocola aggregata	pseudocount=0.5	-0.373394	False	138	0.5
Arcticibacterium luteifluviistationis	pseudocount=0.5	3.210125	False	5	0.5
Azomonas agilis	pseudocount=0.5	-0.373394	False	164	0.5
Azotobacter nigricans	pseudocount=0.5	-0.373394	False	137	0.5
Brachybacterium aquaticum	pseudocount=0.5	-1.066541	False	78	0.5
Brenneria rubrifaciens	pseudocount=0.5	-0.373394	False	136	0.5
Brevundimonas aurantiaca	pseudocount=0.5	-1.982832	False	30	0.5
Brevundimonas kwangchunensis	pseudocount=0.5	-0.373394	False	159	0.5
Buchnera aphidicola	pseudocount=0.5	1.0129	False	85	0.5
Citrobacter bitternis	pseudocount=0.5	1.0129	False	86	0.5
Citrobacter freundii	pseudocount=0.5	-1.759688	False	35	0.5
Citrobacter koseri	pseudocount=0.5	2.191555	False	20	0.5
Cronobacter muytjensii	pseudocount=0.5	1.0129	False	125	0.5
Cupriavidus necator	pseudocount=0.5	-2.319304	False	19	0.5
Cupriavidus plantarum	pseudocount=0.5	-1.066541	False	66	0.5
Cupriavidus yeoncheonensis	pseudocount=0.5	-0.373394	False	146	0.5
Cutibacterium acnes	pseudocount=0.5	-4.884254	False	0	0.5
Cutibacterium namnetense	pseudocount=0.5	-2.570619	False	15	0.5
Cyclobacterium qasimii	pseudocount=0.5	1.0129	False	126	0.5
Dyadobacter sediminis	pseudocount=0.5	1.0129	False	123	0.5
Emticicia soli	pseudocount=0.5	2.111513	False	27	0.5
Endothiovibrio diazotrophicus	pseudocount=0.5	3.72095	False	1	0.5
Enterobacter asburiae	pseudocount=0.5	1.0129	False	119	0.5
Enterobacter cloacae	pseudocount=0.5	-0.373394	False	145	0.5
Enterobacter mori	pseudocount=0.5	0.319753	False	186	0.5
Entomohabitans teleogrylli	pseudocount=0.5	-1.066541	False	64	0.5
Entomomonas moraniae	pseudocount=0.5	-0.373394	False	148	0.5
Erwinia piriflorinigrans	pseudocount=0.5	1.418365	False	58	0.5
Exiguobacterium aestuarii	pseudocount=0.5	-2.675979	False	12	0.5
Exiguobacterium alkaliphilum	pseudocount=0.5	-1.472006	False	54	0.5
Exiguobacterium marinum	pseudocount=0.5	-1.472006	False	55	0.5
Exiguobacterium undae	pseudocount=0.5	-0.373394	False	149	0.5
Flavobacterium caeni	pseudocount=0.5	-0.373394	False	150	0.5
Flavobacterium dongtanense	pseudocount=0.5	-0.373394	False	151	0.5
Flavobacterium enshiense	pseudocount=0.5	-0.373394	False	154	0.5
Flavobacterium haoranii	pseudocount=0.5	-1.066541	False	79	0.5
Flavobacterium jumunjinense	pseudocount=0.5	3.092342	False	7	0.5
Flavobacterium luticocti	pseudocount=0.5	-0.373394	False	147	0.5
Flavobacterium palustre	pseudocount=0.5	-0.373394	False	153	0.5
Flavobacterium phocarum	pseudocount=0.5	1.0129	False	112	0.5
Flavobacterium silvisoli	pseudocount=0.5	1.706047	False	46	0.5
Flavobacterium xanthum	pseudocount=0.5	-0.373394	False	144	0.5
Fluviimonas pallidilutea	pseudocount=0.5	1.0129	False	113	0.5
Franconibacter helveticus	pseudocount=0.5	1.706047	False	47	0.5
Gemmata massiliana	pseudocount=0.5	-0.373394	False	155	0.5
Haliea alexandrii	pseudocount=0.5	1.0129	False	117	0.5
Haloferula luteola	pseudocount=0.5	1.0129	False	118	0.5
Halopseudomonas pelagia	pseudocount=0.5	-0.373394	False	157	0.5
Hansschlegelia beijingensis	pseudocount=0.5	-0.373394	False	152	0.5
Insectihabitans xujianqingii	pseudocount=0.5	1.0129	False	122	0.5
Janibacter endophyticus	pseudocount=0.5	-1.066541	False	61	0.5
Jiulongibacter sediminis	pseudocount=0.5	3.183633	False	6	0.5
Klebsiella quasipneumoniae	pseudocount=0.5	1.0129	False	121	0.5
Klebsiella quasivariicola	pseudocount=0.5	1.0129	False	120	0.5
Klebsiella variicola	pseudocount=0.5	1.648889	False	50	0.5
Kluyvera ascorbata	pseudocount=0.5	1.706047	False	44	0.5
Kluyvera georgiana	pseudocount=0.5	0.319753	False	187	0.5
Kosakonia arachidis	pseudocount=0.5	-0.373394	False	156	0.5
Kytococcus sedentarius	pseudocount=0.5	1.0129	False	110	0.5
Leclercia pneumoniae	pseudocount=0.5	0.607435	False	133	0.5
Lewinella cohaerens	pseudocount=0.5	-1.066541	False	60	0.5
Limnoglobus roseus	pseudocount=0.5	-0.373394	False	165	0.5
Luminiphilus syltensis	pseudocount=0.5	-0.373394	False	158	0.5
Luteimonas abyssi	pseudocount=0.5	-0.373394	False	142	0.5
Lysobacter brunescens	pseudocount=0.5	-1.982832	False	31	0.5
Mangrovibacter plantisponsor	pseudocount=0.5	1.0129	False	111	0.5
Maribius pelagius	pseudocount=0.5	1.0129	False	109	0.5
Mariniblastus fucicola	pseudocount=0.5	-1.066541	False	80	0.5
Marivita roseacus	pseudocount=0.5	1.0129	False	115	0.5
Massilia agri	pseudocount=0.5	-1.759688	False	34	0.5
Massilia alkalitolerans	pseudocount=0.5	-1.066541	False	62	0.5
Massilia arenae	pseudocount=0.5	-2.771289	False	11	0.5
Massilia arvi	pseudocount=0.5	-0.373394	False	168	0.5
Massilia haematophila	pseudocount=0.5	-1.472006	False	56	0.5
Massilia niastensis	pseudocount=0.5	-2.165154	False	21	0.5
Massilia norwichensis	pseudocount=0.5	-0.373394	False	169	0.5
Massilia pinisoli	pseudocount=0.5	-0.373394	False	170	0.5
Massilia rhizosphaerae	pseudocount=0.5	-0.373394	False	171	0.5
Massilia terrae	pseudocount=0.5	-2.452836	False	16	0.5
Massilia yuzhufengensis	pseudocount=0.5	-0.373394	False	140	0.5
Mesorhizobium septentrionale	pseudocount=0.5	1.0129	False	108	0.5
Methylococcus capsulatus	pseudocount=0.5	1.706047	False	45	0.5
Methylotenera mobilis	pseudocount=0.5	1.0129	False	114	0.5
Methylovulum psychrotolerans	pseudocount=0.5	-0.373394	False	141	0.5
Moraxella atlantae	pseudocount=0.5	-1.066541	False	63	0.5
Moraxella lacunata	pseudocount=0.5	-1.066541	False	75	0.5
Moraxella osloensis	pseudocount=0.5	-3.235595	False	4	0.5
Moritella profunda	pseudocount=0.5	-0.373394	False	172	0.5
Mucilaginibacter koreensis	pseudocount=0.5	0.319753	False	189	0.5
Novispirillum itersonii	pseudocount=0.5	1.0129	False	116	0.5
Pantoea agglomerans	pseudocount=0.5	1.706047	False	40	0.5
Pantoea alhagi	pseudocount=0.5	-0.373394	False	166	0.5
Pantoea dispersa	pseudocount=0.5	2.111513	False	26	0.5
Paraburkholderia pallida	pseudocount=0.5	-0.373394	False	143	0.5
Paracoccus salipaludis	pseudocount=0.5	1.0129	False	107	0.5
Pectobacterium cacticida	pseudocount=0.5	0.513909	False	135	0.5
Pectobacterium polaris	pseudocount=0.5	2.111513	False	25	0.5
Pelagerythrobacter marensis	pseudocount=0.5	1.0129	False	106	0.5
Peptoniphilus faecalis	pseudocount=0.5	1.0129	False	105	0.5
Phaeocystidibacter luteus	pseudocount=0.5	1.0129	False	100	0.5
Phaeodactylibacter luteus	pseudocount=0.5	2.111513	False	29	0.5
Phycisphaera mikurensis	pseudocount=0.5	1.706047	False	41	0.5
Phytobacter diazotrophicus	pseudocount=0.5	1.0129	False	102	0.5
Pluralibacter pyrinus	pseudocount=0.5	0.319753	False	188	0.5
Pontibacter roseus	pseudocount=0.5	1.0129	False	101	0.5
Proteus faecis	pseudocount=0.5	2.111513	False	28	0.5
Providencia stuartii	pseudocount=0.5	-0.778859	False	132	0.5
Pseudoalteromonas arabiensis	pseudocount=0.5	1.0129	False	84	0.5
Pseudoalteromonas fenneropenaei	pseudocount=0.5	1.706047	False	42	0.5
Pseudoalteromonas luteoviolacea	pseudocount=0.5	1.0129	False	103	0.5
Pseudoalteromonas peptidolytica	pseudocount=0.5	1.0129	False	82	0.5
Pseudoalteromonas phenolica	pseudocount=0.5	3.315485	False	3	0.5
Pseudoalteromonas telluritireducens	pseudocount=0.5	1.0129	False	83	0.5
Pseudoalteromonas translucida	pseudocount=0.5	1.0129	False	81	0.5
Pseudoalteromonas xiamenensis	pseudocount=0.5	1.0129	False	104	0.5
Pseudomonas aeruginosa	pseudocount=0.5	-2.452836	False	17	0.5
Pseudomonas alcaligenes	pseudocount=0.5	-0.596538	False	134	0.5
Pseudomonas alkylphenolica	pseudocount=0.5	-2.938343	False	9	0.5
Pseudomonas alloputida	pseudocount=0.5	-0.373394	False	167	0.5
Pseudomonas arcuscaelestis	pseudocount=0.5	1.706047	False	43	0.5
Pseudomonas azotoformans	pseudocount=0.5	-2.938343	False	8	0.5
Pseudomonas bijieensis	pseudocount=0.5	-1.472006	False	53	0.5
Pseudomonas carbonaria	pseudocount=0.5	-0.373394	False	174	0.5
Pseudomonas caricapapayae	pseudocount=0.5	-1.066541	False	74	0.5
Pseudomonas delhiensis	pseudocount=0.5	-1.066541	False	68	0.5
Pseudomonas duriflava	pseudocount=0.5	-0.373394	False	175	0.5
Pseudomonas extremorientalis	pseudocount=0.5	-0.373394	False	177	0.5
Pseudomonas fluvialis	pseudocount=0.5	-1.066541	False	69	0.5
Pseudomonas frederiksbergensis	pseudocount=0.5	-0.373394	False	176	0.5
Pseudomonas guangdongensis	pseudocount=0.5	-1.759688	False	32	0.5
Pseudomonas humi	pseudocount=0.5	-1.472006	False	51	0.5
Pseudomonas luteola	pseudocount=0.5	-1.066541	False	70	0.5
Pseudomonas marincola	pseudocount=0.5	-2.165154	False	24	0.5
Pseudomonas massiliensis	pseudocount=0.5	-1.066541	False	67	0.5
Pseudomonas mediterranea	pseudocount=0.5	-0.373394	False	173	0.5
Pseudomonas mendocina	pseudocount=0.5	-1.472006	False	57	0.5
Pseudomonas mucidolens	pseudocount=0.5	-1.066541	False	77	0.5
Pseudomonas oleovorans	pseudocount=0.5	-1.472006	False	52	0.5
Pseudomonas oryzae	pseudocount=0.5	-0.373394	False	163	0.5
Pseudomonas oryzihabitans	pseudocount=0.5	-3.317833	False	2	0.5
Pseudomonas pharmacofabricae	pseudocount=0.5	-0.373394	False	181	0.5
Pseudomonas phenolilytica	pseudocount=0.5	-0.373394	False	180	0.5
Pseudomonas psychrophila	pseudocount=0.5	-0.373394	False	183	0.5
Pseudomonas putida	pseudocount=0.5	-0.373394	False	182	0.5
Pseudomonas saponiphila	pseudocount=0.5	1.0129	False	97	0.5
Pseudomonas savastanoi	pseudocount=0.5	-1.759688	False	33	0.5
Pseudomonas schmalbachii	pseudocount=0.5	-1.066541	False	76	0.5
Pseudomonas seleniipraecipitans	pseudocount=0.5	-1.066541	False	72	0.5
Pseudomonas syringae	pseudocount=0.5	-1.066541	False	71	0.5
Pseudomonas tarimensis	pseudocount=0.5	-0.373394	False	162	0.5
Pseudomonas tianjinensis	pseudocount=0.5	-0.373394	False	160	0.5
Pseudomonas tolaasii	pseudocount=0.5	-0.373394	False	161	0.5
Pseudomonas viridiflava	pseudocount=0.5	-1.759688	False	37	0.5
Pseudomonas zeshuii	pseudocount=0.5	-1.759688	False	36	0.5
Rahnella aceris	pseudocount=0.5	0.319753	False	190	0.5
Rahnella bonaserana	pseudocount=0.5	-0.373394	False	179	0.5
Rahnella inusitata	pseudocount=0.5	2.399195	False	18	0.5
Ralstonia pickettii	pseudocount=0.5	1.706047	False	49	0.5
Raoultella electrica	pseudocount=0.5	1.706047	False	48	0.5
Rhizorhapis suberifaciens	pseudocount=0.5	1.0129	False	131	0.5
Roseibium sediminis	pseudocount=0.5	-2.165154	False	23	0.5
Ruegeria pomeroyi	pseudocount=0.5	1.706047	False	38	0.5
Runella soli	pseudocount=0.5	1.0129	False	130	0.5
Salinirepens amamiensis	pseudocount=0.5	-1.066541	False	73	0.5
Salipiger aestuarii	pseudocount=0.5	1.706047	False	39	0.5
Serratia ficaria	pseudocount=0.5	1.0129	False	99	0.5
Serratia ureilytica	pseudocount=0.5	1.0129	False	98	0.5
Shewanella litorisediminis	pseudocount=0.5	1.0129	False	128	0.5
Shewanella maritima	pseudocount=0.5	1.0129	False	96	0.5
Siccibacter turicensis	pseudocount=0.5	1.0129	False	93	0.5
Sphingomonas koreensis	pseudocount=0.5	1.0129	False	88	0.5
Stutzerimonas kunmingensis	pseudocount=0.5	1.0129	False	92	0.5
Stutzerimonas stutzeri	pseudocount=0.5	-2.570619	False	13	0.5
Tatumella terrea	pseudocount=0.5	-0.373394	False	178	0.5
Thalassotalea marina	pseudocount=0.5	1.0129	False	90	0.5
Thiohalospira halophila	pseudocount=0.5	2.80466	False	10	0.5
Thiomicrorhabdus heinhorstiae	pseudocount=0.5	1.0129	False	91	0.5
Trabulsiella guamensis	pseudocount=0.5	1.0129	False	89	0.5
Unknown	pseudocount=0.5	1.236044	False	59	0.5
Vibrio cholerae	pseudocount=0.5	1.0129	False	94	0.5
Vibrio litoralis	pseudocount=0.5	1.0129	False	87	0.5
Vibrio pelagius	pseudocount=0.5	1.0129	False	129	0.5
Vineibacter terrae	pseudocount=0.5	-0.373394	False	185	0.5
Yersinia rochesterensis	pseudocount=0.5	1.0129	False	95	0.5
Yersinia ruckeri	pseudocount=0.5	-0.373394	False	184	0.5
Acinetobacter chinensis	pseudocount=1.0	0.225398	False	121	1.0
Acinetobacter indicus	pseudocount=1.0	-0.467749	False	67	1.0
Aeromonas dhakensis	pseudocount=1.0	-1.971827	False	14	1.0
Aeromonas lusitana	pseudocount=1.0	-1.566362	False	22	1.0
Agarivorans gilvus	pseudocount=1.0	0.225398	False	120	1.0
Alcanivorax jadensis	pseudocount=1.0	0.225398	False	118	1.0
Anatilimnocola aggregata	pseudocount=1.0	0.225398	False	119	1.0
Arcticibacterium luteifluviistationis	pseudocount=1.0	2.422623	False	7	1.0
Azomonas agilis	pseudocount=1.0	0.225398	False	116	1.0
Azotobacter nigricans	pseudocount=1.0	0.225398	False	117	1.0
Brachybacterium aquaticum	pseudocount=1.0	-0.467749	False	70	1.0
Brenneria rubrifaciens	pseudocount=1.0	0.225398	False	127	1.0
Brevundimonas aurantiaca	pseudocount=1.0	-1.38404	False	26	1.0
Brevundimonas kwangchunensis	pseudocount=1.0	0.225398	False	126	1.0
Buchnera aphidicola	pseudocount=1.0	0.225398	False	125	1.0
Citrobacter bitternis	pseudocount=1.0	0.225398	False	124	1.0
Citrobacter freundii	pseudocount=1.0	-1.160896	False	37	1.0
Citrobacter koseri	pseudocount=1.0	2.0972	False	12	1.0
Cronobacter muytjensii	pseudocount=1.0	0.918545	False	47	1.0
Cupriavidus necator	pseudocount=1.0	-1.720512	False	19	1.0
Cupriavidus plantarum	pseudocount=1.0	-0.467749	False	80	1.0
Cupriavidus yeoncheonensis	pseudocount=1.0	0.225398	False	122	1.0
Cutibacterium acnes	pseudocount=1.0	-4.285462	False	0	1.0
Cutibacterium namnetense	pseudocount=1.0	-1.971827	False	15	1.0
Cyclobacterium qasimii	pseudocount=1.0	0.225398	False	92	1.0
Dyadobacter sediminis	pseudocount=1.0	0.225398	False	91	1.0
Emticicia soli	pseudocount=1.0	1.32401	False	29	1.0
Endothiovibrio diazotrophicus	pseudocount=1.0	2.933448	False	3	1.0
Enterobacter asburiae	pseudocount=1.0	0.225398	False	93	1.0
Enterobacter cloacae	pseudocount=1.0	0.225398	False	94	1.0
Enterobacter mori	pseudocount=1.0	0.225398	False	123	1.0
Entomohabitans teleogrylli	pseudocount=1.0	-0.467749	False	81	1.0
Entomomonas moraniae	pseudocount=1.0	0.225398	False	112	1.0
Erwinia piriflorinigrans	pseudocount=1.0	1.32401	False	32	1.0
Exiguobacterium aestuarii	pseudocount=1.0	-2.770334	False	4	1.0
Exiguobacterium alkaliphilum	pseudocount=1.0	-0.873214	False	61	1.0
Exiguobacterium marinum	pseudocount=1.0	-0.873214	False	62	1.0
Exiguobacterium undae	pseudocount=1.0	0.225398	False	113	1.0
Flavobacterium caeni	pseudocount=1.0	0.225398	False	114	1.0
Flavobacterium dongtanense	pseudocount=1.0	0.225398	False	115	1.0
Flavobacterium enshiense	pseudocount=1.0	0.225398	False	107	1.0
Flavobacterium haoranii	pseudocount=1.0	-1.160896	False	40	1.0
Flavobacterium jumunjinense	pseudocount=1.0	2.304839	False	10	1.0
Flavobacterium luticocti	pseudocount=1.0	0.225398	False	108	1.0
Flavobacterium palustre	pseudocount=1.0	0.225398	False	109	1.0
Flavobacterium phocarum	pseudocount=1.0	0.225398	False	110	1.0
Flavobacterium silvisoli	pseudocount=1.0	0.918545	False	45	1.0
Flavobacterium xanthum	pseudocount=1.0	0.225398	False	111	1.0
Fluviimonas pallidilutea	pseudocount=1.0	0.225398	False	106	1.0
Franconibacter helveticus	pseudocount=1.0	0.918545	False	46	1.0
Gemmata massiliana	pseudocount=1.0	0.225398	False	105	1.0
Haliea alexandrii	pseudocount=1.0	0.225398	False	104	1.0
Haloferula luteola	pseudocount=1.0	0.225398	False	100	1.0
Halopseudomonas pelagia	pseudocount=1.0	0.225398	False	101	1.0
Hansschlegelia beijingensis	pseudocount=1.0	0.225398	False	102	1.0
Insectihabitans xujianqingii	pseudocount=1.0	0.225398	False	103	1.0
Janibacter endophyticus	pseudocount=1.0	-0.467749	False	86	1.0
Jiulongibacter sediminis	pseudocount=1.0	3.089278	False	2	1.0
Klebsiella quasipneumoniae	pseudocount=1.0	0.225398	False	90	1.0
Klebsiella quasivariicola	pseudocount=1.0	0.225398	False	99	1.0
Klebsiella variicola	pseudocount=1.0	1.554534	False	25	1.0
Kluyvera ascorbata	pseudocount=1.0	0.918545	False	44	1.0
Kluyvera georgiana	pseudocount=1.0	0.225398	False	89	1.0
Kosakonia arachidis	pseudocount=1.0	0.225398	False	88	1.0
Kytococcus sedentarius	pseudocount=1.0	0.225398	False	147	1.0
Leclercia pneumoniae	pseudocount=1.0	0.51308	False	66	1.0
Lewinella cohaerens	pseudocount=1.0	-0.467749	False	82	1.0
Limnoglobus roseus	pseudocount=1.0	0.225398	False	148	1.0
Luminiphilus syltensis	pseudocount=1.0	0.225398	False	149	1.0
Luteimonas abyssi	pseudocount=1.0	0.225398	False	146	1.0
Lysobacter brunescens	pseudocount=1.0	-1.38404	False	27	1.0
Mangrovibacter plantisponsor	pseudocount=1.0	0.225398	False	95	1.0
Maribius pelagius	pseudocount=1.0	0.225398	False	145	1.0
Mariniblastus fucicola	pseudocount=1.0	-1.160896	False	41	1.0
Marivita roseacus	pseudocount=1.0	0.918545	False	43	1.0
Massilia agri	pseudocount=1.0	-1.160896	False	36	1.0
Massilia alkalitolerans	pseudocount=1.0	-0.467749	False	85	1.0
Massilia arenae	pseudocount=1.0	-2.172497	False	11	1.0
Massilia arvi	pseudocount=1.0	0.225398	False	144	1.0
Massilia haematophila	pseudocount=1.0	-0.873214	False	58	1.0
Massilia niastensis	pseudocount=1.0	-1.566362	False	21	1.0
Massilia norwichensis	pseudocount=1.0	0.225398	False	151	1.0
Massilia pinisoli	pseudocount=1.0	0.225398	False	154	1.0
Massilia rhizosphaerae	pseudocount=1.0	0.225398	False	150	1.0
Massilia terrae	pseudocount=1.0	-1.854044	False	18	1.0
Massilia yuzhufengensis	pseudocount=1.0	0.225398	False	153	1.0
Mesorhizobium septentrionale	pseudocount=1.0	0.225398	False	152	1.0
Methylococcus capsulatus	pseudocount=1.0	0.918545	False	55	1.0
Methylotenera mobilis	pseudocount=1.0	0.225398	False	156	1.0
Methylovulum psychrotolerans	pseudocount=1.0	0.225398	False	155	1.0
Moraxella atlantae	pseudocount=1.0	-0.467749	False	83	1.0
Moraxella lacunata	pseudocount=1.0	-0.467749	False	84	1.0
Moraxella osloensis	pseudocount=1.0	-3.32995	False	1	1.0
Moritella profunda	pseudocount=1.0	0.225398	False	98	1.0
Mucilaginibacter koreensis	pseudocount=1.0	0.225398	False	97	1.0
Novispirillum itersonii	pseudocount=1.0	0.225398	False	96	1.0
Pantoea agglomerans	pseudocount=1.0	0.918545	False	48	1.0
Pantoea alhagi	pseudocount=1.0	0.225398	False	138	1.0
Pantoea dispersa	pseudocount=1.0	1.32401	False	28	1.0
Paraburkholderia pallida	pseudocount=1.0	0.225398	False	135	1.0
Paracoccus salipaludis	pseudocount=1.0	0.225398	False	137	1.0
Pectobacterium cacticida	pseudocount=1.0	0.419554	False	87	1.0
Pectobacterium polaris	pseudocount=1.0	1.32401	False	31	1.0
Pelagerythrobacter marensis	pseudocount=1.0	0.225398	False	136	1.0
Peptoniphilus faecalis	pseudocount=1.0	0.225398	False	140	1.0
Phaeocystidibacter luteus	pseudocount=1.0	0.225398	False	139	1.0
Phaeodactylibacter luteus	pseudocount=1.0	1.32401	False	33	1.0
Phycisphaera mikurensis	pseudocount=1.0	0.918545	False	53	1.0
Phytobacter diazotrophicus	pseudocount=1.0	0.225398	False	141	1.0
Pluralibacter pyrinus	pseudocount=1.0	0.225398	False	142	1.0
Pontibacter roseus	pseudocount=1.0	0.225398	False	143	1.0
Proteus faecis	pseudocount=1.0	1.32401	False	30	1.0
Providencia stuartii	pseudocount=1.0	-0.873214	False	59	1.0
Pseudoalteromonas arabiensis	pseudocount=1.0	0.225398	False	131	1.0
Pseudoalteromonas fenneropenaei	pseudocount=1.0	0.918545	False	54	1.0
Pseudoalteromonas luteoviolacea	pseudocount=1.0	0.225398	False	132	1.0
Pseudoalteromonas peptidolytica	pseudocount=1.0	0.225398	False	133	1.0
Pseudoalteromonas phenolica	pseudocount=1.0	2.527983	False	6	1.0
Pseudoalteromonas telluritireducens	pseudocount=1.0	0.225398	False	130	1.0
Pseudoalteromonas translucida	pseudocount=1.0	0.225398	False	134	1.0
Pseudoalteromonas xiamenensis	pseudocount=1.0	0.225398	False	129	1.0
Pseudomonas aeruginosa	pseudocount=1.0	-1.854044	False	17	1.0
Pseudomonas alcaligenes	pseudocount=1.0	-0.690893	False	65	1.0
Pseudomonas alkylphenolica	pseudocount=1.0	-2.339551	False	9	1.0
Pseudomonas alloputida	pseudocount=1.0	0.225398	False	128	1.0
Pseudomonas arcuscaelestis	pseudocount=1.0	0.918545	False	56	1.0
Pseudomonas azotoformans	pseudocount=1.0	-2.339551	False	8	1.0
Pseudomonas bijieensis	pseudocount=1.0	-0.873214	False	60	1.0
Pseudomonas carbonaria	pseudocount=1.0	0.225398	False	157	1.0
Pseudomonas caricapapayae	pseudocount=1.0	-0.467749	False	74	1.0
Pseudomonas delhiensis	pseudocount=1.0	-0.467749	False	68	1.0
Pseudomonas duriflava	pseudocount=1.0	0.225398	False	158	1.0
Pseudomonas extremorientalis	pseudocount=1.0	0.225398	False	169	1.0
Pseudomonas fluvialis	pseudocount=1.0	-0.467749	False	71	1.0
Pseudomonas frederiksbergensis	pseudocount=1.0	0.225398	False	168	1.0
Pseudomonas guangdongensis	pseudocount=1.0	-1.160896	False	34	1.0
Pseudomonas humi	pseudocount=1.0	-0.873214	False	57	1.0
Pseudomonas luteola	pseudocount=1.0	-0.467749	False	78	1.0
Pseudomonas marincola	pseudocount=1.0	-1.566362	False	24	1.0
Pseudomonas massiliensis	pseudocount=1.0	-0.467749	False	75	1.0
Pseudomonas mediterranea	pseudocount=1.0	0.225398	False	159	1.0
Pseudomonas mendocina	pseudocount=1.0	-0.873214	False	63	1.0
Pseudomonas mucidolens	pseudocount=1.0	-0.467749	False	69	1.0
Pseudomonas oleovorans	pseudocount=1.0	-0.873214	False	64	1.0
Pseudomonas oryzae	pseudocount=1.0	0.225398	False	163	1.0
Pseudomonas oryzihabitans	pseudocount=1.0	-2.719041	False	5	1.0
Pseudomonas pharmacofabricae	pseudocount=1.0	0.225398	False	162	1.0
Pseudomonas phenolilytica	pseudocount=1.0	0.225398	False	164	1.0
Pseudomonas psychrophila	pseudocount=1.0	0.225398	False	165	1.0
Pseudomonas putida	pseudocount=1.0	0.225398	False	166	1.0
Pseudomonas saponiphila	pseudocount=1.0	0.225398	False	167	1.0
Pseudomonas savastanoi	pseudocount=1.0	-1.160896	False	35	1.0
Pseudomonas schmalbachii	pseudocount=1.0	-0.467749	False	76	1.0
Pseudomonas seleniipraecipitans	pseudocount=1.0	-0.467749	False	72	1.0
Pseudomonas syringae	pseudocount=1.0	-0.467749	False	79	1.0
Pseudomonas tarimensis	pseudocount=1.0	0.225398	False	161	1.0
Pseudomonas tianjinensis	pseudocount=1.0	-0.467749	False	77	1.0
Pseudomonas tolaasii	pseudocount=1.0	0.225398	False	160	1.0
Pseudomonas viridiflava	pseudocount=1.0	-1.160896	False	39	1.0
Pseudomonas zeshuii	pseudocount=1.0	-1.160896	False	38	1.0
Rahnella aceris	pseudocount=1.0	0.225398	False	173	1.0
Rahnella bonaserana	pseudocount=1.0	0.225398	False	175	1.0
Rahnella inusitata	pseudocount=1.0	1.611692	False	20	1.0
Ralstonia pickettii	pseudocount=1.0	0.918545	False	51	1.0
Raoultella electrica	pseudocount=1.0	0.918545	False	50	1.0
Rhizorhapis suberifaciens	pseudocount=1.0	0.225398	False	170	1.0
Roseibium sediminis	pseudocount=1.0	-1.566362	False	23	1.0
Ruegeria pomeroyi	pseudocount=1.0	0.918545	False	52	1.0
Runella soli	pseudocount=1.0	0.225398	False	174	1.0
Salinirepens amamiensis	pseudocount=1.0	-0.467749	False	73	1.0
Salipiger aestuarii	pseudocount=1.0	0.918545	False	49	1.0
Serratia ficaria	pseudocount=1.0	0.225398	False	171	1.0
Serratia ureilytica	pseudocount=1.0	0.225398	False	172	1.0
Shewanella litorisediminis	pseudocount=1.0	0.225398	False	178	1.0
Shewanella maritima	pseudocount=1.0	0.225398	False	177	1.0
Siccibacter turicensis	pseudocount=1.0	0.225398	False	176	1.0
Sphingomonas koreensis	pseudocount=1.0	0.225398	False	183	1.0
Stutzerimonas kunmingensis	pseudocount=1.0	0.225398	False	179	1.0
Stutzerimonas stutzeri	pseudocount=1.0	-1.971827	False	16	1.0
Tatumella terrea	pseudocount=1.0	0.225398	False	180	1.0
Thalassotalea marina	pseudocount=1.0	0.225398	False	181	1.0
Thiohalospira halophila	pseudocount=1.0	2.017157	False	13	1.0
Thiomicrorhabdus heinhorstiae	pseudocount=1.0	0.225398	False	182	1.0
Trabulsiella guamensis	pseudocount=1.0	0.225398	False	184	1.0
Unknown	pseudocount=1.0	1.141689	False	42	1.0
Vibrio cholerae	pseudocount=1.0	0.225398	False	185	1.0
Vibrio litoralis	pseudocount=1.0	0.225398	False	186	1.0
Vibrio pelagius	pseudocount=1.0	0.225398	False	187	1.0
Vineibacter terrae	pseudocount=1.0	0.225398	False	188	1.0
Yersinia rochesterensis	pseudocount=1.0	0.225398	False	189	1.0
Yersinia ruckeri	pseudocount=1.0	0.225398	False	190	1.0
Acinetobacter chinensis	pseudocount=2.0	0.82419	False	51	2.0
Acinetobacter indicus	pseudocount=2.0	0.131043	False	170	2.0
Aeromonas dhakensis	pseudocount=2.0	-1.373035	False	14	2.0
Aeromonas lusitana	pseudocount=2.0	-0.967569	False	25	2.0
Agarivorans gilvus	pseudocount=2.0	-0.562104	False	116	2.0
Alcanivorax jadensis	pseudocount=2.0	-0.562104	False	117	2.0
Anatilimnocola aggregata	pseudocount=2.0	0.82419	False	52	2.0
Arcticibacterium luteifluviistationis	pseudocount=2.0	1.63512	False	10	2.0
Azomonas agilis	pseudocount=2.0	0.82419	False	55	2.0
Azotobacter nigricans	pseudocount=2.0	0.82419	False	54	2.0
Brachybacterium aquaticum	pseudocount=2.0	0.131043	False	158	2.0
Brenneria rubrifaciens	pseudocount=2.0	0.82419	False	53	2.0
Brevundimonas aurantiaca	pseudocount=2.0	-0.785248	False	83	2.0
Brevundimonas kwangchunensis	pseudocount=2.0	0.82419	False	62	2.0
Buchnera aphidicola	pseudocount=2.0	-0.562104	False	118	2.0
Citrobacter bitternis	pseudocount=2.0	-0.562104	False	119	2.0
Citrobacter freundii	pseudocount=2.0	-0.562104	False	115	2.0
Citrobacter koseri	pseudocount=2.0	2.002845	False	6	2.0
Cronobacter muytjensii	pseudocount=2.0	0.82419	False	30	2.0
Cupriavidus necator	pseudocount=2.0	-1.12172	False	23	2.0
Cupriavidus plantarum	pseudocount=2.0	0.131043	False	159	2.0
Cupriavidus yeoncheonensis	pseudocount=2.0	0.82419	False	80	2.0
Cutibacterium acnes	pseudocount=2.0	-3.68667	False	0	2.0
Cutibacterium namnetense	pseudocount=2.0	-1.373035	False	15	2.0
Cyclobacterium qasimii	pseudocount=2.0	-0.562104	False	113	2.0
Dyadobacter sediminis	pseudocount=2.0	-0.562104	False	112	2.0
Emticicia soli	pseudocount=2.0	0.536508	False	145	2.0
Endothiovibrio diazotrophicus	pseudocount=2.0	2.145946	False	4	2.0
Enterobacter asburiae	pseudocount=2.0	-0.562104	False	114	2.0
Enterobacter cloacae	pseudocount=2.0	0.82419	False	63	2.0
Enterobacter mori	pseudocount=2.0	0.131043	False	156	2.0
Entomohabitans teleogrylli	pseudocount=2.0	0.131043	False	176	2.0
Entomomonas moraniae	pseudocount=2.0	0.82419	False	31	2.0
Erwinia piriflorinigrans	pseudocount=2.0	1.229655	False	22	2.0
Exiguobacterium aestuarii	pseudocount=2.0	-2.864689	False	3	2.0
Exiguobacterium alkaliphilum	pseudocount=2.0	-0.274422	False	149	2.0
Exiguobacterium marinum	pseudocount=2.0	-0.274422	False	150	2.0
Exiguobacterium undae	pseudocount=2.0	0.82419	False	34	2.0
Flavobacterium caeni	pseudocount=2.0	0.82419	False	56	2.0
Flavobacterium dongtanense	pseudocount=2.0	0.82419	False	57	2.0
Flavobacterium enshiense	pseudocount=2.0	0.82419	False	61	2.0
Flavobacterium haoranii	pseudocount=2.0	-1.255252	False	19	2.0
Flavobacterium jumunjinense	pseudocount=2.0	1.517337	False	12	2.0
Flavobacterium luticocti	pseudocount=2.0	0.82419	False	60	2.0
Flavobacterium palustre	pseudocount=2.0	0.82419	False	39	2.0
Flavobacterium phocarum	pseudocount=2.0	-0.562104	False	120	2.0
Flavobacterium silvisoli	pseudocount=2.0	0.131043	False	171	2.0
Flavobacterium xanthum	pseudocount=2.0	0.82419	False	38	2.0
Fluviimonas pallidilutea	pseudocount=2.0	-0.562104	False	110	2.0
Franconibacter helveticus	pseudocount=2.0	0.131043	False	172	2.0
Gemmata massiliana	pseudocount=2.0	0.82419	False	58	2.0
Haliea alexandrii	pseudocount=2.0	-0.562104	False	121	2.0
Haloferula luteola	pseudocount=2.0	-0.562104	False	109	2.0
Halopseudomonas pelagia	pseudocount=2.0	0.82419	False	59	2.0
Hansschlegelia beijingensis	pseudocount=2.0	0.82419	False	32	2.0
Insectihabitans xujianqingii	pseudocount=2.0	-0.562104	False	127	2.0
Janibacter endophyticus	pseudocount=2.0	0.131043	False	173	2.0
Jiulongibacter sediminis	pseudocount=2.0	2.994923	False	2	2.0
Klebsiella quasipneumoniae	pseudocount=2.0	-0.562104	False	111	2.0
Klebsiella quasivariicola	pseudocount=2.0	-0.562104	False	126	2.0
Klebsiella variicola	pseudocount=2.0	1.460179	False	13	2.0
Kluyvera ascorbata	pseudocount=2.0	0.131043	False	174	2.0
Kluyvera georgiana	pseudocount=2.0	0.131043	False	175	2.0
Kosakonia arachidis	pseudocount=2.0	0.82419	False	33	2.0
Kytococcus sedentarius	pseudocount=2.0	-0.562104	False	124	2.0
Leclercia pneumoniae	pseudocount=2.0	0.418725	False	146	2.0
Lewinella cohaerens	pseudocount=2.0	0.131043	False	169	2.0
Limnoglobus roseus	pseudocount=2.0	0.82419	False	49	2.0
Luminiphilus syltensis	pseudocount=2.0	0.82419	False	48	2.0
Luteimonas abyssi	pseudocount=2.0	0.82419	False	41	2.0
Lysobacter brunescens	pseudocount=2.0	-0.785248	False	84	2.0
Mangrovibacter plantisponsor	pseudocount=2.0	-0.562104	False	125	2.0
Maribius pelagius	pseudocount=2.0	-0.562104	False	94	2.0
Mariniblastus fucicola	pseudocount=2.0	-1.255252	False	18	2.0
Marivita roseacus	pseudocount=2.0	0.82419	False	50	2.0
Massilia agri	pseudocount=2.0	-0.562104	False	88	2.0
Massilia alkalitolerans	pseudocount=2.0	0.131043	False	168	2.0
Massilia arenae	pseudocount=2.0	-1.573705	False	11	2.0
Massilia arvi	pseudocount=2.0	0.82419	False	42	2.0
Massilia haematophila	pseudocount=2.0	-0.274422	False	151	2.0
Massilia niastensis	pseudocount=2.0	-0.967569	False	29	2.0
Massilia norwichensis	pseudocount=2.0	0.82419	False	35	2.0
Massilia pinisoli	pseudocount=2.0	0.82419	False	43	2.0
Massilia rhizosphaerae	pseudocount=2.0	0.82419	False	44	2.0
Massilia terrae	pseudocount=2.0	-1.255252	False	17	2.0
Massilia yuzhufengensis	pseudocount=2.0	0.82419	False	37	2.0
Mesorhizobium septentrionale	pseudocount=2.0	-0.562104	False	123	2.0
Methylococcus capsulatus	pseudocount=2.0	0.131043	False	165	2.0
Methylotenera mobilis	pseudocount=2.0	-0.562104	False	95	2.0
Methylovulum psychrotolerans	pseudocount=2.0	0.82419	False	36	2.0
Moraxella atlantae	pseudocount=2.0	0.131043	False	167	2.0
Moraxella lacunata	pseudocount=2.0	0.131043	False	166	2.0
Moraxella osloensis	pseudocount=2.0	-3.424305	False	1	2.0
Moritella profunda	pseudocount=2.0	0.82419	False	40	2.0
Mucilaginibacter koreensis	pseudocount=2.0	0.131043	False	157	2.0
Novispirillum itersonii	pseudocount=2.0	-0.562104	False	122	2.0
Pantoea agglomerans	pseudocount=2.0	0.131043	False	164	2.0
Pantoea alhagi	pseudocount=2.0	0.82419	False	45	2.0
Pantoea dispersa	pseudocount=2.0	0.536508	False	142	2.0
Paraburkholderia pallida	pseudocount=2.0	0.82419	False	47	2.0
Paracoccus salipaludis	pseudocount=2.0	-0.562104	False	107	2.0
Pectobacterium cacticida	pseudocount=2.0	0.325199	False	147	2.0
Pectobacterium polaris	pseudocount=2.0	0.536508	False	143	2.0
Pelagerythrobacter marensis	pseudocount=2.0	-0.562104	False	106	2.0
Peptoniphilus faecalis	pseudocount=2.0	-0.562104	False	87	2.0
Phaeocystidibacter luteus	pseudocount=2.0	-0.562104	False	86	2.0
Phaeodactylibacter luteus	pseudocount=2.0	0.536508	False	141	2.0
Phycisphaera mikurensis	pseudocount=2.0	0.131043	False	162	2.0
Phytobacter diazotrophicus	pseudocount=2.0	-0.562104	False	108	2.0
Pluralibacter pyrinus	pseudocount=2.0	0.131043	False	163	2.0
Pontibacter roseus	pseudocount=2.0	-0.562104	False	93	2.0
Proteus faecis	pseudocount=2.0	0.536508	False	144	2.0
Providencia stuartii	pseudocount=2.0	-0.967569	False	28	2.0
Pseudoalteromonas arabiensis	pseudocount=2.0	-0.562104	False	85	2.0
Pseudoalteromonas fenneropenaei	pseudocount=2.0	0.131043	False	161	2.0
Pseudoalteromonas luteoviolacea	pseudocount=2.0	-0.562104	False	105	2.0
Pseudoalteromonas peptidolytica	pseudocount=2.0	-0.562104	False	90	2.0
Pseudoalteromonas phenolica	pseudocount=2.0	1.740481	False	9	2.0
Pseudoalteromonas telluritireducens	pseudocount=2.0	-0.562104	False	91	2.0
Pseudoalteromonas translucida	pseudocount=2.0	-0.562104	False	89	2.0
Pseudoalteromonas xiamenensis	pseudocount=2.0	-0.562104	False	92	2.0
Pseudomonas aeruginosa	pseudocount=2.0	-1.255252	False	20	2.0
Pseudomonas alcaligenes	pseudocount=2.0	-0.785248	False	82	2.0
Pseudomonas alkylphenolica	pseudocount=2.0	-1.740759	False	7	2.0
Pseudomonas alloputida	pseudocount=2.0	0.82419	False	46	2.0
Pseudomonas arcuscaelestis	pseudocount=2.0	0.131043	False	160	2.0
Pseudomonas azotoformans	pseudocount=2.0	-1.740759	False	8	2.0
Pseudomonas bijieensis	pseudocount=2.0	-0.274422	False	148	2.0
Pseudomonas carbonaria	pseudocount=2.0	0.82419	False	72	2.0
Pseudomonas caricapapayae	pseudocount=2.0	0.131043	False	184	2.0
Pseudomonas delhiensis	pseudocount=2.0	0.131043	False	179	2.0
Pseudomonas duriflava	pseudocount=2.0	0.82419	False	64	2.0
Pseudomonas extremorientalis	pseudocount=2.0	0.82419	False	66	2.0
Pseudomonas fluvialis	pseudocount=2.0	0.131043	False	180	2.0
Pseudomonas frederiksbergensis	pseudocount=2.0	0.82419	False	73	2.0
Pseudomonas guangdongensis	pseudocount=2.0	-0.562104	False	97	2.0
Pseudomonas humi	pseudocount=2.0	-0.274422	False	153	2.0
Pseudomonas luteola	pseudocount=2.0	0.131043	False	181	2.0
Pseudomonas marincola	pseudocount=2.0	-0.967569	False	26	2.0
Pseudomonas massiliensis	pseudocount=2.0	0.131043	False	182	2.0
Pseudomonas mediterranea	pseudocount=2.0	0.82419	False	67	2.0
Pseudomonas mendocina	pseudocount=2.0	-0.274422	False	154	2.0
Pseudomonas mucidolens	pseudocount=2.0	0.131043	False	183	2.0
Pseudomonas oleovorans	pseudocount=2.0	-0.274422	False	152	2.0
Pseudomonas oryzae	pseudocount=2.0	0.82419	False	65	2.0
Pseudomonas oryzihabitans	pseudocount=2.0	-2.120249	False	5	2.0
Pseudomonas pharmacofabricae	pseudocount=2.0	0.82419	False	74	2.0
Pseudomonas phenolilytica	pseudocount=2.0	0.82419	False	75	2.0
Pseudomonas psychrophila	pseudocount=2.0	0.82419	False	68	2.0
Pseudomonas putida	pseudocount=2.0	0.82419	False	69	2.0
Pseudomonas saponiphila	pseudocount=2.0	-0.562104	False	102	2.0
Pseudomonas savastanoi	pseudocount=2.0	-0.562104	False	96	2.0
Pseudomonas schmalbachii	pseudocount=2.0	0.131043	False	185	2.0
Pseudomonas seleniipraecipitans	pseudocount=2.0	0.131043	False	177	2.0
Pseudomonas syringae	pseudocount=2.0	0.131043	False	178	2.0
Pseudomonas tarimensis	pseudocount=2.0	0.82419	False	71	2.0
Pseudomonas tianjinensis	pseudocount=2.0	-0.562104	False	101	2.0
Pseudomonas tolaasii	pseudocount=2.0	0.82419	False	70	2.0
Pseudomonas viridiflava	pseudocount=2.0	-0.562104	False	100	2.0
Pseudomonas zeshuii	pseudocount=2.0	-0.562104	False	103	2.0
Rahnella aceris	pseudocount=2.0	0.131043	False	155	2.0
Rahnella bonaserana	pseudocount=2.0	0.82419	False	77	2.0
Rahnella inusitata	pseudocount=2.0	0.82419	False	81	2.0
Ralstonia pickettii	pseudocount=2.0	0.131043	False	188	2.0
Raoultella electrica	pseudocount=2.0	0.131043	False	190	2.0
Rhizorhapis suberifaciens	pseudocount=2.0	-0.562104	False	99	2.0
Roseibium sediminis	pseudocount=2.0	-0.967569	False	27	2.0
Ruegeria pomeroyi	pseudocount=2.0	0.131043	False	187	2.0
Runella soli	pseudocount=2.0	-0.562104	False	139	2.0
Salinirepens amamiensis	pseudocount=2.0	0.131043	False	186	2.0
Salipiger aestuarii	pseudocount=2.0	0.131043	False	189	2.0
Serratia ficaria	pseudocount=2.0	-0.562104	False	138	2.0
Serratia ureilytica	pseudocount=2.0	-0.562104	False	140	2.0
Shewanella litorisediminis	pseudocount=2.0	-0.562104	False	137	2.0
Shewanella maritima	pseudocount=2.0	-0.562104	False	98	2.0
Siccibacter turicensis	pseudocount=2.0	-0.562104	False	104	2.0
Sphingomonas koreensis	pseudocount=2.0	-0.562104	False	134	2.0
Stutzerimonas kunmingensis	pseudocount=2.0	-0.562104	False	135	2.0
Stutzerimonas stutzeri	pseudocount=2.0	-1.373035	False	16	2.0
Tatumella terrea	pseudocount=2.0	0.82419	False	76	2.0
Thalassotalea marina	pseudocount=2.0	-0.562104	False	130	2.0
Thiohalospira halophila	pseudocount=2.0	1.229655	False	21	2.0
Thiomicrorhabdus heinhorstiae	pseudocount=2.0	-0.562104	False	129	2.0
Trabulsiella guamensis	pseudocount=2.0	-0.562104	False	128	2.0
Unknown	pseudocount=2.0	1.047334	False	24	2.0
Vibrio cholerae	pseudocount=2.0	-0.562104	False	131	2.0
Vibrio litoralis	pseudocount=2.0	-0.562104	False	133	2.0
Vibrio pelagius	pseudocount=2.0	-0.562104	False	132	2.0
Vineibacter terrae	pseudocount=2.0	0.82419	False	79	2.0
Yersinia rochesterensis	pseudocount=2.0	-0.562104	False	136	2.0
Yersinia ruckeri	pseudocount=2.0	0.82419	False	78	2.0
Acinetobacter chinensis	pseudocount=5.0	1.61575	False	6	5.0
Acinetobacter indicus	pseudocount=5.0	0.922603	False	114	5.0
Aeromonas dhakensis	pseudocount=5.0	-0.581475	False	153	5.0
Aeromonas lusitana	pseudocount=5.0	-0.176009	False	182	5.0
Agarivorans gilvus	pseudocount=5.0	-1.603126	False	94	5.0
Alcanivorax jadensis	pseudocount=5.0	-1.603126	False	102	5.0
Anatilimnocola aggregata	pseudocount=5.0	1.61575	False	15	5.0
Arcticibacterium luteifluviistationis	pseudocount=5.0	0.594099	False	150	5.0
Azomonas agilis	pseudocount=5.0	1.61575	False	31	5.0
Azotobacter nigricans	pseudocount=5.0	1.61575	False	14	5.0
Brachybacterium aquaticum	pseudocount=5.0	0.922603	False	113	5.0
Brenneria rubrifaciens	pseudocount=5.0	1.61575	False	7	5.0
Brevundimonas aurantiaca	pseudocount=5.0	0.006312	False	185	5.0
Brevundimonas kwangchunensis	pseudocount=5.0	1.61575	False	5	5.0
Buchnera aphidicola	pseudocount=5.0	-1.603126	False	93	5.0
Citrobacter bitternis	pseudocount=5.0	-1.603126	False	92	5.0
Citrobacter freundii	pseudocount=5.0	0.229456	False	171	5.0
Citrobacter koseri	pseudocount=5.0	1.878114	False	4	5.0
Cronobacter muytjensii	pseudocount=5.0	0.699459	False	148	5.0
Cupriavidus necator	pseudocount=5.0	-0.33016	False	169	5.0
Cupriavidus plantarum	pseudocount=5.0	0.922603	False	112	5.0
Cupriavidus yeoncheonensis	pseudocount=5.0	1.61575	False	9	5.0
Cutibacterium acnes	pseudocount=5.0	-2.895109	False	2	5.0
Cutibacterium namnetense	pseudocount=5.0	-0.581475	False	152	5.0
Cyclobacterium qasimii	pseudocount=5.0	-1.603126	False	88	5.0
Dyadobacter sediminis	pseudocount=5.0	-1.603126	False	91	5.0
Emticicia soli	pseudocount=5.0	-0.504513	False	161	5.0
Endothiovibrio diazotrophicus	pseudocount=5.0	1.104924	False	107	5.0
Enterobacter asburiae	pseudocount=5.0	-1.603126	False	90	5.0
Enterobacter cloacae	pseudocount=5.0	1.61575	False	8	5.0
Enterobacter mori	pseudocount=5.0	0.006312	False	186	5.0
Entomohabitans teleogrylli	pseudocount=5.0	0.922603	False	115	5.0
Entomomonas moraniae	pseudocount=5.0	1.61575	False	12	5.0
Erwinia piriflorinigrans	pseudocount=5.0	1.104924	False	108	5.0
Exiguobacterium aestuarii	pseudocount=5.0	-2.98942	False	1	5.0
Exiguobacterium alkaliphilum	pseudocount=5.0	0.517138	False	158	5.0
Exiguobacterium marinum	pseudocount=5.0	0.517138	False	159	5.0
Exiguobacterium undae	pseudocount=5.0	1.61575	False	16	5.0
Flavobacterium caeni	pseudocount=5.0	1.61575	False	13	5.0
Flavobacterium dongtanense	pseudocount=5.0	1.61575	False	11	5.0
Flavobacterium enshiense	pseudocount=5.0	1.61575	False	18	5.0
Flavobacterium haoranii	pseudocount=5.0	-1.379982	False	104	5.0
Flavobacterium jumunjinense	pseudocount=5.0	0.476316	False	166	5.0
Flavobacterium luticocti	pseudocount=5.0	1.61575	False	17	5.0
Flavobacterium palustre	pseudocount=5.0	1.61575	False	23	5.0
Flavobacterium phocarum	pseudocount=5.0	-1.603126	False	85	5.0
Flavobacterium silvisoli	pseudocount=5.0	-0.909979	False	137	5.0
Flavobacterium xanthum	pseudocount=5.0	1.61575	False	10	5.0
Fluviimonas pallidilutea	pseudocount=5.0	-1.603126	False	83	5.0
Franconibacter helveticus	pseudocount=5.0	-0.909979	False	136	5.0
Gemmata massiliana	pseudocount=5.0	1.61575	False	21	5.0
Haliea alexandrii	pseudocount=5.0	-1.603126	False	89	5.0
Haloferula luteola	pseudocount=5.0	-1.603126	False	84	5.0
Halopseudomonas pelagia	pseudocount=5.0	1.61575	False	19	5.0
Hansschlegelia beijingensis	pseudocount=5.0	1.61575	False	22	5.0
Insectihabitans xujianqingii	pseudocount=5.0	-1.603126	False	55	5.0
Janibacter endophyticus	pseudocount=5.0	0.922603	False	117	5.0
Jiulongibacter sediminis	pseudocount=5.0	2.870192	False	3	5.0
Klebsiella quasipneumoniae	pseudocount=5.0	-1.603126	False	82	5.0
Klebsiella quasivariicola	pseudocount=5.0	-1.603126	False	54	5.0
Klebsiella variicola	pseudocount=5.0	1.335448	False	105	5.0
Kluyvera ascorbata	pseudocount=5.0	-0.909979	False	132	5.0
Kluyvera georgiana	pseudocount=5.0	0.006312	False	187	5.0
Kosakonia arachidis	pseudocount=5.0	1.61575	False	20	5.0
Kytococcus sedentarius	pseudocount=5.0	-1.603126	False	65	5.0
Leclercia pneumoniae	pseudocount=5.0	0.293994	False	170	5.0
Lewinella cohaerens	pseudocount=5.0	0.922603	False	116	5.0
Limnoglobus roseus	pseudocount=5.0	1.61575	False	30	5.0
Luminiphilus syltensis	pseudocount=5.0	1.61575	False	28	5.0
Luteimonas abyssi	pseudocount=5.0	1.61575	False	29	5.0
Lysobacter brunescens	pseudocount=5.0	0.006312	False	184	5.0
Mangrovibacter plantisponsor	pseudocount=5.0	-1.603126	False	81	5.0
Maribius pelagius	pseudocount=5.0	-1.603126	False	68	5.0
Mariniblastus fucicola	pseudocount=5.0	-1.379982	False	103	5.0
Marivita roseacus	pseudocount=5.0	0.699459	False	147	5.0
Massilia agri	pseudocount=5.0	0.229456	False	173	5.0
Massilia alkalitolerans	pseudocount=5.0	0.922603	False	118	5.0
Massilia arenae	pseudocount=5.0	-0.782145	False	145	5.0
Massilia arvi	pseudocount=5.0	1.61575	False	24	5.0
Massilia haematophila	pseudocount=5.0	0.517138	False	157	5.0
Massilia niastensis	pseudocount=5.0	-0.176009	False	183	5.0
Massilia norwichensis	pseudocount=5.0	1.61575	False	25	5.0
Massilia pinisoli	pseudocount=5.0	1.61575	False	27	5.0
Massilia rhizosphaerae	pseudocount=5.0	1.61575	False	26	5.0
Massilia terrae	pseudocount=5.0	-0.463691	False	167	5.0
Massilia yuzhufengensis	pseudocount=5.0	1.61575	False	36	5.0
Mesorhizobium septentrionale	pseudocount=5.0	-1.603126	False	80	5.0
Methylococcus capsulatus	pseudocount=5.0	-0.909979	False	134	5.0
Methylotenera mobilis	pseudocount=5.0	-1.603126	False	63	5.0
Methylovulum psychrotolerans	pseudocount=5.0	1.61575	False	33	5.0
Moraxella atlantae	pseudocount=5.0	0.922603	False	126	5.0
Moraxella lacunata	pseudocount=5.0	0.922603	False	127	5.0
Moraxella osloensis	pseudocount=5.0	-3.549036	False	0	5.0
Moritella profunda	pseudocount=5.0	1.61575	False	37	5.0
Mucilaginibacter koreensis	pseudocount=5.0	0.006312	False	189	5.0
Novispirillum itersonii	pseudocount=5.0	-1.603126	False	69	5.0
Pantoea agglomerans	pseudocount=5.0	-0.909979	False	139	5.0
Pantoea alhagi	pseudocount=5.0	1.61575	False	32	5.0
Pantoea dispersa	pseudocount=5.0	-0.504513	False	164	5.0
Paraburkholderia pallida	pseudocount=5.0	1.61575	False	35	5.0
Paracoccus salipaludis	pseudocount=5.0	-1.603126	False	87	5.0
Pectobacterium cacticida	pseudocount=5.0	0.200468	False	178	5.0
Pectobacterium polaris	pseudocount=5.0	-0.504513	False	165	5.0
Pelagerythrobacter marensis	pseudocount=5.0	-1.603126	False	64	5.0
Peptoniphilus faecalis	pseudocount=5.0	-1.603126	False	62	5.0
Phaeocystidibacter luteus	pseudocount=5.0	-1.603126	False	86	5.0
Phaeodactylibacter luteus	pseudocount=5.0	-0.504513	False	163	5.0
Phycisphaera mikurensis	pseudocount=5.0	-0.909979	False	138	5.0
Phytobacter diazotrophicus	pseudocount=5.0	-1.603126	False	67	5.0
Pluralibacter pyrinus	pseudocount=5.0	0.006312	False	188	5.0
Pontibacter roseus	pseudocount=5.0	-1.603126	False	66	5.0
Proteus faecis	pseudocount=5.0	-0.504513	False	162	5.0
Providencia stuartii	pseudocount=5.0	-1.0923	False	109	5.0
Pseudoalteromonas arabiensis	pseudocount=5.0	-1.603126	False	60	5.0
Pseudoalteromonas fenneropenaei	pseudocount=5.0	-0.909979	False	140	5.0
Pseudoalteromonas luteoviolacea	pseudocount=5.0	-1.603126	False	56	5.0
Pseudoalteromonas peptidolytica	pseudocount=5.0	-1.603126	False	58	5.0
Pseudoalteromonas phenolica	pseudocount=5.0	0.699459	False	146	5.0
Pseudoalteromonas telluritireducens	pseudocount=5.0	-1.603126	False	61	5.0
Pseudoalteromonas translucida	pseudocount=5.0	-1.603126	False	59	5.0
Pseudoalteromonas xiamenensis	pseudocount=5.0	-1.603126	False	57	5.0
Pseudomonas aeruginosa	pseudocount=5.0	-0.463691	False	168	5.0
Pseudomonas alcaligenes	pseudocount=5.0	-0.909979	False	135	5.0
Pseudomonas alkylphenolica	pseudocount=5.0	-0.949199	False	111	5.0
Pseudomonas alloputida	pseudocount=5.0	1.61575	False	34	5.0
Pseudomonas arcuscaelestis	pseudocount=5.0	-0.909979	False	133	5.0
Pseudomonas azotoformans	pseudocount=5.0	-0.949199	False	110	5.0
Pseudomonas bijieensis	pseudocount=5.0	0.517138	False	154	5.0
Pseudomonas carbonaria	pseudocount=5.0	1.61575	False	47	5.0
Pseudomonas caricapapayae	pseudocount=5.0	0.922603	False	120	5.0
Pseudomonas delhiensis	pseudocount=5.0	0.922603	False	125	5.0
Pseudomonas duriflava	pseudocount=5.0	1.61575	False	46	5.0
Pseudomonas extremorientalis	pseudocount=5.0	1.61575	False	44	5.0
Pseudomonas fluvialis	pseudocount=5.0	0.922603	False	124	5.0
Pseudomonas frederiksbergensis	pseudocount=5.0	1.61575	False	45	5.0
Pseudomonas guangdongensis	pseudocount=5.0	0.229456	False	174	5.0
Pseudomonas humi	pseudocount=5.0	0.517138	False	160	5.0
Pseudomonas luteola	pseudocount=5.0	0.922603	False	131	5.0
Pseudomonas marincola	pseudocount=5.0	-0.176009	False	180	5.0
Pseudomonas massiliensis	pseudocount=5.0	0.922603	False	130	5.0
Pseudomonas mediterranea	pseudocount=5.0	1.61575	False	43	5.0
Pseudomonas mendocina	pseudocount=5.0	0.517138	False	155	5.0
Pseudomonas mucidolens	pseudocount=5.0	0.922603	False	129	5.0
Pseudomonas oleovorans	pseudocount=5.0	0.517138	False	156	5.0
Pseudomonas oryzae	pseudocount=5.0	1.61575	False	40	5.0
Pseudomonas oryzihabitans	pseudocount=5.0	-1.328689	False	106	5.0
Pseudomonas pharmacofabricae	pseudocount=5.0	1.61575	False	41	5.0
Pseudomonas phenolilytica	pseudocount=5.0	1.61575	False	42	5.0
Pseudomonas psychrophila	pseudocount=5.0	1.61575	False	39	5.0
Pseudomonas putida	pseudocount=5.0	1.61575	False	52	5.0
Pseudomonas saponiphila	pseudocount=5.0	-1.603126	False	99	5.0
Pseudomonas savastanoi	pseudocount=5.0	0.229456	False	172	5.0
Pseudomonas schmalbachii	pseudocount=5.0	0.922603	False	119	5.0
Pseudomonas seleniipraecipitans	pseudocount=5.0	0.922603	False	128	5.0
Pseudomonas syringae	pseudocount=5.0	0.922603	False	121	5.0
Pseudomonas tarimensis	pseudocount=5.0	1.61575	False	53	5.0
Pseudomonas tianjinensis	pseudocount=5.0	-0.686835	False	149	5.0
Pseudomonas tolaasii	pseudocount=5.0	1.61575	False	38	5.0
Pseudomonas viridiflava	pseudocount=5.0	0.229456	False	175	5.0
Pseudomonas zeshuii	pseudocount=5.0	0.229456	False	176	5.0
Rahnella aceris	pseudocount=5.0	0.006312	False	190	5.0
Rahnella bonaserana	pseudocount=5.0	1.61575	False	48	5.0
Rahnella inusitata	pseudocount=5.0	-0.216831	False	177	5.0
Ralstonia pickettii	pseudocount=5.0	-0.909979	False	143	5.0
Raoultella electrica	pseudocount=5.0	-0.909979	False	142	5.0
Rhizorhapis suberifaciens	pseudocount=5.0	-1.603126	False	101	5.0
Roseibium sediminis	pseudocount=5.0	-0.176009	False	181	5.0
Ruegeria pomeroyi	pseudocount=5.0	-0.909979	False	141	5.0
Runella soli	pseudocount=5.0	-1.603126	False	79	5.0
Salinirepens amamiensis	pseudocount=5.0	0.922603	False	122	5.0
Salipiger aestuarii	pseudocount=5.0	-0.909979	False	144	5.0
Serratia ficaria	pseudocount=5.0	-1.603126	False	78	5.0
Serratia ureilytica	pseudocount=5.0	-1.603126	False	100	5.0
Shewanella litorisediminis	pseudocount=5.0	-1.603126	False	77	5.0
Shewanella maritima	pseudocount=5.0	-1.603126	False	71	5.0
Siccibacter turicensis	pseudocount=5.0	-1.603126	False	70	5.0
Sphingomonas koreensis	pseudocount=5.0	-1.603126	False	76	5.0
Stutzerimonas kunmingensis	pseudocount=5.0	-1.603126	False	73	5.0
Stutzerimonas stutzeri	pseudocount=5.0	-0.581475	False	151	5.0
Tatumella terrea	pseudocount=5.0	1.61575	False	51	5.0
Thalassotalea marina	pseudocount=5.0	-1.603126	False	72	5.0
Thiohalospira halophila	pseudocount=5.0	0.188634	False	179	5.0
Thiomicrorhabdus heinhorstiae	pseudocount=5.0	-1.603126	False	74	5.0
Trabulsiella guamensis	pseudocount=5.0	-1.603126	False	75	5.0
Unknown	pseudocount=5.0	0.922603	False	123	5.0
Vibrio cholerae	pseudocount=5.0	-1.603126	False	98	5.0
Vibrio litoralis	pseudocount=5.0	-1.603126	False	95	5.0
Vibrio pelagius	pseudocount=5.0	-1.603126	False	97	5.0
Vineibacter terrae	pseudocount=5.0	1.61575	False	49	5.0
Yersinia rochesterensis	pseudocount=5.0	-1.603126	False	96	5.0
Yersinia ruckeri	pseudocount=5.0	1.61575	False	50	5.0
Acinetobacter chinensis	pseudocount=10.0	2.214542	False	94	10.0
Acinetobacter indicus	pseudocount=10.0	1.521395	False	115	10.0
Aeromonas dhakensis	pseudocount=10.0	0.017318	False	189	10.0
Aeromonas lusitana	pseudocount=10.0	0.422783	False	167	10.0
Agarivorans gilvus	pseudocount=10.0	-2.390628	False	7	10.0
Alcanivorax jadensis	pseudocount=10.0	-2.390628	False	3	10.0
Anatilimnocola aggregata	pseudocount=10.0	2.214542	False	101	10.0
Arcticibacterium luteifluviistationis	pseudocount=10.0	-0.193403	False	177	10.0
Azomonas agilis	pseudocount=10.0	2.214542	False	93	10.0
Azotobacter nigricans	pseudocount=10.0	2.214542	False	92	10.0
Brachybacterium aquaticum	pseudocount=10.0	1.521395	False	117	10.0
Brenneria rubrifaciens	pseudocount=10.0	2.214542	False	89	10.0
Brevundimonas aurantiaca	pseudocount=10.0	0.605104	False	164	10.0
Brevundimonas kwangchunensis	pseudocount=10.0	2.214542	False	88	10.0
Buchnera aphidicola	pseudocount=10.0	-2.390628	False	15	10.0
Citrobacter bitternis	pseudocount=10.0	-2.390628	False	6	10.0
Citrobacter freundii	pseudocount=10.0	0.828248	False	154	10.0
Citrobacter koseri	pseudocount=10.0	1.783759	False	102	10.0
Cronobacter muytjensii	pseudocount=10.0	0.605104	False	163	10.0
Cupriavidus necator	pseudocount=10.0	0.268632	False	175	10.0
Cupriavidus plantarum	pseudocount=10.0	1.521395	False	123	10.0
Cupriavidus yeoncheonensis	pseudocount=10.0	2.214542	False	90	10.0
Cutibacterium acnes	pseudocount=10.0	-2.296317	False	52	10.0
Cutibacterium namnetense	pseudocount=10.0	0.017318	False	188	10.0
Cyclobacterium qasimii	pseudocount=10.0	-2.390628	False	5	10.0
Dyadobacter sediminis	pseudocount=10.0	-2.390628	False	14	10.0
Emticicia soli	pseudocount=10.0	-1.292016	False	140	10.0
Endothiovibrio diazotrophicus	pseudocount=10.0	0.317422	False	173	10.0
Enterobacter asburiae	pseudocount=10.0	-2.390628	False	4	10.0
Enterobacter cloacae	pseudocount=10.0	2.214542	False	91	10.0
Enterobacter mori	pseudocount=10.0	-0.088043	False	184	10.0
Entomohabitans teleogrylli	pseudocount=10.0	1.521395	False	124	10.0
Entomomonas moraniae	pseudocount=10.0	2.214542	False	84	10.0
Erwinia piriflorinigrans	pseudocount=10.0	1.010569	False	150	10.0
Exiguobacterium aestuarii	pseudocount=10.0	-3.083775	False	1	10.0
Exiguobacterium alkaliphilum	pseudocount=10.0	1.11593	False	149	10.0
Exiguobacterium marinum	pseudocount=10.0	1.11593	False	146	10.0
Exiguobacterium undae	pseudocount=10.0	2.214542	False	81	10.0
Flavobacterium caeni	pseudocount=10.0	2.214542	False	85	10.0
Flavobacterium dongtanense	pseudocount=10.0	2.214542	False	87	10.0
Flavobacterium enshiense	pseudocount=10.0	2.214542	False	83	10.0
Flavobacterium haoranii	pseudocount=10.0	-1.474337	False	134	10.0
Flavobacterium jumunjinense	pseudocount=10.0	-0.311187	False	174	10.0
Flavobacterium luticocti	pseudocount=10.0	2.214542	False	53	10.0
Flavobacterium palustre	pseudocount=10.0	2.214542	False	82	10.0
Flavobacterium phocarum	pseudocount=10.0	-2.390628	False	12	10.0
Flavobacterium silvisoli	pseudocount=10.0	-1.697481	False	104	10.0
Flavobacterium xanthum	pseudocount=10.0	2.214542	False	86	10.0
Fluviimonas pallidilutea	pseudocount=10.0	-2.390628	False	9	10.0
Franconibacter helveticus	pseudocount=10.0	-1.697481	False	109	10.0
Gemmata massiliana	pseudocount=10.0	2.214542	False	80	10.0
Haliea alexandrii	pseudocount=10.0	-2.390628	False	11	10.0
Haloferula luteola	pseudocount=10.0	-2.390628	False	31	10.0
Halopseudomonas pelagia	pseudocount=10.0	2.214542	False	63	10.0
Hansschlegelia beijingensis	pseudocount=10.0	2.214542	False	55	10.0
Insectihabitans xujianqingii	pseudocount=10.0	-2.390628	False	10	10.0
Janibacter endophyticus	pseudocount=10.0	1.521395	False	118	10.0
Jiulongibacter sediminis	pseudocount=10.0	2.775837	False	2	10.0
Klebsiella quasipneumoniae	pseudocount=10.0	-2.390628	False	8	10.0
Klebsiella quasivariicola	pseudocount=10.0	-2.390628	False	13	10.0
Klebsiella variicola	pseudocount=10.0	1.241093	False	141	10.0
Kluyvera ascorbata	pseudocount=10.0	-1.697481	False	105	10.0
Kluyvera georgiana	pseudocount=10.0	-0.088043	False	183	10.0
Kosakonia arachidis	pseudocount=10.0	2.214542	False	54	10.0
Kytococcus sedentarius	pseudocount=10.0	-2.390628	False	30	10.0
Leclercia pneumoniae	pseudocount=10.0	0.199639	False	176	10.0
Lewinella cohaerens	pseudocount=10.0	1.521395	False	127	10.0
Limnoglobus roseus	pseudocount=10.0	2.214542	False	65	10.0
Luminiphilus syltensis	pseudocount=10.0	2.214542	False	56	10.0
Luteimonas abyssi	pseudocount=10.0	2.214542	False	64	10.0
Lysobacter brunescens	pseudocount=10.0	0.605104	False	165	10.0
Mangrovibacter plantisponsor	pseudocount=10.0	-2.390628	False	28	10.0
Maribius pelagius	pseudocount=10.0	-2.390628	False	29	10.0
Mariniblastus fucicola	pseudocount=10.0	-1.474337	False	135	10.0
Marivita roseacus	pseudocount=10.0	0.605104	False	162	10.0
Massilia agri	pseudocount=10.0	0.828248	False	153	10.0
Massilia alkalitolerans	pseudocount=10.0	1.521395	False	116	10.0
Massilia arenae	pseudocount=10.0	-0.183353	False	178	10.0
Massilia arvi	pseudocount=10.0	2.214542	False	66	10.0
Massilia haematophila	pseudocount=10.0	1.11593	False	148	10.0
Massilia niastensis	pseudocount=10.0	0.422783	False	170	10.0
Massilia norwichensis	pseudocount=10.0	2.214542	False	61	10.0
Massilia pinisoli	pseudocount=10.0	2.214542	False	79	10.0
Massilia rhizosphaerae	pseudocount=10.0	2.214542	False	62	10.0
Massilia terrae	pseudocount=10.0	0.135101	False	180	10.0
Massilia yuzhufengensis	pseudocount=10.0	2.214542	False	67	10.0
Mesorhizobium septentrionale	pseudocount=10.0	-2.390628	False	25	10.0
Methylococcus capsulatus	pseudocount=10.0	-1.697481	False	108	10.0
Methylotenera mobilis	pseudocount=10.0	-2.390628	False	26	10.0
Methylovulum psychrotolerans	pseudocount=10.0	2.214542	False	59	10.0
Moraxella atlantae	pseudocount=10.0	1.521395	False	126	10.0
Moraxella lacunata	pseudocount=10.0	1.521395	False	125	10.0
Moraxella osloensis	pseudocount=10.0	-3.643391	False	0	10.0
Moritella profunda	pseudocount=10.0	2.214542	False	68	10.0
Mucilaginibacter koreensis	pseudocount=10.0	-0.088043	False	182	10.0
Novispirillum itersonii	pseudocount=10.0	-2.390628	False	27	10.0
Pantoea agglomerans	pseudocount=10.0	-1.697481	False	106	10.0
Pantoea alhagi	pseudocount=10.0	2.214542	False	60	10.0
Pantoea dispersa	pseudocount=10.0	-1.292016	False	136	10.0
Paraburkholderia pallida	pseudocount=10.0	2.214542	False	58	10.0
Paracoccus salipaludis	pseudocount=10.0	-2.390628	False	17	10.0
Pectobacterium cacticida	pseudocount=10.0	0.106113	False	181	10.0
Pectobacterium polaris	pseudocount=10.0	-1.292016	False	137	10.0
Pelagerythrobacter marensis	pseudocount=10.0	-2.390628	False	16	10.0
Peptoniphilus faecalis	pseudocount=10.0	-2.390628	False	19	10.0
Phaeocystidibacter luteus	pseudocount=10.0	-2.390628	False	18	10.0
Phaeodactylibacter luteus	pseudocount=10.0	-1.292016	False	139	10.0
Phycisphaera mikurensis	pseudocount=10.0	-1.697481	False	107	10.0
Phytobacter diazotrophicus	pseudocount=10.0	-2.390628	False	20	10.0
Pluralibacter pyrinus	pseudocount=10.0	-0.088043	False	187	10.0
Pontibacter roseus	pseudocount=10.0	-2.390628	False	21	10.0
Proteus faecis	pseudocount=10.0	-1.292016	False	138	10.0
Providencia stuartii	pseudocount=10.0	-1.186655	False	142	10.0
Pseudoalteromonas arabiensis	pseudocount=10.0	-2.390628	False	23	10.0
Pseudoalteromonas fenneropenaei	pseudocount=10.0	-1.697481	False	111	10.0
Pseudoalteromonas luteoviolacea	pseudocount=10.0	-2.390628	False	22	10.0
Pseudoalteromonas peptidolytica	pseudocount=10.0	-2.390628	False	24	10.0
Pseudoalteromonas phenolica	pseudocount=10.0	-0.088043	False	186	10.0
Pseudoalteromonas telluritireducens	pseudocount=10.0	-2.390628	False	33	10.0
Pseudoalteromonas translucida	pseudocount=10.0	-2.390628	False	34	10.0
Pseudoalteromonas xiamenensis	pseudocount=10.0	-2.390628	False	32	10.0
Pseudomonas aeruginosa	pseudocount=10.0	0.135101	False	179	10.0
Pseudomonas alcaligenes	pseudocount=10.0	-1.004334	False	151	10.0
Pseudomonas alkylphenolica	pseudocount=10.0	-0.350407	False	172	10.0
Pseudomonas alloputida	pseudocount=10.0	2.214542	False	57	10.0
Pseudomonas arcuscaelestis	pseudocount=10.0	-1.697481	False	103	10.0
Pseudomonas azotoformans	pseudocount=10.0	-0.350407	False	171	10.0
Pseudomonas bijieensis	pseudocount=10.0	1.11593	False	147	10.0
Pseudomonas carbonaria	pseudocount=10.0	2.214542	False	78	10.0
Pseudomonas caricapapayae	pseudocount=10.0	1.521395	False	122	10.0
Pseudomonas delhiensis	pseudocount=10.0	1.521395	False	121	10.0
Pseudomonas duriflava	pseudocount=10.0	2.214542	False	76	10.0
Pseudomonas extremorientalis	pseudocount=10.0	2.214542	False	72	10.0
Pseudomonas fluvialis	pseudocount=10.0	1.521395	False	120	10.0
Pseudomonas frederiksbergensis	pseudocount=10.0	2.214542	False	77	10.0
Pseudomonas guangdongensis	pseudocount=10.0	0.828248	False	155	10.0
Pseudomonas humi	pseudocount=10.0	1.11593	False	145	10.0
Pseudomonas luteola	pseudocount=10.0	1.521395	False	131	10.0
Pseudomonas marincola	pseudocount=10.0	0.422783	False	169	10.0
Pseudomonas massiliensis	pseudocount=10.0	1.521395	False	130	10.0
Pseudomonas mediterranea	pseudocount=10.0	2.214542	False	75	10.0
Pseudomonas mendocina	pseudocount=10.0	1.11593	False	143	10.0
Pseudomonas mucidolens	pseudocount=10.0	1.521395	False	128	10.0
Pseudomonas oleovorans	pseudocount=10.0	1.11593	False	144	10.0
Pseudomonas oryzae	pseudocount=10.0	2.214542	False	73	10.0
Pseudomonas oryzihabitans	pseudocount=10.0	-0.729897	False	161	10.0
Pseudomonas pharmacofabricae	pseudocount=10.0	2.214542	False	99	10.0
Pseudomonas phenolilytica	pseudocount=10.0	2.214542	False	74	10.0
Pseudomonas psychrophila	pseudocount=10.0	2.214542	False	69	10.0
Pseudomonas putida	pseudocount=10.0	2.214542	False	100	10.0
Pseudomonas saponiphila	pseudocount=10.0	-2.390628	False	51	10.0
Pseudomonas savastanoi	pseudocount=10.0	0.828248	False	156	10.0
Pseudomonas schmalbachii	pseudocount=10.0	1.521395	False	132	10.0
Pseudomonas seleniipraecipitans	pseudocount=10.0	1.521395	False	129	10.0
Pseudomonas syringae	pseudocount=10.0	1.521395	False	133	10.0
Pseudomonas tarimensis	pseudocount=10.0	2.214542	False	71	10.0
Pseudomonas tianjinensis	pseudocount=10.0	-0.78119	False	160	10.0
Pseudomonas tolaasii	pseudocount=10.0	2.214542	False	70	10.0
Pseudomonas viridiflava	pseudocount=10.0	0.828248	False	158	10.0
Pseudomonas zeshuii	pseudocount=10.0	0.828248	False	157	10.0
Rahnella aceris	pseudocount=10.0	-0.088043	False	185	10.0
Rahnella bonaserana	pseudocount=10.0	2.214542	False	96	10.0
Rahnella inusitata	pseudocount=10.0	-1.004334	False	152	10.0
Ralstonia pickettii	pseudocount=10.0	-1.697481	False	114	10.0
Raoultella electrica	pseudocount=10.0	-1.697481	False	113	10.0
Rhizorhapis suberifaciens	pseudocount=10.0	-2.390628	False	48	10.0
Roseibium sediminis	pseudocount=10.0	0.422783	False	168	10.0
Ruegeria pomeroyi	pseudocount=10.0	-1.697481	False	110	10.0
Runella soli	pseudocount=10.0	-2.390628	False	37	10.0
Salinirepens amamiensis	pseudocount=10.0	1.521395	False	119	10.0
Salipiger aestuarii	pseudocount=10.0	-1.697481	False	112	10.0
Serratia ficaria	pseudocount=10.0	-2.390628	False	38	10.0
Serratia ureilytica	pseudocount=10.0	-2.390628	False	36	10.0
Shewanella litorisediminis	pseudocount=10.0	-2.390628	False	49	10.0
Shewanella maritima	pseudocount=10.0	-2.390628	False	35	10.0
Siccibacter turicensis	pseudocount=10.0	-2.390628	False	50	10.0
Sphingomonas koreensis	pseudocount=10.0	-2.390628	False	47	10.0
Stutzerimonas kunmingensis	pseudocount=10.0	-2.390628	False	46	10.0
Stutzerimonas stutzeri	pseudocount=10.0	0.017318	False	190	10.0
Tatumella terrea	pseudocount=10.0	2.214542	False	98	10.0
Thalassotalea marina	pseudocount=10.0	-2.390628	False	44	10.0
Thiohalospira halophila	pseudocount=10.0	-0.598869	False	166	10.0
Thiomicrorhabdus heinhorstiae	pseudocount=10.0	-2.390628	False	45	10.0
Trabulsiella guamensis	pseudocount=10.0	-2.390628	False	43	10.0
Unknown	pseudocount=10.0	0.828248	False	159	10.0
Vibrio cholerae	pseudocount=10.0	-2.390628	False	40	10.0
Vibrio litoralis	pseudocount=10.0	-2.390628	False	41	10.0
Vibrio pelagius	pseudocount=10.0	-2.390628	False	42	10.0
Vineibacter terrae	pseudocount=10.0	2.214542	False	95	10.0
Yersinia rochesterensis	pseudocount=10.0	-2.390628	False	39	10.0
Yersinia ruckeri	pseudocount=10.0	2.214542	False	97	10.0
Acinetobacter chinensis	pseudocount=20.0	2.813334	False	90	20.0
Acinetobacter indicus	pseudocount=20.0	2.120187	False	116	20.0
Aeromonas dhakensis	pseudocount=20.0	0.61611	False	174	20.0
Aeromonas lusitana	pseudocount=20.0	1.021575	False	164	20.0
Agarivorans gilvus	pseudocount=20.0	-3.17813	False	3	20.0
Alcanivorax jadensis	pseudocount=20.0	-3.17813	False	1	20.0
Anatilimnocola aggregata	pseudocount=20.0	2.813334	False	94	20.0
Arcticibacterium luteifluviistationis	pseudocount=20.0	-0.980906	False	166	20.0
Azomonas agilis	pseudocount=20.0	2.813334	False	93	20.0
Azotobacter nigricans	pseudocount=20.0	2.813334	False	79	20.0
Brachybacterium aquaticum	pseudocount=20.0	2.120187	False	113	20.0
Brenneria rubrifaciens	pseudocount=20.0	2.813334	False	89	20.0
Brevundimonas aurantiaca	pseudocount=20.0	1.203896	False	157	20.0
Brevundimonas kwangchunensis	pseudocount=20.0	2.813334	False	88	20.0
Buchnera aphidicola	pseudocount=20.0	-3.17813	False	7	20.0
Citrobacter bitternis	pseudocount=20.0	-3.17813	False	2	20.0
Citrobacter freundii	pseudocount=20.0	1.42704	False	152	20.0
Citrobacter koseri	pseudocount=20.0	1.689404	False	146	20.0
Cronobacter muytjensii	pseudocount=20.0	0.510749	False	178	20.0
Cupriavidus necator	pseudocount=20.0	0.867424	False	170	20.0
Cupriavidus plantarum	pseudocount=20.0	2.120187	False	115	20.0
Cupriavidus yeoncheonensis	pseudocount=20.0	2.813334	False	92	20.0
Cutibacterium acnes	pseudocount=20.0	-1.697525	False	145	20.0
Cutibacterium namnetense	pseudocount=20.0	0.61611	False	175	20.0
Cyclobacterium qasimii	pseudocount=20.0	-3.17813	False	5	20.0
Dyadobacter sediminis	pseudocount=20.0	-3.17813	False	6	20.0
Emticicia soli	pseudocount=20.0	-2.079518	False	132	20.0
Endothiovibrio diazotrophicus	pseudocount=20.0	-0.47008	False	179	20.0
Enterobacter asburiae	pseudocount=20.0	-3.17813	False	4	20.0
Enterobacter cloacae	pseudocount=20.0	2.813334	False	91	20.0
Enterobacter mori	pseudocount=20.0	-0.182398	False	187	20.0
Entomohabitans teleogrylli	pseudocount=20.0	2.120187	False	114	20.0
Entomomonas moraniae	pseudocount=20.0	2.813334	False	84	20.0
Erwinia piriflorinigrans	pseudocount=20.0	0.916214	False	167	20.0
Exiguobacterium aestuarii	pseudocount=20.0	-3.17813	False	15	20.0
Exiguobacterium alkaliphilum	pseudocount=20.0	1.714722	False	141	20.0
Exiguobacterium marinum	pseudocount=20.0	1.714722	False	140	20.0
Exiguobacterium undae	pseudocount=20.0	2.813334	False	80	20.0
Flavobacterium caeni	pseudocount=20.0	2.813334	False	85	20.0
Flavobacterium dongtanense	pseudocount=20.0	2.813334	False	83	20.0
Flavobacterium enshiense	pseudocount=20.0	2.813334	False	81	20.0
Flavobacterium haoranii	pseudocount=20.0	-1.568692	False	147	20.0
Flavobacterium jumunjinense	pseudocount=20.0	-1.098689	False	161	20.0
Flavobacterium luticocti	pseudocount=20.0	2.813334	False	86	20.0
Flavobacterium palustre	pseudocount=20.0	2.813334	False	82	20.0
Flavobacterium phocarum	pseudocount=20.0	-3.17813	False	14	20.0
Flavobacterium silvisoli	pseudocount=20.0	-2.484983	False	106	20.0
Flavobacterium xanthum	pseudocount=20.0	2.813334	False	87	20.0
Fluviimonas pallidilutea	pseudocount=20.0	-3.17813	False	8	20.0
Franconibacter helveticus	pseudocount=20.0	-2.484983	False	105	20.0
Gemmata massiliana	pseudocount=20.0	2.813334	False	54	20.0
Haliea alexandrii	pseudocount=20.0	-3.17813	False	9	20.0
Haloferula luteola	pseudocount=20.0	-3.17813	False	11	20.0
Halopseudomonas pelagia	pseudocount=20.0	2.813334	False	51	20.0
Hansschlegelia beijingensis	pseudocount=20.0	2.813334	False	53	20.0
Insectihabitans xujianqingii	pseudocount=20.0	-3.17813	False	10	20.0
Janibacter endophyticus	pseudocount=20.0	2.120187	False	123	20.0
Jiulongibacter sediminis	pseudocount=20.0	2.681482	False	100	20.0
Klebsiella quasipneumoniae	pseudocount=20.0	-3.17813	False	12	20.0
Klebsiella quasivariicola	pseudocount=20.0	-3.17813	False	13	20.0
Klebsiella variicola	pseudocount=20.0	1.146738	False	159	20.0
Kluyvera ascorbata	pseudocount=20.0	-2.484983	False	107	20.0
Kluyvera georgiana	pseudocount=20.0	-0.182398	False	184	20.0
Kosakonia arachidis	pseudocount=20.0	2.813334	False	99	20.0
Kytococcus sedentarius	pseudocount=20.0	-3.17813	False	30	20.0
Leclercia pneumoniae	pseudocount=20.0	0.105284	False	189	20.0
Lewinella cohaerens	pseudocount=20.0	2.120187	False	125	20.0
Limnoglobus roseus	pseudocount=20.0	2.813334	False	65	20.0
Luminiphilus syltensis	pseudocount=20.0	2.813334	False	56	20.0
Luteimonas abyssi	pseudocount=20.0	2.813334	False	55	20.0
Lysobacter brunescens	pseudocount=20.0	1.203896	False	158	20.0
Mangrovibacter plantisponsor	pseudocount=20.0	-3.17813	False	28	20.0
Maribius pelagius	pseudocount=20.0	-3.17813	False	29	20.0
Mariniblastus fucicola	pseudocount=20.0	-1.568692	False	148	20.0
Marivita roseacus	pseudocount=20.0	0.510749	False	177	20.0
Massilia agri	pseudocount=20.0	1.42704	False	153	20.0
Massilia alkalitolerans	pseudocount=20.0	2.120187	False	124	20.0
Massilia arenae	pseudocount=20.0	0.415439	False	180	20.0
Massilia arvi	pseudocount=20.0	2.813334	False	64	20.0
Massilia haematophila	pseudocount=20.0	1.714722	False	142	20.0
Massilia niastensis	pseudocount=20.0	1.021575	False	165	20.0
Massilia norwichensis	pseudocount=20.0	2.813334	False	61	20.0
Massilia pinisoli	pseudocount=20.0	2.813334	False	63	20.0
Massilia rhizosphaerae	pseudocount=20.0	2.813334	False	62	20.0
Massilia terrae	pseudocount=20.0	0.733893	False	173	20.0
Massilia yuzhufengensis	pseudocount=20.0	2.813334	False	52	20.0
Mesorhizobium septentrionale	pseudocount=20.0	-3.17813	False	25	20.0
Methylococcus capsulatus	pseudocount=20.0	-2.484983	False	104	20.0
Methylotenera mobilis	pseudocount=20.0	-3.17813	False	26	20.0
Methylovulum psychrotolerans	pseudocount=20.0	2.813334	False	59	20.0
Moraxella atlantae	pseudocount=20.0	2.120187	False	126	20.0
Moraxella lacunata	pseudocount=20.0	2.120187	False	127	20.0
Moraxella osloensis	pseudocount=20.0	-3.737746	False	0	20.0
Moritella profunda	pseudocount=20.0	2.813334	False	66	20.0
Mucilaginibacter koreensis	pseudocount=20.0	-0.182398	False	186	20.0
Novispirillum itersonii	pseudocount=20.0	-3.17813	False	27	20.0
Pantoea agglomerans	pseudocount=20.0	-2.484983	False	102	20.0
Pantoea alhagi	pseudocount=20.0	2.813334	False	60	20.0
Pantoea dispersa	pseudocount=20.0	-2.079518	False	136	20.0
Paraburkholderia pallida	pseudocount=20.0	2.813334	False	58	20.0
Paracoccus salipaludis	pseudocount=20.0	-3.17813	False	17	20.0
Pectobacterium cacticida	pseudocount=20.0	0.011758	False	190	20.0
Pectobacterium polaris	pseudocount=20.0	-2.079518	False	133	20.0
Pelagerythrobacter marensis	pseudocount=20.0	-3.17813	False	16	20.0
Peptoniphilus faecalis	pseudocount=20.0	-3.17813	False	19	20.0
Phaeocystidibacter luteus	pseudocount=20.0	-3.17813	False	18	20.0
Phaeodactylibacter luteus	pseudocount=20.0	-2.079518	False	135	20.0
Phycisphaera mikurensis	pseudocount=20.0	-2.484983	False	111	20.0
Phytobacter diazotrophicus	pseudocount=20.0	-3.17813	False	20	20.0
Pluralibacter pyrinus	pseudocount=20.0	-0.182398	False	183	20.0
Pontibacter roseus	pseudocount=20.0	-3.17813	False	21	20.0
Proteus faecis	pseudocount=20.0	-2.079518	False	134	20.0
Providencia stuartii	pseudocount=20.0	-1.28101	False	156	20.0
Pseudoalteromonas arabiensis	pseudocount=20.0	-3.17813	False	23	20.0
Pseudoalteromonas fenneropenaei	pseudocount=20.0	-2.484983	False	103	20.0
Pseudoalteromonas luteoviolacea	pseudocount=20.0	-3.17813	False	22	20.0
Pseudoalteromonas peptidolytica	pseudocount=20.0	-3.17813	False	24	20.0
Pseudoalteromonas phenolica	pseudocount=20.0	-0.875545	False	169	20.0
Pseudoalteromonas telluritireducens	pseudocount=20.0	-3.17813	False	33	20.0
Pseudoalteromonas translucida	pseudocount=20.0	-3.17813	False	31	20.0
Pseudoalteromonas xiamenensis	pseudocount=20.0	-3.17813	False	32	20.0
Pseudomonas aeruginosa	pseudocount=20.0	0.733893	False	172	20.0
Pseudomonas alcaligenes	pseudocount=20.0	-1.098689	False	160	20.0
Pseudomonas alkylphenolica	pseudocount=20.0	0.248385	False	181	20.0
Pseudomonas alloputida	pseudocount=20.0	2.813334	False	57	20.0
Pseudomonas arcuscaelestis	pseudocount=20.0	-2.484983	False	101	20.0
Pseudomonas azotoformans	pseudocount=20.0	0.248385	False	182	20.0
Pseudomonas bijieensis	pseudocount=20.0	1.714722	False	143	20.0
Pseudomonas carbonaria	pseudocount=20.0	2.813334	False	78	20.0
Pseudomonas caricapapayae	pseudocount=20.0	2.120187	False	122	20.0
Pseudomonas delhiensis	pseudocount=20.0	2.120187	False	121	20.0
Pseudomonas duriflava	pseudocount=20.0	2.813334	False	76	20.0
Pseudomonas extremorientalis	pseudocount=20.0	2.813334	False	72	20.0
Pseudomonas fluvialis	pseudocount=20.0	2.120187	False	120	20.0
Pseudomonas frederiksbergensis	pseudocount=20.0	2.813334	False	77	20.0
Pseudomonas guangdongensis	pseudocount=20.0	1.42704	False	151	20.0
Pseudomonas humi	pseudocount=20.0	1.714722	False	144	20.0
Pseudomonas luteola	pseudocount=20.0	2.120187	False	131	20.0
Pseudomonas marincola	pseudocount=20.0	1.021575	False	162	20.0
Pseudomonas massiliensis	pseudocount=20.0	2.120187	False	117	20.0
Pseudomonas mediterranea	pseudocount=20.0	2.813334	False	75	20.0
Pseudomonas mendocina	pseudocount=20.0	1.714722	False	139	20.0
Pseudomonas mucidolens	pseudocount=20.0	2.120187	False	128	20.0
Pseudomonas oleovorans	pseudocount=20.0	1.714722	False	138	20.0
Pseudomonas oryzae	pseudocount=20.0	2.813334	False	73	20.0
Pseudomonas oryzihabitans	pseudocount=20.0	-0.131105	False	188	20.0
Pseudomonas pharmacofabricae	pseudocount=20.0	2.813334	False	67	20.0
Pseudomonas phenolilytica	pseudocount=20.0	2.813334	False	74	20.0
Pseudomonas psychrophila	pseudocount=20.0	2.813334	False	69	20.0
Pseudomonas putida	pseudocount=20.0	2.813334	False	68	20.0
Pseudomonas saponiphila	pseudocount=20.0	-3.17813	False	50	20.0
Pseudomonas savastanoi	pseudocount=20.0	1.42704	False	150	20.0
Pseudomonas schmalbachii	pseudocount=20.0	2.120187	False	130	20.0
Pseudomonas seleniipraecipitans	pseudocount=20.0	2.120187	False	118	20.0
Pseudomonas syringae	pseudocount=20.0	2.120187	False	129	20.0
Pseudomonas tarimensis	pseudocount=20.0	2.813334	False	71	20.0
Pseudomonas tianjinensis	pseudocount=20.0	-0.875545	False	168	20.0
Pseudomonas tolaasii	pseudocount=20.0	2.813334	False	70	20.0
Pseudomonas viridiflava	pseudocount=20.0	1.42704	False	154	20.0
Pseudomonas zeshuii	pseudocount=20.0	1.42704	False	149	20.0
Rahnella aceris	pseudocount=20.0	-0.182398	False	185	20.0
Rahnella bonaserana	pseudocount=20.0	2.813334	False	96	20.0
Rahnella inusitata	pseudocount=20.0	-1.791836	False	137	20.0
Ralstonia pickettii	pseudocount=20.0	-2.484983	False	112	20.0
Raoultella electrica	pseudocount=20.0	-2.484983	False	109	20.0
Rhizorhapis suberifaciens	pseudocount=20.0	-3.17813	False	48	20.0
Roseibium sediminis	pseudocount=20.0	1.021575	False	163	20.0
Ruegeria pomeroyi	pseudocount=20.0	-2.484983	False	110	20.0
Runella soli	pseudocount=20.0	-3.17813	False	37	20.0
Salinirepens amamiensis	pseudocount=20.0	2.120187	False	119	20.0
Salipiger aestuarii	pseudocount=20.0	-2.484983	False	108	20.0
Serratia ficaria	pseudocount=20.0	-3.17813	False	38	20.0
Serratia ureilytica	pseudocount=20.0	-3.17813	False	36	20.0
Shewanella litorisediminis	pseudocount=20.0	-3.17813	False	49	20.0
Shewanella maritima	pseudocount=20.0	-3.17813	False	35	20.0
Siccibacter turicensis	pseudocount=20.0	-3.17813	False	34	20.0
Sphingomonas koreensis	pseudocount=20.0	-3.17813	False	47	20.0
Stutzerimonas kunmingensis	pseudocount=20.0	-3.17813	False	46	20.0
Stutzerimonas stutzeri	pseudocount=20.0	0.61611	False	176	20.0
Tatumella terrea	pseudocount=20.0	2.813334	False	98	20.0
Thalassotalea marina	pseudocount=20.0	-3.17813	False	44	20.0
Thiohalospira halophila	pseudocount=20.0	-1.386371	False	155	20.0
Thiomicrorhabdus heinhorstiae	pseudocount=20.0	-3.17813	False	45	20.0
Trabulsiella guamensis	pseudocount=20.0	-3.17813	False	43	20.0
Unknown	pseudocount=20.0	0.733893	False	171	20.0
Vibrio cholerae	pseudocount=20.0	-3.17813	False	40	20.0
Vibrio litoralis	pseudocount=20.0	-3.17813	False	41	20.0
Vibrio pelagius	pseudocount=20.0	-3.17813	False	42	20.0
Vineibacter terrae	pseudocount=20.0	2.813334	False	95	20.0
Yersinia rochesterensis	pseudocount=20.0	-3.17813	False	39	20.0
Yersinia ruckeri	pseudocount=20.0	2.813334	False	97	20.0
Acinetobacter chinensis	pseudocount=50.0	3.604894	False	90	50.0
Acinetobacter indicus	pseudocount=50.0	2.911747	False	124	50.0
Aeromonas dhakensis	pseudocount=50.0	1.40767	False	168	50.0
Aeromonas lusitana	pseudocount=50.0	1.813135	False	158	50.0
Agarivorans gilvus	pseudocount=50.0	-4.219152	False	1	50.0
Alcanivorax jadensis	pseudocount=50.0	-4.219152	False	0	50.0
Anatilimnocola aggregata	pseudocount=50.0	3.604894	False	94	50.0
Arcticibacterium luteifluviistationis	pseudocount=50.0	-2.021927	False	153	50.0
Azomonas agilis	pseudocount=50.0	3.604894	False	93	50.0
Azotobacter nigricans	pseudocount=50.0	3.604894	False	79	50.0
Brachybacterium aquaticum	pseudocount=50.0	2.911747	False	125	50.0
Brenneria rubrifaciens	pseudocount=50.0	3.604894	False	89	50.0
Brevundimonas aurantiaca	pseudocount=50.0	1.995456	False	154	50.0
Brevundimonas kwangchunensis	pseudocount=50.0	3.604894	False	62	50.0
Buchnera aphidicola	pseudocount=50.0	-4.219152	False	3	50.0
Citrobacter bitternis	pseudocount=50.0	-4.219152	False	2	50.0
Citrobacter freundii	pseudocount=50.0	2.2186	False	147	50.0
Citrobacter koseri	pseudocount=50.0	1.564673	False	164	50.0
Cronobacter muytjensii	pseudocount=50.0	0.386018	False	183	50.0
Cupriavidus necator	pseudocount=50.0	1.658984	False	163	50.0
Cupriavidus plantarum	pseudocount=50.0	2.911747	False	127	50.0
Cupriavidus yeoncheonensis	pseudocount=50.0	3.604894	False	92	50.0
Cutibacterium acnes	pseudocount=50.0	-0.905965	False	178	50.0
Cutibacterium namnetense	pseudocount=50.0	1.40767	False	169	50.0
Cyclobacterium qasimii	pseudocount=50.0	-4.219152	False	5	50.0
Dyadobacter sediminis	pseudocount=50.0	-4.219152	False	6	50.0
Emticicia soli	pseudocount=50.0	-3.120539	False	115	50.0
Endothiovibrio diazotrophicus	pseudocount=50.0	-1.511102	False	167	50.0
Enterobacter asburiae	pseudocount=50.0	-4.219152	False	4	50.0
Enterobacter cloacae	pseudocount=50.0	3.604894	False	91	50.0
Enterobacter mori	pseudocount=50.0	-0.307129	False	184	50.0
Entomohabitans teleogrylli	pseudocount=50.0	2.911747	False	126	50.0
Entomomonas moraniae	pseudocount=50.0	3.604894	False	88	50.0
Erwinia piriflorinigrans	pseudocount=50.0	0.791484	False	179	50.0
Exiguobacterium aestuarii	pseudocount=50.0	-3.302861	False	111	50.0
Exiguobacterium alkaliphilum	pseudocount=50.0	2.506282	False	141	50.0
Exiguobacterium marinum	pseudocount=50.0	2.506282	False	140	50.0
Exiguobacterium undae	pseudocount=50.0	3.604894	False	80	50.0
Flavobacterium caeni	pseudocount=50.0	3.604894	False	85	50.0
Flavobacterium dongtanense	pseudocount=50.0	3.604894	False	84	50.0
Flavobacterium enshiense	pseudocount=50.0	3.604894	False	81	50.0
Flavobacterium haoranii	pseudocount=50.0	-1.693423	False	162	50.0
Flavobacterium jumunjinense	pseudocount=50.0	-2.13971	False	152	50.0
Flavobacterium luticocti	pseudocount=50.0	3.604894	False	83	50.0
Flavobacterium palustre	pseudocount=50.0	3.604894	False	82	50.0
Flavobacterium phocarum	pseudocount=50.0	-4.219152	False	7	50.0
Flavobacterium silvisoli	pseudocount=50.0	-3.526005	False	101	50.0
Flavobacterium xanthum	pseudocount=50.0	3.604894	False	87	50.0
Fluviimonas pallidilutea	pseudocount=50.0	-4.219152	False	10	50.0
Franconibacter helveticus	pseudocount=50.0	-3.526005	False	104	50.0
Gemmata massiliana	pseudocount=50.0	3.604894	False	51	50.0
Haliea alexandrii	pseudocount=50.0	-4.219152	False	9	50.0
Haloferula luteola	pseudocount=50.0	-4.219152	False	11	50.0
Halopseudomonas pelagia	pseudocount=50.0	3.604894	False	86	50.0
Hansschlegelia beijingensis	pseudocount=50.0	3.604894	False	53	50.0
Insectihabitans xujianqingii	pseudocount=50.0	-4.219152	False	12	50.0
Janibacter endophyticus	pseudocount=50.0	2.911747	False	117	50.0
Jiulongibacter sediminis	pseudocount=50.0	2.556751	False	137	50.0
Klebsiella quasipneumoniae	pseudocount=50.0	-4.219152	False	8	50.0
Klebsiella quasivariicola	pseudocount=50.0	-4.219152	False	13	50.0
Klebsiella variicola	pseudocount=50.0	1.022007	False	176	50.0
Kluyvera ascorbata	pseudocount=50.0	-3.526005	False	105	50.0
Kluyvera georgiana	pseudocount=50.0	-0.307129	False	185	50.0
Kosakonia arachidis	pseudocount=50.0	3.604894	False	98	50.0
Kytococcus sedentarius	pseudocount=50.0	-4.219152	False	31	50.0
Leclercia pneumoniae	pseudocount=50.0	-0.019447	False	190	50.0
Lewinella cohaerens	pseudocount=50.0	2.911747	False	119	50.0
Limnoglobus roseus	pseudocount=50.0	3.604894	False	50	50.0
Luminiphilus syltensis	pseudocount=50.0	3.604894	False	56	50.0
Luteimonas abyssi	pseudocount=50.0	3.604894	False	55	50.0
Lysobacter brunescens	pseudocount=50.0	1.995456	False	155	50.0
Mangrovibacter plantisponsor	pseudocount=50.0	-4.219152	False	30	50.0
Maribius pelagius	pseudocount=50.0	-4.219152	False	29	50.0
Mariniblastus fucicola	pseudocount=50.0	-1.693423	False	161	50.0
Marivita roseacus	pseudocount=50.0	0.386018	False	182	50.0
Massilia agri	pseudocount=50.0	2.2186	False	146	50.0
Massilia alkalitolerans	pseudocount=50.0	2.911747	False	120	50.0
Massilia arenae	pseudocount=50.0	1.206999	False	173	50.0
Massilia arvi	pseudocount=50.0	3.604894	False	64	50.0
Massilia haematophila	pseudocount=50.0	2.506282	False	142	50.0
Massilia niastensis	pseudocount=50.0	1.813135	False	159	50.0
Massilia norwichensis	pseudocount=50.0	3.604894	False	61	50.0
Massilia pinisoli	pseudocount=50.0	3.604894	False	63	50.0
Massilia rhizosphaerae	pseudocount=50.0	3.604894	False	54	50.0
Massilia terrae	pseudocount=50.0	1.525453	False	165	50.0
Massilia yuzhufengensis	pseudocount=50.0	3.604894	False	52	50.0
Mesorhizobium septentrionale	pseudocount=50.0	-4.219152	False	28	50.0
Methylococcus capsulatus	pseudocount=50.0	-3.526005	False	100	50.0
Methylotenera mobilis	pseudocount=50.0	-4.219152	False	27	50.0
Methylovulum psychrotolerans	pseudocount=50.0	3.604894	False	59	50.0
Moraxella atlantae	pseudocount=50.0	2.911747	False	118	50.0
Moraxella lacunata	pseudocount=50.0	2.911747	False	123	50.0
Moraxella osloensis	pseudocount=50.0	-3.862477	False	49	50.0
Moritella profunda	pseudocount=50.0	3.604894	False	65	50.0
Mucilaginibacter koreensis	pseudocount=50.0	-0.307129	False	186	50.0
Novispirillum itersonii	pseudocount=50.0	-4.219152	False	26	50.0
Pantoea agglomerans	pseudocount=50.0	-3.526005	False	102	50.0
Pantoea alhagi	pseudocount=50.0	3.604894	False	60	50.0
Pantoea dispersa	pseudocount=50.0	-3.120539	False	116	50.0
Paraburkholderia pallida	pseudocount=50.0	3.604894	False	58	50.0
Paracoccus salipaludis	pseudocount=50.0	-4.219152	False	17	50.0
Pectobacterium cacticida	pseudocount=50.0	-0.112973	False	189	50.0
Pectobacterium polaris	pseudocount=50.0	-3.120539	False	114	50.0
Pelagerythrobacter marensis	pseudocount=50.0	-4.219152	False	16	50.0
Peptoniphilus faecalis	pseudocount=50.0	-4.219152	False	19	50.0
Phaeocystidibacter luteus	pseudocount=50.0	-4.219152	False	18	50.0
Phaeodactylibacter luteus	pseudocount=50.0	-3.120539	False	112	50.0
Phycisphaera mikurensis	pseudocount=50.0	-3.526005	False	110	50.0
Phytobacter diazotrophicus	pseudocount=50.0	-4.219152	False	20	50.0
Pluralibacter pyrinus	pseudocount=50.0	-0.307129	False	187	50.0
Pontibacter roseus	pseudocount=50.0	-4.219152	False	21	50.0
Proteus faecis	pseudocount=50.0	-3.120539	False	113	50.0
Providencia stuartii	pseudocount=50.0	-1.405741	False	171	50.0
Pseudoalteromonas arabiensis	pseudocount=50.0	-4.219152	False	23	50.0
Pseudoalteromonas fenneropenaei	pseudocount=50.0	-3.526005	False	103	50.0
Pseudoalteromonas luteoviolacea	pseudocount=50.0	-4.219152	False	22	50.0
Pseudoalteromonas peptidolytica	pseudocount=50.0	-4.219152	False	24	50.0
Pseudoalteromonas phenolica	pseudocount=50.0	-1.916567	False	156	50.0
Pseudoalteromonas telluritireducens	pseudocount=50.0	-4.219152	False	25	50.0
Pseudoalteromonas translucida	pseudocount=50.0	-4.219152	False	15	50.0
Pseudoalteromonas xiamenensis	pseudocount=50.0	-4.219152	False	14	50.0
Pseudomonas aeruginosa	pseudocount=50.0	1.525453	False	166	50.0
Pseudomonas alcaligenes	pseudocount=50.0	-1.223419	False	172	50.0
Pseudomonas alkylphenolica	pseudocount=50.0	1.039945	False	174	50.0
Pseudomonas alloputida	pseudocount=50.0	3.604894	False	57	50.0
Pseudomonas arcuscaelestis	pseudocount=50.0	-3.526005	False	99	50.0
Pseudomonas azotoformans	pseudocount=50.0	1.039945	False	175	50.0
Pseudomonas bijieensis	pseudocount=50.0	2.506282	False	143	50.0
Pseudomonas carbonaria	pseudocount=50.0	3.604894	False	78	50.0
Pseudomonas caricapapayae	pseudocount=50.0	2.911747	False	122	50.0
Pseudomonas delhiensis	pseudocount=50.0	2.911747	False	121	50.0
Pseudomonas duriflava	pseudocount=50.0	3.604894	False	76	50.0
Pseudomonas extremorientalis	pseudocount=50.0	3.604894	False	72	50.0
Pseudomonas fluvialis	pseudocount=50.0	2.911747	False	135	50.0
Pseudomonas frederiksbergensis	pseudocount=50.0	3.604894	False	77	50.0
Pseudomonas guangdongensis	pseudocount=50.0	2.2186	False	150	50.0
Pseudomonas humi	pseudocount=50.0	2.506282	False	144	50.0
Pseudomonas luteola	pseudocount=50.0	2.911747	False	131	50.0
Pseudomonas marincola	pseudocount=50.0	1.813135	False	157	50.0
Pseudomonas massiliensis	pseudocount=50.0	2.911747	False	130	50.0
Pseudomonas mediterranea	pseudocount=50.0	3.604894	False	75	50.0
Pseudomonas mendocina	pseudocount=50.0	2.506282	False	139	50.0
Pseudomonas mucidolens	pseudocount=50.0	2.911747	False	132	50.0
Pseudomonas oleovorans	pseudocount=50.0	2.506282	False	138	50.0
Pseudomonas oryzae	pseudocount=50.0	3.604894	False	73	50.0
Pseudomonas oryzihabitans	pseudocount=50.0	0.660455	False	180	50.0
Pseudomonas pharmacofabricae	pseudocount=50.0	3.604894	False	67	50.0
Pseudomonas phenolilytica	pseudocount=50.0	3.604894	False	74	50.0
Pseudomonas psychrophila	pseudocount=50.0	3.604894	False	69	50.0
Pseudomonas putida	pseudocount=50.0	3.604894	False	68	50.0
Pseudomonas saponiphila	pseudocount=50.0	-4.219152	False	48	50.0
Pseudomonas savastanoi	pseudocount=50.0	2.2186	False	148	50.0
Pseudomonas schmalbachii	pseudocount=50.0	2.911747	False	134	50.0
Pseudomonas seleniipraecipitans	pseudocount=50.0	2.911747	False	129	50.0
Pseudomonas syringae	pseudocount=50.0	2.911747	False	133	50.0
Pseudomonas tarimensis	pseudocount=50.0	3.604894	False	71	50.0
Pseudomonas tianjinensis	pseudocount=50.0	-1.000276	False	177	50.0
Pseudomonas tolaasii	pseudocount=50.0	3.604894	False	70	50.0
Pseudomonas viridiflava	pseudocount=50.0	2.2186	False	151	50.0
Pseudomonas zeshuii	pseudocount=50.0	2.2186	False	149	50.0
Rahnella aceris	pseudocount=50.0	-0.307129	False	188	50.0
Rahnella bonaserana	pseudocount=50.0	3.604894	False	96	50.0
Rahnella inusitata	pseudocount=50.0	-2.832857	False	136	50.0
Ralstonia pickettii	pseudocount=50.0	-3.526005	False	107	50.0
Raoultella electrica	pseudocount=50.0	-3.526005	False	109	50.0
Rhizorhapis suberifaciens	pseudocount=50.0	-4.219152	False	32	50.0
Roseibium sediminis	pseudocount=50.0	1.813135	False	160	50.0
Ruegeria pomeroyi	pseudocount=50.0	-3.526005	False	106	50.0
Runella soli	pseudocount=50.0	-4.219152	False	37	50.0
Salinirepens amamiensis	pseudocount=50.0	2.911747	False	128	50.0
Salipiger aestuarii	pseudocount=50.0	-3.526005	False	108	50.0
Serratia ficaria	pseudocount=50.0	-4.219152	False	38	50.0
Serratia ureilytica	pseudocount=50.0	-4.219152	False	36	50.0
Shewanella litorisediminis	pseudocount=50.0	-4.219152	False	33	50.0
Shewanella maritima	pseudocount=50.0	-4.219152	False	35	50.0
Siccibacter turicensis	pseudocount=50.0	-4.219152	False	34	50.0
Sphingomonas koreensis	pseudocount=50.0	-4.219152	False	47	50.0
Stutzerimonas kunmingensis	pseudocount=50.0	-4.219152	False	46	50.0
Stutzerimonas stutzeri	pseudocount=50.0	1.40767	False	170	50.0
Tatumella terrea	pseudocount=50.0	3.604894	False	66	50.0
Thalassotalea marina	pseudocount=50.0	-4.219152	False	44	50.0
Thiohalospira halophila	pseudocount=50.0	-2.427392	False	145	50.0
Thiomicrorhabdus heinhorstiae	pseudocount=50.0	-4.219152	False	45	50.0
Trabulsiella guamensis	pseudocount=50.0	-4.219152	False	43	50.0
Unknown	pseudocount=50.0	0.609162	False	181	50.0
Vibrio cholerae	pseudocount=50.0	-4.219152	False	40	50.0
Vibrio litoralis	pseudocount=50.0	-4.219152	False	41	50.0
Vibrio pelagius	pseudocount=50.0	-4.219152	False	42	50.0
Vineibacter terrae	pseudocount=50.0	3.604894	False	95	50.0
Yersinia rochesterensis	pseudocount=50.0	-4.219152	False	39	50.0
Yersinia ruckeri	pseudocount=50.0	3.604894	False	97	50.0
